id_intervention,raison_sortie,date_debut,date_fin,FL_CCR_CCF,nb_eng_CC,label,year,geometry,latitude,longitude,IN,date,type,coef,h3
18BB000936,NATURELS,2018-01-05 17:41:19,2018-01-05 18:45:21,1.0,1.0,1.0,2018,POINT (5.40067950288725 46.11392703711171),46.11392703711171,5.40067950288725,True,2018-01-05,NATURELS,1.0,871f91c4dffffff
18BB001093,NATURELS,2018-01-06 17:56:49,2018-01-06 19:37:07,1.0,1.0,1.0,2018,POINT (5.341383006066522 46.14565445996581),46.14565445996581,5.341383006066522,True,2018-01-06,NATURELS,1.0,871f91c6effffff
18BB001862,NATURELS,2018-01-12 08:43:15,2018-01-12 09:36:25,1.0,1.0,1.0,2018,POINT (5.691933471524859 45.8654043668394),45.8654043668394,5.691933471524859,True,2018-01-12,NATURELS,1.0,871f910d6ffffff
18BB002367,NATURELS,2018-01-15 17:55:58,2018-01-15 18:59:14,1.0,1.0,1.0,2018,POINT (5.054655960570852 45.8729756400462),45.8729756400462,5.054655960570852,True,2018-01-15,NATURELS,1.0,871f91c9bffffff
18BB003056,NATURELS,2018-01-19 22:57:16,2018-01-20 00:21:51,1.0,1.0,1.0,2018,POINT (5.795944151313267 45.948246966190304),45.948246966190304,5.795944151313267,True,2018-01-19,NATURELS,1.0,871f910e3ffffff
18BB004119,NATURELS,2018-01-25 10:41:44,2018-01-25 11:21:55,1.0,1.0,1.0,2018,POINT (4.910528914300841 46.327056651371734),46.32705665137173,4.910528914300841,True,2018-01-25,NATURELS,1.0,871f956abffffff
18BB004146,NATURELS,2018-01-25 13:40:53,2018-01-25 14:27:56,1.0,1.0,1.0,2018,POINT (5.263958041573025 45.83649213720742),45.83649213720742,5.263958041573025,True,2018-01-25,NATURELS,1.0,871f91572ffffff
18BB004671,NATURELS,2018-01-28 18:06:25,2018-01-28 19:19:32,1.0,1.0,1.0,2018,POINT (5.414141257940487 46.225146185196394),46.2251461851964,5.414141257940487,True,2018-01-28,NATURELS,1.0,871f91883ffffff
18BB004726,NATURELS,2018-01-29 07:53:33,2018-01-29 09:18:13,1.0,1.0,1.0,2018,POINT (5.2711691123587645 46.22772683961937),46.22772683961937,5.2711691123587645,True,2018-01-29,NATURELS,1.0,871f91d4dffffff
18BB004773,NATURELS,2018-01-29 12:38:36,2018-01-29 12:45:37,1.0,1.0,1.0,2018,POINT (5.276835050958791 46.23031683975041),46.23031683975041,5.276835050958791,True,2018-01-29,NATURELS,1.0,871f91d4dffffff
18BB005627,NATURELS,2018-02-03 18:45:04,2018-02-03 21:52:15,1.0,1.0,1.0,2018,POINT (5.317978926506873 46.211909280541214),46.211909280541214,5.317978926506873,True,2018-02-03,NATURELS,1.0,871f91896ffffff
18BB006516,NATURELS,2018-02-09 15:46:28,2018-02-09 16:15:10,1.0,1.0,1.0,2018,POINT (5.97415678278194 46.22417739410511),46.22417739410511,5.97415678278194,True,2018-02-09,NATURELS,1.0,
18BB007200,NATURELS,2018-02-13 19:48:46,2018-02-13 20:48:35,1.0,1.0,1.0,2018,POINT (5.127825314524136 45.819113726341044),45.81911372634104,5.127825314524136,True,2018-02-13,NATURELS,1.0,871f91506ffffff
18BB007718,NATURELS,2018-02-17 11:37:29,2018-02-17 12:45:04,1.0,1.0,1.0,2018,POINT (5.654355188648657 46.24894149355919),46.24894149355919,5.654355188648657,True,2018-02-17,NATURELS,1.0,871f918ddffffff
18BB008192,NATURELS,2018-02-20 10:53:19,2018-02-20 12:55:19,1.0,4.0,1.0,2018,POINT (5.119241659142113 45.874871603089176),45.874871603089176,5.119241659142113,True,2018-02-20,NATURELS,1.0,871f91520ffffff
18BB008782,NATURELS,2018-02-24 12:22:55,2018-02-24 13:18:14,1.0,2.0,1.0,2018,POINT (5.694001616963057 45.874770908851744),45.874770908851744,5.694001616963057,True,2018-02-24,NATURELS,1.0,871f91089ffffff
18BB008899,NATURELS,2018-02-25 06:38:54,2018-02-25 08:13:23,1.0,1.0,1.0,2018,POINT (4.915216563888799 46.390637909035235),46.39063790903524,4.915216563888799,True,2018-02-25,NATURELS,1.0,871f9561effffff
18BB008934,NATURELS,2018-02-25 14:53:57,2018-02-25 16:43:29,1.0,1.0,1.0,2018,POINT (5.554742453497381 46.22597284615712),46.22597284615712,5.554742453497381,True,2018-02-25,NATURELS,1.0,871f918d0ffffff
18BB009106,NATURELS,2018-02-26 15:42:01,2018-02-26 19:39:17,1.0,2.0,1.0,2018,POINT (5.154202824813749 46.43494309981025),46.43494309981025,5.154202824813749,True,2018-02-26,NATURELS,1.0,871f9565cffffff
18BB009119,NATURELS,2018-02-26 17:13:43,2018-02-26 17:55:28,1.0,1.0,1.0,2018,POINT (5.416801157518196 46.091708282982566),46.091708282982566,5.416801157518196,True,2018-02-26,NATURELS,1.0,871f91c4bffffff
18BB009147,NATURELS,2018-02-26 19:38:34,2018-02-26 21:12:37,1.0,1.0,1.0,2018,POINT (5.445519565668526 46.04030991026912),46.04030991026912,5.445519565668526,True,2018-02-26,NATURELS,1.0,871f911a3ffffff
18BB009265,NATURELS,2018-02-27 14:41:31,2018-02-27 18:28:06,1.0,5.0,1.0,2018,POINT (5.77492447430822 45.85705296491045),45.85705296491045,5.77492447430822,True,2018-02-27,FORET,1.0,871f910deffffff
18BB009268,NATURELS,2018-02-27 15:00:45,2018-02-27 15:50:17,1.0,1.0,1.0,2018,POINT (5.457239394653302 46.262134635320656),46.262134635320656,5.457239394653302,True,2018-02-27,NATURELS,1.0,871f9188cffffff
18BB009303,NATURELS,2018-02-27 18:34:57,2018-02-27 19:28:21,1.0,2.0,1.0,2018,POINT (5.422407501102598 46.045446324276256),46.045446324276256,5.422407501102598,True,2018-02-27,NATURELS,1.0,871f911a0ffffff
18BB009369,NATURELS,2018-02-28 08:24:11,2018-02-28 09:31:27,1.0,1.0,1.0,2018,POINT (4.816266459531919 45.93294912938206),45.93294912938206,4.816266459531919,True,2018-02-28,NATURELS,1.0,871f90345ffffff
18BB009540,NATURELS,2018-03-01 06:36:06,2018-03-01 07:22:40,1.0,1.0,1.0,2018,POINT (4.791862286917909 45.93676020644561),45.93676020644561,4.791862286917909,True,2018-03-01,NATURELS,1.0,871f90363ffffff
18BB009696,NATURELS,2018-03-02 01:21:11,2018-03-02 03:11:14,1.0,1.0,1.0,2018,POINT (4.9860841418318 46.215041574562235),46.21504157456224,4.9860841418318,True,2018-03-02,NATURELS,1.0,871f91d05ffffff
18BB011020,NATURELS,2018-03-09 14:51:48,2018-03-09 17:03:41,1.0,2.0,1.0,2018,POINT (5.458416999668472 46.26161596960971),46.26161596960971,5.458416999668472,True,2018-03-09,NATURELS,1.0,871f9188cffffff
18BB011022,NATURELS,2018-03-09 15:12:31,2018-03-09 17:04:23,1.0,1.0,1.0,2018,POINT (5.1589432843188305 46.124887207049404),46.124887207049404,5.158943284318831,True,2018-03-09,NATURELS,1.0,871f91c28ffffff
18BB011043,NATURELS,2018-03-09 17:59:18,2018-03-09 18:09:57,1.0,1.0,1.0,2018,POINT (5.697253869029885 46.14661111453873),46.14661111453873,5.697253869029885,True,2018-03-09,NATURELS,1.0,871f91155ffffff
18BB011058,NATURELS,2018-03-09 19:15:06,2018-03-09 20:09:26,1.0,1.0,1.0,2018,POINT (5.413028389473063 45.97591383584533),45.97591383584533,5.413028389473063,True,2018-03-09,NATURELS,1.0,871f91195ffffff
18BB012634,NATURELS,2018-03-19 16:35:15,2018-03-19 17:26:55,1.0,1.0,1.0,2018,POINT (5.4087098041344674 45.86988657706372),45.86988657706372,5.4087098041344674,True,2018-03-19,NATURELS,1.0,871f9156affffff
18BB012964,NATURELS,2018-03-21 14:59:17,2018-03-21 17:56:12,1.0,5.0,1.0,2018,POINT (5.501863721354375 46.027532975400725),46.027532975400725,5.501863721354375,True,2018-03-21,NATURELS,1.0,871f911aaffffff
18BB012992,NATURELS,2018-03-21 18:48:45,2018-03-21 19:16:44,1.0,1.0,1.0,2018,POINT (5.454015641566572 46.065754958715196),46.0657549587152,5.454015641566572,True,2018-03-21,NATURELS,1.0,871f91112ffffff
18BB013089,NATURELS,2018-03-22 13:53:41,2018-03-22 14:49:38,1.0,1.0,1.0,2018,POINT (5.331514331372835 46.183956169010585),46.183956169010585,5.331514331372835,True,2018-03-22,NATURELS,1.0,871f91892ffffff
18BB013124,NATURELS,2018-03-22 17:02:52,2018-03-22 17:44:45,1.0,1.0,1.0,2018,POINT (5.556168378897482 46.22419442671198),46.22419442671198,5.556168378897482,True,2018-03-22,NATURELS,1.0,871f918d0ffffff
18BB013199,NATURELS,2018-03-23 08:20:54,2018-03-23 10:11:14,1.0,1.0,1.0,2018,POINT (5.345876186255728 46.24718532092802),46.24718532092802,5.345876186255728,True,2018-03-23,NATURELS,1.0,871f918b3ffffff
18BB013311,NATURELS,2018-03-23 18:36:32,2018-03-23 19:20:01,1.0,1.0,1.0,2018,POINT (4.963003830850036 45.9263371917624),45.9263371917624,4.963003830850036,True,2018-03-23,NATURELS,1.0,871f91cb3ffffff
18BB013400,NATURELS,2018-03-24 10:45:48,2018-03-24 13:36:54,1.0,4.0,1.0,2018,POINT (5.119241659142113 45.874871603089176),45.874871603089176,5.119241659142113,True,2018-03-24,NATURELS,1.0,871f91520ffffff
18BB013421,NATURELS,2018-03-24 12:17:45,2018-03-24 13:00:07,1.0,1.0,1.0,2018,POINT (5.252904137726063 45.890050225274976),45.890050225274976,5.252904137726063,True,2018-03-24,NATURELS,1.0,871f91cdaffffff
18BB013438,NATURELS,2018-03-24 14:24:26,2018-03-24 15:40:20,1.0,1.0,1.0,2018,POINT (5.082088429002342 45.85226138918117),45.85226138918117,5.082088429002342,True,2018-03-24,NATURELS,1.0,871f91535ffffff
18BB013486,NATURELS,2018-03-24 19:07:56,2018-03-24 20:06:05,1.0,1.0,1.0,2018,POINT (5.088417076602609 45.8530969611816),45.8530969611816,5.088417076602609,True,2018-03-24,FORET,1.0,871f91535ffffff
18BB013516,NATURELS,2018-03-24 23:11:35,2018-03-24 23:53:31,1.0,1.0,1.0,2018,POINT (5.2550804200791505 45.8929107883983),45.8929107883983,5.255080420079151,True,2018-03-24,NATURELS,1.0,871f91cdaffffff
18BB013640,NATURELS,2018-03-25 17:15:57,2018-03-25 21:39:28,1.0,9.0,1.0,2018,POINT (5.119241659142113 45.874871603089176),45.874871603089176,5.119241659142113,True,2018-03-25,NATURELS,1.0,871f91520ffffff
18BB013653,NATURELS,2018-03-25 19:02:40,2018-03-25 20:02:43,1.0,1.0,1.0,2018,POINT (5.661043893902512 46.286674528286014),46.286674528286014,5.661043893902512,True,2018-03-25,NATURELS,1.0,871f918c1ffffff
18BB013726,NATURELS,2018-03-26 09:45:33,2018-03-26 10:43:43,1.0,1.0,1.0,2018,POINT (5.088417076602609 45.8530969611816),45.8530969611816,5.088417076602609,True,2018-03-26,FORET,1.0,871f91535ffffff
18BB014780,NATURELS,2018-04-01 17:57:21,2018-04-01 18:17:05,1.0,1.0,1.0,2018,POINT (4.918715224733337 45.87033560668211),45.87033560668211,4.918715224733337,True,2018-04-01,NATURELS,1.0,871f90265ffffff
18BB015028,NATURELS,2018-04-03 11:49:13,2018-04-03 12:09:04,1.0,1.0,1.0,2018,POINT (5.600035427042644 45.9790545642757),45.9790545642757,5.600035427042644,True,2018-04-03,NATURELS,1.0,871f91010ffffff
18BB015559,NATURELS,2018-04-06 14:19:04,2018-04-06 16:01:43,1.0,1.0,1.0,2018,POINT (5.655320778801857 46.257765120417965),46.257765120417965,5.655320778801857,True,2018-04-06,NATURELS,1.0,871f918ceffffff
18BB015566,NATURELS,2018-04-06 15:15:08,2018-04-06 18:24:30,1.0,2.0,1.0,2018,POINT (5.48794608201474 45.99370686172045),45.99370686172045,5.48794608201474,True,2018-04-06,NATURELS,1.0,871f91181ffffff
18BB015574,NATURELS,2018-04-06 16:28:48,2018-04-06 17:43:02,1.0,1.0,1.0,2018,POINT (5.2862816598554785 45.8914580414623),45.8914580414623,5.286281659855479,True,2018-04-06,NATURELS,1.0,871f91575ffffff
18BB015602,NATURELS,2018-04-06 18:52:27,2018-04-06 19:58:52,1.0,1.0,1.0,2018,POINT (5.455556900350996 46.04151854959989),46.04151854959989,5.455556900350996,True,2018-04-06,NATURELS,1.0,871f911a1ffffff
18BB015638,NATURELS,2018-04-06 22:17:56,2018-04-06 23:00:48,1.0,1.0,1.0,2018,POINT (5.370044941361887 46.27175088346788),46.27175088346788,5.370044941361887,True,2018-04-06,NATURELS,1.0,871f918a2ffffff
18BB015722,NATURELS,2018-04-07 13:35:40,2018-04-07 17:17:21,1.0,5.0,1.0,2018,POINT (4.807534091963303 45.945283820661935),45.945283820661935,4.807534091963303,True,2018-04-07,NATURELS,1.0,871f90363ffffff
18BB015724,NATURELS,2018-04-07 13:52:06,2018-04-07 16:02:19,1.0,1.0,1.0,2018,POINT (5.418928780121662 45.87811554149227),45.87811554149227,5.418928780121662,True,2018-04-07,NATURELS,1.0,871f9156bffffff
18BB015738,NATURELS,2018-04-07 15:05:25,2018-04-07 16:09:38,1.0,1.0,1.0,2018,POINT (5.606048193305272 45.93567584200197),45.93567584200197,5.606048193305272,True,2018-04-07,NATURELS,1.0,871f910acffffff
18BB015742,NATURELS,2018-04-07 15:32:29,2018-04-07 17:14:04,1.0,1.0,1.0,2018,POINT (5.994015445530084 46.23701147053044),46.23701147053044,5.994015445530084,True,2018-04-07,FORET,1.0,871f91aaeffffff
18BB015751,NATURELS,2018-04-07 16:30:15,2018-04-07 18:07:45,1.0,1.0,1.0,2018,POINT (5.96410302929274 46.20452349265777),46.20452349265777,5.96410302929274,True,2018-04-07,NATURELS,1.0,
18BB015869,NATURELS,2018-04-08 12:08:29,2018-04-08 13:23:32,1.0,1.0,1.0,2018,POINT (5.6637401694720735 46.25787831925113),46.25787831925113,5.6637401694720735,True,2018-04-08,NATURELS,1.0,871f918ceffffff
18BB015921,NATURELS,2018-04-08 17:30:29,2018-04-08 20:01:24,1.0,1.0,1.0,2018,POINT (5.430864435705406 45.86597489704854),45.86597489704854,5.430864435705406,True,2018-04-08,NATURELS,1.0,871f9154cffffff
18BB015959,NATURELS,2018-04-08 23:53:18,2018-04-09 03:59:14,1.0,1.0,1.0,2018,POINT (5.428630545246866 46.234502646519715),46.23450264651972,5.428630545246866,True,2018-04-08,NATURELS,1.0,871f91883ffffff
18BB015990,NATURELS,2018-04-09 10:48:59,2018-04-09 11:28:51,1.0,1.0,1.0,2018,POINT (5.249071572183218 45.9111175294852),45.9111175294852,5.249071572183218,True,2018-04-09,NATURELS,1.0,871f91cd8ffffff
18BB016020,NATURELS,2018-04-09 14:04:52,2018-04-09 14:53:13,1.0,1.0,1.0,2018,POINT (5.414416718196391 46.07716903392653),46.07716903392653,5.414416718196391,True,2018-04-09,NATURELS,1.0,871f91c4bffffff
18BB016029,NATURELS,2018-04-09 14:45:37,2018-04-09 16:02:21,1.0,2.0,1.0,2018,POINT (5.461194062975483 46.081592721192244),46.08159272119224,5.461194062975483,True,2018-04-09,NATURELS,1.0,871f91112ffffff
18BB016080,NATURELS,2018-04-09 20:55:47,2018-04-09 21:43:22,1.0,1.0,1.0,2018,POINT (5.463593871576606 46.036902112033346),46.03690211203335,5.463593871576606,True,2018-04-09,NATURELS,1.0,871f911aeffffff
18BB016305,NATURELS,2018-04-11 15:46:29,2018-04-11 17:00:10,1.0,1.0,1.0,2018,POINT (5.303926454145313 46.1881764650987),46.1881764650987,5.303926454145313,True,2018-04-11,FORET,1.0,871f91c65ffffff
18BB016480,NATURELS,2018-04-12 16:52:38,2018-04-12 17:15:01,1.0,1.0,1.0,2018,POINT (5.693479892334558 45.71028415571681),45.71028415571681,5.693479892334558,True,2018-04-12,NATURELS,1.0,871f9171effffff
18BB016500,NATURELS,2018-04-12 19:11:22,2018-04-12 21:59:45,1.0,3.0,1.0,2018,POINT (5.809188142285021 46.08798626074307),46.08798626074307,5.809188142285021,True,2018-04-12,NATURELS,1.0,871f91075ffffff
18BB016516,NATURELS,2018-04-12 20:39:51,2018-04-12 21:20:52,1.0,1.0,1.0,2018,POINT (5.655320778801857 46.257765120417965),46.257765120417965,5.655320778801857,True,2018-04-12,NATURELS,1.0,871f918ceffffff
18BB016609,NATURELS,2018-04-13 14:08:54,2018-04-13 15:11:23,1.0,1.0,1.0,2018,POINT (5.197372453377824 46.21986526531427),46.21986526531427,5.197372453377824,True,2018-04-13,NATURELS,1.0,871f91d40ffffff
18BB016793,NATURELS,2018-04-14 16:18:27,2018-04-14 17:13:18,1.0,1.0,1.0,2018,POINT (5.344489936296153 46.04777526405157),46.04777526405157,5.344489936296153,True,2018-04-14,NATURELS,1.0,871f91c58ffffff
18BB017071,NATURELS,2018-04-16 15:08:20,2018-04-16 20:21:46,1.0,6.0,1.0,2018,POINT (4.92526285935882 45.917372150442745),45.917372150442745,4.92526285935882,True,2018-04-16,NATURELS,1.0,871f91cb2ffffff
18BB017076,NATURELS,2018-04-16 15:56:08,2018-04-16 19:05:47,1.0,2.0,1.0,2018,POINT (5.0098236892740005 46.214681533173156),46.21468153317316,5.0098236892740005,True,2018-04-16,NATURELS,1.0,871f91d2affffff
18BB017112,NATURELS,2018-04-16 20:52:41,2018-04-16 21:33:06,1.0,1.0,1.0,2018,POINT (5.66377398614036 46.26757575855433),46.26757575855433,5.66377398614036,True,2018-04-16,NATURELS,1.0,871f918ceffffff
18BB017166,NATURELS,2018-04-17 09:59:20,2018-04-17 11:57:54,1.0,2.0,1.0,2018,POINT (5.607800122285917 45.84435401778134),45.84435401778134,5.607800122285917,True,2018-04-17,NATURELS,1.0,871f9109dffffff
18BB017324,NATURELS,2018-04-18 11:36:01,2018-04-18 12:39:23,1.0,1.0,1.0,2018,POINT (6.047855479523666 46.287139601990106),46.287139601990106,6.047855479523666,True,2018-04-18,NATURELS,1.0,871f91a1effffff
18BB017387,NATURELS,2018-04-18 18:09:33,2018-04-18 20:55:06,1.0,1.0,1.0,2018,POINT (5.772999233778508 46.057916226944364),46.05791622694437,5.772999233778508,True,2018-04-18,NATURELS,1.0,871f91076ffffff
18BB017420,NATURELS,2018-04-18 20:56:29,2018-04-18 21:35:36,1.0,1.0,1.0,2018,POINT (5.663594079821634 46.261439602741916),46.26143960274192,5.663594079821634,True,2018-04-18,NATURELS,1.0,871f918ceffffff
18BB017431,NATURELS,2018-04-18 21:33:33,2018-04-18 23:04:20,1.0,1.0,1.0,2018,POINT (5.533569816265731 45.74666000274744),45.74666000274744,5.533569816265731,True,2018-04-18,NATURELS,1.0,871f9144cffffff
18BB017445,NATURELS,2018-04-18 23:01:49,2018-04-19 00:01:46,1.0,1.0,1.0,2018,POINT (5.393545036049138 46.142374156841726),46.142374156841726,5.393545036049138,True,2018-04-18,NATURELS,1.0,871f91c6bffffff
18BB017542,NATURELS,2018-04-19 16:38:56,2018-04-19 18:16:37,1.0,1.0,1.0,2018,POINT (5.730459391556168 46.21934595320272),46.21934595320272,5.730459391556168,True,2018-04-19,NATURELS,1.0,871f91160ffffff
18BB017548,NATURELS,2018-04-19 16:52:11,2018-04-19 18:07:17,1.0,1.0,1.0,2018,POINT (5.823218185722274 46.118623961825605),46.118623961825605,5.823218185722274,True,2018-04-19,FORET,1.0,871f91064ffffff
18BB017590,NATURELS,2018-04-19 22:16:38,2018-04-19 23:19:40,1.0,1.0,1.0,2018,POINT (5.774786645444652 46.09375797368206),46.09375797368206,5.774786645444652,True,2018-04-19,NATURELS,1.0,871f9115bffffff
18BB017678,NATURELS,2018-04-20 13:37:23,2018-04-20 14:45:41,1.0,1.0,1.0,2018,POINT (5.502029764061539 46.11734572562389),46.11734572562389,5.502029764061539,True,2018-04-20,NATURELS,1.0,871f91115ffffff
18BB017732,NATURELS,2018-04-20 19:48:51,2018-04-21 10:40:49,1.0,2.0,1.0,2018,POINT (5.216757559210866 45.91616227756218),45.91616227756218,5.216757559210866,True,2018-04-20,NATURELS,1.0,871f91cdeffffff
18BB017762,NATURELS,2018-04-20 23:20:29,2018-04-21 00:44:24,1.0,1.0,1.0,2018,POINT (5.6378446999765925 46.252800827753326),46.252800827753326,5.6378446999765925,True,2018-04-20,NATURELS,1.0,871f918c3ffffff
18BB017857,NATURELS,2018-04-21 14:35:04,2018-04-21 15:18:42,1.0,1.0,1.0,2018,POINT (4.912634336224377 46.21556646466433),46.21556646466433,4.912634336224377,True,2018-04-21,NATURELS,1.0,871f91d35ffffff
18BB017868,NATURELS,2018-04-21 15:29:21,2018-04-21 18:01:45,1.0,1.0,1.0,2018,POINT (5.230359424304021 45.927292258848354),45.927292258848354,5.230359424304021,True,2018-04-21,NATURELS,1.0,871f91cdcffffff
18BB017880,NATURELS,2018-04-21 16:48:05,2018-04-21 17:11:02,1.0,1.0,1.0,2018,POINT (5.66049822457645 46.246230944711236),46.24623094471124,5.66049822457645,True,2018-04-21,NATURELS,1.0,871f918ddffffff
18BB017915,NATURELS,2018-04-21 19:23:38,2018-04-21 22:11:01,1.0,1.0,1.0,2018,POINT (5.610984312206064 46.074493397374155),46.07449339737416,5.610984312206064,True,2018-04-21,NATURELS,1.0,871f91026ffffff
18BB017928,NATURELS,2018-04-21 20:56:33,2018-04-21 21:46:20,1.0,1.0,1.0,2018,POINT (4.979442875895849 46.21982387323954),46.21982387323954,4.979442875895849,True,2018-04-21,NATURELS,1.0,871f91d05ffffff
18BB017937,NATURELS,2018-04-21 21:36:52,2018-04-21 22:39:46,1.0,1.0,1.0,2018,POINT (5.964636163599227 46.223654372521636),46.22365437252164,5.964636163599227,True,2018-04-21,FORET,1.0,871f91aa3ffffff
18BB017954,NATURELS,2018-04-22 00:25:50,2018-04-22 02:09:23,1.0,1.0,1.0,2018,POINT (4.759520641969839 45.974446285845175),45.974446285845175,4.759520641969839,True,2018-04-22,NATURELS,1.0,871f90364ffffff
18BB018024,NATURELS,2018-04-22 12:35:13,2018-04-22 13:29:05,1.0,1.0,1.0,2018,POINT (5.212704351050618 45.88707858652584),45.88707858652584,5.212704351050618,True,2018-04-22,NATURELS,1.0,871f9152dffffff
18BB018043,NATURELS,2018-04-22 14:54:37,2018-04-22 22:02:33,1.0,7.0,1.0,2018,POINT (4.771037466167252 46.0840313685601),46.0840313685601,4.771037466167252,True,2018-04-22,FORET,1.0,871f90a5affffff
18BB018044,NATURELS,2018-04-22 14:57:00,2018-04-22 15:35:33,1.0,1.0,1.0,2018,POINT (6.057260078818793 46.3251472054746),46.3251472054746,6.057260078818793,True,2018-04-22,NATURELS,1.0,871f91a00ffffff
18BB018055,NATURELS,2018-04-22 15:29:42,2018-04-22 16:54:10,1.0,1.0,1.0,2018,POINT (5.468437337299221 46.045177576589595),46.0451775765896,5.468437337299221,True,2018-04-22,NATURELS,1.0,871f911aeffffff
18BB018077,NATURELS,2018-04-22 17:35:03,2018-04-22 19:12:20,1.0,1.0,1.0,2018,POINT (5.551861993891097 46.11484901297313),46.11484901297313,5.551861993891097,True,2018-04-22,NATURELS,1.0,871f91103ffffff
18BB018087,NATURELS,2018-04-22 18:38:50,2018-04-22 21:12:14,1.0,1.0,1.0,2018,POINT (5.075174218475296 46.337218057481536),46.337218057481536,5.075174218475296,True,2018-04-22,NATURELS,1.0,871f956c1ffffff
18BB018125,NATURELS,2018-04-22 23:26:36,2018-04-23 01:41:13,1.0,2.0,1.0,2018,POINT (5.83030717246904 46.144422894500984),46.14442289450098,5.83030717246904,True,2018-04-22,NATURELS,1.0,871f9114bffffff
18BB018440,NATURELS,2018-04-24 21:47:11,2018-04-24 22:56:51,1.0,1.0,1.0,2018,POINT (5.455556900350996 46.04151854959989),46.04151854959989,5.455556900350996,True,2018-04-24,NATURELS,1.0,871f911a1ffffff
18BB018724,NATURELS,2018-04-27 04:15:35,2018-04-27 05:19:44,1.0,1.0,1.0,2018,POINT (5.039459695496911 45.95773717540524),45.95773717540524,5.039459695496911,True,2018-04-27,NATURELS,1.0,871f91c85ffffff
18BB018814,NATURELS,2018-04-27 16:44:57,2018-04-27 18:03:40,1.0,1.0,1.0,2018,POINT (5.290189394132574 46.15878890401405),46.15878890401405,5.290189394132574,True,2018-04-27,NATURELS,1.0,871f91c60ffffff
18BB018843,NATURELS,2018-04-27 19:58:38,2018-04-27 20:37:14,1.0,1.0,1.0,2018,POINT (4.921122269123763 46.20750539673865),46.20750539673865,4.921122269123763,True,2018-04-27,NATURELS,1.0,871f91d31ffffff
18BB018977,NATURELS,2018-04-28 16:15:08,2018-04-28 16:55:35,1.0,1.0,1.0,2018,POINT (4.838448216988594 46.29870306103927),46.29870306103927,4.838448216988594,True,2018-04-28,NATURELS,1.0,871f95680ffffff
18BB018991,NATURELS,2018-04-28 17:13:00,2018-04-28 18:23:19,1.0,1.0,1.0,2018,POINT (5.390538145878161 46.06404171214387),46.06404171214387,5.390538145878161,True,2018-04-28,FORET,1.0,871f911a4ffffff
18BB018993,NATURELS,2018-04-28 17:35:12,2018-04-28 20:10:51,1.0,1.0,1.0,2018,POINT (5.482156901038108 45.821846049631795),45.8218460496318,5.482156901038108,True,2018-04-28,NATURELS,1.0,871f91465ffffff
18BB019286,NATURELS,2018-04-30 13:49:32,2018-04-30 14:17:34,1.0,1.0,1.0,2018,POINT (5.769279158704773 45.78140939973586),45.78140939973586,5.769279158704773,True,2018-04-30,NATURELS,1.0,871f9170cffffff
18BB019343,NATURELS,2018-04-30 22:44:43,2018-05-01 01:40:57,1.0,2.0,1.0,2018,POINT (5.03087249548278 45.82085854483892),45.82085854483892,5.03087249548278,True,2018-04-30,NATURELS,1.0,871f91536ffffff
18BB019422,NATURELS,2018-05-01 16:33:25,2018-05-01 17:49:02,1.0,1.0,1.0,2018,POINT (4.830019586692178 46.21074596986556),46.21074596986556,4.830019586692178,True,2018-05-01,FORET,1.0,871f90a69ffffff
18BB019432,NATURELS,2018-05-01 18:33:50,2018-05-01 20:10:20,1.0,1.0,1.0,2018,POINT (5.326406613822162 46.363782831056135),46.363782831056135,5.326406613822162,True,2018-05-01,NATURELS,1.0,871f9198cffffff
18BB019452,NATURELS,2018-05-01 20:56:28,2018-05-01 22:11:46,1.0,1.0,1.0,2018,POINT (5.971996793149971 46.15869668114983),46.15869668114983,5.971996793149971,True,2018-05-01,NATURELS,1.0,871f91a9cffffff
18BB019542,NATURELS,2018-05-02 13:09:31,2018-05-02 14:55:18,1.0,2.0,1.0,2018,POINT (4.826598461015248 45.9638930346575),45.9638930346575,4.826598461015248,True,2018-05-02,NATURELS,1.0,871f9036cffffff
18BB019601,NATURELS,2018-05-02 19:43:55,2018-05-02 20:35:14,1.0,1.0,1.0,2018,POINT (5.995293527228156 46.26108120077927),46.26108120077927,5.995293527228156,True,2018-05-02,NATURELS,1.0,871f91aacffffff
18BB020100,NATURELS,2018-05-05 20:17:31,2018-05-05 21:23:20,1.0,1.0,1.0,2018,POINT (4.871114712571139 45.97500777052346),45.97500777052346,4.871114712571139,True,2018-05-05,NATURELS,1.0,871f9036dffffff
18BB020264,NATURELS,2018-05-06 18:59:38,2018-05-06 19:09:03,1.0,1.0,1.0,2018,POINT (5.212417065450241 45.77753981567696),45.77753981567696,5.212417065450241,True,2018-05-06,NATURELS,1.0,871f91519ffffff
18BB020398,NATURELS,2018-05-07 16:08:19,2018-05-07 17:41:40,1.0,1.0,1.0,2018,POINT (6.017423699182013 46.241323641727334),46.24132364172733,6.017423699182013,True,2018-05-07,NATURELS,1.0,871f91aa8ffffff
18BB020537,NATURELS,2018-05-08 16:12:06,2018-05-08 18:57:28,1.0,1.0,1.0,2018,POINT (5.116652724553157 46.32277740799812),46.32277740799812,5.116652724553157,True,2018-05-08,NATURELS,1.0,871f956ceffffff
18BB020664,NATURELS,2018-05-09 13:41:37,2018-05-09 14:24:21,1.0,1.0,1.0,2018,POINT (6.017423699182013 46.241323641727334),46.24132364172733,6.017423699182013,True,2018-05-09,FORET,1.0,871f91aa8ffffff
18BB021111,NATURELS,2018-05-12 08:17:09,2018-05-12 09:12:36,1.0,1.0,1.0,2018,POINT (4.953792985855809 45.82198661292793),45.82198661292793,4.953792985855809,True,2018-05-12,NATURELS,1.0,871f90245ffffff
18BB021119,NATURELS,2018-05-12 09:41:46,2018-05-12 10:24:46,1.0,1.0,1.0,2018,POINT (6.15626045002749 46.37283820686679),46.37283820686679,6.15626045002749,True,2018-05-12,NATURELS,1.0,871f91a76ffffff
18BB021189,NATURELS,2018-05-12 17:30:23,2018-05-12 18:59:05,1.0,1.0,1.0,2018,POINT (5.979918235262608 46.18048093471613),46.18048093471613,5.979918235262608,True,2018-05-12,NATURELS,1.0,871f91a83ffffff
18BB021196,NATURELS,2018-05-12 18:21:45,2018-05-12 19:06:03,1.0,1.0,1.0,2018,POINT (4.900245514002913 45.937028032319596),45.9370280323196,4.900245514002913,True,2018-05-12,NATURELS,1.0,871f91cb6ffffff
18BB023172,NATURELS,2018-05-24 20:05:45,2018-05-24 21:25:25,1.0,1.0,1.0,2018,POINT (4.832657122042507 46.29730943546484),46.29730943546484,4.832657122042507,True,2018-05-24,NATURELS,1.0,871f95680ffffff
18BB023968,NATURELS,2018-05-29 08:10:24,2018-05-29 09:00:41,1.0,1.0,1.0,2018,POINT (4.892647548695702 46.33947824800954),46.33947824800954,4.892647548695702,True,2018-05-29,NATURELS,1.0,871f956a8ffffff
18BB024340,NATURELS,2018-05-31 10:07:54,2018-05-31 15:48:50,1.0,1.0,1.0,2018,POINT (6.106388762531922 46.27235378640783),46.27235378640783,6.106388762531922,True,2018-05-31,NATURELS,1.0,871f91a1bffffff
18BB024698,NATURELS,2018-06-02 11:18:26,2018-06-02 14:35:44,1.0,1.0,1.0,2018,POINT (5.222923594080477 45.895828824967985),45.89582882496799,5.222923594080477,True,2018-06-02,FORET,1.0,871f9152dffffff
18BB024836,NATURELS,2018-06-03 00:54:56,2018-06-03 01:51:13,1.0,1.0,1.0,2018,POINT (4.940471471977817 45.84462026908272),45.84462026908272,4.940471471977817,True,2018-06-03,NATURELS,1.0,871f90261ffffff
18BB024905,NATURELS,2018-06-03 12:33:27,2018-06-03 13:39:05,1.0,1.0,1.0,2018,POINT (6.009425142744929 46.282321202785155),46.28232120278516,6.009425142744929,True,2018-06-03,NATURELS,1.0,871f91a13ffffff
18BB025192,NATURELS,2018-06-04 18:42:45,2018-06-04 21:17:52,1.0,1.0,1.0,2018,POINT (5.212491526136498 45.891135313103995),45.891135313104,5.212491526136498,True,2018-06-04,FORET,1.0,871f9152dffffff
18BB025565,NATURELS,2018-06-06 19:49:33,2018-06-06 21:00:01,1.0,1.0,1.0,2018,POINT (6.034079516193981 46.30908052108498),46.30908052108498,6.034079516193981,True,2018-06-06,NATURELS,1.0,871f91a02ffffff
18BB026011,NATURELS,2018-06-09 03:19:52,2018-06-09 03:54:58,1.0,1.0,1.0,2018,POINT (6.010170380085471 46.28162153142668),46.28162153142668,6.010170380085471,True,2018-06-09,NATURELS,1.0,871f91a13ffffff
18BB026149,NATURELS,2018-06-09 16:05:41,2018-06-09 17:04:08,1.0,1.0,1.0,2018,POINT (4.95725035410844 45.82213110158806),45.82213110158806,4.95725035410844,True,2018-06-09,NATURELS,1.0,871f9026affffff
18BB026185,NATURELS,2018-06-09 18:30:16,2018-06-09 21:58:55,1.0,1.0,1.0,2018,POINT (5.429995528368987 46.322370895054334),46.322370895054334,5.429995528368987,True,2018-06-09,FORET,1.0,871f91812ffffff
18BB026329,NATURELS,2018-06-10 13:04:04,2018-06-10 14:26:00,1.0,1.0,1.0,2018,POINT (4.957043213964924 45.81670786464392),45.81670786464392,4.957043213964924,True,2018-06-10,NATURELS,1.0,871f90245ffffff
18BB026333,NATURELS,2018-06-10 13:31:15,2018-06-10 15:23:59,1.0,1.0,1.0,2018,POINT (5.3064141039677635 45.963513046225536),45.963513046225536,5.306414103967764,True,2018-06-10,NATURELS,1.0,871f91cc8ffffff
18BB026664,NATURELS,2018-06-12 10:36:24,2018-06-12 11:08:36,1.0,1.0,1.0,2018,POINT (5.367488536864195 45.899005822272656),45.899005822272656,5.367488536864195,True,2018-06-12,NATURELS,1.0,871f91561ffffff
18BB028029,NATURELS,2018-06-19 18:58:54,2018-06-19 20:02:05,1.0,1.0,1.0,2018,POINT (4.77993466564231 45.99508657701808),45.99508657701808,4.77993466564231,True,2018-06-19,NATURELS,1.0,871f90acbffffff
18BB028036,NATURELS,2018-06-19 19:34:09,2018-06-19 21:47:43,1.0,1.0,1.0,2018,POINT (5.257550446294388 46.442363510267356),46.44236351026736,5.257550446294388,True,2018-06-19,NATURELS,1.0,871f919a5ffffff
18BB028040,NATURELS,2018-06-19 20:02:05,2018-06-19 21:06:25,1.0,1.0,1.0,2018,POINT (4.755762977713929 45.94167278905392),45.94167278905392,4.755762977713929,True,2018-06-19,NATURELS,1.0,871f90362ffffff
18BB028179,NATURELS,2018-06-20 17:11:10,2018-06-20 18:16:29,1.0,2.0,1.0,2018,POINT (5.13569570765422 46.252385240847445),46.252385240847445,5.13569570765422,True,2018-06-20,NATURELS,1.0,871f91d62ffffff
18BB028225,NATURELS,2018-06-20 19:06:01,2018-06-20 20:07:01,1.0,1.0,1.0,2018,POINT (5.907701215834353 46.1276299446664),46.1276299446664,5.907701215834353,True,2018-06-20,NATURELS,1.0,871f91a92ffffff
18BB028375,NATURELS,2018-06-21 15:49:45,2018-06-21 17:22:24,1.0,1.0,1.0,2018,POINT (5.357035781606682 46.1422301197821),46.1422301197821,5.357035781606682,True,2018-06-21,NATURELS,1.0,871f91c6affffff
18BB028383,NATURELS,2018-06-21 16:22:57,2018-06-21 16:47:56,1.0,1.0,1.0,2018,POINT (4.9877838492603015 45.820136788779976),45.820136788779976,4.9877838492603015,True,2018-06-21,NATURELS,1.0,871f9026affffff
18BB028436,NATURELS,2018-06-21 20:10:47,2018-06-21 21:25:49,1.0,1.0,1.0,2018,POINT (5.4277115029248995 46.13818558446757),46.13818558446757,5.4277115029249,True,2018-06-21,NATURELS,1.0,871f91136ffffff
18BB028504,NATURELS,2018-06-22 08:36:57,2018-06-22 10:01:50,1.0,1.0,1.0,2018,POINT (5.193153757023865 46.37112172365937),46.37112172365937,5.193153757023865,True,2018-06-22,NATURELS,1.0,871f919b0ffffff
18BB028580,NATURELS,2018-06-22 14:55:30,2018-06-22 15:28:20,1.0,1.0,1.0,2018,POINT (5.111426107631369 46.36861142534736),46.36861142534736,5.111426107631369,True,2018-06-22,NATURELS,1.0,871f956e8ffffff
18BB028600,NATURELS,2018-06-22 15:31:29,2018-06-22 15:34:07,1.0,1.0,1.0,2018,POINT (4.781496342945667 45.938929940029624),45.93892994002962,4.781496342945667,True,2018-06-22,NATURELS,1.0,871f90363ffffff
18BB028610,NATURELS,2018-06-22 16:06:37,2018-06-22 17:15:16,1.0,5.0,1.0,2018,POINT (4.867134346636623 46.286634399499725),46.286634399499725,4.867134346636623,True,2018-06-22,NATURELS,1.0,871f95683ffffff
18BB028623,NATURELS,2018-06-22 16:49:19,2018-06-22 17:58:13,1.0,1.0,1.0,2018,POINT (5.040818998240963 45.841927658450224),45.841927658450224,5.040818998240963,True,2018-06-22,NATURELS,1.0,871f91534ffffff
18BB028649,NATURELS,2018-06-22 19:33:46,2018-06-22 20:17:44,1.0,1.0,1.0,2018,POINT (5.252064226389673 45.87788189731527),45.87788189731527,5.252064226389673,True,2018-06-22,NATURELS,1.0,871f91574ffffff
18BB028763,NATURELS,2018-06-23 15:08:01,2018-06-23 17:00:57,1.0,1.0,1.0,2018,POINT (5.202546375156085 45.87203298924567),45.87203298924567,5.202546375156085,True,2018-06-23,NATURELS,1.0,871f91528ffffff
18BB028840,NATURELS,2018-06-23 23:09:34,2018-06-24 02:01:33,1.0,1.0,1.0,2018,POINT (5.045731684918106 45.833419410828036),45.83341941082804,5.045731684918106,True,2018-06-23,NATURELS,1.0,871f91536ffffff
18BB028900,NATURELS,2018-06-24 10:41:08,2018-06-24 11:58:21,1.0,1.0,1.0,2018,POINT (5.056003678437844 45.820316319098815),45.820316319098815,5.056003678437844,True,2018-06-24,NATURELS,1.0,871f91532ffffff
18BB028919,NATURELS,2018-06-24 11:45:36,2018-06-24 12:19:42,1.0,1.0,1.0,2018,POINT (5.189997113908922 45.8631782024618),45.8631782024618,5.189997113908922,True,2018-06-24,NATURELS,1.0,871f91528ffffff
18BB028966,NATURELS,2018-06-24 15:05:07,2018-06-24 16:27:35,1.0,1.0,1.0,2018,POINT (5.056003678437844 45.820316319098815),45.820316319098815,5.056003678437844,True,2018-06-24,NATURELS,1.0,871f91532ffffff
18BB028968,NATURELS,2018-06-24 15:19:17,2018-06-24 16:33:08,1.0,1.0,1.0,2018,POINT (4.845886569023863 46.09733578190865),46.09733578190865,4.845886569023863,True,2018-06-24,NATURELS,1.0,871f91da6ffffff
18BB029008,NATURELS,2018-06-24 17:59:02,2018-06-24 18:41:20,1.0,1.0,1.0,2018,POINT (5.195835561987263 45.905262001978954),45.90526200197896,5.195835561987263,True,2018-06-24,NATURELS,1.0,871f91cd3ffffff
18BB029037,NATURELS,2018-06-24 20:24:24,2018-06-24 21:10:31,1.0,1.0,1.0,2018,POINT (5.33025247875011 46.01774015943511),46.01774015943511,5.33025247875011,True,2018-06-24,NATURELS,1.0,871f91ce9ffffff
18BB029073,NATURELS,2018-06-25 08:03:09,2018-06-25 08:26:54,1.0,1.0,1.0,2018,POINT (5.018730402861845 45.83877489904218),45.83877489904218,5.018730402861845,True,2018-06-25,NATURELS,1.0,871f90269ffffff
18BB029128,NATURELS,2018-06-25 13:36:16,2018-06-25 17:43:14,1.0,6.0,1.0,2018,POINT (5.663544390125283 46.32165775222295),46.32165775222295,5.663544390125283,True,2018-06-25,NATURELS,1.0,871f918e8ffffff
18BB029275,NATURELS,2018-06-26 07:06:54,2018-06-26 07:39:03,1.0,1.0,1.0,2018,POINT (5.204382456390172 45.89311581556767),45.89311581556767,5.204382456390172,True,2018-06-26,NATURELS,1.0,871f9152dffffff
18BB029384,NATURELS,2018-06-26 16:26:52,2018-06-26 18:11:43,1.0,2.0,1.0,2018,POINT (4.79711540186107 46.190978751831864),46.19097875183186,4.79711540186107,True,2018-06-26,NATURELS,1.0,871f90a6affffff
18BB029570,NATURELS,2018-06-27 16:25:03,2018-06-27 18:46:56,1.0,1.0,1.0,2018,POINT (5.315993051570013 46.38545777517016),46.38545777517016,5.315993051570013,True,2018-06-27,NATURELS,1.0,871f919aaffffff
18BB029585,NATURELS,2018-06-27 17:58:58,2018-06-27 18:55:41,1.0,1.0,1.0,2018,POINT (5.342927847372379 46.241258242219274),46.24125824221928,5.342927847372379,True,2018-06-27,NATURELS,1.0,871f918b3ffffff
18BB029648,NATURELS,2018-06-27 22:34:24,2018-06-27 22:59:19,1.0,1.0,1.0,2018,POINT (5.392373240429999 46.034378730488406),46.034378730488406,5.392373240429999,True,2018-06-27,NATURELS,1.0,871f911a6ffffff
18BB029654,NATURELS,2018-06-27 23:18:16,2018-06-28 16:47:12,1.0,2.0,1.0,2018,POINT (5.016891678685974 45.81824915670142),45.81824915670142,5.016891678685974,True,2018-06-27,NATURELS,1.0,871f9024dffffff
18BB029804,NATURELS,2018-06-28 18:47:36,2018-06-28 21:47:24,1.0,5.0,1.0,2018,POINT (5.168128452354999 46.18870347866224),46.18870347866224,5.168128452354999,True,2018-06-28,NATURELS,1.0,871f91d51ffffff
18BB029855,NATURELS,2018-06-28 23:35:19,2018-06-29 01:13:12,1.0,1.0,1.0,2018,POINT (5.385786915149199 46.22196977597609),46.22196977597609,5.385786915149199,True,2018-06-28,NATURELS,1.0,871f91882ffffff
18BB030048,NATURELS,2018-06-29 21:53:15,2018-06-29 23:36:55,1.0,1.0,1.0,2018,POINT (5.699126946181008 45.9941876407694),45.9941876407694,5.699126946181008,True,2018-06-29,NATURELS,1.0,871f9101dffffff
18BB030069,NATURELS,2018-06-30 00:55:18,2018-06-30 02:05:29,1.0,1.0,1.0,2018,POINT (5.293843004427055 45.95424620672052),45.95424620672052,5.293843004427055,True,2018-06-30,NATURELS,1.0,871f91cceffffff
18BB030188,NATURELS,2018-06-30 14:14:32,2018-06-30 16:21:15,1.0,2.0,1.0,2018,POINT (4.990919988243784 46.18783193591511),46.18783193591511,4.990919988243784,True,2018-06-30,NATURELS,1.0,871f91d01ffffff
18BB030516,NATURELS,2018-07-01 19:22:50,2018-07-02 01:56:11,1.0,3.0,1.0,2018,POINT (5.483448089896906 46.09685804512222),46.09685804512222,5.483448089896906,True,2018-07-01,NATURELS,1.0,871f91110ffffff
18BB030519,NATURELS,2018-07-01 19:29:26,2018-07-01 20:38:12,1.0,1.0,1.0,2018,POINT (5.247001671949196 45.853632896545896),45.853632896545896,5.247001671949196,True,2018-07-01,NATURELS,1.0,871f91576ffffff
18BB030534,NATURELS,2018-07-01 19:59:56,2018-07-01 20:47:54,1.0,1.0,1.0,2018,POINT (4.765284412028512 46.08614450039612),46.08614450039612,4.765284412028512,True,2018-07-01,NATURELS,1.0,871f90a5affffff
18BB030545,NATURELS,2018-07-01 20:55:53,2018-07-01 22:34:20,1.0,1.0,1.0,2018,POINT (5.664229616756701 46.04754226442041),46.04754226442041,5.664229616756701,True,2018-07-01,NATURELS,1.0,871f91005ffffff
18BB030593,NATURELS,2018-07-02 06:39:01,2018-07-02 08:11:05,1.0,1.0,1.0,2018,POINT (4.8406331438484775 46.30470386433406),46.30470386433406,4.8406331438484775,True,2018-07-02,NATURELS,1.0,871f95680ffffff
18BB030721,NATURELS,2018-07-02 15:29:47,2018-07-02 17:01:50,1.0,1.0,1.0,2018,POINT (5.505884187566857 45.92061205847772),45.92061205847772,5.505884187566857,True,2018-07-02,NATURELS,1.0,871f910b5ffffff
18BB030722,NATURELS,2018-07-02 15:47:31,2018-07-02 16:57:31,1.0,1.0,1.0,2018,POINT (4.880371528441151 45.94914466970838),45.94914466970838,4.880371528441151,True,2018-07-02,NATURELS,1.0,871f90369ffffff
18BB030734,NATURELS,2018-07-02 16:52:26,2018-07-02 18:16:44,1.0,2.0,1.0,2018,POINT (5.772793922919031 46.21339468678904),46.21339468678904,5.772793922919031,True,2018-07-02,NATURELS,1.0,871f9116effffff
18BB030910,NATURELS,2018-07-03 09:47:24,2018-07-03 10:12:35,1.0,1.0,1.0,2018,POINT (5.186212735193034 45.859781087597824),45.859781087597824,5.186212735193034,True,2018-07-03,NATURELS,1.0,871f9152affffff
18BB030950,NATURELS,2018-07-03 12:45:31,2018-07-03 13:25:23,1.0,1.0,1.0,2018,POINT (4.972918408904138 46.24314724437312),46.24314724437312,4.972918408904138,True,2018-07-03,NATURELS,1.0,871f91d21ffffff
18BB030999,NATURELS,2018-07-03 16:29:24,2018-07-03 17:21:45,1.0,2.0,1.0,2018,POINT (5.47597167700294 46.252657928008055),46.252657928008055,5.47597167700294,True,2018-07-03,NATURELS,1.0,871f9188cffffff
18BB031005,NATURELS,2018-07-03 16:44:21,2018-07-03 17:35:33,1.0,1.0,1.0,2018,POINT (5.706109114777709 45.71502018757744),45.71502018757744,5.706109114777709,True,2018-07-03,NATURELS,1.0,871f9171effffff
18BB031048,NATURELS,2018-07-03 19:06:53,2018-07-03 21:01:41,1.0,1.0,1.0,2018,POINT (5.1635272889957164 46.02354545297031),46.02354545297031,5.1635272889957164,True,2018-07-03,FORET,1.0,871f91c19ffffff
18BB031158,NATURELS,2018-07-04 11:12:48,2018-07-04 12:39:05,1.0,1.0,1.0,2018,POINT (4.94884699397377 45.86852376272004),45.86852376272004,4.94884699397377,True,2018-07-04,NATURELS,1.0,871f91c92ffffff
18BB031183,NATURELS,2018-07-04 13:47:31,2018-07-04 18:53:08,1.0,1.0,1.0,2018,POINT (5.606337992814433 45.94421285557935),45.94421285557935,5.606337992814433,True,2018-07-04,FORET,1.0,871f910acffffff
18BB031195,NATURELS,2018-07-04 14:46:00,2018-07-04 15:09:11,1.0,1.0,1.0,2018,POINT (5.032599602329171 45.84241310577146),45.84241310577146,5.032599602329171,True,2018-07-04,NATURELS,1.0,871f91534ffffff
18BB031208,NATURELS,2018-07-04 16:42:15,2018-07-04 17:53:46,1.0,1.0,1.0,2018,POINT (4.879409653293217 46.280346590076064),46.280346590076064,4.879409653293217,True,2018-07-04,NATURELS,1.0,871f9569dffffff
18BB031235,NATURELS,2018-07-04 19:22:39,2018-07-04 19:54:48,1.0,1.0,1.0,2018,POINT (5.802625208495634 46.13757528495275),46.13757528495275,5.802625208495634,True,2018-07-04,NATURELS,1.0,871f9114affffff
18BB031251,NATURELS,2018-07-04 20:55:46,2018-07-04 21:38:49,1.0,1.0,1.0,2018,POINT (5.43825436880255 45.948633853678736),45.948633853678736,5.43825436880255,True,2018-07-04,NATURELS,1.0,871f9119effffff
18BB031898,NATURELS,2018-07-08 10:50:01,2018-07-08 11:47:42,1.0,1.0,1.0,2018,POINT (5.186212735193034 45.859781087597824),45.859781087597824,5.186212735193034,True,2018-07-08,NATURELS,1.0,871f9152affffff
18BB031944,NATURELS,2018-07-08 16:12:14,2018-07-08 17:29:59,1.0,2.0,1.0,2018,POINT (4.86663488530628 46.28091150473076),46.28091150473076,4.86663488530628,True,2018-07-08,NATURELS,1.0,871f95683ffffff
18BB031962,NATURELS,2018-07-08 18:20:28,2018-07-08 18:45:52,1.0,1.0,1.0,2018,POINT (5.230971571448238 46.217534713443655),46.217534713443655,5.230971571448238,True,2018-07-08,NATURELS,1.0,871f91d4effffff
18BB032045,NATURELS,2018-07-09 07:57:30,2018-07-09 08:28:57,1.0,1.0,1.0,2018,POINT (5.186212735193034 45.859781087597824),45.859781087597824,5.186212735193034,True,2018-07-09,NATURELS,1.0,871f9152affffff
18BB032093,NATURELS,2018-07-09 12:13:19,2018-07-09 13:35:33,1.0,1.0,1.0,2018,POINT (5.20472764930322 45.821282702789084),45.82128270278909,5.20472764930322,True,2018-07-09,NATURELS,1.0,871f9150effffff
18BB032121,NATURELS,2018-07-09 15:12:03,2018-07-09 17:08:02,1.0,3.0,1.0,2018,POINT (5.608808896414163 45.6545912131566),45.6545912131566,5.608808896414163,True,2018-07-09,NATURELS,1.0,871f917a3ffffff
18BB032159,NATURELS,2018-07-09 18:48:18,2018-07-09 19:24:05,1.0,1.0,1.0,2018,POINT (4.905292464606094 46.14556437483538),46.14556437483538,4.905292464606094,True,2018-07-09,NATURELS,1.0,871f91d10ffffff
18BB032164,NATURELS,2018-07-09 19:11:07,2018-07-09 19:55:10,1.0,1.0,1.0,2018,POINT (5.997628518351716 46.22915788714947),46.22915788714947,5.997628518351716,True,2018-07-09,NATURELS,1.0,871f91aaeffffff
18BB032207,NATURELS,2018-07-10 00:51:57,2018-07-10 04:02:56,1.0,3.0,1.0,2018,POINT (4.972882835002246 45.84445018580933),45.84445018580933,4.972882835002246,True,2018-07-10,NATURELS,1.0,871f90268ffffff
18BB032315,NATURELS,2018-07-10 15:20:59,2018-07-10 16:23:50,1.0,1.0,1.0,2018,POINT (4.983203016480577 45.847988553496315),45.84798855349632,4.983203016480577,True,2018-07-10,NATURELS,1.0,871f90268ffffff
18BB032416,NATURELS,2018-07-11 05:41:30,2018-07-11 06:47:55,1.0,1.0,1.0,2018,POINT (4.960172786495958 45.864461427598776),45.864461427598776,4.960172786495958,True,2018-07-11,NATURELS,1.0,871f9026cffffff
18BB032424,NATURELS,2018-07-11 07:11:42,2018-07-12 09:59:45,1.0,2.0,1.0,2018,POINT (4.919487661967799 45.865664009326714),45.86566400932672,4.919487661967799,True,2018-07-11,NATURELS,1.0,871f90265ffffff
18BB032518,NATURELS,2018-07-11 16:55:11,2018-07-11 19:00:28,1.0,4.0,1.0,2018,POINT (5.0600597951095265 45.87747209575477),45.87747209575477,5.060059795109527,True,2018-07-11,NATURELS,1.0,871f91c9bffffff
18BB032551,NATURELS,2018-07-11 19:02:34,2018-07-11 20:38:54,1.0,1.0,1.0,2018,POINT (5.242399252137696 46.28061498429729),46.28061498429729,5.242399252137696,True,2018-07-11,NATURELS,1.0,871f91d6dffffff
18BB032589,NATURELS,2018-07-11 23:00:55,2018-07-12 06:22:49,1.0,4.0,1.0,2018,POINT (4.929390401455622 45.84917012411179),45.84917012411179,4.929390401455622,True,2018-07-11,NATURELS,1.0,871f90261ffffff
18BB032597,NATURELS,2018-07-11 23:59:52,2018-07-12 05:49:02,1.0,2.0,1.0,2018,POINT (4.92269072066851 45.84749705095049),45.84749705095049,4.92269072066851,True,2018-07-11,NATURELS,1.0,871f90261ffffff
18BB032609,NATURELS,2018-07-12 06:27:40,2018-07-12 07:32:23,1.0,1.0,1.0,2018,POINT (4.928678661307342 45.84527979832857),45.84527979832857,4.928678661307342,True,2018-07-12,NATURELS,1.0,871f90261ffffff
18BB032684,NATURELS,2018-07-12 14:22:10,2018-07-12 16:31:54,1.0,1.0,1.0,2018,POINT (4.9497516334088845 45.833926942469596),45.8339269424696,4.9497516334088845,True,2018-07-12,NATURELS,1.0,871f9026effffff
18BB032729,NATURELS,2018-07-12 18:25:35,2018-07-12 19:56:03,1.0,2.0,1.0,2018,POINT (4.976758678304706 45.848446100447774),45.848446100447774,4.976758678304706,True,2018-07-12,NATURELS,1.0,871f90268ffffff
18BB032854,NATURELS,2018-07-13 12:41:41,2018-07-13 16:14:02,1.0,4.0,1.0,2018,POINT (5.272399105152694 46.43395913060879),46.43395913060879,5.272399105152694,True,2018-07-13,NATURELS,1.0,871f919a5ffffff
18BB032875,NATURELS,2018-07-13 13:46:11,2018-07-13 15:00:58,1.0,1.0,1.0,2018,POINT (5.7581637354687905 45.78520668310275),45.78520668310275,5.758163735468791,True,2018-07-13,NATURELS,1.0,871f9170cffffff
18BB032881,NATURELS,2018-07-13 14:17:29,2018-07-13 15:18:59,1.0,1.0,1.0,2018,POINT (5.530441340627632 46.18630327360376),46.18630327360376,5.530441340627632,True,2018-07-13,NATURELS,1.0,871f91121ffffff
18BB032882,NATURELS,2018-07-13 14:21:46,2018-07-13 15:38:54,1.0,1.0,1.0,2018,POINT (5.10027620253078 45.823026375714406),45.823026375714406,5.10027620253078,True,2018-07-13,NATURELS,1.0,871f91506ffffff
18BB032914,NATURELS,2018-07-13 16:29:35,2018-07-13 18:11:19,1.0,1.0,1.0,2018,POINT (5.10450745290097 46.266376353081654),46.26637635308165,5.10450745290097,True,2018-07-13,NATURELS,1.0,871f956dbffffff
18BB032941,NATURELS,2018-07-13 18:27:14,2018-07-13 19:46:27,1.0,1.0,1.0,2018,POINT (5.12896631433235 46.13038525104306),46.13038525104306,5.12896631433235,True,2018-07-13,NATURELS,1.0,871f91c2effffff
18BB032999,NATURELS,2018-07-13 22:40:51,2018-07-13 23:17:52,1.0,5.0,1.0,2018,POINT (5.6794385506440745 45.76056321488325),45.76056321488325,5.6794385506440745,True,2018-07-13,FORET,1.0,871f91706ffffff
18BB033001,NATURELS,2018-07-13 22:42:54,2018-07-13 23:07:12,1.0,1.0,1.0,2018,POINT (5.66049822457645 46.246230944711236),46.24623094471124,5.66049822457645,True,2018-07-13,NATURELS,1.0,871f918ddffffff
18BB033015,NATURELS,2018-07-13 23:49:27,2018-07-14 00:52:37,1.0,1.0,1.0,2018,POINT (5.781340555195462 46.08910045695002),46.08910045695002,5.781340555195462,True,2018-07-13,FORET,1.0,871f9115bffffff
18BB033027,NATURELS,2018-07-14 00:52:37,2018-07-14 01:40:04,1.0,1.0,1.0,2018,POINT (5.77429954419053 46.059875856655644),46.05987585665565,5.77429954419053,True,2018-07-14,NATURELS,1.0,871f91076ffffff
18BB033043,NATURELS,2018-07-14 03:41:48,2018-07-14 04:31:10,1.0,1.0,1.0,2018,POINT (5.194386177384034 45.917047467459355),45.91704746745936,5.194386177384034,True,2018-07-14,NATURELS,1.0,871f91cd3ffffff
18BB033162,NATURELS,2018-07-14 17:06:43,2018-07-14 18:39:49,1.0,1.0,1.0,2018,POINT (5.813623591415287 45.94202893807187),45.94202893807187,5.813623591415287,True,2018-07-14,NATURELS,1.0,871f910eeffffff
18BB033186,NATURELS,2018-07-14 18:49:48,2018-07-14 19:16:39,1.0,1.0,1.0,2018,POINT (5.60483939135384 46.1520042402098),46.1520042402098,5.60483939135384,True,2018-07-14,NATURELS,1.0,871f9110cffffff
18BB033199,NATURELS,2018-07-14 19:51:07,2018-07-14 20:34:27,1.0,1.0,1.0,2018,POINT (5.678683309004571 46.291756876753716),46.29175687675372,5.678683309004571,True,2018-07-14,NATURELS,1.0,871f918ccffffff
18BB033201,NATURELS,2018-07-14 19:55:08,2018-07-14 20:24:14,1.0,2.0,1.0,2018,POINT (5.638852562154359 46.256580528957095),46.256580528957095,5.638852562154359,True,2018-07-14,NATURELS,1.0,871f918c3ffffff
18BB033206,NATURELS,2018-07-14 20:05:22,2018-07-14 21:27:57,1.0,1.0,1.0,2018,POINT (5.526607984439683 45.76100355953839),45.76100355953839,5.526607984439683,True,2018-07-14,NATURELS,1.0,871f9146affffff
18BB033211,NATURELS,2018-07-14 20:25:34,2018-07-14 22:12:23,1.0,1.0,1.0,2018,POINT (6.010170380085471 46.28162153142668),46.28162153142668,6.010170380085471,True,2018-07-14,NATURELS,1.0,871f91a13ffffff
18BB033230,NATURELS,2018-07-14 22:27:38,2018-07-15 00:05:06,1.0,1.0,1.0,2018,POINT (5.642340336623759 46.255010983066),46.255010983066,5.642340336623759,True,2018-07-14,NATURELS,1.0,871f918c3ffffff
18BB033233,NATURELS,2018-07-14 22:37:59,2018-07-15 00:17:14,1.0,1.0,1.0,2018,POINT (5.171880142586986 46.366217329837504),46.366217329837504,5.171880142586986,True,2018-07-14,NATURELS,1.0,871f919b6ffffff
18BB033327,NATURELS,2018-07-15 12:33:24,2018-07-15 13:11:53,1.0,1.0,1.0,2018,POINT (5.636111257294646 46.25675947285293),46.25675947285293,5.636111257294646,True,2018-07-15,NATURELS,1.0,871f918c3ffffff
18BB033401,NATURELS,2018-07-15 19:26:54,2018-07-15 20:05:44,1.0,1.0,1.0,2018,POINT (5.546148218172496 46.148508132289685),46.148508132289685,5.546148218172496,True,2018-07-15,NATURELS,1.0,871f91105ffffff
18BB033491,NATURELS,2018-07-16 03:35:51,2018-07-16 04:30:57,1.0,1.0,1.0,2018,POINT (6.111893989943323 46.26257759398193),46.26257759398193,6.111893989943323,True,2018-07-16,NATURELS,1.0,
18BB033582,NATURELS,2018-07-16 15:08:53,2018-07-16 16:27:17,1.0,1.0,1.0,2018,POINT (4.994300990633084 46.2072241698871),46.2072241698871,4.994300990633084,True,2018-07-16,NATURELS,1.0,871f91d05ffffff
18BB033600,NATURELS,2018-07-16 16:14:03,2018-07-16 17:59:24,1.0,1.0,1.0,2018,POINT (5.21047528343899 46.212781149254404),46.2127811492544,5.21047528343899,True,2018-07-16,NATURELS,1.0,871f91d43ffffff
18BB033620,NATURELS,2018-07-16 18:06:46,2018-07-16 18:45:58,1.0,1.0,1.0,2018,POINT (4.957392992219397 46.2707835425144),46.2707835425144,4.957392992219397,True,2018-07-16,NATURELS,1.0,871f91d25ffffff
18BB033638,NATURELS,2018-07-16 19:26:26,2018-07-16 20:16:51,1.0,1.0,1.0,2018,POINT (5.968403542441122 46.22449725076025),46.22449725076025,5.968403542441122,True,2018-07-16,NATURELS,1.0,871f91aa3ffffff
18BB033757,NATURELS,2018-07-17 11:09:15,2018-07-17 11:49:39,1.0,1.0,1.0,2018,POINT (6.081887448989606 46.32953355150288),46.32953355150288,6.081887448989606,True,2018-07-17,NATURELS,1.0,871f91a01ffffff
18BB033774,NATURELS,2018-07-17 12:25:19,2018-07-17 13:37:56,1.0,2.0,1.0,2018,POINT (5.142219962921793 46.32443455759063),46.32443455759063,5.142219962921793,True,2018-07-17,NATURELS,1.0,871f956c8ffffff
18BB033782,NATURELS,2018-07-17 13:02:47,2018-07-17 14:03:36,1.0,1.0,1.0,2018,POINT (5.032028771914054 45.92657862900008),45.92657862900008,5.032028771914054,True,2018-07-17,NATURELS,1.0,871f91c83ffffff
18BB033826,NATURELS,2018-07-17 16:19:21,2018-07-17 16:47:12,1.0,1.0,1.0,2018,POINT (5.722500552307976 45.75098783081752),45.75098783081752,5.722500552307976,True,2018-07-17,NATURELS,1.0,871f91703ffffff
18BB033841,NATURELS,2018-07-17 17:11:47,2018-07-17 17:56:44,1.0,1.0,1.0,2018,POINT (6.088556935595149 46.321224582654324),46.32122458265432,6.088556935595149,True,2018-07-17,NATURELS,1.0,871f91a0effffff
18BB033995,NATURELS,2018-07-18 13:00:22,2018-07-18 14:22:32,1.0,1.0,1.0,2018,POINT (5.48700443834702 46.11320055899835),46.11320055899835,5.48700443834702,True,2018-07-18,NATURELS,1.0,871f91115ffffff
18BB033999,NATURELS,2018-07-18 13:22:44,2018-07-18 14:19:40,1.0,1.0,1.0,2018,POINT (5.914336300875766 46.14409069493682),46.14409069493682,5.914336300875766,True,2018-07-18,NATURELS,1.0,871f91a90ffffff
18BB034024,NATURELS,2018-07-18 15:39:39,2018-07-18 17:31:47,1.0,1.0,1.0,2018,POINT (5.670078953858775 45.875482444146975),45.875482444146975,5.670078953858775,True,2018-07-18,NATURELS,1.0,871f91089ffffff
18BB034034,NATURELS,2018-07-18 16:05:18,2018-07-18 16:58:34,1.0,1.0,1.0,2018,POINT (5.910252491614358 46.151776168436236),46.15177616843624,5.910252491614358,True,2018-07-18,NATURELS,1.0,871f91a90ffffff
18BB034035,NATURELS,2018-07-18 16:08:18,2018-07-18 16:25:48,1.0,1.0,1.0,2018,POINT (5.077417405870406 45.85107900077806),45.85107900077806,5.077417405870406,True,2018-07-18,NATURELS,1.0,871f91535ffffff
18BB034111,NATURELS,2018-07-18 21:43:10,2018-07-18 22:16:22,1.0,1.0,1.0,2018,POINT (4.877451376302445 45.9195503763685),45.9195503763685,4.877451376302445,True,2018-07-18,NATURELS,1.0,871f9034cffffff
18BB034258,NATURELS,2018-07-19 15:38:00,2018-07-19 16:50:22,1.0,1.0,1.0,2018,POINT (5.2503444421148 45.92124002219008),45.92124002219008,5.2503444421148,True,2018-07-19,NATURELS,1.0,871f91cd8ffffff
18BB034270,NATURELS,2018-07-19 16:43:19,2018-07-19 19:04:58,1.0,2.0,1.0,2018,POINT (5.967849014928502 46.24091604321998),46.24091604321998,5.967849014928502,True,2018-07-19,NATURELS,1.0,871f91aa1ffffff
18BB034354,NATURELS,2018-07-19 23:53:29,2018-07-20 00:26:11,1.0,1.0,1.0,2018,POINT (6.075231407083948 46.25063430420983),46.25063430420983,6.075231407083948,True,2018-07-19,NATURELS,1.0,
18BB034434,NATURELS,2018-07-20 11:27:05,2018-07-20 12:28:58,1.0,1.0,1.0,2018,POINT (5.128430212117067 46.09556726649402),46.09556726649402,5.128430212117067,True,2018-07-20,NATURELS,1.0,871f91c05ffffff
18BB034462,NATURELS,2018-07-20 13:52:44,2018-07-20 16:33:58,1.0,2.0,1.0,2018,POINT (5.663594079821634 46.261439602741916),46.26143960274192,5.663594079821634,True,2018-07-20,FORET,1.0,871f918ceffffff
18BB034560,NATURELS,2018-07-20 17:46:41,2018-07-20 18:53:12,1.0,1.0,1.0,2018,POINT (5.377254231801752 46.27646467313729),46.27646467313729,5.377254231801752,True,2018-07-20,NATURELS,1.0,871f918a2ffffff
18BB034997,NATURELS,2018-07-21 20:45:27,2018-07-22 00:04:44,1.0,1.0,1.0,2018,POINT (5.432945087143777 45.81352468408602),45.81352468408602,5.432945087143777,True,2018-07-21,FORET,1.0,871f91464ffffff
18BB035095,NATURELS,2018-07-22 10:48:19,2018-07-22 11:13:11,1.0,1.0,1.0,2018,POINT (5.250116095014803 46.19691252444408),46.19691252444408,5.250116095014803,True,2018-07-22,NATURELS,1.0,871f91d4affffff
18BB035256,NATURELS,2018-07-23 10:12:34,2018-07-23 11:05:52,1.0,1.0,1.0,2018,POINT (6.117506024960424 46.32398292078675),46.32398292078675,6.117506024960424,True,2018-07-23,NATURELS,1.0,871f91a08ffffff
18BB035292,NATURELS,2018-07-23 13:36:30,2018-07-23 15:53:54,1.0,2.0,1.0,2018,POINT (5.997927084745516 46.22568063116923),46.22568063116923,5.997927084745516,True,2018-07-23,NATURELS,1.0,871f91aaeffffff
18BB035294,NATURELS,2018-07-23 14:11:34,2018-07-23 16:01:47,1.0,1.0,1.0,2018,POINT (5.430419336534214 46.049017586062526),46.049017586062526,5.430419336534214,True,2018-07-23,NATURELS,1.0,871f911a0ffffff
18BB035329,NATURELS,2018-07-23 16:28:35,2018-07-23 18:34:06,1.0,3.0,1.0,2018,POINT (5.627126477807587 45.61860432821965),45.61860432821965,5.627126477807587,True,2018-07-23,NATURELS,1.0,871f91783ffffff
18BB035473,NATURELS,2018-07-24 12:06:04,2018-07-24 12:31:41,1.0,1.0,1.0,2018,POINT (5.2154396480672505 45.890807850735264),45.890807850735264,5.2154396480672505,True,2018-07-24,NATURELS,1.0,871f9152dffffff
18BB035614,NATURELS,2018-07-24 23:31:21,2018-07-25 00:21:07,1.0,1.0,1.0,2018,POINT (5.509754815797717 45.9154876900091),45.9154876900091,5.509754815797717,True,2018-07-24,NATURELS,1.0,871f910b5ffffff
18BB035619,NATURELS,2018-07-25 00:28:04,2018-07-25 00:57:19,1.0,1.0,1.0,2018,POINT (5.385613538315756 46.061086564535664),46.061086564535664,5.385613538315756,True,2018-07-25,NATURELS,1.0,871f91c59ffffff
18BB035676,NATURELS,2018-07-25 11:52:26,2018-07-25 12:57:36,1.0,1.0,1.0,2018,POINT (5.234428361249626 45.91225167919992),45.91225167919992,5.234428361249626,True,2018-07-25,FORET,1.0,871f91cdeffffff
18BB035743,NATURELS,2018-07-25 17:38:48,2018-07-25 18:43:06,1.0,1.0,1.0,2018,POINT (5.317102138029471 46.216037946421324),46.21603794642133,5.317102138029471,True,2018-07-25,NATURELS,1.0,871f91894ffffff
18BB035807,NATURELS,2018-07-25 22:14:14,2018-07-25 22:58:45,1.0,1.0,1.0,2018,POINT (4.825374701940055 46.24990565438104),46.24990565438104,4.825374701940055,True,2018-07-25,NATURELS,1.0,871f9569effffff
18BB035838,NATURELS,2018-07-26 05:44:58,2018-07-26 05:58:53,1.0,1.0,1.0,2018,POINT (5.8058993323674075 46.117536111186745),46.117536111186745,5.805899332367408,True,2018-07-26,NATURELS,1.0,871f91159ffffff
18BB035854,NATURELS,2018-07-26 08:32:33,2018-07-26 10:31:57,1.0,1.0,1.0,2018,POINT (4.945918215653315 45.834556082656604),45.83455608265661,4.945918215653315,True,2018-07-26,NATURELS,1.0,871f9026effffff
18BB035989,NATURELS,2018-07-26 19:10:17,2018-07-26 20:18:05,1.0,2.0,1.0,2018,POINT (5.826709049654569 46.10779021070722),46.10779021070722,5.826709049654569,True,2018-07-26,NATURELS,1.0,871f91066ffffff
18BB036050,NATURELS,2018-07-27 00:47:56,2018-07-27 01:22:32,1.0,1.0,1.0,2018,POINT (5.678683309004571 46.291756876753716),46.29175687675372,5.678683309004571,True,2018-07-27,NATURELS,1.0,871f918ccffffff
18BB036052,NATURELS,2018-07-27 01:19:42,2018-07-27 02:20:10,1.0,1.0,1.0,2018,POINT (5.194873500304619 45.912290616687315),45.91229061668732,5.194873500304619,True,2018-07-27,FORET,1.0,871f91cd3ffffff
18BB036138,NATURELS,2018-07-27 12:51:00,2018-07-27 14:10:24,1.0,1.0,1.0,2018,POINT (5.779585050432292 46.02300799536952),46.02300799536952,5.779585050432292,True,2018-07-27,NATURELS,1.0,871f91009ffffff
18BB036247,NATURELS,2018-07-27 20:52:29,2018-07-27 22:17:15,1.0,1.0,1.0,2018,POINT (5.433931389073751 45.94317040959946),45.94317040959946,5.433931389073751,True,2018-07-27,NATURELS,1.0,871f9119effffff
18BB036394,NATURELS,2018-07-28 16:35:13,2018-07-28 17:46:03,1.0,1.0,1.0,2018,POINT (5.116982297576503 46.28215859052375),46.28215859052375,5.116982297576503,True,2018-07-28,NATURELS,1.0,871f956d9ffffff
18BB036892,NATURELS,2018-07-31 08:04:42,2018-07-31 08:56:57,1.0,1.0,1.0,2018,POINT (5.1712745965579145 45.900625627905214),45.900625627905214,5.1712745965579145,True,2018-07-31,NATURELS,1.0,871f91cd2ffffff
18BB036952,NATURELS,2018-07-31 12:58:59,2018-07-31 13:43:52,1.0,1.0,1.0,2018,POINT (5.833961552650013 46.11267220616323),46.11267220616323,5.833961552650013,True,2018-07-31,NATURELS,1.0,871f91064ffffff
18BB037055,NATURELS,2018-07-31 19:42:46,2018-07-31 20:22:50,1.0,1.0,1.0,2018,POINT (4.86663488530628 46.28091150473076),46.28091150473076,4.86663488530628,True,2018-07-31,NATURELS,1.0,871f95683ffffff
18BB037251,NATURELS,2018-08-01 15:35:56,2018-08-01 15:50:03,1.0,1.0,1.0,2018,POINT (4.845886569023863 46.09733578190865),46.09733578190865,4.845886569023863,True,2018-08-01,NATURELS,1.0,871f91da6ffffff
18BB037284,NATURELS,2018-08-01 18:00:30,2018-08-01 19:12:05,1.0,1.0,1.0,2018,POINT (5.250116095014803 46.19691252444408),46.19691252444408,5.250116095014803,True,2018-08-01,NATURELS,1.0,871f91d4affffff
18BB037329,NATURELS,2018-08-01 20:42:21,2018-08-01 21:28:40,1.0,1.0,1.0,2018,POINT (4.877037112960921 46.33666923061426),46.33666923061426,4.877037112960921,True,2018-08-01,FORET,1.0,871f956aeffffff
18BB037464,NATURELS,2018-08-02 12:05:51,2018-08-02 12:50:50,1.0,1.0,1.0,2018,POINT (4.823115547630257 46.24475240561441),46.24475240561441,4.823115547630257,True,2018-08-02,NATURELS,1.0,871f9569effffff
18BB037519,NATURELS,2018-08-02 15:18:13,2018-08-02 17:13:51,1.0,2.0,1.0,2018,POINT (4.819263429822316 46.202034908252735),46.202034908252735,4.819263429822316,True,2018-08-02,NATURELS,1.0,871f90a68ffffff
18BB037798,NATURELS,2018-08-03 16:11:04,2018-08-03 23:51:52,1.0,2.0,1.0,2018,POINT (4.760641911915693 45.9799489045547),45.9799489045547,4.760641911915693,True,2018-08-03,FORET,1.0,871f90364ffffff
18BB037799,NATURELS,2018-08-03 16:11:11,2018-08-03 18:04:35,1.0,1.0,1.0,2018,POINT (4.87411303260958 45.91597102606723),45.91597102606723,4.87411303260958,True,2018-08-03,NATURELS,1.0,871f9034cffffff
18BB037896,NATURELS,2018-08-04 00:41:00,2018-08-04 03:07:24,1.0,1.0,1.0,2018,POINT (5.1838834119157235 46.42236471913928),46.42236471913928,5.183883411915724,True,2018-08-04,NATURELS,1.0,871f95658ffffff
18BB037923,NATURELS,2018-08-04 06:57:32,2018-08-04 08:51:19,1.0,1.0,1.0,2018,POINT (4.760641911915693 45.9799489045547),45.9799489045547,4.760641911915693,True,2018-08-04,FORET,1.0,871f90364ffffff
18BB038006,NATURELS,2018-08-04 14:18:56,2018-08-04 22:32:23,1.0,9.0,1.0,2018,POINT (5.354132951942179 46.23317210104122),46.23317210104122,5.354132951942179,True,2018-08-04,NATURELS,1.0,871f91895ffffff
18BB038010,NATURELS,2018-08-04 14:46:20,2018-08-04 15:21:36,1.0,1.0,1.0,2018,POINT (4.834207276304486 46.18496330690335),46.18496330690335,4.834207276304486,True,2018-08-04,NATURELS,1.0,871f90a6bffffff
18BB038077,NATURELS,2018-08-04 19:24:38,2018-08-04 21:25:29,1.0,1.0,1.0,2018,POINT (5.41567050077048 45.87541361282949),45.87541361282949,5.41567050077048,True,2018-08-04,NATURELS,1.0,871f9156affffff
18BB038114,NATURELS,2018-08-04 21:52:28,2018-08-04 22:39:23,1.0,1.0,1.0,2018,POINT (4.781402760057188 46.07543626115744),46.07543626115744,4.781402760057188,True,2018-08-04,NATURELS,1.0,871f91db4ffffff
18BB038128,NATURELS,2018-08-04 23:39:31,2018-08-05 23:55:52,1.0,5.0,1.0,2018,POINT (5.0778948225225236 45.85109437077714),45.85109437077714,5.077894822522524,True,2018-08-04,NATURELS,1.0,871f91535ffffff
18BB038232,NATURELS,2018-08-05 13:44:19,2018-08-05 14:34:49,1.0,1.0,1.0,2018,POINT (4.957043213964924 45.81670786464392),45.81670786464392,4.957043213964924,True,2018-08-05,NATURELS,1.0,871f90245ffffff
18BB038261,NATURELS,2018-08-05 16:18:33,2018-08-05 16:45:02,1.0,5.0,1.0,2018,POINT (5.6283432568993526 45.64435719709518),45.64435719709518,5.6283432568993526,True,2018-08-05,NATURELS,1.0,871f91785ffffff
18BB038262,NATURELS,2018-08-05 16:29:54,2018-08-05 20:19:24,1.0,14.0,1.0,2018,POINT (5.643725442990799 45.633278791291325),45.633278791291325,5.643725442990799,True,2018-08-05,NATURELS,1.0,871f91781ffffff
18BB038354,NATURELS,2018-08-05 23:25:00,2018-08-05 23:57:45,1.0,1.0,1.0,2018,POINT (5.783119505326586 46.11834144769304),46.11834144769304,5.783119505326586,True,2018-08-05,FORET,1.0,871f91158ffffff
18BB038476,NATURELS,2018-08-06 15:04:20,2018-08-06 16:23:06,1.0,1.0,1.0,2018,POINT (5.182371403169463 45.87441773275749),45.87441773275749,5.182371403169463,True,2018-08-06,NATURELS,1.0,871f9152cffffff
18BB038481,NATURELS,2018-08-06 15:25:05,2018-08-06 16:55:40,1.0,1.0,1.0,2018,POINT (4.867342655720487 46.35932691596615),46.35932691596615,4.867342655720487,True,2018-08-06,NATURELS,1.0,871f956acffffff
18BB038501,NATURELS,2018-08-06 17:43:48,2018-08-06 18:42:17,1.0,1.0,1.0,2018,POINT (5.2846680347871535 46.12467541349324),46.12467541349324,5.2846680347871535,True,2018-08-06,NATURELS,1.0,871f91c44ffffff
18BB038579,NATURELS,2018-08-06 22:50:28,2018-08-06 23:14:51,1.0,1.0,1.0,2018,POINT (4.9806682953605455 45.82878415936846),45.82878415936846,4.9806682953605455,True,2018-08-06,NATURELS,1.0,871f9026affffff
18BB038602,NATURELS,2018-08-07 06:50:15,2018-08-07 08:03:58,1.0,1.0,1.0,2018,POINT (5.685085487514869 45.935703507391985),45.93570350739199,5.685085487514869,True,2018-08-07,FORET,1.0,871f910f4ffffff
18BB038693,NATURELS,2018-08-07 13:59:52,2018-08-07 14:56:54,1.0,1.0,1.0,2018,POINT (5.26061469418793 46.19032147426117),46.19032147426117,5.26061469418793,True,2018-08-07,NATURELS,1.0,871f91d4affffff
18BB038699,NATURELS,2018-08-07 14:38:30,2018-08-07 17:45:50,1.0,1.0,1.0,2018,POINT (5.279378141919075 46.361104438657634),46.361104438657634,5.279378141919075,True,2018-08-07,NATURELS,1.0,871f91980ffffff
18BB038719,NATURELS,2018-08-07 16:03:53,2018-08-07 19:35:37,1.0,2.0,1.0,2018,POINT (5.135302711441754 46.0811819869302),46.0811819869302,5.135302711441754,True,2018-08-07,NATURELS,1.0,871f91c01ffffff
18BB038723,NATURELS,2018-08-07 16:27:20,2018-08-07 17:05:43,1.0,1.0,1.0,2018,POINT (6.04211235003517 46.26593597928242),46.26593597928242,6.04211235003517,True,2018-08-07,NATURELS,1.0,871f91aadffffff
18BB038728,NATURELS,2018-08-07 17:08:08,2018-08-08 15:44:33,1.0,3.0,1.0,2018,POINT (5.2061348925911775 46.225432414670564),46.22543241467056,5.2061348925911775,True,2018-08-07,NATURELS,1.0,871f91d41ffffff
18BB038789,NATURELS,2018-08-07 21:27:56,2018-08-07 22:22:42,1.0,1.0,1.0,2018,POINT (4.948444841891737 46.1125108681721),46.1125108681721,4.948444841891737,True,2018-08-07,NATURELS,1.0,871f91dadffffff
18BB038801,NATURELS,2018-08-07 22:51:27,2018-08-08 00:32:44,1.0,1.0,1.0,2018,POINT (5.328512621777055 46.102716038122885),46.102716038122885,5.328512621777055,True,2018-08-07,NATURELS,1.0,871f91c40ffffff
18BB038808,NATURELS,2018-08-07 23:29:58,2018-08-08 00:32:54,1.0,1.0,1.0,2018,POINT (5.698944609022466 45.69201167161156),45.69201167161156,5.698944609022466,True,2018-08-07,NATURELS,1.0,871f9171affffff
18BB038812,NATURELS,2018-08-08 00:08:26,2018-08-08 01:29:38,1.0,2.0,1.0,2018,POINT (5.102183680484552 45.83585281611165),45.83585281611165,5.102183680484552,True,2018-08-08,NATURELS,1.0,871f91531ffffff
18BB038969,NATURELS,2018-08-08 16:11:41,2018-08-08 17:59:46,1.0,1.0,1.0,2018,POINT (5.004472988005026 45.84115755649618),45.84115755649618,5.004472988005026,True,2018-08-08,NATURELS,1.0,871f90269ffffff
18BB039000,NATURELS,2018-08-08 18:43:41,2018-08-08 20:08:15,1.0,1.0,1.0,2018,POINT (5.341066684593698 46.234563970855724),46.23456397085573,5.341066684593698,True,2018-08-08,NATURELS,1.0,871f918b3ffffff
18BB039030,NATURELS,2018-08-08 21:38:31,2018-08-09 00:50:33,1.0,4.0,1.0,2018,POINT (5.4087098041344674 45.86988657706372),45.86988657706372,5.4087098041344674,True,2018-08-08,NATURELS,1.0,871f9156affffff
18BB039262,NATURELS,2018-08-10 11:06:48,2018-08-10 11:39:52,1.0,1.0,1.0,2018,POINT (5.255649318903446 46.19952489924481),46.19952489924481,5.255649318903446,True,2018-08-10,FORET,1.0,871f91d4affffff
18BB039350,NATURELS,2018-08-10 17:52:42,2018-08-10 19:00:16,1.0,3.0,1.0,2018,POINT (5.550754769698608 46.262212216928376),46.262212216928376,5.550754769698608,True,2018-08-10,NATURELS,1.0,871f918f3ffffff
18BB039409,NATURELS,2018-08-11 01:27:40,2018-08-11 02:45:23,1.0,1.0,1.0,2018,POINT (4.94884699397377 45.86852376272004),45.86852376272004,4.94884699397377,True,2018-08-11,NATURELS,1.0,871f91c92ffffff
18BB039506,NATURELS,2018-08-11 14:33:03,2018-08-11 21:34:58,1.0,1.0,1.0,2018,POINT (5.350623055377153 46.240090312182524),46.24009031218253,5.350623055377153,True,2018-08-11,NATURELS,1.0,871f918b3ffffff
18BB039521,NATURELS,2018-08-11 15:58:34,2018-08-11 19:17:03,1.0,4.0,1.0,2018,POINT (5.146421855497169 45.85420134224047),45.85420134224047,5.146421855497169,True,2018-08-11,NATURELS,1.0,871f91523ffffff
18BB039658,NATURELS,2018-08-12 11:04:37,2018-08-12 12:08:40,1.0,1.0,1.0,2018,POINT (4.849090614013493 45.98854401740156),45.98854401740156,4.849090614013493,True,2018-08-12,NATURELS,1.0,871f91d93ffffff
18BB039724,NATURELS,2018-08-12 17:48:16,2018-08-12 18:42:54,1.0,1.0,1.0,2018,POINT (5.655606796430601 45.74597141150485),45.74597141150485,5.655606796430601,True,2018-08-12,NATURELS,1.0,871f91715ffffff
18BB039744,NATURELS,2018-08-12 18:46:28,2018-08-12 19:49:05,1.0,1.0,1.0,2018,POINT (5.344012522158588 46.20893363738383),46.20893363738383,5.344012522158588,True,2018-08-12,NATURELS,1.0,871f91890ffffff
18BB039776,NATURELS,2018-08-12 21:49:37,2018-08-12 22:52:33,1.0,1.0,1.0,2018,POINT (4.979604318533263 45.95093825660109),45.95093825660109,4.979604318533263,True,2018-08-12,NATURELS,1.0,871f91cb1ffffff
18BB039846,NATURELS,2018-08-13 12:05:28,2018-08-13 13:02:19,1.0,1.0,1.0,2018,POINT (6.119211860501764 46.251632618290536),46.251632618290536,6.119211860501764,True,2018-08-13,NATURELS,1.0,871f91af5ffffff
18BB039855,NATURELS,2018-08-13 13:07:56,2018-08-13 13:32:27,1.0,1.0,1.0,2018,POINT (4.868807817221865 46.312863822452826),46.312863822452826,4.868807817221865,True,2018-08-13,FORET,1.0,871f95681ffffff
18BB039881,NATURELS,2018-08-13 14:57:15,2018-08-13 16:40:08,1.0,1.0,1.0,2018,POINT (5.328117899425494 46.230540108387395),46.2305401083874,5.328117899425494,True,2018-08-13,FORET,1.0,871f91894ffffff
18BB039934,NATURELS,2018-08-13 20:01:41,2018-08-13 22:48:49,1.0,1.0,1.0,2018,POINT (5.074264200717375 46.190176239601726),46.190176239601726,5.074264200717375,True,2018-08-13,NATURELS,1.0,871f91d09ffffff
18BB040164,NATURELS,2018-08-15 10:06:44,2018-08-15 11:30:40,1.0,1.0,1.0,2018,POINT (6.044832891931202 46.25553392769215),46.25553392769215,6.044832891931202,True,2018-08-15,NATURELS,1.0,871f91aadffffff
18BB040206,NATURELS,2018-08-15 14:29:35,2018-08-15 19:54:38,1.0,1.0,1.0,2018,POINT (4.98888531964318 46.17076664980431),46.17076664980431,4.98888531964318,True,2018-08-15,NATURELS,1.0,871f91d03ffffff
18BB040386,NATURELS,2018-08-16 14:48:54,2018-08-16 16:12:11,1.0,1.0,1.0,2018,POINT (5.004019739736594 46.329902027173446),46.329902027173446,5.004019739736594,True,2018-08-16,NATURELS,1.0,871f956f3ffffff
18BB040420,NATURELS,2018-08-16 17:23:35,2018-08-16 18:26:37,1.0,1.0,1.0,2018,POINT (5.341912186857865 46.2364863025475),46.2364863025475,5.341912186857865,True,2018-08-16,FORET,1.0,871f918b3ffffff
18BB040433,NATURELS,2018-08-16 18:36:14,2018-08-16 19:32:48,1.0,2.0,1.0,2018,POINT (5.4294300526519255 46.13010705779902),46.13010705779902,5.4294300526519255,True,2018-08-16,NATURELS,1.0,871f91132ffffff
18BB040459,NATURELS,2018-08-16 19:31:29,2018-08-16 20:03:24,1.0,1.0,1.0,2018,POINT (5.698521503016031 45.745477328468475),45.74547732846848,5.698521503016031,True,2018-08-16,NATURELS,1.0,871f91702ffffff
18BB040475,NATURELS,2018-08-16 20:35:53,2018-08-16 21:54:57,1.0,5.0,1.0,2018,POINT (5.611394036811729 45.82316962511857),45.82316962511857,5.611394036811729,True,2018-08-16,NATURELS,1.0,871f9109bffffff
18BB040482,NATURELS,2018-08-16 21:16:44,2018-08-16 22:21:59,1.0,1.0,1.0,2018,POINT (4.820784122283638 46.15370863949355),46.15370863949355,4.820784122283638,True,2018-08-16,NATURELS,1.0,871f90a4effffff
18BB040730,NATURELS,2018-08-18 10:26:10,2018-08-18 10:43:22,1.0,1.0,1.0,2018,POINT (6.087836491043117 46.28210301434435),46.28210301434435,6.087836491043117,True,2018-08-18,NATURELS,1.0,871f91a18ffffff
18BB040874,NATURELS,2018-08-19 02:24:10,2018-08-19 02:55:19,1.0,1.0,1.0,2018,POINT (5.343489157176679 46.05544593227874),46.05544593227874,5.343489157176679,True,2018-08-19,NATURELS,1.0,871f91c58ffffff
18BB040950,NATURELS,2018-08-19 15:40:18,2018-08-19 16:52:54,1.0,1.0,1.0,2018,POINT (4.898045187598783 45.881916096031155),45.88191609603116,4.898045187598783,True,2018-08-19,NATURELS,1.0,871f9034bffffff
18BB040968,NATURELS,2018-08-19 17:34:26,2018-08-19 18:34:55,1.0,1.0,1.0,2018,POINT (5.74812720681432 45.72304317937342),45.72304317937342,5.74812720681432,True,2018-08-19,NATURELS,1.0,871f91719ffffff
18BB040999,NATURELS,2018-08-19 20:26:00,2018-08-19 21:16:33,1.0,1.0,1.0,2018,POINT (5.339700534084936 46.17418638784708),46.17418638784708,5.339700534084936,True,2018-08-19,NATURELS,1.0,871f91c6cffffff
18BB041004,NATURELS,2018-08-19 20:54:27,2018-08-19 21:45:08,1.0,1.0,1.0,2018,POINT (4.957043213964924 45.81670786464392),45.81670786464392,4.957043213964924,True,2018-08-19,NATURELS,1.0,871f90245ffffff
18BB041182,NATURELS,2018-08-20 20:07:27,2018-08-20 20:44:50,1.0,1.0,1.0,2018,POINT (5.167211494085206 45.99782220910073),45.99782220910073,5.167211494085206,True,2018-08-20,NATURELS,1.0,871f91cf5ffffff
18BB041233,NATURELS,2018-08-21 07:45:25,2018-08-21 08:52:48,1.0,1.0,1.0,2018,POINT (6.11801982045375 46.25709488851995),46.25709488851995,6.11801982045375,True,2018-08-21,FORET,1.0,871f91af5ffffff
18BB041395,NATURELS,2018-08-21 21:22:36,2018-08-21 21:58:16,1.0,1.0,1.0,2018,POINT (4.753392508196869 46.02049280551192),46.02049280551192,4.753392508196869,True,2018-08-21,NATURELS,1.0,871f90ac8ffffff
18BB041409,NATURELS,2018-08-21 23:37:53,2018-08-22 00:22:25,1.0,1.0,1.0,2018,POINT (4.76663427285831 45.98639077445505),45.98639077445505,4.76663427285831,True,2018-08-21,FORET,1.0,871f90364ffffff
18BB041505,NATURELS,2018-08-22 15:42:18,2018-08-22 16:44:14,1.0,1.0,1.0,2018,POINT (6.054967704125245 46.24802297615363),46.24802297615363,6.054967704125245,True,2018-08-22,NATURELS,1.0,871f91aa9ffffff
18BB041585,NATURELS,2018-08-22 21:21:45,2018-08-22 23:08:00,1.0,1.0,1.0,2018,POINT (6.113603074591093 46.33181429795547),46.33181429795547,6.113603074591093,True,2018-08-22,NATURELS,1.0,871f91a0cffffff
18BB041639,NATURELS,2018-08-23 08:36:36,2018-08-23 09:53:09,1.0,1.0,1.0,2018,POINT (5.049459919501344 45.85389042207449),45.85389042207449,5.049459919501344,True,2018-08-23,NATURELS,1.0,871f91534ffffff
18BB041686,NATURELS,2018-08-23 12:12:04,2018-08-23 13:12:07,1.0,1.0,1.0,2018,POINT (5.142978082060878 46.21410555948067),46.21410555948067,5.142978082060878,True,2018-08-23,NATURELS,1.0,871f91d46ffffff
18BB041719,NATURELS,2018-08-23 14:51:17,2018-08-23 16:29:36,1.0,1.0,1.0,2018,POINT (5.818687876865608 46.09387166108673),46.09387166108673,5.818687876865608,True,2018-08-23,NATURELS,1.0,871f91066ffffff
18BB041883,NATURELS,2018-08-24 09:20:41,2018-08-24 10:03:16,1.0,1.0,1.0,2018,POINT (4.821851514272939 46.181436737463805),46.181436737463805,4.821851514272939,True,2018-08-24,NATURELS,1.0,871f90a4cffffff
18BB041958,NATURELS,2018-08-24 16:04:23,2018-08-24 17:25:58,1.0,1.0,1.0,2018,POINT (5.18938027344754 46.213368779888945),46.21336877988895,5.18938027344754,True,2018-08-24,FORET,1.0,871f91d40ffffff
18BB041965,NATURELS,2018-08-24 16:49:26,2018-08-24 18:00:09,1.0,1.0,1.0,2018,POINT (5.596864259133544 46.01604744698845),46.01604744698845,5.596864259133544,True,2018-08-24,NATURELS,1.0,871f91033ffffff
18BB042027,NATURELS,2018-08-24 23:23:40,2018-08-25 04:48:52,1.0,1.0,1.0,2018,POINT (5.509233286614213 46.006373021308335),46.006373021308335,5.509233286614213,True,2018-08-24,NATURELS,1.0,871f9118cffffff
18BB042234,NATURELS,2018-08-26 11:23:08,2018-08-26 13:32:07,1.0,1.0,1.0,2018,POINT (5.536445781197182 45.90377388243967),45.90377388243967,5.536445781197182,True,2018-08-26,FORET,1.0,871f910a2ffffff
18BB042279,NATURELS,2018-08-26 17:15:25,2018-08-26 18:29:00,1.0,1.0,1.0,2018,POINT (5.407084884293784 45.856506459865265),45.85650645986527,5.407084884293784,True,2018-08-26,NATURELS,1.0,871f9154cffffff
18BB042282,NATURELS,2018-08-26 17:34:55,2018-08-26 18:22:22,1.0,1.0,1.0,2018,POINT (6.036885634520097 46.28229235124695),46.28229235124695,6.036885634520097,True,2018-08-26,NATURELS,1.0,871f91a1effffff
18BB042300,NATURELS,2018-08-26 20:00:20,2018-08-26 21:05:46,1.0,1.0,1.0,2018,POINT (5.01453873528235 46.27533496594371),46.27533496594371,5.01453873528235,True,2018-08-26,NATURELS,1.0,871f956d3ffffff
18BB042345,NATURELS,2018-08-27 08:01:49,2018-08-27 09:12:38,1.0,1.0,1.0,2018,POINT (5.10450745290097 46.266376353081654),46.26637635308165,5.10450745290097,True,2018-08-27,NATURELS,1.0,871f956dbffffff
18BB042379,NATURELS,2018-08-27 11:14:11,2018-08-27 12:19:01,1.0,1.0,1.0,2018,POINT (5.540765990237559 46.05766192082548),46.05766192082548,5.540765990237559,True,2018-08-27,NATURELS,1.0,871f9111affffff
18BB042417,NATURELS,2018-08-27 15:11:35,2018-08-27 17:34:58,1.0,1.0,1.0,2018,POINT (5.424111878642369 46.006908131482284),46.00690813148229,5.424111878642369,True,2018-08-27,NATURELS,1.0,871f91184ffffff
18BB042423,NATURELS,2018-08-27 15:40:44,2018-08-27 18:36:02,1.0,1.0,1.0,2018,POINT (4.766179256240512 45.976130206491824),45.976130206491824,4.766179256240512,True,2018-08-27,NATURELS,1.0,871f90364ffffff
18BB042426,NATURELS,2018-08-27 15:46:16,2018-08-27 16:30:49,1.0,1.0,1.0,2018,POINT (4.961877867107657 46.11489116702625),46.11489116702625,4.961877867107657,True,2018-08-27,NATURELS,1.0,871f91dadffffff
18BB042449,NATURELS,2018-08-27 18:06:20,2018-08-28 09:08:59,1.0,2.0,1.0,2018,POINT (4.95326648579557 46.10454061220435),46.10454061220435,4.95326648579557,True,2018-08-27,NATURELS,1.0,871f91dadffffff
18BB042463,NATURELS,2018-08-27 18:59:10,2018-08-27 19:37:11,1.0,1.0,1.0,2018,POINT (5.637056820473143 45.758125483961024),45.758125483961024,5.637056820473143,True,2018-08-27,NATURELS,1.0,871f91733ffffff
18BB042467,NATURELS,2018-08-27 19:15:04,2018-08-27 20:03:46,1.0,1.0,1.0,2018,POINT (5.481444354233202 45.77183105925223),45.77183105925223,5.481444354233202,True,2018-08-27,NATURELS,1.0,871f91463ffffff
18BB042629,NATURELS,2018-08-28 18:15:28,2018-08-28 19:02:51,1.0,1.0,1.0,2018,POINT (5.813733660117112 45.93827016801502),45.93827016801502,5.813733660117112,True,2018-08-28,NATURELS,1.0,871f910c5ffffff
18BB042743,NATURELS,2018-08-29 12:14:16,2018-08-29 13:53:45,1.0,2.0,1.0,2018,POINT (5.459090271113536 46.01960403906153),46.01960403906153,5.459090271113536,True,2018-08-29,FORET,1.0,871f91185ffffff
18BB042756,NATURELS,2018-08-29 13:46:56,2018-08-29 14:33:32,1.0,1.0,1.0,2018,POINT (5.327491697043722 46.148633842197086),46.148633842197086,5.327491697043722,True,2018-08-29,NATURELS,1.0,871f91c6effffff
18BB042907,NATURELS,2018-08-30 11:25:21,2018-08-30 12:08:15,1.0,1.0,1.0,2018,POINT (6.054967704125245 46.24802297615363),46.24802297615363,6.054967704125245,True,2018-08-30,NATURELS,1.0,871f91aa9ffffff
18BB043128,NATURELS,2018-08-31 15:33:04,2018-08-31 16:28:13,1.0,1.0,1.0,2018,POINT (5.410522974985521 45.93241295567553),45.93241295567553,5.410522974985521,True,2018-08-31,NATURELS,1.0,871f91193ffffff
18BB043341,NATURELS,2018-09-01 17:44:09,2018-09-01 19:29:47,1.0,1.0,1.0,2018,POINT (4.766181345491461 45.984330258040636),45.98433025804064,4.766181345491461,True,2018-09-01,NATURELS,1.0,871f90364ffffff
18BB043435,NATURELS,2018-09-02 10:22:51,2018-09-02 10:53:44,1.0,1.0,1.0,2018,POINT (4.823137296803234 45.97380798541652),45.97380798541652,4.823137296803234,True,2018-09-02,NATURELS,1.0,871f91d92ffffff
18BB043593,NATURELS,2018-09-03 10:10:09,2018-09-03 11:05:49,1.0,1.0,1.0,2018,POINT (4.8176192123843835 46.17499456022686),46.17499456022686,4.817619212384384,True,2018-09-03,NATURELS,1.0,871f90a4cffffff
18BB043760,NATURELS,2018-09-04 11:46:40,2018-09-04 13:08:11,1.0,1.0,1.0,2018,POINT (4.780466674411535 45.96330062275341),45.96330062275341,4.780466674411535,True,2018-09-04,NATURELS,1.0,871f90360ffffff
18BB043800,NATURELS,2018-09-04 16:28:01,2018-09-04 17:07:54,1.0,1.0,1.0,2018,POINT (5.1068710973126 46.36114253158019),46.36114253158019,5.1068710973126,True,2018-09-04,NATURELS,1.0,871f956eaffffff
18BB043808,NATURELS,2018-09-04 17:12:57,2018-09-04 19:56:25,1.0,2.0,1.0,2018,POINT (5.070434576826837 46.30081858090918),46.30081858090918,5.070434576826837,True,2018-09-04,NATURELS,1.0,871f956dcffffff
18BB044009,NATURELS,2018-09-05 18:02:21,2018-09-05 18:48:56,1.0,1.0,1.0,2018,POINT (4.879809460133707 46.28501849708417),46.28501849708417,4.879809460133707,True,2018-09-05,NATURELS,1.0,871f9568effffff
18BB044031,NATURELS,2018-09-05 19:19:18,2018-09-05 20:23:25,1.0,1.0,1.0,2018,POINT (4.97360740887284 45.864102276327166),45.864102276327166,4.97360740887284,True,2018-09-05,NATURELS,1.0,871f9026cffffff
18BB044406,NATURELS,2018-09-07 19:04:54,2018-09-07 20:25:38,1.0,1.0,1.0,2018,POINT (4.957085866742792 46.38858134810611),46.38858134810611,4.957085866742792,True,2018-09-07,NATURELS,1.0,871f95618ffffff
18BB044431,NATURELS,2018-09-07 21:28:56,2018-09-07 22:18:47,1.0,1.0,1.0,2018,POINT (5.459190790835256 45.79570905782358),45.79570905782358,5.459190790835256,True,2018-09-07,NATURELS,1.0,871f91460ffffff
18BB044614,NATURELS,2018-09-08 20:13:48,2018-09-08 21:53:11,1.0,1.0,1.0,2018,POINT (5.055927159051748 45.847126626931875),45.84712662693188,5.055927159051748,True,2018-09-08,NATURELS,1.0,871f91534ffffff
18BB044759,NATURELS,2018-09-09 16:49:35,2018-09-09 19:41:29,1.0,2.0,1.0,2018,POINT (4.972416419918448 46.28671078838265),46.28671078838265,4.972416419918448,True,2018-09-09,NATURELS,1.0,871f956d6ffffff
18BB044774,NATURELS,2018-09-09 17:52:27,2018-09-09 19:42:57,1.0,1.0,1.0,2018,POINT (5.155970275029281 45.87230066469041),45.87230066469041,5.155970275029281,True,2018-09-09,NATURELS,1.0,871f91521ffffff
18BB044811,NATURELS,2018-09-09 20:27:22,2018-09-09 22:09:54,1.0,1.0,1.0,2018,POINT (4.912187655475536 46.29345128774566),46.29345128774566,4.912187655475536,True,2018-09-09,NATURELS,1.0,871f95688ffffff
18BB044965,NATURELS,2018-09-10 17:28:14,2018-09-10 18:50:47,1.0,1.0,1.0,2018,POINT (4.862900222897881 46.154431918938215),46.154431918938215,4.862900222897881,True,2018-09-10,NATURELS,1.0,871f90a49ffffff
18BB045007,NATURELS,2018-09-10 19:52:47,2018-09-10 21:24:13,1.0,1.0,1.0,2018,POINT (5.470879292320181 45.828905094544226),45.82890509454423,5.470879292320181,True,2018-09-10,NATURELS,1.0,871f9154bffffff
18BB045088,NATURELS,2018-09-11 11:49:46,2018-09-11 12:01:54,1.0,1.0,1.0,2018,POINT (5.172496702975587 46.00384729915413),46.00384729915413,5.172496702975587,True,2018-09-11,NATURELS,1.0,871f91cf5ffffff
18BB045207,NATURELS,2018-09-11 19:06:58,2018-09-12 00:42:46,1.0,1.0,1.0,2018,POINT (6.099081713780869 46.29744784697244),46.29744784697244,6.099081713780869,True,2018-09-11,NATURELS,1.0,871f91a1dffffff
18BB045240,NATURELS,2018-09-11 20:56:25,2018-09-11 21:34:09,1.0,1.0,1.0,2018,POINT (5.668586460419087 45.761723326624974),45.761723326624974,5.668586460419087,True,2018-09-11,NATURELS,1.0,871f91706ffffff
18BB045336,NATURELS,2018-09-12 11:32:49,2018-09-12 16:23:27,1.0,3.0,1.0,2018,POINT (5.0152694413592265 45.98357481398081),45.98357481398081,5.0152694413592265,True,2018-09-12,NATURELS,1.0,871f91ca3ffffff
18BB045383,NATURELS,2018-09-12 15:23:56,2018-09-12 17:27:03,1.0,2.0,1.0,2018,POINT (4.751233831501839 46.04156578562317),46.04156578562317,4.751233831501839,True,2018-09-12,NATURELS,1.0,871f90aebffffff
18BB045384,NATURELS,2018-09-12 15:34:44,2018-09-12 16:40:00,1.0,1.0,1.0,2018,POINT (5.2786090331734625 46.313938255812474),46.31393825581248,5.278609033173463,True,2018-09-12,NATURELS,1.0,871f9199effffff
18BB045564,NATURELS,2018-09-13 10:50:08,2018-09-13 11:30:22,1.0,1.0,1.0,2018,POINT (5.788676596246401 46.136606348030604),46.13660634803061,5.788676596246401,True,2018-09-13,FORET,1.0,871f9115dffffff
18BB045594,NATURELS,2018-09-13 12:37:58,2018-09-13 14:01:30,1.0,1.0,1.0,2018,POINT (5.181885006494146 45.96747354116846),45.96747354116846,5.181885006494146,True,2018-09-13,NATURELS,1.0,871f91cf1ffffff
18BB045686,NATURELS,2018-09-13 19:35:01,2018-09-13 21:07:13,1.0,1.0,1.0,2018,POINT (5.062259275180915 45.82339657159634),45.82339657159634,5.062259275180915,True,2018-09-13,NATURELS,1.0,871f91530ffffff
18BB045717,NATURELS,2018-09-13 21:57:24,2018-09-13 23:16:19,1.0,1.0,1.0,2018,POINT (4.9405697575544245 45.832294631021405),45.832294631021405,4.9405697575544245,True,2018-09-13,NATURELS,1.0,871f9026effffff
18BB045741,NATURELS,2018-09-14 03:25:34,2018-09-14 04:07:35,1.0,1.0,1.0,2018,POINT (5.573201440918495 46.16253136792945),46.16253136792945,5.573201440918495,True,2018-09-14,NATURELS,1.0,871f9112affffff
18BB045840,NATURELS,2018-09-14 16:46:24,2018-09-14 20:34:30,1.0,1.0,1.0,2018,POINT (4.962338765456731 46.46962153110872),46.46962153110872,4.962338765456731,True,2018-09-14,NATURELS,1.0,871f9562affffff
18BB045872,NATURELS,2018-09-14 18:42:59,2018-09-14 20:57:58,1.0,1.0,1.0,2018,POINT (5.096238566627335 45.83338823067009),45.83338823067009,5.096238566627335,True,2018-09-14,NATURELS,1.0,871f91531ffffff
18BB046003,NATURELS,2018-09-15 12:32:51,2018-09-15 14:00:12,1.0,1.0,1.0,2018,POINT (4.917215083576042 46.38779296019302),46.38779296019302,4.917215083576042,True,2018-09-15,NATURELS,1.0,871f9561effffff
18BB046075,NATURELS,2018-09-15 18:49:46,2018-09-15 20:05:42,1.0,1.0,1.0,2018,POINT (5.4211344611889 46.09350784010778),46.09350784010778,5.4211344611889,True,2018-09-15,NATURELS,1.0,871f91c4bffffff
18BB046108,NATURELS,2018-09-15 21:36:12,2018-09-15 22:16:15,1.0,1.0,1.0,2018,POINT (5.348694182118215 45.90383206725686),45.90383206725686,5.348694182118215,True,2018-09-15,NATURELS,1.0,871f91560ffffff
18BB046210,NATURELS,2018-09-16 15:27:00,2018-09-16 16:48:21,1.0,5.0,1.0,2018,POINT (5.565960849146099 45.913718151743645),45.913718151743645,5.565960849146099,True,2018-09-16,NATURELS,1.0,871f910a3ffffff
18BB046243,NATURELS,2018-09-16 18:36:37,2018-09-16 20:26:38,1.0,5.0,1.0,2018,POINT (5.428380972048885 45.9566576110677),45.9566576110677,5.428380972048885,True,2018-09-16,NATURELS,1.0,871f91191ffffff
18BB046359,NATURELS,2018-09-17 14:11:36,2018-09-17 15:19:51,1.0,1.0,1.0,2018,POINT (4.849829220496546 46.26079777920366),46.26079777920366,4.849829220496546,True,2018-09-17,NATURELS,1.0,871f9569cffffff
18BB046426,NATURELS,2018-09-17 20:42:35,2018-09-17 21:29:54,1.0,2.0,1.0,2018,POINT (5.818687876865608 46.09387166108673),46.09387166108673,5.818687876865608,True,2018-09-17,NATURELS,1.0,871f91066ffffff
18BB046446,NATURELS,2018-09-17 23:38:35,2018-09-18 00:18:34,1.0,1.0,1.0,2018,POINT (5.818687876865608 46.09387166108673),46.09387166108673,5.818687876865608,True,2018-09-17,NATURELS,1.0,871f91066ffffff
18BB046470,NATURELS,2018-09-18 07:12:20,2018-09-18 09:12:14,1.0,1.0,1.0,2018,POINT (5.137735797278362 46.02614241665955),46.02614241665955,5.137735797278362,True,2018-09-18,NATURELS,1.0,871f91c18ffffff
18BB046536,NATURELS,2018-09-18 13:44:26,2018-09-18 15:10:43,1.0,1.0,1.0,2018,POINT (5.110836087553126 46.33179635827011),46.33179635827011,5.110836087553126,True,2018-09-18,NATURELS,1.0,871f956ceffffff
18BB046556,NATURELS,2018-09-18 15:36:10,2018-09-18 17:05:05,1.0,1.0,1.0,2018,POINT (5.109194348567001 46.22429173948878),46.22429173948878,5.109194348567001,True,2018-09-18,NATURELS,1.0,871f91d70ffffff
18BB046596,NATURELS,2018-09-18 19:09:48,2018-09-19 09:29:05,1.0,4.0,1.0,2018,POINT (4.966311347517993 45.97944336402239),45.97944336402239,4.966311347517993,True,2018-09-18,NATURELS,1.0,871f91ca6ffffff
18BB046647,NATURELS,2018-09-18 23:52:36,2018-09-19 01:17:13,1.0,1.0,1.0,2018,POINT (4.835726587778 46.25268427238277),46.25268427238277,4.835726587778,True,2018-09-18,NATURELS,1.0,871f9569effffff
18BB046714,NATURELS,2018-09-19 11:12:59,2018-09-19 12:35:49,1.0,1.0,1.0,2018,POINT (4.911343121809027 46.09973363066332),46.09973363066332,4.911343121809027,True,2018-09-19,NATURELS,1.0,871f91daeffffff
18BB046751,NATURELS,2018-09-19 14:11:39,2018-09-19 15:11:31,1.0,1.0,1.0,2018,POINT (4.776682170209074 45.98382443536923),45.98382443536923,4.776682170209074,True,2018-09-19,NATURELS,1.0,871f90365ffffff
18BB046772,NATURELS,2018-09-19 15:34:31,2018-09-19 16:38:44,1.0,1.0,1.0,2018,POINT (5.137735797278362 46.02614241665955),46.02614241665955,5.137735797278362,True,2018-09-19,NATURELS,1.0,871f91c18ffffff
18BB046812,NATURELS,2018-09-19 18:18:18,2018-09-19 22:54:47,1.0,3.0,1.0,2018,POINT (5.450351327590359 46.280404283747835),46.28040428374784,5.450351327590359,True,2018-09-19,NATURELS,1.0,871f918aaffffff
18BB046845,NATURELS,2018-09-19 21:21:55,2018-09-19 22:30:00,1.0,1.0,1.0,2018,POINT (5.103171536329936 45.8324526267819),45.8324526267819,5.103171536329936,True,2018-09-19,NATURELS,1.0,871f91531ffffff
18BB046857,NATURELS,2018-09-19 23:19:40,2018-09-20 00:25:43,1.0,1.0,1.0,2018,POINT (5.109404615571294 45.828626087072124),45.82862608707213,5.109404615571294,True,2018-09-19,NATURELS,1.0,871f91506ffffff
18BB046975,NATURELS,2018-09-20 15:04:51,2018-09-20 20:20:49,1.0,5.0,1.0,2018,POINT (5.428232806516115 46.078745402793814),46.07874540279381,5.428232806516115,True,2018-09-20,NATURELS,1.0,871f91c4bffffff
18BB046982,NATURELS,2018-09-20 15:29:04,2018-09-20 17:34:28,1.0,1.0,1.0,2018,POINT (4.9103189601843775 46.391883219633236),46.39188321963324,4.9103189601843775,True,2018-09-20,NATURELS,1.0,871f9561effffff
18BB047028,NATURELS,2018-09-20 18:29:02,2018-09-20 19:40:17,1.0,1.0,1.0,2018,POINT (5.193076884257061 45.90751071914561),45.90751071914561,5.193076884257061,True,2018-09-20,NATURELS,1.0,871f91cd3ffffff
18BB047143,NATURELS,2018-09-21 11:29:30,2018-09-21 12:11:23,1.0,1.0,1.0,2018,POINT (5.263477494579287 46.30074396361358),46.30074396361358,5.263477494579287,True,2018-09-21,NATURELS,1.0,871f9199effffff
18BB047154,NATURELS,2018-09-21 12:31:27,2018-09-21 14:38:45,1.0,1.0,1.0,2018,POINT (5.63500006117541 45.82249723025664),45.82249723025664,5.63500006117541,True,2018-09-21,NATURELS,1.0,871f91726ffffff
18BB047215,NATURELS,2018-09-21 16:30:19,2018-09-21 17:10:35,1.0,1.0,1.0,2018,POINT (5.013593596563875 45.839608480319015),45.839608480319015,5.013593596563875,True,2018-09-21,NATURELS,1.0,871f90269ffffff
18BB047252,NATURELS,2018-09-21 19:03:55,2018-09-21 22:22:54,1.0,3.0,1.0,2018,POINT (5.472380669204023 45.964625581419895),45.964625581419895,5.472380669204023,True,2018-09-21,NATURELS,1.0,871f9119dffffff
18BB047267,NATURELS,2018-09-21 20:32:51,2018-09-21 21:42:54,1.0,1.0,1.0,2018,POINT (5.324517210698024 46.17784775680081),46.17784775680081,5.324517210698024,True,2018-09-21,NATURELS,1.0,871f91892ffffff
18BB047300,NATURELS,2018-09-21 23:48:06,2018-09-22 00:40:01,1.0,1.0,1.0,2018,POINT (4.830503410160463 45.93567727058718),45.93567727058718,4.830503410160463,True,2018-09-21,NATURELS,1.0,871f9036affffff
18BB047364,NATURELS,2018-09-22 11:32:42,2018-09-22 12:10:37,1.0,1.0,1.0,2018,POINT (5.817392565640462 46.10097213636987),46.10097213636987,5.817392565640462,True,2018-09-22,NATURELS,1.0,871f91066ffffff
18BB047451,NATURELS,2018-09-22 19:55:25,2018-09-22 20:40:23,1.0,1.0,1.0,2018,POINT (5.335893539949581 45.92516085656996),45.92516085656996,5.335893539949581,True,2018-09-22,NATURELS,1.0,871f91565ffffff
18BB047454,NATURELS,2018-09-22 20:12:03,2018-09-22 21:44:16,1.0,2.0,1.0,2018,POINT (5.350400352032247 45.91094415072867),45.91094415072867,5.350400352032247,True,2018-09-22,NATURELS,1.0,871f91561ffffff
18BB047457,NATURELS,2018-09-22 20:37:23,2018-09-22 21:13:04,1.0,1.0,1.0,2018,POINT (4.970917594586284 46.24389595506079),46.24389595506079,4.970917594586284,True,2018-09-22,NATURELS,1.0,871f91d21ffffff
18BB047490,NATURELS,2018-09-23 00:57:28,2018-09-23 02:51:07,1.0,2.0,1.0,2018,POINT (5.953990250518808 46.217510435276),46.217510435276,5.953990250518808,True,2018-09-23,NATURELS,1.0,871f91a84ffffff
18BB047589,NATURELS,2018-09-23 14:21:58,2018-09-23 17:45:12,1.0,3.0,1.0,2018,POINT (5.0948977585239 45.83643691544706),45.83643691544706,5.0948977585239,True,2018-09-23,NATURELS,1.0,871f91531ffffff
18BB047601,NATURELS,2018-09-23 15:30:55,2018-09-23 16:13:14,1.0,1.0,1.0,2018,POINT (4.971699754656453 46.27511482722245),46.27511482722245,4.971699754656453,True,2018-09-23,NATURELS,1.0,871f956d6ffffff
18BB047683,NATURELS,2018-09-24 00:24:58,2018-09-24 02:48:52,1.0,2.0,1.0,2018,POINT (4.794365905752651 46.026871671296064),46.026871671296064,4.794365905752651,True,2018-09-24,NATURELS,1.0,871f91db2ffffff
18BB047782,NATURELS,2018-09-24 15:16:56,2018-09-24 16:30:39,1.0,1.0,1.0,2018,POINT (5.70786196846246 45.84184795770507),45.84184795770507,5.70786196846246,True,2018-09-24,NATURELS,1.0,871f910d2ffffff
18BB047823,NATURELS,2018-09-24 18:55:28,2018-09-24 21:14:32,1.0,1.0,1.0,2018,POINT (5.729950986624867 46.16051110515436),46.16051110515436,5.729950986624867,True,2018-09-24,NATURELS,1.0,871f91146ffffff
18BB047966,NATURELS,2018-09-25 15:18:16,2018-09-25 15:57:45,1.0,1.0,1.0,2018,POINT (4.8957523035307435 46.2540267444772),46.2540267444772,4.895752303530744,True,2018-09-25,NATURELS,1.0,871f95699ffffff
18BB048008,NATURELS,2018-09-25 19:39:05,2018-09-25 21:17:29,1.0,1.0,1.0,2018,POINT (5.463593871576606 46.036902112033346),46.03690211203335,5.463593871576606,True,2018-09-25,NATURELS,1.0,871f911aeffffff
18BB048103,NATURELS,2018-09-26 12:30:18,2018-09-26 13:34:23,1.0,1.0,1.0,2018,POINT (5.109310895287488 46.004860459059515),46.00486045905952,5.109310895287488,True,2018-09-26,NATURELS,1.0,871f91c1affffff
18BB048118,NATURELS,2018-09-26 14:23:45,2018-09-26 22:04:05,1.0,5.0,1.0,2018,POINT (5.958307271635265 46.28329121062087),46.28329121062087,5.958307271635265,True,2018-09-26,NATURELS,1.0,871f91a16ffffff
18BB048123,NATURELS,2018-09-26 15:02:09,2018-09-26 17:31:38,1.0,5.0,1.0,2018,POINT (4.776693007296341 46.10322610887423),46.10322610887423,4.776693007296341,True,2018-09-26,NATURELS,1.0,871f90a58ffffff
18BB048125,NATURELS,2018-09-26 15:05:17,2018-09-26 18:06:38,1.0,3.0,1.0,2018,POINT (4.996958218103788 46.09339284764996),46.09339284764996,4.996958218103788,True,2018-09-26,NATURELS,1.0,871f91c34ffffff
18BB048135,NATURELS,2018-09-26 16:27:56,2018-09-26 17:10:44,1.0,1.0,1.0,2018,POINT (5.641086922779424 46.26516910603624),46.26516910603624,5.641086922779424,True,2018-09-26,NATURELS,1.0,871f918c3ffffff
18BB048312,NATURELS,2018-09-27 15:37:15,2018-09-27 16:05:21,1.0,1.0,1.0,2018,POINT (4.836037395356087 46.02284169870421),46.02284169870421,4.836037395356087,True,2018-09-27,NATURELS,1.0,871f91d95ffffff
18BB048399,NATURELS,2018-09-28 08:36:51,2018-09-28 09:00:26,1.0,1.0,1.0,2018,POINT (5.032599602329171 45.84241310577146),45.84241310577146,5.032599602329171,True,2018-09-28,NATURELS,1.0,871f91534ffffff
18BB048461,NATURELS,2018-09-28 14:28:29,2018-09-28 17:15:28,1.0,3.0,1.0,2018,POINT (4.940542701476893 45.90317506526342),45.90317506526342,4.940542701476893,True,2018-09-28,NATURELS,1.0,871f91c94ffffff
18BB048465,NATURELS,2018-09-28 14:37:56,2018-09-28 15:56:14,1.0,2.0,1.0,2018,POINT (4.891262707640817 46.33766408304144),46.33766408304144,4.891262707640817,True,2018-09-28,NATURELS,1.0,871f956aaffffff
18BB048477,NATURELS,2018-09-28 15:19:52,2018-09-28 16:56:50,1.0,1.0,1.0,2018,POINT (4.784729568863036 46.022040446562485),46.022040446562485,4.784729568863036,True,2018-09-28,NATURELS,1.0,871f90ac9ffffff
18BB048551,NATURELS,2018-09-28 20:55:34,2018-09-29 03:50:21,1.0,9.0,1.0,2018,POINT (5.4246039622951185 45.84334946406649),45.84334946406649,5.424603962295119,True,2018-09-28,NATURELS,1.0,871f91548ffffff
18BB048619,NATURELS,2018-09-29 11:41:01,2018-09-29 12:10:33,1.0,1.0,1.0,2018,POINT (5.3561618115405825 45.97319314501407),45.97319314501407,5.356161811540583,True,2018-09-29,FORET,1.0,871f911b2ffffff
18BB048651,NATURELS,2018-09-29 15:57:41,2018-09-29 18:00:55,1.0,2.0,1.0,2018,POINT (5.561293705379253 45.976730072582015),45.976730072582015,5.561293705379253,True,2018-09-29,NATURELS,1.0,871f91016ffffff
18BB048652,NATURELS,2018-09-29 16:00:04,2018-09-29 17:10:36,1.0,1.0,1.0,2018,POINT (5.145943707889316 46.06393866447867),46.06393866447867,5.145943707889316,True,2018-09-29,NATURELS,1.0,871f91c0effffff
18BB048685,NATURELS,2018-09-29 18:55:13,2018-09-29 21:10:02,1.0,1.0,1.0,2018,POINT (5.213079535908967 45.77667659087385),45.77667659087385,5.213079535908967,True,2018-09-29,NATURELS,1.0,871f91519ffffff
18BB048769,NATURELS,2018-09-30 07:51:37,2018-09-30 08:46:33,1.0,1.0,1.0,2018,POINT (5.344686911759772 45.90154432336333),45.90154432336333,5.344686911759772,True,2018-09-30,NATURELS,1.0,871f91560ffffff
18BB048781,NATURELS,2018-09-30 09:42:04,2018-09-30 10:24:19,1.0,1.0,1.0,2018,POINT (5.318025499722129 45.97665744134309),45.97665744134309,5.318025499722129,True,2018-09-30,NATURELS,1.0,871f91ccdffffff
18BB048823,NATURELS,2018-09-30 13:32:43,2018-09-30 16:34:38,1.0,2.0,1.0,2018,POINT (5.676792289147013 45.850645767828624),45.850645767828624,5.676792289147013,True,2018-09-30,NATURELS,1.0,871f9108bffffff
18BB048877,NATURELS,2018-09-30 18:49:30,2018-09-30 20:43:29,1.0,1.0,1.0,2018,POINT (4.910738593551903 46.261959886004995),46.261959886005,4.910738593551903,True,2018-09-30,NATURELS,1.0,871f95699ffffff
18BB048999,NATURELS,2018-10-01 14:41:23,2018-10-01 16:18:24,1.0,1.0,1.0,2018,POINT (5.033781192841787 45.83945908963231),45.83945908963231,5.033781192841787,True,2018-10-01,FORET,1.0,871f91536ffffff
18BB049052,NATURELS,2018-10-01 19:30:26,2018-10-01 20:04:25,1.0,1.0,1.0,2018,POINT (5.8151739734261785 46.096015269984306),46.09601526998431,5.8151739734261785,True,2018-10-01,FORET,1.0,871f91066ffffff
18BB049066,NATURELS,2018-10-01 20:46:29,2018-10-01 21:31:44,1.0,1.0,1.0,2018,POINT (5.829762291213906 46.13246193714826),46.13246193714826,5.829762291213906,True,2018-10-01,NATURELS,1.0,871f9114affffff
18BB049187,NATURELS,2018-10-02 17:23:50,2018-10-02 18:52:33,1.0,1.0,1.0,2018,POINT (4.8832790712472445 45.919508741803156),45.91950874180316,4.8832790712472445,True,2018-10-02,NATURELS,1.0,871f9034dffffff
18BB049282,NATURELS,2018-10-03 09:13:59,2018-10-03 09:52:11,1.0,1.0,1.0,2018,POINT (4.9497516334088845 45.833926942469596),45.8339269424696,4.9497516334088845,True,2018-10-03,NATURELS,1.0,871f9026effffff
18BB049289,NATURELS,2018-10-03 10:10:18,2018-10-03 11:32:11,1.0,1.0,1.0,2018,POINT (6.091644081363835 46.33299392254537),46.33299392254537,6.091644081363835,True,2018-10-03,NATURELS,1.0,871f91a01ffffff
18BB049325,NATURELS,2018-10-03 15:15:18,2018-10-03 16:36:53,1.0,1.0,1.0,2018,POINT (4.957043213964924 45.81670786464392),45.81670786464392,4.957043213964924,True,2018-10-03,NATURELS,1.0,871f90245ffffff
18BB049334,NATURELS,2018-10-03 16:07:18,2018-10-03 17:21:23,1.0,1.0,1.0,2018,POINT (6.045483898821414 46.280741221773035),46.28074122177304,6.045483898821414,True,2018-10-03,NATURELS,1.0,871f91a1effffff
18BB049339,NATURELS,2018-10-03 16:28:29,2018-10-03 17:28:29,1.0,1.0,1.0,2018,POINT (4.994528409541256 46.30851072316957),46.30851072316957,4.994528409541256,True,2018-10-03,NATURELS,1.0,871f956d4ffffff
18BB049417,NATURELS,2018-10-04 06:54:53,2018-10-04 07:38:46,1.0,1.0,1.0,2018,POINT (5.15719019717425 45.886260157912304),45.886260157912304,5.15719019717425,True,2018-10-04,NATURELS,1.0,871f91521ffffff
18BB049430,NATURELS,2018-10-04 08:30:50,2018-10-04 08:50:00,1.0,1.0,1.0,2018,POINT (5.032599602329171 45.84241310577146),45.84241310577146,5.032599602329171,True,2018-10-04,NATURELS,1.0,871f91534ffffff
18BB049453,NATURELS,2018-10-04 10:02:00,2018-10-04 10:49:08,1.0,1.0,1.0,2018,POINT (5.82218777101348 46.114855302856064),46.114855302856064,5.82218777101348,True,2018-10-04,FORET,1.0,871f91064ffffff
18BB049547,NATURELS,2018-10-04 19:00:24,2018-10-04 20:05:49,1.0,1.0,1.0,2018,POINT (5.38691244046222 46.02732354031114),46.02732354031114,5.38691244046222,True,2018-10-04,NATURELS,1.0,871f911b5ffffff
18BB049643,NATURELS,2018-10-05 11:03:52,2018-10-05 12:32:40,1.0,1.0,1.0,2018,POINT (4.885240399852342 46.05859369929777),46.05859369929777,4.885240399852342,True,2018-10-05,NATURELS,1.0,871f91d80ffffff
18BB049650,NATURELS,2018-10-05 11:57:13,2018-10-05 13:28:57,1.0,1.0,1.0,2018,POINT (4.901675594700825 46.110737652152714),46.11073765215272,4.901675594700825,True,2018-10-05,FORET,1.0,871f91da1ffffff
18BB049656,NATURELS,2018-10-05 12:37:18,2018-10-05 14:10:04,1.0,1.0,1.0,2018,POINT (5.16987839413368 46.27060340904668),46.27060340904668,5.16987839413368,True,2018-10-05,NATURELS,1.0,871f91d60ffffff
18BB049680,NATURELS,2018-10-05 14:52:28,2018-10-05 17:03:16,1.0,2.0,1.0,2018,POINT (5.1062520754668705 46.33212442597134),46.33212442597134,5.106252075466871,True,2018-10-05,NATURELS,1.0,871f956ceffffff
18BB049707,NATURELS,2018-10-05 17:10:32,2018-10-05 18:50:07,1.0,1.0,1.0,2018,POINT (6.114159273758766 46.33027352656684),46.33027352656684,6.114159273758766,True,2018-10-05,NATURELS,1.0,871f91a0cffffff
18BB049722,NATURELS,2018-10-05 18:09:07,2018-10-05 20:35:54,1.0,1.0,1.0,2018,POINT (4.9287749779539825 45.898900784383365),45.898900784383365,4.928774977953983,True,2018-10-05,NATURELS,1.0,871f91c96ffffff
18BB049727,NATURELS,2018-10-05 18:53:36,2018-10-05 19:56:39,1.0,1.0,1.0,2018,POINT (4.932497295820175 45.898004842340825),45.898004842340825,4.932497295820175,True,2018-10-05,NATURELS,1.0,871f91c96ffffff
18BB049798,NATURELS,2018-10-06 08:39:54,2018-10-06 09:38:43,1.0,1.0,1.0,2018,POINT (5.1571805481655355 46.23621449147555),46.23621449147555,5.157180548165536,True,2018-10-06,NATURELS,1.0,871f91d44ffffff
18BB049837,NATURELS,2018-10-06 13:05:38,2018-10-06 14:11:11,1.0,1.0,1.0,2018,POINT (6.010157417946965 46.28162195170653),46.28162195170653,6.010157417946965,True,2018-10-06,NATURELS,1.0,871f91a13ffffff
18BB049850,NATURELS,2018-10-06 14:19:33,2018-10-06 16:30:42,1.0,1.0,1.0,2018,POINT (4.895665625660751 46.32820306505631),46.32820306505631,4.895665625660751,True,2018-10-06,NATURELS,1.0,871f956aaffffff
18BB049877,NATURELS,2018-10-06 15:51:04,2018-10-06 19:07:00,1.0,1.0,1.0,2018,POINT (5.076109246811915 46.33126288351516),46.33126288351516,5.076109246811915,True,2018-10-06,NATURELS,1.0,871f956c1ffffff
18BB049885,NATURELS,2018-10-06 16:19:34,2018-10-06 19:07:12,1.0,3.0,1.0,2018,POINT (4.8379259930884935 46.00224045925708),46.00224045925708,4.8379259930884935,True,2018-10-06,NATURELS,1.0,871f91d90ffffff
18BB049895,NATURELS,2018-10-06 17:05:14,2018-10-06 18:42:34,1.0,1.0,1.0,2018,POINT (5.3002181257047845 46.0862294758531),46.0862294758531,5.3002181257047845,True,2018-10-06,NATURELS,1.0,871f91c42ffffff
18BB049915,NATURELS,2018-10-06 18:58:46,2018-10-06 21:49:13,1.0,1.0,1.0,2018,POINT (5.5291499668181885 46.187276183878865),46.18727618387887,5.5291499668181885,True,2018-10-06,NATURELS,1.0,871f91121ffffff
18BB049920,NATURELS,2018-10-06 19:37:52,2018-10-06 21:08:09,1.0,1.0,1.0,2018,POINT (5.633997583331857 45.911358369695044),45.91135836969504,5.633997583331857,True,2018-10-06,FORET,1.0,871f910abffffff
18BB049941,NATURELS,2018-10-06 22:10:21,2018-10-06 22:33:44,1.0,1.0,1.0,2018,POINT (5.822759852798957 46.11793565225896),46.11793565225896,5.822759852798957,True,2018-10-06,NATURELS,1.0,871f91064ffffff
18BB050518,NATURELS,2018-10-10 15:20:59,2018-10-10 16:02:58,1.0,1.0,1.0,2018,POINT (4.758090454648742 46.01570244189556),46.01570244189556,4.758090454648742,True,2018-10-10,NATURELS,1.0,871f90ac8ffffff
18BB050555,NATURELS,2018-10-10 18:48:34,2018-10-10 19:51:09,1.0,1.0,1.0,2018,POINT (4.960172786495958 45.864461427598776),45.864461427598776,4.960172786495958,True,2018-10-10,NATURELS,1.0,871f9026cffffff
18BB050714,NATURELS,2018-10-11 15:55:23,2018-10-11 16:19:23,1.0,1.0,1.0,2018,POINT (5.6865439621383596 45.87741561558762),45.87741561558762,5.68654396213836,True,2018-10-11,NATURELS,1.0,871f91089ffffff
18BB050737,NATURELS,2018-10-11 17:51:46,2018-10-11 18:26:21,1.0,1.0,1.0,2018,POINT (4.961206582540766 46.12166725121969),46.12166725121969,4.961206582540766,True,2018-10-11,NATURELS,1.0,871f91dadffffff
18BB050767,NATURELS,2018-10-11 19:25:13,2018-10-11 21:35:28,1.0,1.0,1.0,2018,POINT (5.412691185696269 46.043964874872174),46.043964874872174,5.412691185696269,True,2018-10-11,NATURELS,1.0,871f911a0ffffff
18BB050786,NATURELS,2018-10-11 22:12:47,2018-10-11 23:05:01,1.0,1.0,1.0,2018,POINT (6.034766028204173 46.3180380407426),46.3180380407426,6.034766028204173,True,2018-10-11,NATURELS,1.0,871f91a02ffffff
18BB050859,NATURELS,2018-10-12 12:08:05,2018-10-12 14:40:29,1.0,2.0,1.0,2018,POINT (4.868610092460465 46.06329770591829),46.06329770591829,4.868610092460465,True,2018-10-12,NATURELS,1.0,871f91d84ffffff
18BB050870,NATURELS,2018-10-12 13:09:14,2018-10-12 14:54:18,1.0,1.0,1.0,2018,POINT (5.11418802342938 46.37481867262726),46.37481867262726,5.11418802342938,True,2018-10-12,FORET,1.0,871f956e8ffffff
18BB050930,NATURELS,2018-10-12 17:41:10,2018-10-12 18:40:17,1.0,1.0,1.0,2018,POINT (5.30284398562687 46.138209045799876),46.13820904579988,5.30284398562687,True,2018-10-12,NATURELS,1.0,871f91c63ffffff
18BB050942,NATURELS,2018-10-12 19:10:03,2018-10-12 19:41:58,1.0,1.0,1.0,2018,POINT (5.026913566842349 45.83545567455908),45.83545567455908,5.026913566842349,True,2018-10-12,NATURELS,1.0,871f91536ffffff
18BB051055,NATURELS,2018-10-13 12:55:59,2018-10-13 14:47:37,1.0,1.0,1.0,2018,POINT (5.048775122599888 46.246676577223454),46.246676577223454,5.048775122599888,True,2018-10-13,NATURELS,1.0,871f91d29ffffff
18BB051077,NATURELS,2018-10-13 14:43:06,2018-10-13 16:09:36,1.0,1.0,1.0,2018,POINT (4.8941016420043715 46.25563032241326),46.25563032241326,4.894101642004372,True,2018-10-13,NATURELS,1.0,871f95699ffffff
18BB051102,NATURELS,2018-10-13 17:09:42,2018-10-13 18:42:15,1.0,1.0,1.0,2018,POINT (4.870214358594898 46.283622063695184),46.283622063695184,4.870214358594898,True,2018-10-13,NATURELS,1.0,871f95683ffffff
18BB051143,NATURELS,2018-10-13 20:24:15,2018-10-13 21:08:49,1.0,1.0,1.0,2018,POINT (4.957043213964924 45.81670786464392),45.81670786464392,4.957043213964924,True,2018-10-13,NATURELS,1.0,871f90245ffffff
18BB051172,NATURELS,2018-10-13 23:22:06,2018-10-14 00:47:12,1.0,1.0,1.0,2018,POINT (5.19486220011277 45.90811360239668),45.90811360239668,5.19486220011277,True,2018-10-13,NATURELS,1.0,871f91cd3ffffff
18BB051178,NATURELS,2018-10-13 23:59:52,2018-10-14 00:36:57,1.0,1.0,1.0,2018,POINT (6.035125984142306 46.29100547952752),46.29100547952752,6.035125984142306,True,2018-10-13,NATURELS,1.0,871f91a11ffffff
18BB051244,NATURELS,2018-10-14 11:45:51,2018-10-14 12:04:44,1.0,1.0,1.0,2018,POINT (4.967816998621446 46.11565323199709),46.11565323199709,4.967816998621446,True,2018-10-14,NATURELS,1.0,871f91dadffffff
18BB051254,NATURELS,2018-10-14 12:19:37,2018-10-14 13:38:51,1.0,1.0,1.0,2018,POINT (4.950398097836818 46.20478071518017),46.20478071518017,4.950398097836818,True,2018-10-14,NATURELS,1.0,871f91d04ffffff
18BB051284,NATURELS,2018-10-14 15:07:07,2018-10-14 17:32:42,1.0,1.0,1.0,2018,POINT (5.950430466740061 46.32159512496904),46.32159512496904,5.950430466740061,True,2018-10-14,NATURELS,1.0,871f91a32ffffff
18BB051334,NATURELS,2018-10-14 20:07:03,2018-10-14 20:44:44,1.0,2.0,1.0,2018,POINT (5.829762291213906 46.13246193714826),46.13246193714826,5.829762291213906,True,2018-10-14,NATURELS,1.0,871f9114affffff
18BB051482,NATURELS,2018-10-15 17:48:37,2018-10-15 18:25:46,1.0,1.0,1.0,2018,POINT (5.8151739734261785 46.096015269984306),46.09601526998431,5.8151739734261785,True,2018-10-15,FORET,1.0,871f91066ffffff
18BB051669,NATURELS,2018-10-16 22:11:12,2018-10-16 23:29:57,1.0,1.0,1.0,2018,POINT (4.841766293529005 46.00741208684773),46.00741208684773,4.841766293529005,True,2018-10-16,FORET,1.0,871f91d90ffffff
18BB051801,NATURELS,2018-10-17 22:38:32,2018-10-18 00:13:45,1.0,2.0,1.0,2018,POINT (5.47597167700294 46.252657928008055),46.252657928008055,5.47597167700294,True,2018-10-17,NATURELS,1.0,871f9188cffffff
18BB051811,NATURELS,2018-10-18 00:31:13,2018-10-18 01:43:00,1.0,1.0,1.0,2018,POINT (5.8173128126375255 46.122282302733026),46.12228230273303,5.8173128126375255,True,2018-10-18,NATURELS,1.0,871f91064ffffff
18BB051818,NATURELS,2018-10-18 02:23:41,2018-10-18 03:48:09,1.0,1.0,1.0,2018,POINT (5.6334000722690805 46.24906719186146),46.24906719186146,5.6334000722690805,True,2018-10-18,NATURELS,1.0,871f918dcffffff
18BB051950,NATURELS,2018-10-18 20:39:01,2018-10-18 21:25:59,1.0,1.0,1.0,2018,POINT (5.6683354467381815 45.74951129009375),45.74951129009375,5.6683354467381815,True,2018-10-18,NATURELS,1.0,871f91715ffffff
18BB052029,NATURELS,2018-10-19 12:05:12,2018-10-19 13:17:33,1.0,1.0,1.0,2018,POINT (5.888813915090563 46.09852301063121),46.09852301063121,5.888813915090563,True,2018-10-19,NATURELS,1.0,871f91061ffffff
18BB052076,NATURELS,2018-10-19 17:43:59,2018-10-19 18:16:47,1.0,1.0,1.0,2018,POINT (5.113129917567478 45.85188636811016),45.85188636811016,5.113129917567478,True,2018-10-19,NATURELS,1.0,871f91522ffffff
18BB052236,NATURELS,2018-10-20 14:50:53,2018-10-23 18:25:38,1.0,16.0,1.0,2018,POINT (5.99433884776052 46.260400505504606),46.260400505504606,5.99433884776052,True,2018-10-20,NATURELS,1.0,871f91aacffffff
18BB052259,NATURELS,2018-10-20 16:45:48,2018-10-20 20:02:27,1.0,5.0,1.0,2018,POINT (5.637383533259352 45.6459010626121),45.6459010626121,5.637383533259352,True,2018-10-20,NATURELS,1.0,871f91785ffffff
18BB052264,NATURELS,2018-10-20 17:40:56,2018-10-20 18:38:27,1.0,1.0,1.0,2018,POINT (4.859596551621675 46.000758550658134),46.00075855065813,4.859596551621675,True,2018-10-20,NATURELS,1.0,871f91d91ffffff
18BB052270,NATURELS,2018-10-20 18:10:14,2018-10-20 19:01:45,1.0,1.0,1.0,2018,POINT (5.974148821169081 46.22969871015808),46.22969871015808,5.974148821169081,True,2018-10-20,NATURELS,1.0,871f91aaeffffff
18BB052339,NATURELS,2018-10-21 07:48:47,2018-10-21 08:21:22,1.0,1.0,1.0,2018,POINT (6.024292761387403 46.25133193398871),46.25133193398871,6.024292761387403,True,2018-10-21,NATURELS,1.0,871f91aadffffff
18BB052361,NATURELS,2018-10-21 12:08:28,2018-10-21 13:31:21,1.0,2.0,1.0,2018,POINT (5.82928202449065 46.136700531436),46.136700531436,5.82928202449065,True,2018-10-21,NATURELS,1.0,871f9114affffff
18BB052555,NATURELS,2018-10-22 15:59:18,2018-10-22 17:13:45,1.0,1.0,1.0,2018,POINT (4.883046173223625 46.33955009540219),46.33955009540219,4.883046173223625,True,2018-10-22,NATURELS,1.0,871f956aeffffff
18BB052557,NATURELS,2018-10-22 16:02:53,2018-10-22 23:29:14,1.0,3.0,1.0,2018,POINT (5.025758901389218 46.06310253884643),46.06310253884643,5.025758901389218,True,2018-10-22,NATURELS,1.0,871f91c32ffffff
18BB052569,NATURELS,2018-10-22 17:19:26,2018-10-22 18:11:19,1.0,1.0,1.0,2018,POINT (5.969692368312604 46.24286537692095),46.24286537692095,5.969692368312604,True,2018-10-22,NATURELS,1.0,871f91aa1ffffff
18BB052573,NATURELS,2018-10-22 17:39:50,2018-10-22 19:51:07,1.0,2.0,1.0,2018,POINT (5.724786133087772 46.221163904604374),46.22116390460437,5.724786133087772,True,2018-10-22,NATURELS,1.0,871f91160ffffff
18BB052581,NATURELS,2018-10-22 18:21:24,2018-10-22 20:08:45,1.0,1.0,1.0,2018,POINT (5.85546067158753 46.11433705383196),46.11433705383196,5.85546067158753,True,2018-10-22,NATURELS,1.0,871f91060ffffff
18BB052621,NATURELS,2018-10-22 21:06:04,2018-10-22 21:36:56,1.0,1.0,1.0,2018,POINT (5.29838609336492 46.16395852221295),46.16395852221295,5.29838609336492,True,2018-10-22,NATURELS,1.0,871f91c60ffffff
18BB052695,NATURELS,2018-10-23 13:34:35,2018-10-23 14:34:43,1.0,1.0,1.0,2018,POINT (4.958981592153055 46.2493040584181),46.2493040584181,4.958981592153055,True,2018-10-23,NATURELS,1.0,871f91d20ffffff
18BB052703,NATURELS,2018-10-23 14:04:57,2018-10-23 15:47:21,1.0,1.0,1.0,2018,POINT (5.695372389479524 45.72065511803784),45.72065511803784,5.695372389479524,True,2018-10-23,NATURELS,1.0,871f9171effffff
18BB052723,NATURELS,2018-10-23 16:23:27,2018-10-23 18:03:26,1.0,1.0,1.0,2018,POINT (6.035755065652539 46.31614133811037),46.31614133811037,6.035755065652539,True,2018-10-23,FORET,1.0,871f91a02ffffff
18BB052799,NATURELS,2018-10-24 08:15:31,2018-10-24 09:04:04,1.0,1.0,1.0,2018,POINT (5.187362937536364 45.90352330027468),45.90352330027468,5.187362937536364,True,2018-10-24,NATURELS,1.0,871f91cd3ffffff
18BB052856,NATURELS,2018-10-24 13:20:59,2018-10-24 14:31:35,1.0,1.0,1.0,2018,POINT (5.944651734803608 46.20932445837273),46.20932445837273,5.944651734803608,True,2018-10-24,NATURELS,1.0,871f91a84ffffff
18BB052858,NATURELS,2018-10-24 13:37:39,2018-10-31 13:16:39,1.0,1.0,1.0,2018,POINT (5.958307271635265 46.28329121062087),46.28329121062087,5.958307271635265,True,2018-10-24,NATURELS,1.0,871f91a16ffffff
18BB052873,NATURELS,2018-10-24 16:00:49,2018-10-24 18:58:57,1.0,1.0,1.0,2018,POINT (5.828587131771666 45.95645244347934),45.95645244347934,5.828587131771666,True,2018-10-24,NATURELS,1.0,871f910e8ffffff
18BB052905,NATURELS,2018-10-24 19:32:06,2018-10-24 21:05:30,1.0,1.0,1.0,2018,POINT (5.67487346206468 45.906191229235816),45.906191229235816,5.67487346206468,True,2018-10-24,NATURELS,1.0,871f910f6ffffff
18BB053012,NATURELS,2018-10-25 16:01:40,2018-10-25 16:49:59,1.0,1.0,1.0,2018,POINT (4.9862096537213505 46.25954498906104),46.25954498906104,4.986209653721351,True,2018-10-25,NATURELS,1.0,871f956d2ffffff
18BB053181,NATURELS,2018-10-26 17:12:24,2018-10-26 18:26:17,1.0,2.0,1.0,2018,POINT (5.87466672347029 46.224548152109435),46.22454815210944,5.87466672347029,True,2018-10-26,NATURELS,1.0,871f91ab4ffffff
18BB053196,NATURELS,2018-10-26 18:21:44,2018-10-26 19:12:18,1.0,1.0,1.0,2018,POINT (5.176697928553266 46.273916794952825),46.273916794952825,5.176697928553266,True,2018-10-26,FORET,1.0,871f91d60ffffff
18BB053296,NATURELS,2018-10-27 11:04:14,2018-10-27 11:52:58,1.0,1.0,1.0,2018,POINT (5.349943652207561 46.05594004936551),46.05594004936551,5.349943652207561,True,2018-10-27,FORET,1.0,871f91c58ffffff
18BB053650,NATURELS,2018-10-29 15:49:15,2018-10-29 17:21:39,1.0,1.0,1.0,2018,POINT (5.703020662899584 45.92176009432099),45.92176009432099,5.703020662899584,True,2018-10-29,NATURELS,1.0,871f910f0ffffff
18BB053867,NATURELS,2018-10-30 18:14:54,2018-10-30 18:53:35,1.0,1.0,1.0,2018,POINT (4.960172786495958 45.864461427598776),45.864461427598776,4.960172786495958,True,2018-10-30,NATURELS,1.0,871f9026cffffff
18BB054355,NATURELS,2018-11-02 18:02:18,2018-11-02 19:01:44,1.0,1.0,1.0,2018,POINT (5.858260179908164 46.21442369668076),46.21442369668076,5.858260179908164,True,2018-11-02,NATURELS,1.0,871f91ab4ffffff
18BB054489,NATURELS,2018-11-03 14:45:43,2018-11-03 15:37:45,1.0,1.0,1.0,2018,POINT (5.36011490067385 46.23856777112289),46.23856777112289,5.36011490067385,True,2018-11-03,NATURELS,1.0,871f91886ffffff
18BB054532,NATURELS,2018-11-03 21:01:47,2018-11-03 22:53:30,1.0,1.0,1.0,2018,POINT (4.996236061405699 45.867881456538775),45.867881456538775,4.996236061405699,True,2018-11-03,NATURELS,1.0,871f9026dffffff
18BB054796,NATURELS,2018-11-05 17:59:04,2018-11-05 22:24:26,1.0,2.0,1.0,2018,POINT (5.2606200117357895 46.154128447014514),46.154128447014514,5.2606200117357895,True,2018-11-05,NATURELS,1.0,871f91c66ffffff
18BB055313,NATURELS,2018-11-08 16:07:00,2018-11-08 17:32:03,1.0,1.0,1.0,2018,POINT (5.139761047277716 46.234279306019424),46.234279306019424,5.139761047277716,True,2018-11-08,FORET,1.0,871f91d71ffffff
18BB055648,NATURELS,2018-11-10 16:17:52,2018-11-10 17:38:31,1.0,1.0,1.0,2018,POINT (5.259066600821753 46.154150601709624),46.15415060170962,5.259066600821753,True,2018-11-10,NATURELS,1.0,871f91c66ffffff
18BB055841,NATURELS,2018-11-11 17:26:25,2018-11-11 18:51:36,1.0,1.0,1.0,2018,POINT (4.833077832914439 46.02141298454005),46.02141298454005,4.833077832914439,True,2018-11-11,FORET,1.0,871f91d95ffffff
18BB055972,NATURELS,2018-11-12 13:05:12,2018-11-12 15:32:00,1.0,3.0,1.0,2018,POINT (5.1562145343187575 46.47420798759435),46.47420798759435,5.1562145343187575,True,2018-11-12,NATURELS,1.0,871f95640ffffff
18BB057013,NATURELS,2018-11-18 16:57:42,2018-11-18 17:20:00,1.0,1.0,1.0,2018,POINT (5.6794385506440745 45.76056321488325),45.76056321488325,5.6794385506440745,True,2018-11-18,NATURELS,1.0,871f91706ffffff
18BB057019,NATURELS,2018-11-18 17:32:17,2018-11-18 18:32:32,1.0,1.0,1.0,2018,POINT (5.722500552307976 45.75098783081752),45.75098783081752,5.722500552307976,True,2018-11-18,NATURELS,1.0,871f91703ffffff
18BB057020,NATURELS,2018-11-18 17:37:11,2018-11-18 18:48:12,1.0,2.0,1.0,2018,POINT (5.710584868593139 45.75825352872107),45.75825352872107,5.710584868593139,True,2018-11-18,NATURELS,1.0,871f91703ffffff
18BB057185,NATURELS,2018-11-19 16:39:18,2018-11-19 17:32:15,1.0,1.0,1.0,2018,POINT (5.769279158704773 45.78140939973586),45.78140939973586,5.769279158704773,True,2018-11-19,NATURELS,1.0,871f9170cffffff
18BB057186,NATURELS,2018-11-19 17:04:08,2018-11-19 17:40:37,1.0,1.0,1.0,2018,POINT (5.466151609997907 46.08185160134029),46.08185160134029,5.466151609997907,True,2018-11-19,FORET,1.0,871f91112ffffff
18BB058560,NATURELS,2018-11-27 16:40:06,2018-11-27 17:28:03,1.0,1.0,1.0,2018,POINT (5.301789104229522 45.93864172075908),45.93864172075908,5.301789104229522,True,2018-11-27,NATURELS,1.0,871f91ccaffffff
18BB059057,NATURELS,2018-11-30 16:44:17,2018-11-30 18:00:31,1.0,1.0,1.0,2018,POINT (6.095111837893245 46.27118827583986),46.27118827583986,6.095111837893245,True,2018-11-30,FORET,1.0,871f91a1bffffff
18BB059805,NATURELS,2018-12-04 16:26:26,2018-12-04 17:54:00,1.0,1.0,1.0,2018,POINT (4.830460432567504 46.24932573406663),46.24932573406663,4.830460432567504,True,2018-12-04,NATURELS,1.0,871f9569effffff
18BB060392,NATURELS,2018-12-07 23:24:38,2018-12-08 01:48:00,1.0,1.0,1.0,2018,POINT (4.910509193221008 46.12214908911117),46.12214908911117,4.910509193221008,True,2018-12-07,NATURELS,1.0,871f91d12ffffff
18BB061150,NATURELS,2018-12-12 14:23:35,2018-12-12 15:26:00,1.0,1.0,1.0,2018,POINT (4.886280236877355 46.05954240011947),46.05954240011947,4.886280236877355,True,2018-12-12,NATURELS,1.0,871f91d80ffffff
18BB061536,NATURELS,2018-12-14 19:43:15,2018-12-14 21:12:00,1.0,1.0,1.0,2018,POINT (4.9923970061541585 46.22005186720472),46.22005186720472,4.992397006154159,True,2018-12-14,NATURELS,1.0,871f91d05ffffff
18BB062053,NATURELS,2018-12-17 17:18:46,2018-12-17 18:47:00,1.0,1.0,1.0,2018,POINT (5.172553093939801 45.996454602286754),45.996454602286754,5.172553093939801,True,2018-12-17,NATURELS,1.0,871f91cf5ffffff
18BB062054,NATURELS,2018-12-17 17:26:14,2018-12-17 18:19:05,1.0,1.0,1.0,2018,POINT (5.221324440263116 45.91446083789465),45.91446083789465,5.221324440263116,True,2018-12-17,NATURELS,1.0,871f91cdeffffff
18BB062246,NATURELS,2018-12-18 20:27:04,2018-12-18 22:22:21,1.0,1.0,1.0,2018,POINT (5.3230493722055 46.1183285565005),46.1183285565005,5.3230493722055,True,2018-12-18,NATURELS,1.0,871f91c45ffffff
18BB063505,NATURELS,2018-12-26 17:55:53,2018-12-26 18:20:16,1.0,1.0,1.0,2018,POINT (5.710584868593139 45.75825352872107),45.75825352872107,5.710584868593139,True,2018-12-26,FORET,1.0,871f91703ffffff
18BB063511,NATURELS,2018-12-26 18:50:01,2018-12-26 19:35:00,1.0,1.0,1.0,2018,POINT (5.171934136645387 46.000467399889914),46.00046739988992,5.171934136645387,True,2018-12-26,NATURELS,1.0,871f91cf5ffffff
18BB063669,NATURELS,2018-12-27 18:33:26,2018-12-27 19:51:00,1.0,1.0,1.0,2018,POINT (6.0689629412696995 46.282330026803805),46.282330026803805,6.0689629412697,True,2018-12-27,NATURELS,1.0,871f91a18ffffff
18BB063824,NATURELS,2018-12-28 19:28:25,2018-12-28 22:30:00,1.0,3.0,1.0,2018,POINT (5.251606335984908 45.96512432823928),45.96512432823928,5.251606335984908,True,2018-12-28,NATURELS,1.0,871f91cc1ffffff
18BB063945,NATURELS,2018-12-29 14:44:11,2018-12-29 15:29:00,1.0,1.0,1.0,2018,POINT (5.763195420453475 45.78580969630687),45.78580969630687,5.763195420453475,True,2018-12-29,NATURELS,1.0,871f9170cffffff
18BB064018,NATURELS,2018-12-29 21:19:28,2018-12-29 21:54:56,1.0,1.0,1.0,2018,POINT (5.342839310253322 46.218472570462865),46.21847257046287,5.342839310253322,True,2018-12-29,NATURELS,1.0,871f91894ffffff
18BB064130,NATURELS,2018-12-30 15:21:56,2018-12-30 16:57:00,1.0,1.0,1.0,2018,POINT (4.8383488083255894 46.302476895585144),46.30247689558514,4.838348808325589,True,2018-12-30,NATURELS,1.0,871f95680ffffff
19BB000432,NATURELS,2019-01-03 15:46:44,2019-01-03 16:14:00,1.0,1.0,1.0,2019,POINT (5.59429542600973 45.98178696056886),45.98178696056886,5.59429542600973,True,2019-01-03,NATURELS,1.0,871f91010ffffff
19BB000459,NATURELS,2019-01-03 18:24:58,2019-01-03 20:40:00,1.0,2.0,1.0,2019,POINT (5.027825962882971 45.99261101042588),45.99261101042588,5.027825962882971,True,2019-01-03,NATURELS,1.0,871f91ca1ffffff
19BB000544,NATURELS,2019-01-04 10:57:01,2019-01-04 11:51:00,1.0,1.0,1.0,2019,POINT (5.320639639507798 46.02370306677922),46.02370306677922,5.320639639507798,True,2019-01-04,NATURELS,1.0,871f91ce9ffffff
19BB000753,NATURELS,2019-01-05 17:49:36,2019-01-05 18:42:00,1.0,1.0,1.0,2019,POINT (5.7262021505177 45.90100982854626),45.90100982854626,5.7262021505177,True,2019-01-05,NATURELS,1.0,871f910f3ffffff
19BB001144,NATURELS,2019-01-08 13:08:01,2019-01-08 15:00:40,1.0,1.0,1.0,2019,POINT (5.312305958559568 45.869930270362424),45.86993027036242,5.312305958559568,True,2019-01-08,NATURELS,1.0,871f91571ffffff
19BB001377,NATURELS,2019-01-09 20:09:18,2019-01-09 22:06:50,1.0,1.0,1.0,2019,POINT (5.3058156446905755 46.09495076900107),46.09495076900107,5.305815644690576,True,2019-01-09,NATURELS,1.0,871f91c42ffffff
19BB001852,NATURELS,2019-01-12 18:18:35,2019-01-12 18:50:25,1.0,1.0,1.0,2019,POINT (5.2875456513751535 45.93893479159885),45.93893479159885,5.2875456513751535,True,2019-01-12,NATURELS,1.0,871f91ccaffffff
19BB005204,NATURELS,2019-02-01 14:18:55,2019-02-01 14:46:54,1.0,1.0,1.0,2019,POINT (5.817392565640462 46.10097213636987),46.10097213636987,5.817392565640462,True,2019-02-01,NATURELS,1.0,871f91066ffffff
19BB007763,NATURELS,2019-02-15 06:04:28,2019-02-15 07:24:32,1.0,1.0,1.0,2019,POINT (4.846488070815955 45.99853964090536),45.99853964090536,4.846488070815955,True,2019-02-15,NATURELS,1.0,871f91d93ffffff
19BB007980,NATURELS,2019-02-16 07:18:16,2019-02-16 08:33:48,1.0,1.0,1.0,2019,POINT (4.783907915942886 45.993830248696014),45.993830248696014,4.783907915942886,True,2019-02-16,FORET,1.0,871f90acbffffff
19BB008039,NATURELS,2019-02-16 12:43:49,2019-02-16 15:15:05,1.0,1.0,1.0,2019,POINT (5.553467841532601 46.175115526809705),46.175115526809705,5.553467841532601,True,2019-02-16,NATURELS,1.0,871f9112effffff
19BB008073,NATURELS,2019-02-16 15:08:04,2019-02-16 15:38:17,1.0,1.0,1.0,2019,POINT (5.3315877067994055 46.03647693796179),46.03647693796179,5.3315877067994055,True,2019-02-16,NATURELS,1.0,871f91c5affffff
19BB008085,NATURELS,2019-02-16 16:11:21,2019-02-16 18:21:31,1.0,1.0,1.0,2019,POINT (5.553467841532601 46.175115526809705),46.175115526809705,5.553467841532601,True,2019-02-16,NATURELS,1.0,871f9112effffff
19BB008095,NATURELS,2019-02-16 17:28:44,2019-02-16 19:04:22,1.0,1.0,1.0,2019,POINT (5.540110656620784 46.220940146499665),46.22094014649967,5.540110656620784,True,2019-02-16,NATURELS,1.0,871f918d6ffffff
19BB008228,NATURELS,2019-02-17 12:44:51,2019-02-17 13:22:19,1.0,1.0,1.0,2019,POINT (4.967728528351385 46.231583295823306),46.231583295823306,4.967728528351385,True,2019-02-17,NATURELS,1.0,871f91d23ffffff
19BB008240,NATURELS,2019-02-17 13:12:55,2019-02-17 13:50:53,1.0,1.0,1.0,2019,POINT (5.481444354233202 45.77183105925223),45.77183105925223,5.481444354233202,True,2019-02-17,NATURELS,1.0,871f91463ffffff
19BB008269,NATURELS,2019-02-17 16:22:55,2019-02-17 17:10:48,1.0,1.0,1.0,2019,POINT (5.3597428939497345 45.951038435231666),45.95103843523167,5.359742893949735,True,2019-02-17,NATURELS,1.0,871f91196ffffff
19BB008278,NATURELS,2019-02-17 17:01:34,2019-02-17 18:17:26,1.0,1.0,1.0,2019,POINT (5.455556900350996 46.04151854959989),46.04151854959989,5.455556900350996,True,2019-02-17,NATURELS,1.0,871f911a1ffffff
19BB008408,NATURELS,2019-02-18 13:25:38,2019-02-18 14:31:36,1.0,1.0,1.0,2019,POINT (5.038400836141509 46.269583284045034),46.26958328404504,5.038400836141509,True,2019-02-18,NATURELS,1.0,871f956deffffff
19BB008431,NATURELS,2019-02-18 15:20:25,2019-02-18 16:27:33,1.0,1.0,1.0,2019,POINT (5.674528196580398 45.67966646688708),45.67966646688708,5.674528196580398,True,2019-02-18,NATURELS,1.0,871f917a8ffffff
19BB008442,NATURELS,2019-02-18 16:06:11,2019-02-18 17:02:18,1.0,1.0,1.0,2019,POINT (5.546423004124077 46.188669333636334),46.188669333636334,5.546423004124077,True,2019-02-18,NATURELS,1.0,871f91121ffffff
19BB008461,NATURELS,2019-02-18 17:57:38,2019-02-18 18:31:23,1.0,1.0,1.0,2019,POINT (4.9757833290076166 45.82546924678423),45.82546924678423,4.9757833290076166,True,2019-02-18,FORET,1.0,871f9026affffff
19BB008597,NATURELS,2019-02-19 12:25:27,2019-02-19 13:36:00,1.0,1.0,1.0,2019,POINT (5.467688111609456 45.79325756152334),45.79325756152334,5.467688111609456,True,2019-02-19,NATURELS,1.0,871f91460ffffff
19BB008631,NATURELS,2019-02-19 15:31:45,2019-02-19 16:12:33,1.0,1.0,1.0,2019,POINT (5.276001534127966 45.959970988156215),45.959970988156215,5.276001534127966,True,2019-02-19,NATURELS,1.0,871f91cceffffff
19BB008640,NATURELS,2019-02-19 16:38:46,2019-02-19 17:18:15,1.0,1.0,1.0,2019,POINT (5.064050295867235 45.82990672216091),45.82990672216091,5.064050295867235,True,2019-02-19,FORET,1.0,871f91530ffffff
19BB008777,NATURELS,2019-02-20 14:53:54,2019-02-20 15:58:14,1.0,1.0,1.0,2019,POINT (5.368640822078581 45.961387504034384),45.961387504034384,5.368640822078581,True,2019-02-20,NATURELS,1.0,871f91194ffffff
19BB008823,NATURELS,2019-02-20 18:48:52,2019-02-20 20:01:18,1.0,1.0,1.0,2019,POINT (4.996587931919105 46.38126251625393),46.38126251625393,4.996587931919105,True,2019-02-20,NATURELS,1.0,871f956e6ffffff
19BB008961,NATURELS,2019-02-21 15:03:24,2019-02-21 17:48:34,1.0,1.0,1.0,2019,POINT (5.393784548448191 45.93097785762522),45.93097785762522,5.393784548448191,True,2019-02-21,NATURELS,1.0,871f91193ffffff
19BB008994,NATURELS,2019-02-21 17:51:18,2019-02-21 18:23:25,1.0,1.0,1.0,2019,POINT (5.172557801317313 46.00178412662559),46.00178412662559,5.172557801317313,True,2019-02-21,NATURELS,1.0,871f91cf5ffffff
19BB009133,NATURELS,2019-02-22 13:48:51,2019-02-22 14:32:43,1.0,1.0,1.0,2019,POINT (5.6785811407431614 45.761273114261),45.761273114261,5.6785811407431614,True,2019-02-22,NATURELS,1.0,871f91706ffffff
19BB009138,NATURELS,2019-02-22 14:21:34,2019-02-22 15:54:07,1.0,2.0,1.0,2019,POINT (5.606061548615849 45.72622033251651),45.72622033251651,5.606061548615849,True,2019-02-22,NATURELS,1.0,871f91716ffffff
19BB009145,NATURELS,2019-02-22 15:25:04,2019-02-22 16:14:06,1.0,1.0,1.0,2019,POINT (5.494665276838589 46.040106516150296),46.040106516150296,5.494665276838589,True,2019-02-22,NATURELS,1.0,871f911a8ffffff
19BB009166,NATURELS,2019-02-22 17:11:41,2019-02-22 18:04:35,1.0,1.0,1.0,2019,POINT (5.2108983044393264 45.772114038419936),45.772114038419936,5.2108983044393264,True,2019-02-22,NATURELS,1.0,871f91519ffffff
19BB009179,NATURELS,2019-02-22 17:57:19,2019-02-22 18:53:53,1.0,1.0,1.0,2019,POINT (6.044559666090451 46.307999613628404),46.3079996136284,6.044559666090451,True,2019-02-22,NATURELS,1.0,871f91a02ffffff
19BB009211,NATURELS,2019-02-22 20:48:06,2019-02-22 22:11:33,1.0,1.0,1.0,2019,POINT (5.654802732211094 46.305758926006554),46.30575892600656,5.654802732211094,True,2019-02-22,NATURELS,1.0,871f918eaffffff
19BB009366,NATURELS,2019-02-23 17:43:21,2019-02-23 19:03:26,1.0,1.0,1.0,2019,POINT (6.113603074591093 46.33181429795547),46.33181429795547,6.113603074591093,True,2019-02-23,NATURELS,1.0,871f91a0cffffff
19BB009529,NATURELS,2019-02-24 16:14:38,2019-02-24 17:48:31,1.0,1.0,1.0,2019,POINT (5.995293527228156 46.26108120077927),46.26108120077927,5.995293527228156,True,2019-02-24,NATURELS,1.0,871f91aacffffff
19BB009563,NATURELS,2019-02-24 19:16:40,2019-02-24 21:30:21,1.0,1.0,1.0,2019,POINT (5.464375825101077 46.0528446482056),46.0528446482056,5.464375825101077,True,2019-02-24,NATURELS,1.0,871f911a1ffffff
19BB009689,NATURELS,2019-02-25 16:00:40,2019-02-25 18:11:53,1.0,1.0,1.0,2019,POINT (5.4365469860312166 45.9474293158052),45.9474293158052,5.4365469860312166,True,2019-02-25,NATURELS,1.0,871f9119effffff
19BB009691,NATURELS,2019-02-25 16:05:39,2019-02-25 17:30:42,1.0,1.0,1.0,2019,POINT (6.078521632151284 46.26943169775648),46.26943169775648,6.078521632151284,True,2019-02-25,FORET,1.0,871f91a18ffffff
19BB009695,NATURELS,2019-02-25 16:41:29,2019-02-25 17:26:18,1.0,5.0,1.0,2019,POINT (5.448553828302692 46.04546658576851),46.04546658576851,5.448553828302692,True,2019-02-25,NATURELS,1.0,871f911a1ffffff
19BB009710,NATURELS,2019-02-25 18:18:02,2019-02-25 18:49:54,1.0,1.0,1.0,2019,POINT (5.788539324675181 45.85261934714944),45.85261934714944,5.788539324675181,True,2019-02-25,NATURELS,1.0,871f910deffffff
19BB009755,NATURELS,2019-02-26 02:30:49,2019-02-26 03:36:13,1.0,1.0,1.0,2019,POINT (5.448553828302692 46.04546658576851),46.04546658576851,5.448553828302692,True,2019-02-26,NATURELS,1.0,871f911a1ffffff
19BB009799,NATURELS,2019-02-26 10:01:55,2019-02-26 10:50:27,1.0,1.0,1.0,2019,POINT (5.308035770499118 46.29864850687667),46.29864850687667,5.308035770499118,True,2019-02-26,NATURELS,1.0,871f9199bffffff
19BB009830,NATURELS,2019-02-26 14:12:52,2019-02-26 19:04:11,1.0,6.0,1.0,2019,POINT (5.699705421529392 45.917986992506904),45.9179869925069,5.699705421529392,True,2019-02-26,NATURELS,1.0,871f910f0ffffff
19BB009844,NATURELS,2019-02-26 16:00:32,2019-02-26 18:02:04,1.0,1.0,1.0,2019,POINT (5.7828793708385176 45.844985260407704),45.8449852604077,5.7828793708385176,True,2019-02-26,NATURELS,1.0,871f910deffffff
19BB009846,NATURELS,2019-02-26 16:18:14,2019-02-26 18:30:10,1.0,1.0,1.0,2019,POINT (5.443450435136432 46.00204604883309),46.00204604883309,5.443450435136432,True,2019-02-26,NATURELS,1.0,871f91180ffffff
19BB009883,NATURELS,2019-02-26 19:24:26,2019-02-26 21:00:35,1.0,1.0,1.0,2019,POINT (5.43921203205812 46.05265688282244),46.05265688282244,5.43921203205812,True,2019-02-26,NATURELS,1.0,871f911a1ffffff
19BB009897,NATURELS,2019-02-26 20:29:10,2019-02-26 21:59:09,1.0,1.0,1.0,2019,POINT (5.069882873845172 45.88993609070276),45.88993609070276,5.069882873845172,True,2019-02-26,NATURELS,1.0,871f91c99ffffff
19BB009997,NATURELS,2019-02-27 12:58:49,2019-02-27 14:26:16,1.0,1.0,1.0,2019,POINT (5.166656190975921 46.1348134774458),46.1348134774458,5.166656190975921,True,2019-02-27,NATURELS,1.0,871f91c2dffffff
19BB010013,NATURELS,2019-02-27 14:50:51,2019-02-27 15:56:02,1.0,1.0,1.0,2019,POINT (5.487117342228748 46.233052425281976),46.233052425281976,5.487117342228748,True,2019-02-27,NATURELS,1.0,871f91888ffffff
19BB010019,NATURELS,2019-02-27 15:14:39,2019-02-27 16:14:57,1.0,5.0,1.0,2019,POINT (5.771031269909072 45.778140923035515),45.77814092303552,5.771031269909072,True,2019-02-27,NATURELS,1.0,871f9170cffffff
19BB010021,NATURELS,2019-02-27 15:39:58,2019-02-27 16:37:18,1.0,1.0,1.0,2019,POINT (5.32630658810531 46.03730126711692),46.03730126711692,5.32630658810531,True,2019-02-27,NATURELS,1.0,871f91c5affffff
19BB010022,NATURELS,2019-02-27 16:05:14,2019-02-27 16:58:08,1.0,1.0,1.0,2019,POINT (5.6334000722690805 46.24906719186146),46.24906719186146,5.6334000722690805,True,2019-02-27,NATURELS,1.0,871f918dcffffff
19BB010029,NATURELS,2019-02-27 16:24:19,2019-02-27 18:17:23,1.0,6.0,1.0,2019,POINT (5.654324434471264 45.684408454459145),45.684408454459145,5.654324434471264,True,2019-02-27,NATURELS,1.0,871f917acffffff
19BB010052,NATURELS,2019-02-27 18:42:13,2019-02-27 20:09:49,1.0,1.0,1.0,2019,POINT (5.4478393865864705 46.07360577648578),46.07360577648578,5.447839386586471,True,2019-02-27,NATURELS,1.0,871f91112ffffff
19BB010054,NATURELS,2019-02-27 18:50:37,2019-02-27 19:30:05,1.0,1.0,1.0,2019,POINT (5.985146028223858 46.23617183381542),46.23617183381542,5.985146028223858,True,2019-02-27,NATURELS,1.0,871f91aaeffffff
19BB010063,NATURELS,2019-02-27 19:48:23,2019-02-27 23:14:23,1.0,1.0,1.0,2019,POINT (4.840916682210285 46.10860796174431),46.10860796174431,4.840916682210285,True,2019-02-27,NATURELS,1.0,871f91da4ffffff
19BB010065,NATURELS,2019-02-27 19:58:24,2019-02-27 22:00:40,1.0,1.0,1.0,2019,POINT (4.90877210567912 46.360556108270565),46.360556108270565,4.90877210567912,True,2019-02-27,FORET,1.0,871f956adffffff
19BB010082,NATURELS,2019-02-27 21:47:36,2019-02-28 00:22:40,1.0,2.0,1.0,2019,POINT (5.418180918006338 46.08450355673481),46.08450355673481,5.418180918006338,True,2019-02-27,NATURELS,1.0,871f91c4bffffff
19BB010171,NATURELS,2019-02-28 14:13:27,2019-02-28 16:56:57,1.0,3.0,1.0,2019,POINT (5.457239394653302 46.262134635320656),46.262134635320656,5.457239394653302,True,2019-02-28,NATURELS,1.0,871f9188cffffff
19BB010175,NATURELS,2019-02-28 14:24:53,2019-02-28 15:26:29,1.0,1.0,1.0,2019,POINT (5.5486311916546605 45.77950051516567),45.77950051516567,5.5486311916546605,True,2019-02-28,NATURELS,1.0,871f91468ffffff
19BB010184,NATURELS,2019-02-28 15:03:25,2019-02-28 17:22:41,1.0,1.0,1.0,2019,POINT (5.959037909071978 46.14329719577526),46.14329719577526,5.959037909071978,True,2019-02-28,NATURELS,1.0,871f91a9effffff
19BB010188,NATURELS,2019-02-28 15:09:45,2019-03-01 15:14:03,1.0,1.0,1.0,2019,POINT (5.490997812480577 45.78562726314352),45.78562726314352,5.490997812480577,True,2019-02-28,NATURELS,1.0,871f91461ffffff
19BB010190,NATURELS,2019-02-28 15:18:18,2019-02-28 16:16:37,1.0,1.0,1.0,2019,POINT (5.452001342486401 46.04129263644569),46.04129263644569,5.452001342486401,True,2019-02-28,NATURELS,1.0,871f911a1ffffff
19BB010191,NATURELS,2019-02-28 15:26:29,2019-02-28 18:13:33,1.0,6.0,1.0,2019,POINT (5.578592758353032 45.716491503596096),45.716491503596096,5.578592758353032,True,2019-02-28,FORET,1.0,871f9144bffffff
19BB010192,NATURELS,2019-02-28 15:31:49,2019-02-28 19:16:05,1.0,1.0,1.0,2019,POINT (5.913570254331931 46.15257185644318),46.15257185644318,5.913570254331931,True,2019-02-28,NATURELS,1.0,871f91a90ffffff
19BB010196,NATURELS,2019-02-28 15:50:14,2019-02-28 21:20:49,1.0,6.0,1.0,2019,POINT (5.4329471384831205 46.065578514392115),46.06557851439212,5.4329471384831205,True,2019-02-28,NATURELS,1.0,871f911a5ffffff
19BB010198,NATURELS,2019-02-28 16:01:56,2019-03-01 13:12:08,1.0,16.0,1.0,2019,POINT (5.490997812480577 45.78562726314352),45.78562726314352,5.490997812480577,True,2019-02-28,NATURELS,1.0,871f91461ffffff
19BB010199,NATURELS,2019-02-28 16:02:36,2019-02-28 19:25:33,1.0,2.0,1.0,2019,POINT (4.9775256737976035 46.029943458836875),46.02994345883688,4.977525673797604,True,2019-02-28,NATURELS,1.0,871f91d8bffffff
19BB010203,NATURELS,2019-02-28 16:16:37,2019-02-28 19:00:50,1.0,1.0,1.0,2019,POINT (5.2716638200246 46.07638742202162),46.07638742202162,5.2716638200246,True,2019-02-28,FORET,1.0,871f91c55ffffff
19BB010205,NATURELS,2019-02-28 16:22:06,2019-02-28 17:21:47,1.0,1.0,1.0,2019,POINT (5.279639458804258 46.162809341651496),46.162809341651496,5.279639458804258,True,2019-02-28,NATURELS,1.0,871f91c60ffffff
19BB010208,NATURELS,2019-02-28 16:36:25,2019-02-28 17:34:29,1.0,1.0,1.0,2019,POINT (5.428295467467544 46.03111301066574),46.03111301066574,5.428295467467544,True,2019-02-28,NATURELS,1.0,871f911a3ffffff
19BB010210,NATURELS,2019-02-28 16:53:19,2019-02-28 18:02:54,1.0,1.0,1.0,2019,POINT (6.002964106457495 46.253690774222065),46.25369077422207,6.002964106457495,True,2019-02-28,NATURELS,1.0,871f91aacffffff
19BB010219,NATURELS,2019-02-28 17:32:58,2019-02-28 18:39:10,1.0,1.0,1.0,2019,POINT (5.467660893841273 45.79074623812997),45.79074623812997,5.467660893841273,True,2019-02-28,NATURELS,1.0,871f91460ffffff
19BB010231,NATURELS,2019-02-28 18:39:10,2019-02-28 20:03:19,1.0,1.0,1.0,2019,POINT (5.533170786089491 45.775646704897035),45.77564670489704,5.533170786089491,True,2019-02-28,NATURELS,1.0,871f91468ffffff
19BB010232,NATURELS,2019-02-28 18:40:59,2019-02-28 20:00:39,1.0,1.0,1.0,2019,POINT (6.121012505866916 46.33140513270667),46.33140513270667,6.121012505866916,True,2019-02-28,NATURELS,1.0,871f91a08ffffff
19BB010253,NATURELS,2019-02-28 20:32:31,2019-02-28 22:35:53,1.0,2.0,1.0,2019,POINT (5.724139480459214 45.7107669662942),45.7107669662942,5.724139480459214,True,2019-02-28,FORET,1.0,871f91718ffffff
19BB010254,NATURELS,2019-02-28 20:56:16,2019-02-28 22:10:51,1.0,1.0,1.0,2019,POINT (5.971609902992681 46.22918583567756),46.22918583567756,5.971609902992681,True,2019-02-28,FORET,1.0,871f91aa3ffffff
19BB010299,NATURELS,2019-03-01 06:40:10,2019-03-01 07:23:44,1.0,1.0,1.0,2019,POINT (5.660720463934904 46.259452811087904),46.259452811087904,5.660720463934904,True,2019-03-01,NATURELS,1.0,871f918ceffffff
19BB010334,NATURELS,2019-03-01 10:22:40,2019-03-01 11:15:05,1.0,1.0,1.0,2019,POINT (5.036281776230259 46.02397967684564),46.02397967684564,5.036281776230259,True,2019-03-01,NATURELS,1.0,871f91c12ffffff
19BB010352,NATURELS,2019-03-01 12:00:05,2019-03-01 12:49:52,1.0,1.0,1.0,2019,POINT (5.158607302672032 46.30489714983801),46.30489714983801,5.158607302672032,True,2019-03-01,NATURELS,1.0,871f956cbffffff
19BB010353,NATURELS,2019-03-01 12:01:05,2019-03-01 13:48:16,1.0,1.0,1.0,2019,POINT (5.271076318288404 46.07869851560614),46.07869851560614,5.271076318288404,True,2019-03-01,FORET,1.0,871f91c55ffffff
19BB010357,NATURELS,2019-03-01 12:34:26,2019-03-01 14:32:30,1.0,2.0,1.0,2019,POINT (5.0070251391679435 46.44017950861552),46.44017950861552,5.007025139167944,True,2019-03-01,NATURELS,1.0,871f95608ffffff
19BB010703,NATURELS,2019-03-03 16:33:05,2019-03-03 17:00:56,1.0,1.0,1.0,2019,POINT (5.659535736759977 45.64409351532462),45.64409351532462,5.659535736759977,True,2019-03-03,NATURELS,1.0,871f917aaffffff
19BB011045,NATURELS,2019-03-05 12:38:22,2019-03-05 15:59:24,1.0,2.0,1.0,2019,POINT (5.348525905509816 46.29396954786987),46.29396954786987,5.348525905509816,True,2019-03-05,NATURELS,1.0,871f918a6ffffff
19BB011048,NATURELS,2019-03-05 13:16:24,2019-03-05 13:56:55,1.0,1.0,1.0,2019,POINT (5.648323937190616 46.24559708222908),46.24559708222908,5.648323937190616,True,2019-03-05,NATURELS,1.0,871f918ddffffff
19BB011072,NATURELS,2019-03-05 15:31:22,2019-03-05 16:47:25,1.0,1.0,1.0,2019,POINT (5.455556900350996 46.04151854959989),46.04151854959989,5.455556900350996,True,2019-03-05,NATURELS,1.0,871f911a1ffffff
19BB011119,NATURELS,2019-03-05 19:33:59,2019-03-05 22:02:07,1.0,2.0,1.0,2019,POINT (5.455556900350996 46.04151854959989),46.04151854959989,5.455556900350996,True,2019-03-05,NATURELS,1.0,871f911a1ffffff
19BB011122,NATURELS,2019-03-05 19:38:31,2019-03-05 21:26:25,1.0,1.0,1.0,2019,POINT (5.463291249651983 46.075501934316165),46.075501934316165,5.463291249651983,True,2019-03-05,NATURELS,1.0,871f91112ffffff
19BB011249,NATURELS,2019-03-06 14:26:52,2019-03-06 21:23:40,1.0,11.0,1.0,2019,POINT (5.465362766080295 46.082989969830514),46.082989969830514,5.465362766080295,True,2019-03-06,NATURELS,1.0,871f91112ffffff
19BB011280,NATURELS,2019-03-06 16:56:00,2019-03-06 18:46:03,1.0,1.0,1.0,2019,POINT (5.027453115880569 46.00053283351127),46.00053283351127,5.027453115880569,True,2019-03-06,NATURELS,1.0,871f91ca1ffffff
19BB011282,NATURELS,2019-03-06 17:02:19,2019-03-06 19:33:58,1.0,1.0,1.0,2019,POINT (5.505936692955914 46.082911881324506),46.082911881324506,5.505936692955914,True,2019-03-06,NATURELS,1.0,871f91113ffffff
19BB011284,NATURELS,2019-03-06 17:13:08,2019-03-06 17:53:24,1.0,1.0,1.0,2019,POINT (5.249071572183218 45.9111175294852),45.9111175294852,5.249071572183218,True,2019-03-06,NATURELS,1.0,871f91cd8ffffff
19BB011288,NATURELS,2019-03-06 18:04:24,2019-03-06 19:03:18,1.0,1.0,1.0,2019,POINT (4.8675732440495825 45.966814909220524),45.96681490922053,4.867573244049583,True,2019-03-06,NATURELS,1.0,871f9036dffffff
19BB011294,NATURELS,2019-03-06 18:35:50,2019-03-06 21:14:00,1.0,1.0,1.0,2019,POINT (4.944485527127007 46.32982787298245),46.32982787298245,4.944485527127007,True,2019-03-06,NATURELS,1.0,871f956f6ffffff
19BB011311,NATURELS,2019-03-06 19:57:24,2019-03-06 20:51:20,1.0,1.0,1.0,2019,POINT (4.813473343465119 45.903954299373666),45.90395429937367,4.813473343465119,True,2019-03-06,NATURELS,1.0,871f90340ffffff
19BB011314,NATURELS,2019-03-06 20:09:05,2019-03-07 00:39:54,1.0,5.0,1.0,2019,POINT (5.449633480153505 46.28147747780443),46.28147747780443,5.449633480153505,True,2019-03-06,NATURELS,1.0,871f918aaffffff
19BB011478,NATURELS,2019-03-07 15:19:52,2019-03-07 16:56:38,1.0,1.0,1.0,2019,POINT (5.250703554164552 45.974609920484596),45.9746099204846,5.250703554164552,True,2019-03-07,FORET,1.0,871f91cc1ffffff
19BB011485,NATURELS,2019-03-07 16:02:40,2019-03-07 16:38:42,1.0,1.0,1.0,2019,POINT (4.98006274183351 46.204514883743784),46.20451488374378,4.98006274183351,True,2019-03-07,NATURELS,1.0,871f91d05ffffff
19BB012183,NATURELS,2019-03-11 21:45:47,2019-03-11 22:40:41,1.0,1.0,1.0,2019,POINT (5.176659769975309 46.13817271319417),46.13817271319417,5.176659769975309,True,2019-03-11,NATURELS,1.0,871f91c2dffffff
19BB012233,NATURELS,2019-03-12 10:00:05,2019-03-12 10:46:57,1.0,1.0,1.0,2019,POINT (5.186445136111271 45.939971783804395),45.9399717838044,5.186445136111271,True,2019-03-12,FORET,1.0,871f91cd5ffffff
19BB013282,NATURELS,2019-03-18 14:57:21,2019-03-18 15:59:48,1.0,1.0,1.0,2019,POINT (5.569816237372489 45.715007022097666),45.71500702209767,5.569816237372489,True,2019-03-18,NATURELS,1.0,871f9144bffffff
19BB013936,NATURELS,2019-03-22 12:03:54,2019-03-22 13:00:00,1.0,2.0,1.0,2019,POINT (5.829413243832938 46.10735538975008),46.10735538975008,5.829413243832938,True,2019-03-22,NATURELS,1.0,871f91066ffffff
19BB013961,NATURELS,2019-03-22 14:47:22,2019-03-22 15:20:05,1.0,1.0,1.0,2019,POINT (6.066681214944272 46.313506729070475),46.31350672907048,6.066681214944272,True,2019-03-22,NATURELS,1.0,871f91a03ffffff
19BB013962,NATURELS,2019-03-22 14:49:38,2019-03-22 16:43:24,1.0,1.0,1.0,2019,POINT (5.035750897080081 46.00744627700179),46.00744627700179,5.035750897080081,True,2019-03-22,NATURELS,1.0,871f91c12ffffff
19BB013979,NATURELS,2019-03-22 16:03:25,2019-03-22 16:53:55,1.0,6.0,1.0,2019,POINT (5.655320778801857 46.257765120417965),46.257765120417965,5.655320778801857,True,2019-03-22,NATURELS,1.0,871f918ceffffff
19BB013997,NATURELS,2019-03-22 18:19:00,2019-03-22 18:37:53,1.0,1.0,1.0,2019,POINT (5.688058583638522 45.761836994640746),45.761836994640746,5.688058583638522,True,2019-03-22,NATURELS,1.0,871f91700ffffff
19BB014121,NATURELS,2019-03-23 13:13:14,2019-03-23 14:36:03,1.0,1.0,1.0,2019,POINT (6.044749848547892 46.29972497364665),46.29972497364665,6.044749848547892,True,2019-03-23,NATURELS,1.0,871f91a1cffffff
19BB014140,NATURELS,2019-03-23 14:39:20,2019-03-23 15:43:58,1.0,1.0,1.0,2019,POINT (5.792780247409324 46.175250370652755),46.17525037065276,5.792780247409324,True,2019-03-23,NATURELS,1.0,871f91141ffffff
19BB014152,NATURELS,2019-03-23 15:21:39,2019-03-23 19:21:16,1.0,5.0,1.0,2019,POINT (5.525392318068848 46.002720646516245),46.002720646516245,5.525392318068848,True,2019-03-23,NATURELS,1.0,871f9118dffffff
19BB014153,NATURELS,2019-03-23 15:25:36,2019-03-23 17:40:31,1.0,2.0,1.0,2019,POINT (5.645516271301563 46.03449517892471),46.03449517892471,5.645516271301563,True,2019-03-23,NATURELS,1.0,871f91004ffffff
19BB014161,NATURELS,2019-03-23 15:54:12,2019-03-23 20:20:04,1.0,4.0,1.0,2019,POINT (5.6838933577666175 45.93858454421499),45.93858454421499,5.6838933577666175,True,2019-03-23,NATURELS,1.0,871f910f4ffffff
19BB014168,NATURELS,2019-03-23 16:11:55,2019-03-23 17:21:21,1.0,1.0,1.0,2019,POINT (5.98118906303156 46.23697479438497),46.23697479438497,5.98118906303156,True,2019-03-23,NATURELS,1.0,871f91aaeffffff
19BB014181,NATURELS,2019-03-23 17:21:26,2019-03-23 18:00:24,1.0,1.0,1.0,2019,POINT (5.4553226599071625 45.8082958357263),45.8082958357263,5.4553226599071625,True,2019-03-23,NATURELS,1.0,871f91464ffffff
19BB014212,NATURELS,2019-03-23 20:29:32,2019-03-23 23:20:49,1.0,1.0,1.0,2019,POINT (5.416992067867631 45.84866338579994),45.84866338579994,5.416992067867631,True,2019-03-23,NATURELS,1.0,871f9154effffff
19BB014232,NATURELS,2019-03-23 23:14:30,2019-03-23 23:56:18,1.0,1.0,1.0,2019,POINT (6.030589542524118 46.27622898619718),46.27622898619718,6.030589542524118,True,2019-03-23,NATURELS,1.0,871f91a1effffff
19BB014285,NATURELS,2019-03-24 10:39:03,2019-03-24 11:47:46,1.0,1.0,1.0,2019,POINT (5.10576776802573 45.82443061554262),45.82443061554262,5.10576776802573,True,2019-03-24,NATURELS,1.0,871f91506ffffff
19BB014287,NATURELS,2019-03-24 10:42:24,2019-03-24 13:28:18,1.0,2.0,1.0,2019,POINT (5.667560002641482 46.21013826164993),46.21013826164993,5.667560002641482,True,2019-03-24,NATURELS,1.0,871f918dbffffff
19BB014305,NATURELS,2019-03-24 12:55:35,2019-03-24 13:27:03,1.0,1.0,1.0,2019,POINT (6.09366570263195 46.26622821159835),46.26622821159835,6.09366570263195,True,2019-03-24,FORET,1.0,871f91a1bffffff
19BB014311,NATURELS,2019-03-24 13:25:25,2019-03-24 14:18:06,1.0,1.0,1.0,2019,POINT (5.410229593129438 46.10026990512053),46.10026990512053,5.410229593129438,True,2019-03-24,NATURELS,1.0,871f91c48ffffff
19BB014320,NATURELS,2019-03-24 14:28:33,2019-03-24 15:54:29,1.0,1.0,1.0,2019,POINT (5.345097845785335 45.900101792619964),45.90010179261997,5.345097845785335,True,2019-03-24,NATURELS,1.0,871f91560ffffff
19BB014409,NATURELS,2019-03-24 21:47:29,2019-03-24 22:32:04,1.0,1.0,1.0,2019,POINT (5.440116106206041 45.8096352990729),45.8096352990729,5.440116106206041,True,2019-03-24,NATURELS,1.0,871f91464ffffff
19BB014524,NATURELS,2019-03-25 16:45:25,2019-03-25 17:54:47,1.0,1.0,1.0,2019,POINT (5.59290006056198 46.02284343799154),46.02284343799154,5.59290006056198,True,2019-03-25,NATURELS,1.0,871f91033ffffff
19BB014525,NATURELS,2019-03-25 16:47:08,2019-03-25 18:33:51,1.0,1.0,1.0,2019,POINT (5.472380669204023 45.964625581419895),45.964625581419895,5.472380669204023,True,2019-03-25,NATURELS,1.0,871f9119dffffff
19BB014557,NATURELS,2019-03-25 20:41:04,2019-03-25 22:00:10,1.0,1.0,1.0,2019,POINT (5.59290006056198 46.02284343799154),46.02284343799154,5.59290006056198,True,2019-03-25,NATURELS,1.0,871f91033ffffff
19BB014562,NATURELS,2019-03-25 21:32:06,2019-03-25 22:18:36,1.0,1.0,1.0,2019,POINT (5.0041161793263065 46.40851538204772),46.40851538204772,5.0041161793263065,True,2019-03-25,FORET,1.0,871f9560affffff
19BB014631,NATURELS,2019-03-26 10:40:30,2019-03-26 11:06:38,1.0,1.0,1.0,2019,POINT (4.7569530028513345 45.98353862259974),45.98353862259974,4.756953002851335,True,2019-03-26,NATURELS,1.0,871f90364ffffff
19BB014637,NATURELS,2019-03-26 11:08:53,2019-04-05 13:18:55,1.0,3.0,1.0,2019,POINT (5.238780441915332 46.23900528633963),46.23900528633963,5.238780441915332,True,2019-03-26,NATURELS,1.0,871f91d6affffff
19BB014642,NATURELS,2019-03-26 11:39:14,2019-03-26 12:39:17,1.0,1.0,1.0,2019,POINT (6.073546484129656 46.31921633414652),46.31921633414652,6.073546484129656,True,2019-03-26,NATURELS,1.0,871f91a03ffffff
19BB014690,NATURELS,2019-03-26 16:58:28,2019-03-26 18:24:04,1.0,1.0,1.0,2019,POINT (5.637056820473143 45.758125483961024),45.758125483961024,5.637056820473143,True,2019-03-26,NATURELS,1.0,871f91733ffffff
19BB014743,NATURELS,2019-03-26 23:02:28,2019-03-27 01:34:45,1.0,2.0,1.0,2019,POINT (5.468437337299221 46.045177576589595),46.0451775765896,5.468437337299221,True,2019-03-26,NATURELS,1.0,871f911aeffffff
19BB014817,NATURELS,2019-03-27 11:56:42,2019-03-27 21:15:24,1.0,16.0,1.0,2019,POINT (5.47597167700294 46.252657928008055),46.252657928008055,5.47597167700294,True,2019-03-27,NATURELS,1.0,871f9188cffffff
19BB014837,NATURELS,2019-03-27 13:43:10,2019-03-27 14:48:22,1.0,2.0,1.0,2019,POINT (5.363815488776856 45.959806578320205),45.959806578320205,5.363815488776856,True,2019-03-27,NATURELS,1.0,871f91194ffffff
19BB014859,NATURELS,2019-03-27 15:58:40,2019-03-27 17:25:13,1.0,1.0,1.0,2019,POINT (5.685450211727338 45.84660612343268),45.84660612343268,5.685450211727338,True,2019-03-27,NATURELS,1.0,871f91725ffffff
19BB014860,NATURELS,2019-03-27 16:01:59,2019-03-27 19:36:45,1.0,5.0,1.0,2019,POINT (5.4957734175450295 45.95874967562764),45.95874967562764,5.4957734175450295,True,2019-03-27,NATURELS,1.0,871f9119dffffff
19BB014881,NATURELS,2019-03-27 18:59:30,2019-03-27 19:37:10,1.0,1.0,1.0,2019,POINT (5.768381390092808 45.76146310144488),45.76146310144488,5.768381390092808,True,2019-03-27,NATURELS,1.0,871f91708ffffff
19BB014884,NATURELS,2019-03-27 19:13:36,2019-03-27 20:18:50,1.0,1.0,1.0,2019,POINT (5.185048487940195 46.04621340215481),46.04621340215481,5.185048487940195,True,2019-03-27,NATURELS,1.0,871f91ce4ffffff
19BB014890,NATURELS,2019-03-27 19:43:17,2019-03-27 21:32:09,1.0,1.0,1.0,2019,POINT (5.967849014928502 46.24091604321998),46.24091604321998,5.967849014928502,True,2019-03-27,NATURELS,1.0,871f91aa1ffffff
19BB014893,NATURELS,2019-03-27 20:05:58,2019-03-27 21:29:19,1.0,1.0,1.0,2019,POINT (4.8977601828099395 45.94928181560576),45.94928181560576,4.89776018280994,True,2019-03-27,FORET,1.0,871f91cb6ffffff
19BB015008,NATURELS,2019-03-28 13:44:09,2019-03-28 16:42:58,1.0,1.0,1.0,2019,POINT (5.0845401847637275 45.833548758543294),45.833548758543294,5.084540184763728,True,2019-03-28,NATURELS,1.0,871f91531ffffff
19BB015015,NATURELS,2019-03-28 14:24:55,2019-03-28 15:33:17,1.0,1.0,1.0,2019,POINT (5.915004286420618 46.188686798843854),46.188686798843854,5.915004286420618,True,2019-03-28,NATURELS,1.0,871f91ab3ffffff
19BB015027,NATURELS,2019-03-28 15:23:56,2019-03-28 17:00:47,1.0,1.0,1.0,2019,POINT (5.086864407957115 45.888460077952175),45.888460077952175,5.086864407957115,True,2019-03-28,FORET,1.0,871f91524ffffff
19BB015033,NATURELS,2019-03-28 16:08:40,2019-03-28 17:13:33,1.0,1.0,1.0,2019,POINT (4.973986572177202 45.896941296787034),45.89694129678704,4.973986572177202,True,2019-03-28,NATURELS,1.0,871f91c90ffffff
19BB015045,NATURELS,2019-03-28 16:49:11,2019-03-28 18:32:37,1.0,2.0,1.0,2019,POINT (5.377833566364913 46.090972624417894),46.09097262441789,5.377833566364913,True,2019-03-28,NATURELS,1.0,871f91c4effffff
19BB015064,NATURELS,2019-03-28 19:06:52,2019-03-28 21:27:54,1.0,1.0,1.0,2019,POINT (4.995795370884886 46.32355056750229),46.32355056750229,4.995795370884886,True,2019-03-28,NATURELS,1.0,871f956f3ffffff
19BB015129,NATURELS,2019-03-29 08:48:36,2019-03-29 10:05:57,1.0,1.0,1.0,2019,POINT (5.238780441915332 46.23900528633963),46.23900528633963,5.238780441915332,True,2019-03-29,FORET,1.0,871f91d6affffff
19BB015157,NATURELS,2019-03-29 11:24:09,2019-03-29 14:17:08,1.0,2.0,1.0,2019,POINT (5.826709049654569 46.10779021070722),46.10779021070722,5.826709049654569,True,2019-03-29,NATURELS,1.0,871f91066ffffff
19BB015160,NATURELS,2019-03-29 11:37:10,2019-03-29 13:47:03,1.0,4.0,1.0,2019,POINT (5.646026870816414 45.849682579115225),45.849682579115225,5.646026870816414,True,2019-03-29,NATURELS,1.0,871f9108affffff
19BB015195,NATURELS,2019-03-29 15:26:10,2019-03-29 16:50:09,1.0,1.0,1.0,2019,POINT (4.763821174896561 46.02257322671837),46.02257322671837,4.763821174896561,True,2019-03-29,FORET,1.0,871f90acdffffff
19BB015200,NATURELS,2019-03-29 16:06:51,2019-03-29 16:37:18,1.0,1.0,1.0,2019,POINT (5.19906181168479 45.912967443618584),45.91296744361858,5.19906181168479,True,2019-03-29,NATURELS,1.0,871f91cd3ffffff
19BB015201,NATURELS,2019-03-29 16:07:00,2019-03-29 16:14:01,1.0,1.0,1.0,2019,POINT (5.1993714899308685 45.91618258103199),45.91618258103199,5.1993714899308685,True,2019-03-29,NATURELS,1.0,871f91cd1ffffff
19BB015217,NATURELS,2019-03-29 17:21:37,2019-03-29 18:00:29,1.0,1.0,1.0,2019,POINT (5.42960823735134 45.83910618437945),45.83910618437945,5.42960823735134,True,2019-03-29,NATURELS,1.0,871f91548ffffff
19BB015225,NATURELS,2019-03-29 17:54:20,2019-03-29 18:45:35,1.0,1.0,1.0,2019,POINT (5.606305594453293 46.15506848692038),46.15506848692038,5.606305594453293,True,2019-03-29,NATURELS,1.0,871f9112bffffff
19BB015304,NATURELS,2019-03-30 09:22:56,2019-03-30 09:44:41,1.0,1.0,1.0,2019,POINT (5.25394729725591 46.21376680605603),46.21376680605603,5.25394729725591,True,2019-03-30,NATURELS,1.0,871f91d48ffffff
19BB015320,NATURELS,2019-03-30 11:00:16,2019-03-30 12:00:49,1.0,1.0,1.0,2019,POINT (5.575777758831894 46.135623829073346),46.13562382907335,5.575777758831894,True,2019-03-30,NATURELS,1.0,871f91101ffffff
19BB015324,NATURELS,2019-03-30 11:15:16,2019-03-30 12:39:36,1.0,1.0,1.0,2019,POINT (5.1557415349910745 45.81514901079873),45.81514901079873,5.1557415349910745,True,2019-03-30,NATURELS,1.0,871f91503ffffff
19BB015329,NATURELS,2019-03-30 11:52:15,2019-03-30 12:30:18,1.0,1.0,1.0,2019,POINT (5.447945712959319 45.960873044853535),45.960873044853535,5.447945712959319,True,2019-03-30,NATURELS,1.0,871f9119cffffff
19BB015333,NATURELS,2019-03-30 12:12:58,2019-03-30 17:01:05,1.0,5.0,1.0,2019,POINT (5.036777798117897 45.89674871140165),45.89674871140165,5.036777798117897,True,2019-03-30,NATURELS,1.0,871f91c9cffffff
19BB015339,NATURELS,2019-03-30 12:41:28,2019-03-30 14:39:59,1.0,1.0,1.0,2019,POINT (5.455556900350996 46.04151854959989),46.04151854959989,5.455556900350996,True,2019-03-30,NATURELS,1.0,871f911a1ffffff
19BB015346,NATURELS,2019-03-30 12:58:33,2019-03-30 15:01:24,1.0,2.0,1.0,2019,POINT (5.410229593129438 46.10026990512053),46.10026990512053,5.410229593129438,True,2019-03-30,NATURELS,1.0,871f91c48ffffff
19BB015374,NATURELS,2019-03-30 15:25:25,2019-03-30 16:49:29,1.0,1.0,1.0,2019,POINT (4.911536109140277 46.279117212009595),46.2791172120096,4.911536109140277,True,2019-03-30,NATURELS,1.0,871f9568affffff
19BB015384,NATURELS,2019-03-30 16:15:25,2019-03-31 12:16:09,1.0,12.0,1.0,2019,POINT (5.0484175494419175 45.998959338371996),45.998959338372,5.0484175494419175,True,2019-03-30,NATURELS,1.0,871f91cacffffff
19BB015392,NATURELS,2019-03-30 16:54:32,2019-03-30 18:30:41,1.0,5.0,1.0,2019,POINT (5.9511989005130115 46.146430263722756),46.14643026372276,5.951198900513012,True,2019-03-30,NATURELS,1.0,871f91a91ffffff
19BB015395,NATURELS,2019-03-30 17:05:28,2019-03-30 18:47:07,1.0,1.0,1.0,2019,POINT (5.0609303193176505 46.01212519453307),46.01212519453307,5.0609303193176505,True,2019-03-30,NATURELS,1.0,871f91c13ffffff
19BB015397,NATURELS,2019-03-30 17:09:02,2019-03-30 18:42:39,1.0,2.0,1.0,2019,POINT (5.178119666378491 46.072874400967926),46.072874400967926,5.178119666378491,True,2019-03-30,NATURELS,1.0,871f91c08ffffff
19BB015400,NATURELS,2019-03-30 17:19:24,2019-03-30 18:35:34,1.0,1.0,1.0,2019,POINT (5.533170786089491 45.775646704897035),45.77564670489704,5.533170786089491,True,2019-03-30,NATURELS,1.0,871f91468ffffff
19BB015401,NATURELS,2019-03-30 17:21:45,2019-03-31 04:27:23,1.0,5.0,1.0,2019,POINT (4.927976743218595 45.91011732827947),45.91011732827947,4.927976743218595,True,2019-03-30,NATURELS,1.0,871f91c94ffffff
19BB015417,NATURELS,2019-03-30 18:42:14,2019-03-30 20:18:38,1.0,1.0,1.0,2019,POINT (5.815843802465456 46.19255475070683),46.19255475070683,5.815843802465456,True,2019-03-30,NATURELS,1.0,871f9116bffffff
19BB015422,NATURELS,2019-03-30 19:08:44,2019-03-30 21:36:07,1.0,1.0,1.0,2019,POINT (5.021099894359882 46.02666453354986),46.02666453354986,5.021099894359882,True,2019-03-30,NATURELS,1.0,871f91c16ffffff
19BB015469,NATURELS,2019-03-30 22:53:08,2019-03-31 00:03:36,1.0,1.0,1.0,2019,POINT (5.6640124574945725 46.26021163252216),46.26021163252216,5.6640124574945725,True,2019-03-30,FORET,1.0,871f918ceffffff
19BB015557,NATURELS,2019-03-31 15:08:48,2019-03-31 18:39:02,1.0,2.0,1.0,2019,POINT (5.484076955364042 45.93470296703697),45.93470296703697,5.484076955364042,True,2019-03-31,NATURELS,1.0,871f9119bffffff
19BB015565,NATURELS,2019-03-31 15:33:10,2019-03-31 18:48:51,1.0,2.0,1.0,2019,POINT (6.1115308129594865 46.367732525174915),46.36773252517492,6.111530812959487,True,2019-03-31,NATURELS,1.0,871f91a28ffffff
19BB015575,NATURELS,2019-03-31 16:13:17,2019-03-31 18:58:10,1.0,5.0,1.0,2019,POINT (5.6396688816578395 45.76584667308751),45.76584667308751,5.63966888165784,True,2019-03-31,NATURELS,1.0,871f91733ffffff
19BB015612,NATURELS,2019-03-31 20:05:27,2019-03-31 21:11:25,1.0,1.0,1.0,2019,POINT (5.43259275343706 46.03966592869021),46.03966592869021,5.43259275343706,True,2019-03-31,NATURELS,1.0,871f911a3ffffff
19BB015618,NATURELS,2019-03-31 20:45:29,2019-03-31 23:30:20,1.0,1.0,1.0,2019,POINT (5.776727687030413 46.081820494950435),46.08182049495044,5.776727687030413,True,2019-03-31,FORET,1.0,871f91074ffffff
19BB015713,NATURELS,2019-04-01 13:05:31,2019-04-01 14:41:58,1.0,1.0,1.0,2019,POINT (5.999405030291442 46.24169186089595),46.24169186089595,5.999405030291442,True,2019-04-01,NATURELS,1.0,871f91aaeffffff
19BB015732,NATURELS,2019-04-01 14:48:36,2019-04-01 19:56:28,1.0,6.0,1.0,2019,POINT (5.485804629553103 46.110802878706124),46.11080287870613,5.485804629553103,True,2019-04-01,NATURELS,1.0,871f91115ffffff
19BB015747,NATURELS,2019-04-01 16:51:12,2019-04-01 19:16:22,1.0,1.0,1.0,2019,POINT (5.90987805822844 46.13892704030406),46.13892704030406,5.90987805822844,True,2019-04-01,NATURELS,1.0,871f91a90ffffff
19BB015752,NATURELS,2019-04-01 17:22:11,2019-04-01 18:16:01,1.0,1.0,1.0,2019,POINT (4.8775968389726785 46.33084162122726),46.33084162122726,4.877596838972679,True,2019-04-01,NATURELS,1.0,871f956aaffffff
19BB015756,NATURELS,2019-04-01 17:39:39,2019-04-01 18:33:09,1.0,1.0,1.0,2019,POINT (5.968154457384768 46.223874781730025),46.223874781730025,5.968154457384768,True,2019-04-01,NATURELS,1.0,871f91aa3ffffff
19BB015764,NATURELS,2019-04-01 18:39:22,2019-04-01 20:03:59,1.0,1.0,1.0,2019,POINT (5.097539737090806 45.864657452300136),45.864657452300136,5.097539737090806,True,2019-04-01,NATURELS,1.0,871f91522ffffff
19BB015779,NATURELS,2019-04-01 20:10:34,2019-04-01 21:06:58,1.0,1.0,1.0,2019,POINT (5.999592677426903 46.24158671559286),46.24158671559286,5.999592677426903,True,2019-04-01,FORET,1.0,871f91aaeffffff
19BB015788,NATURELS,2019-04-01 21:06:51,2019-04-01 23:28:46,1.0,1.0,1.0,2019,POINT (6.052660475853832 46.30481605131784),46.30481605131784,6.052660475853832,True,2019-04-01,NATURELS,1.0,871f91a1cffffff
19BB015877,NATURELS,2019-04-02 12:29:16,2019-04-02 12:36:31,1.0,1.0,1.0,2019,POINT (5.218020838630387 45.78135739139102),45.78135739139102,5.218020838630387,True,2019-04-02,NATURELS,1.0,871f91424ffffff
19BB015920,NATURELS,2019-04-02 16:50:29,2019-04-02 18:07:45,1.0,1.0,1.0,2019,POINT (5.177728666617738 45.89826622987389),45.89826622987389,5.177728666617738,True,2019-04-02,NATURELS,1.0,871f91cd2ffffff
19BB015921,NATURELS,2019-04-02 17:05:26,2019-04-02 18:42:59,1.0,1.0,1.0,2019,POINT (5.30284398562687 46.138209045799876),46.13820904579988,5.30284398562687,True,2019-04-02,NATURELS,1.0,871f91c63ffffff
19BB015935,NATURELS,2019-04-02 17:50:47,2019-04-02 18:30:43,1.0,1.0,1.0,2019,POINT (5.818687876865608 46.09387166108673),46.09387166108673,5.818687876865608,True,2019-04-02,FORET,1.0,871f91066ffffff
19BB015961,NATURELS,2019-04-02 20:21:52,2019-04-02 22:07:55,1.0,1.0,1.0,2019,POINT (5.573975777642928 46.04446792870649),46.04446792870649,5.573975777642928,True,2019-04-02,NATURELS,1.0,871f91034ffffff
19BB015963,NATURELS,2019-04-02 20:27:39,2019-04-02 22:30:21,1.0,1.0,1.0,2019,POINT (5.566495208053425 45.80889150139881),45.80889150139881,5.566495208053425,True,2019-04-02,NATURELS,1.0,871f9146dffffff
19BB015973,NATURELS,2019-04-02 22:06:38,2019-04-02 23:35:56,1.0,1.0,1.0,2019,POINT (5.676218324437926 45.68868387636503),45.68868387636503,5.676218324437926,True,2019-04-02,NATURELS,1.0,871f917adffffff
19BB015993,NATURELS,2019-04-03 06:52:28,2019-04-03 07:46:25,1.0,1.0,1.0,2019,POINT (5.344686911759772 45.90154432336333),45.90154432336333,5.344686911759772,True,2019-04-03,NATURELS,1.0,871f91560ffffff
19BB016463,NATURELS,2019-04-05 19:20:30,2019-04-05 20:06:29,1.0,1.0,1.0,2019,POINT (4.898543292446908 46.34213582633022),46.34213582633022,4.898543292446908,True,2019-04-05,NATURELS,1.0,871f956a8ffffff
19BB016569,NATURELS,2019-04-06 11:24:04,2019-04-06 11:55:40,1.0,1.0,1.0,2019,POINT (4.76115814450556 46.08965361992687),46.08965361992687,4.76115814450556,True,2019-04-06,NATURELS,1.0,871f90a5affffff
19BB016586,NATURELS,2019-04-06 13:35:56,2019-04-06 14:48:48,1.0,2.0,1.0,2019,POINT (5.759417273308686 45.7292730115428),45.7292730115428,5.759417273308686,True,2019-04-06,NATURELS,1.0,871f91719ffffff
19BB016608,NATURELS,2019-04-06 15:53:40,2019-04-06 18:22:04,1.0,2.0,1.0,2019,POINT (4.907678388293581 45.86304501433041),45.86304501433041,4.907678388293581,True,2019-04-06,NATURELS,1.0,871f90265ffffff
19BB016984,NATURELS,2019-04-08 18:11:47,2019-04-08 19:19:19,1.0,1.0,1.0,2019,POINT (4.753392508196869 46.02049280551192),46.02049280551192,4.753392508196869,True,2019-04-08,NATURELS,1.0,871f90ac8ffffff
19BB017116,NATURELS,2019-04-09 15:24:23,2019-04-09 16:05:05,1.0,1.0,1.0,2019,POINT (5.188789371611596 45.940137515110024),45.94013751511002,5.188789371611596,True,2019-04-09,NATURELS,1.0,871f91cd5ffffff
19BB017153,NATURELS,2019-04-09 20:21:00,2019-04-10 01:39:04,1.0,1.0,1.0,2019,POINT (6.0118941894867906 46.28117833273545),46.28117833273545,6.011894189486791,True,2019-04-09,NATURELS,1.0,871f91a13ffffff
19BB017158,NATURELS,2019-04-09 20:40:14,2019-04-09 21:41:41,1.0,1.0,1.0,2019,POINT (5.457879095207777 45.795277314726064),45.795277314726064,5.457879095207777,True,2019-04-09,NATURELS,1.0,871f91460ffffff
19BB017221,NATURELS,2019-04-10 09:38:00,2019-04-10 11:20:31,1.0,1.0,1.0,2019,POINT (5.596864259133544 46.01604744698845),46.01604744698845,5.596864259133544,True,2019-04-10,NATURELS,1.0,871f91033ffffff
19BB017556,NATURELS,2019-04-12 11:12:01,2019-04-12 11:54:23,1.0,1.0,1.0,2019,POINT (5.713825259201987 45.87763539518546),45.87763539518546,5.713825259201987,True,2019-04-12,NATURELS,1.0,871f910d4ffffff
19BB017777,NATURELS,2019-04-13 15:29:09,2019-04-13 18:35:00,1.0,2.0,1.0,2019,POINT (5.618544644516642 45.77363386732292),45.77363386732292,5.618544644516642,True,2019-04-13,NATURELS,1.0,871f91730ffffff
19BB017838,NATURELS,2019-04-13 20:28:54,2019-04-13 21:26:28,1.0,1.0,1.0,2019,POINT (5.190594035124495 45.82211063547863),45.82211063547863,5.190594035124495,True,2019-04-13,NATURELS,1.0,871f9150effffff
19BB017978,NATURELS,2019-04-14 16:27:22,2019-04-14 17:45:48,1.0,1.0,1.0,2019,POINT (5.79756530119118 46.165666049848134),46.16566604984813,5.79756530119118,True,2019-04-14,NATURELS,1.0,871f9114cffffff
19BB018074,NATURELS,2019-04-15 10:27:19,2019-04-15 11:23:20,1.0,1.0,1.0,2019,POINT (5.684188940645507 45.874315972248496),45.874315972248496,5.684188940645507,True,2019-04-15,NATURELS,1.0,871f91089ffffff
19BB018171,NATURELS,2019-04-15 20:11:22,2019-04-15 20:26:22,1.0,1.0,1.0,2019,POINT (5.642798773554717 46.25957211306888),46.25957211306888,5.642798773554717,True,2019-04-15,NATURELS,1.0,871f918c3ffffff
19BB018444,NATURELS,2019-04-17 15:50:29,2019-04-17 16:54:10,1.0,1.0,1.0,2019,POINT (5.626723140791112 46.246830052210846),46.246830052210846,5.626723140791112,True,2019-04-17,NATURELS,1.0,871f918dcffffff
19BB018460,NATURELS,2019-04-17 17:16:52,2019-04-17 17:58:56,1.0,1.0,1.0,2019,POINT (4.944985369539092 45.81680831623574),45.81680831623574,4.944985369539092,True,2019-04-17,NATURELS,1.0,871f90245ffffff
19BB018471,NATURELS,2019-04-17 18:23:21,2019-04-17 19:02:27,1.0,1.0,1.0,2019,POINT (6.093756245380211 46.34889381464516),46.34889381464516,6.093756245380211,True,2019-04-17,NATURELS,1.0,871f91a2affffff
19BB018495,NATURELS,2019-04-17 20:54:13,2019-04-17 23:35:41,1.0,1.0,1.0,2019,POINT (5.167348887418896 46.33861981852389),46.33861981852389,5.167348887418896,True,2019-04-17,NATURELS,1.0,871f956c9ffffff
19BB018804,NATURELS,2019-04-19 17:02:34,2019-04-19 19:42:58,1.0,1.0,1.0,2019,POINT (5.44660952666909 46.103163794747644),46.10316379474765,5.44660952666909,True,2019-04-19,NATURELS,1.0,871f91114ffffff
19BB018812,NATURELS,2019-04-19 17:36:30,2019-04-19 17:53:20,1.0,1.0,1.0,2019,POINT (4.95383756399923 45.8221115995718),45.8221115995718,4.95383756399923,True,2019-04-19,NATURELS,1.0,871f90245ffffff
19BB018823,NATURELS,2019-04-19 18:38:15,2019-04-19 19:54:38,1.0,1.0,1.0,2019,POINT (5.173097398533945 46.227444285397375),46.227444285397375,5.173097398533945,True,2019-04-19,NATURELS,1.0,871f91d44ffffff
19BB018825,NATURELS,2019-04-19 18:43:47,2019-04-19 20:43:14,1.0,1.0,1.0,2019,POINT (4.913700688161814 46.40476909422008),46.40476909422008,4.913700688161814,True,2019-04-19,NATURELS,1.0,871f95611ffffff
19BB018876,NATURELS,2019-04-20 03:45:08,2019-04-20 04:56:26,1.0,1.0,1.0,2019,POINT (5.7830779664977285 45.856154940176694),45.85615494017669,5.7830779664977285,True,2019-04-20,NATURELS,1.0,871f910deffffff
19BB018886,NATURELS,2019-04-20 06:28:45,2019-04-20 07:18:48,1.0,1.0,1.0,2019,POINT (6.057924006687851 46.32896242394676),46.32896242394676,6.057924006687851,True,2019-04-20,NATURELS,1.0,871f91a00ffffff
19BB018943,NATURELS,2019-04-20 12:04:53,2019-04-20 14:53:00,1.0,1.0,1.0,2019,POINT (5.213713161729694 45.80698167472014),45.80698167472014,5.213713161729694,True,2019-04-20,NATURELS,1.0,871f9150affffff
19BB018974,NATURELS,2019-04-20 14:11:06,2019-04-20 14:54:45,1.0,1.0,1.0,2019,POINT (5.333741984594644 46.05055520015836),46.05055520015836,5.333741984594644,True,2019-04-20,NATURELS,1.0,871f91c58ffffff
19BB019098,NATURELS,2019-04-21 07:55:33,2019-04-21 08:36:49,1.0,1.0,1.0,2019,POINT (5.359545123005151 46.05463887116203),46.05463887116203,5.359545123005151,True,2019-04-21,NATURELS,1.0,871f91c59ffffff
19BB019271,NATURELS,2019-04-22 11:11:56,2019-04-22 11:56:13,1.0,1.0,1.0,2019,POINT (5.192783503834945 45.9060867195504),45.9060867195504,5.192783503834945,True,2019-04-22,NATURELS,1.0,871f91cd3ffffff
19BB019313,NATURELS,2019-04-22 15:23:12,2019-04-22 16:31:18,1.0,1.0,1.0,2019,POINT (5.8151739734261785 46.096015269984306),46.09601526998431,5.8151739734261785,True,2019-04-22,FORET,1.0,871f91066ffffff
19BB019335,NATURELS,2019-04-22 17:31:26,2019-04-22 18:20:24,1.0,1.0,1.0,2019,POINT (5.364928622132111 45.95612121416891),45.95612121416891,5.364928622132111,True,2019-04-22,FORET,1.0,871f91196ffffff
19BB019708,NATURELS,2019-04-24 18:10:18,2019-04-24 19:19:21,1.0,2.0,1.0,2019,POINT (4.963895125248427 46.11054133047506),46.11054133047506,4.963895125248427,True,2019-04-24,NATURELS,1.0,871f91dadffffff
19BB019899,NATURELS,2019-04-25 16:06:10,2019-04-25 18:01:22,1.0,1.0,1.0,2019,POINT (6.062017425316789 46.31506519513325),46.31506519513325,6.062017425316789,True,2019-04-25,NATURELS,1.0,871f91a03ffffff
19BB019913,NATURELS,2019-04-25 17:11:26,2019-04-25 18:56:07,1.0,2.0,1.0,2019,POINT (5.382748296242806 46.06398208758361),46.06398208758361,5.382748296242806,True,2019-04-25,NATURELS,1.0,871f91c59ffffff
19BB020263,NATURELS,2019-04-27 22:05:31,2019-04-27 23:08:13,1.0,1.0,1.0,2019,POINT (4.866663220627818 46.13500327742302),46.13500327742302,4.866663220627818,True,2019-04-27,NATURELS,1.0,871f90a4bffffff
19BB020859,NATURELS,2019-05-01 13:26:43,2019-05-01 14:16:08,1.0,1.0,1.0,2019,POINT (5.7054884639622365 45.72063088395168),45.72063088395168,5.7054884639622365,True,2019-05-01,FORET,1.0,871f9171cffffff
19BB021047,NATURELS,2019-05-02 16:52:06,2019-05-02 17:39:34,1.0,1.0,1.0,2019,POINT (4.767281952807726 45.97450421991841),45.97450421991841,4.767281952807726,True,2019-05-02,FORET,1.0,871f90364ffffff
19BB021405,NATURELS,2019-05-05 01:48:53,2019-05-05 02:07:19,1.0,1.0,1.0,2019,POINT (5.6589844678275565 46.26739214225132),46.26739214225132,5.6589844678275565,True,2019-05-05,NATURELS,1.0,871f918ceffffff
19BB021726,NATURELS,2019-05-06 22:42:09,2019-05-06 23:37:51,1.0,1.0,1.0,2019,POINT (6.046083178013572 46.238613846246935),46.238613846246935,6.046083178013572,True,2019-05-06,NATURELS,1.0,871f91aa9ffffff
19BB021756,NATURELS,2019-05-07 09:47:24,2019-05-07 10:37:43,1.0,1.0,1.0,2019,POINT (5.683632384090074 45.86349954570259),45.86349954570259,5.683632384090074,True,2019-05-07,NATURELS,1.0,871f9108bffffff
19BB021782,NATURELS,2019-05-07 12:36:19,2019-05-07 13:35:03,1.0,1.0,1.0,2019,POINT (6.071076069268143 46.312200115052285),46.312200115052285,6.071076069268143,True,2019-05-07,NATURELS,1.0,871f91a03ffffff
19BB021808,NATURELS,2019-05-07 15:38:12,2019-05-07 16:46:33,1.0,1.0,1.0,2019,POINT (5.6865439621383596 45.87741561558762),45.87741561558762,5.68654396213836,True,2019-05-07,NATURELS,1.0,871f91089ffffff
19BB022466,NATURELS,2019-05-11 19:50:41,2019-05-11 20:41:47,1.0,1.0,1.0,2019,POINT (5.142074071403478 45.882577893397695),45.882577893397695,5.142074071403478,True,2019-05-11,NATURELS,1.0,871f91521ffffff
19BB022793,NATURELS,2019-05-13 15:07:09,2019-05-13 16:26:10,1.0,1.0,1.0,2019,POINT (5.226598594192308 45.83659447696034),45.83659447696034,5.226598594192308,True,2019-05-13,NATURELS,1.0,871f9150dffffff
19BB022951,NATURELS,2019-05-14 13:49:11,2019-05-14 14:12:42,1.0,1.0,1.0,2019,POINT (4.767977898769585 45.94247195860619),45.94247195860619,4.767977898769585,True,2019-05-14,NATURELS,1.0,871f90362ffffff
19BB023133,NATURELS,2019-05-15 16:11:48,2019-05-15 16:33:26,1.0,1.0,1.0,2019,POINT (5.2477504009580365 46.21745558606871),46.21745558606871,5.2477504009580365,True,2019-05-15,NATURELS,1.0,871f91d4effffff
19BB023405,NATURELS,2019-05-16 21:19:03,2019-05-16 22:09:10,1.0,1.0,1.0,2019,POINT (5.826074614864368 46.11022337758817),46.11022337758817,5.826074614864368,True,2019-05-16,NATURELS,1.0,871f91066ffffff
19BB024596,NATURELS,2019-05-24 13:09:55,2019-05-24 15:51:03,1.0,1.0,1.0,2019,POINT (5.83878541083043 46.10510188408067),46.10510188408067,5.83878541083043,True,2019-05-24,NATURELS,1.0,871f91060ffffff
19BB024818,NATURELS,2019-05-25 15:20:22,2019-05-25 15:49:15,1.0,1.0,1.0,2019,POINT (5.365200798450784 45.94352691213234),45.94352691213234,5.365200798450784,True,2019-05-25,NATURELS,1.0,871f91196ffffff
19BB024824,NATURELS,2019-05-25 15:51:03,2019-05-25 16:45:18,1.0,1.0,1.0,2019,POINT (5.371718753561648 45.95495709231311),45.95495709231311,5.371718753561648,True,2019-05-25,FORET,1.0,871f91196ffffff
19BB025037,NATURELS,2019-05-26 19:03:43,2019-05-26 20:12:34,1.0,1.0,1.0,2019,POINT (5.339110006309849 45.90214341172833),45.90214341172833,5.339110006309849,True,2019-05-26,NATURELS,1.0,871f91560ffffff
19BB025059,NATURELS,2019-05-26 21:06:06,2019-05-26 23:41:35,1.0,5.0,1.0,2019,POINT (5.290775648821378 46.23188969208259),46.23188969208259,5.290775648821378,True,2019-05-26,NATURELS,1.0,871f91d4dffffff
19BB025210,NATURELS,2019-05-27 18:17:15,2019-05-27 19:10:02,1.0,1.0,1.0,2019,POINT (4.94606805634289 45.81954671357087),45.81954671357087,4.94606805634289,True,2019-05-27,NATURELS,1.0,871f90245ffffff
19BB025232,NATURELS,2019-05-27 20:51:53,2019-05-27 22:03:46,1.0,1.0,1.0,2019,POINT (4.974985963752708 45.81556793935695),45.81556793935695,4.974985963752708,True,2019-05-27,NATURELS,1.0,871f9026affffff
19BB025568,NATURELS,2019-05-29 20:01:15,2019-05-29 21:01:47,1.0,1.0,1.0,2019,POINT (4.932136642259487 46.4316879543089),46.4316879543089,4.932136642259487,True,2019-05-29,NATURELS,1.0,871f95603ffffff
19BB025713,NATURELS,2019-05-30 18:33:57,2019-05-30 19:43:16,1.0,1.0,1.0,2019,POINT (4.831490568057833 46.27665864599718),46.27665864599718,4.831490568057833,True,2019-05-30,NATURELS,1.0,871f95682ffffff
19BB025751,NATURELS,2019-05-30 23:50:03,2019-05-31 00:20:19,1.0,1.0,1.0,2019,POINT (5.188483839276162 45.90796928418253),45.90796928418253,5.188483839276162,True,2019-05-30,FORET,1.0,871f91cd3ffffff
19BB025890,NATURELS,2019-05-31 18:38:35,2019-05-31 20:24:29,1.0,1.0,1.0,2019,POINT (5.320635464067075 46.345585687415664),46.345585687415664,5.320635464067075,True,2019-05-31,NATURELS,1.0,871f9198effffff
19BB025929,NATURELS,2019-05-31 22:22:25,2019-05-31 23:09:27,1.0,1.0,1.0,2019,POINT (5.34714726995591 46.24881720393583),46.24881720393583,5.34714726995591,True,2019-05-31,NATURELS,1.0,871f918b3ffffff
19BB025980,NATURELS,2019-06-01 10:44:11,2019-06-01 19:34:29,1.0,2.0,1.0,2019,POINT (5.318866787639796 45.86875714913928),45.86875714913928,5.318866787639796,True,2019-06-01,FORET,1.0,871f91571ffffff
19BB026018,NATURELS,2019-06-01 14:24:04,2019-06-01 15:31:38,1.0,1.0,1.0,2019,POINT (5.389410278997197 46.1601692916187),46.1601692916187,5.389410278997197,True,2019-06-01,NATURELS,1.0,871f91c69ffffff
19BB026032,NATURELS,2019-06-01 15:47:42,2019-06-01 17:33:06,1.0,1.0,1.0,2019,POINT (4.962120285843862 46.383459982015744),46.383459982015744,4.962120285843862,True,2019-06-01,FORET,1.0,871f9561bffffff
19BB026038,NATURELS,2019-06-01 16:19:44,2019-06-01 18:35:25,1.0,1.0,1.0,2019,POINT (4.940627362359788 46.41570447851197),46.41570447851197,4.940627362359788,True,2019-06-01,NATURELS,1.0,871f9561cffffff
19BB026062,NATURELS,2019-06-01 18:41:12,2019-06-01 20:08:53,1.0,1.0,1.0,2019,POINT (5.9067664968357425 46.16881810396554),46.16881810396554,5.906766496835743,True,2019-06-01,NATURELS,1.0,871f91a95ffffff
19BB026099,NATURELS,2019-06-01 21:53:23,2019-06-01 23:42:17,1.0,1.0,1.0,2019,POINT (5.428197101687171 46.07880040397525),46.07880040397525,5.428197101687171,True,2019-06-01,NATURELS,1.0,871f91c4bffffff
19BB026213,NATURELS,2019-06-02 15:30:39,2019-06-02 16:28:49,1.0,1.0,1.0,2019,POINT (4.958439951937248 46.23183473678535),46.23183473678535,4.958439951937248,True,2019-06-02,NATURELS,1.0,871f91d23ffffff
19BB026276,NATURELS,2019-06-02 21:56:43,2019-06-02 23:30:57,1.0,1.0,1.0,2019,POINT (5.318866787639796 45.86875714913928),45.86875714913928,5.318866787639796,True,2019-06-02,NATURELS,1.0,871f91571ffffff
19BB026362,NATURELS,2019-06-03 12:49:28,2019-06-03 14:28:32,1.0,1.0,1.0,2019,POINT (6.071760517551745 46.27311359480521),46.27311359480521,6.071760517551745,True,2019-06-03,NATURELS,1.0,871f91a18ffffff
19BB026382,NATURELS,2019-06-03 14:47:13,2019-06-03 21:53:32,1.0,5.0,1.0,2019,POINT (5.554784513887799 46.26845500131837),46.26845500131837,5.554784513887799,True,2019-06-03,FORET,1.0,871f918f3ffffff
19BB026407,NATURELS,2019-06-03 17:41:46,2019-06-03 19:30:43,1.0,1.0,1.0,2019,POINT (6.047603400657557 46.30689122162286),46.30689122162286,6.047603400657557,True,2019-06-03,NATURELS,1.0,871f91a02ffffff
19BB026619,NATURELS,2019-06-04 16:14:04,2019-06-04 16:50:22,1.0,1.0,1.0,2019,POINT (5.293635067887864 46.21571706167824),46.21571706167824,5.293635067887864,True,2019-06-04,NATURELS,1.0,871f91d49ffffff
19BB026621,NATURELS,2019-06-04 16:17:18,2019-06-04 18:12:02,1.0,1.0,1.0,2019,POINT (5.27513679233271 46.233710143714376),46.233710143714376,5.27513679233271,True,2019-06-04,NATURELS,1.0,871f91d4dffffff
19BB026774,NATURELS,2019-06-05 14:02:20,2019-06-05 16:27:44,1.0,1.0,1.0,2019,POINT (4.941981341971283 46.413539997236434),46.413539997236434,4.941981341971283,True,2019-06-05,NATURELS,1.0,871f9561cffffff
19BB026902,NATURELS,2019-06-06 12:49:54,2019-06-06 13:48:51,1.0,1.0,1.0,2019,POINT (5.505267003863151 45.925113512466766),45.925113512466766,5.505267003863151,True,2019-06-06,NATURELS,1.0,871f910a6ffffff
19BB026988,NATURELS,2019-06-06 21:05:41,2019-06-06 21:41:42,1.0,1.0,1.0,2019,POINT (6.125526365484674 46.384650368426264),46.38465036842626,6.125526365484674,True,2019-06-06,NATURELS,1.0,871f91a29ffffff
19BB027088,NATURELS,2019-06-07 13:20:12,2019-06-07 13:58:50,1.0,1.0,1.0,2019,POINT (5.199287636916005 46.20767187204761),46.20767187204761,5.199287636916005,True,2019-06-07,NATURELS,1.0,871f91d43ffffff
19BB027132,NATURELS,2019-06-07 15:58:00,2019-06-07 21:46:01,1.0,4.0,1.0,2019,POINT (5.234840933518396 45.916886593601575),45.916886593601575,5.234840933518396,True,2019-06-07,NATURELS,1.0,871f91cdeffffff
19BB027143,NATURELS,2019-06-07 16:42:25,2019-06-07 17:42:25,1.0,1.0,1.0,2019,POINT (5.595798665275046 46.01638440771082),46.01638440771082,5.595798665275046,True,2019-06-07,NATURELS,1.0,871f91033ffffff
19BB027149,NATURELS,2019-06-07 17:42:45,2019-06-07 19:47:31,1.0,6.0,1.0,2019,POINT (5.466281441597455 46.12413125157336),46.12413125157336,5.466281441597455,True,2019-06-07,NATURELS,1.0,871f91133ffffff
19BB027250,NATURELS,2019-06-08 10:23:33,2019-06-08 12:04:39,1.0,1.0,1.0,2019,POINT (5.315365413603096 46.0372215198701),46.0372215198701,5.315365413603096,True,2019-06-08,FORET,1.0,871f91c5affffff
19BB027295,NATURELS,2019-06-08 14:08:19,2019-06-08 15:18:31,1.0,1.0,1.0,2019,POINT (5.221079499619559 45.86835427171439),45.86835427171439,5.221079499619559,True,2019-06-08,NATURELS,1.0,871f91529ffffff
19BB027327,NATURELS,2019-06-08 16:36:44,2019-06-08 17:24:37,1.0,1.0,1.0,2019,POINT (5.003212027479426 45.85948848996563),45.85948848996563,5.003212027479426,True,2019-06-08,NATURELS,1.0,871f9026dffffff
19BB027332,NATURELS,2019-06-08 17:01:50,2019-06-08 19:52:16,1.0,1.0,1.0,2019,POINT (4.753297132656943 46.04994674013932),46.04994674013932,4.753297132656943,True,2019-06-08,NATURELS,1.0,871f90aebffffff
19BB027954,NATURELS,2019-06-12 08:35:36,2019-06-12 09:19:35,1.0,1.0,1.0,2019,POINT (6.0749131628975 46.33816735608782),46.33816735608782,6.0749131628975,True,2019-06-12,NATURELS,1.0,871f91a01ffffff
19BB029226,NATURELS,2019-06-17 17:13:51,2019-06-17 18:11:04,1.0,1.0,1.0,2019,POINT (5.5466731241096 46.243391516994315),46.24339151699432,5.5466731241096,True,2019-06-17,NATURELS,1.0,871f918d4ffffff
19BB029239,NATURELS,2019-06-17 18:16:07,2019-06-17 19:09:48,1.0,1.0,1.0,2019,POINT (4.953639853006699 45.93446782317128),45.93446782317128,4.953639853006699,True,2019-06-17,NATURELS,1.0,871f91cb3ffffff
19BB029585,NATURELS,2019-06-19 17:55:24,2019-06-19 18:32:57,1.0,1.0,1.0,2019,POINT (5.214408998268755 46.21286126747831),46.21286126747831,5.214408998268755,True,2019-06-19,FORET,1.0,871f91d43ffffff
19BB029599,NATURELS,2019-06-19 19:36:25,2019-06-19 20:26:06,1.0,1.0,1.0,2019,POINT (4.952389385709455 45.82928370393729),45.82928370393729,4.952389385709455,True,2019-06-19,NATURELS,1.0,871f9026effffff
19BB030056,NATURELS,2019-06-22 09:34:06,2019-06-22 10:30:45,1.0,1.0,1.0,2019,POINT (5.277188368695417 46.17696323241297),46.17696323241297,5.277188368695417,True,2019-06-22,NATURELS,1.0,871f91c64ffffff
19BB030122,NATURELS,2019-06-22 16:11:09,2019-06-22 17:05:45,1.0,1.0,1.0,2019,POINT (4.974299313599757 46.22824371119291),46.22824371119291,4.974299313599757,True,2019-06-22,NATURELS,1.0,871f91d23ffffff
19BB030209,NATURELS,2019-06-22 22:37:44,2019-06-22 23:08:13,1.0,5.0,1.0,2019,POINT (5.451358584602162 46.30937861953367),46.30937861953367,5.451358584602162,True,2019-06-22,NATURELS,1.0,871f918acffffff
19BB030215,NATURELS,2019-06-22 23:21:35,2019-06-23 00:05:18,1.0,1.0,1.0,2019,POINT (5.756486028311724 45.75824208785354),45.75824208785354,5.756486028311724,True,2019-06-22,NATURELS,1.0,871f9170effffff
19BB030431,NATURELS,2019-06-23 23:59:27,2019-06-24 02:05:20,1.0,1.0,1.0,2019,POINT (5.574516434399602 46.21725980780974),46.21725980780974,5.574516434399602,True,2019-06-23,NATURELS,1.0,871f918d3ffffff
19BB030616,NATURELS,2019-06-24 21:37:13,2019-06-24 22:20:27,1.0,1.0,1.0,2019,POINT (5.387563251628302 46.029259745610695),46.029259745610695,5.387563251628302,True,2019-06-24,NATURELS,1.0,871f911b5ffffff
19BB030642,NATURELS,2019-06-25 05:23:58,2019-06-25 06:24:23,1.0,1.0,1.0,2019,POINT (5.6843071115879225 46.17106603980758),46.17106603980758,5.6843071115879225,True,2019-06-25,NATURELS,1.0,871f91171ffffff
19BB030799,NATURELS,2019-06-25 22:21:04,2019-06-26 00:17:30,1.0,5.0,1.0,2019,POINT (5.322831038364749 46.141104094592556),46.14110409459256,5.322831038364749,True,2019-06-25,FORET,1.0,871f91c63ffffff
19BB031323,NATURELS,2019-06-28 08:09:36,2019-06-28 09:01:01,1.0,1.0,1.0,2019,POINT (6.0940218691585075 46.316585009485955),46.31658500948596,6.094021869158508,True,2019-06-28,FORET,1.0,871f91a0effffff
19BB031652,NATURELS,2019-06-29 14:35:18,2019-06-29 16:08:13,1.0,1.0,1.0,2019,POINT (5.289294284229248 46.32816488361776),46.32816488361776,5.289294284229248,True,2019-06-29,NATURELS,1.0,871f9199cffffff
19BB031660,NATURELS,2019-06-29 15:19:35,2019-06-29 20:45:04,1.0,2.0,1.0,2019,POINT (5.201696381608535 45.817722908696354),45.817722908696354,5.201696381608535,True,2019-06-29,NATURELS,1.0,871f9150effffff
19BB031705,NATURELS,2019-06-29 18:41:11,2019-06-29 19:16:34,1.0,1.0,1.0,2019,POINT (5.337613855908874 46.0395760745657),46.0395760745657,5.337613855908874,True,2019-06-29,NATURELS,1.0,871f91c5affffff
19BB031739,NATURELS,2019-06-29 21:28:34,2019-06-29 22:35:27,1.0,1.0,1.0,2019,POINT (5.673640031087177 46.30103663937016),46.30103663937016,5.673640031087177,True,2019-06-29,NATURELS,1.0,871f918eaffffff
19BB031751,NATURELS,2019-06-29 22:10:01,2019-06-29 22:55:27,1.0,1.0,1.0,2019,POINT (5.015880505855419 46.222883394573905),46.22288339457391,5.015880505855419,True,2019-06-29,NATURELS,1.0,871f91d2affffff
19BB031752,NATURELS,2019-06-29 22:11:11,2019-06-29 23:36:46,1.0,6.0,1.0,2019,POINT (5.652911693352258 45.993746780951604),45.9937467809516,5.652911693352258,True,2019-06-29,NATURELS,1.0,871f91002ffffff
19BB031853,NATURELS,2019-06-30 10:34:26,2019-06-30 11:53:33,1.0,1.0,1.0,2019,POINT (4.810770440520994 46.17912318391893),46.17912318391893,4.810770440520994,True,2019-06-30,NATURELS,1.0,871f90a6affffff
19BB031917,NATURELS,2019-06-30 15:14:36,2019-06-30 16:35:41,1.0,1.0,1.0,2019,POINT (4.91462549016054 46.133118493858966),46.133118493858966,4.91462549016054,True,2019-06-30,NATURELS,1.0,871f91d12ffffff
19BB032125,NATURELS,2019-07-01 12:52:58,2019-07-01 13:24:19,1.0,1.0,1.0,2019,POINT (5.222209603188291 45.91927272326314),45.91927272326314,5.222209603188291,True,2019-07-01,NATURELS,1.0,871f91cdeffffff
19BB032170,NATURELS,2019-07-01 16:14:28,2019-07-01 17:19:40,1.0,1.0,1.0,2019,POINT (5.608808896414163 45.6545912131566),45.6545912131566,5.608808896414163,True,2019-07-01,NATURELS,1.0,871f917a3ffffff
19BB032184,NATURELS,2019-07-01 18:23:44,2019-07-01 19:06:20,1.0,1.0,1.0,2019,POINT (5.053575396426986 45.87145336370242),45.87145336370242,5.053575396426986,True,2019-07-01,NATURELS,1.0,871f91c9bffffff
19BB032214,NATURELS,2019-07-01 20:26:04,2019-07-02 00:15:19,1.0,1.0,1.0,2019,POINT (4.936678863721941 45.94162999402576),45.94162999402576,4.936678863721941,True,2019-07-01,NATURELS,1.0,871f91cb0ffffff
19BB032394,NATURELS,2019-07-02 12:36:44,2019-07-02 19:51:22,1.0,5.0,1.0,2019,POINT (4.917308154785604 45.95416476380752),45.95416476380752,4.917308154785604,True,2019-07-02,NATURELS,1.0,871f91cb4ffffff
19BB032515,NATURELS,2019-07-03 01:59:33,2019-07-03 02:28:43,1.0,1.0,1.0,2019,POINT (5.36932453090477 45.984472340758316),45.98447234075832,5.36932453090477,True,2019-07-03,NATURELS,1.0,871f911b3ffffff
19BB032582,NATURELS,2019-07-03 11:49:32,2019-07-03 19:08:03,1.0,5.0,1.0,2019,POINT (4.917308154785604 45.95416476380752),45.95416476380752,4.917308154785604,True,2019-07-03,NATURELS,1.0,871f91cb4ffffff
19BB032591,NATURELS,2019-07-03 12:38:17,2019-07-03 12:59:41,1.0,1.0,1.0,2019,POINT (5.357722643487527 45.96286025942456),45.96286025942456,5.357722643487527,True,2019-07-03,FORET,1.0,871f91194ffffff
19BB032626,NATURELS,2019-07-03 15:38:58,2019-07-03 16:56:55,1.0,1.0,1.0,2019,POINT (5.05522644670053 45.86263633318682),45.86263633318682,5.05522644670053,True,2019-07-03,NATURELS,1.0,871f91c9bffffff
19BB032640,NATURELS,2019-07-03 16:29:40,2019-07-03 19:43:58,1.0,1.0,1.0,2019,POINT (5.231208851095769 46.44930343989718),46.44930343989718,5.231208851095769,True,2019-07-03,NATURELS,1.0,871f9564bffffff
19BB032656,NATURELS,2019-07-03 18:21:01,2019-07-04 00:13:01,1.0,5.0,1.0,2019,POINT (5.447553473464529 46.095187257902694),46.09518725790269,5.447553473464529,True,2019-07-03,NATURELS,1.0,871f91116ffffff
19BB032752,NATURELS,2019-07-04 08:37:21,2019-07-04 09:03:46,1.0,1.0,1.0,2019,POINT (5.316056307324881 45.885361671946164),45.88536167194616,5.316056307324881,True,2019-07-04,NATURELS,1.0,871f91562ffffff
19BB032823,NATURELS,2019-07-04 14:44:35,2019-07-04 15:29:07,1.0,1.0,1.0,2019,POINT (6.095714838651644 46.32227552095354),46.32227552095354,6.095714838651644,True,2019-07-04,FORET,1.0,871f91a0effffff
19BB032852,NATURELS,2019-07-04 18:14:01,2019-07-04 18:36:50,1.0,1.0,1.0,2019,POINT (4.976989552300638 45.82725929393194),45.82725929393194,4.976989552300638,True,2019-07-04,NATURELS,1.0,871f9026affffff
19BB032881,NATURELS,2019-07-04 20:34:49,2019-07-04 21:41:09,1.0,1.0,1.0,2019,POINT (4.9224038660163085 46.409918403919654),46.40991840391965,4.9224038660163085,True,2019-07-04,NATURELS,1.0,871f9561cffffff
19BB032907,NATURELS,2019-07-04 23:44:43,2019-07-05 00:36:30,1.0,1.0,1.0,2019,POINT (5.40766228509159 46.09419912354879),46.09419912354879,5.40766228509159,True,2019-07-04,NATURELS,1.0,871f91c48ffffff
19BB032996,NATURELS,2019-07-05 12:56:55,2019-07-05 14:29:53,1.0,2.0,1.0,2019,POINT (4.983266910246602 45.81750667442787),45.81750667442787,4.983266910246602,True,2019-07-05,NATURELS,1.0,871f9026affffff
19BB033011,NATURELS,2019-07-05 14:00:46,2019-07-05 14:48:22,1.0,1.0,1.0,2019,POINT (5.4553226599071625 45.8082958357263),45.8082958357263,5.4553226599071625,True,2019-07-05,NATURELS,1.0,871f91464ffffff
19BB033025,NATURELS,2019-07-05 15:12:17,2019-07-05 15:36:45,1.0,1.0,1.0,2019,POINT (5.196881378552247 45.90182336773729),45.90182336773729,5.196881378552247,True,2019-07-05,NATURELS,1.0,871f91cd3ffffff
19BB033039,NATURELS,2019-07-05 16:39:54,2019-07-05 18:26:01,1.0,5.0,1.0,2019,POINT (5.37231219087223 46.03721624943679),46.03721624943679,5.37231219087223,True,2019-07-05,NATURELS,1.0,871f91c5bffffff
19BB033056,NATURELS,2019-07-05 17:30:56,2019-07-05 17:34:01,1.0,1.0,1.0,2019,POINT (5.355859566981708 45.95880458867674),45.95880458867674,5.355859566981708,True,2019-07-05,NATURELS,1.0,871f91cc9ffffff
19BB033289,NATURELS,2019-07-06 14:40:09,2019-07-06 15:29:19,1.0,1.0,1.0,2019,POINT (5.341254909505224 46.231857909131186),46.23185790913119,5.341254909505224,True,2019-07-06,NATURELS,1.0,871f918b3ffffff
19BB033322,NATURELS,2019-07-06 16:54:01,2019-07-06 18:59:13,1.0,1.0,1.0,2019,POINT (4.906342162617097 46.30800478673811),46.30800478673811,4.906342162617097,True,2019-07-06,NATURELS,1.0,871f9568cffffff
19BB033324,NATURELS,2019-07-06 16:58:21,2019-07-07 00:01:51,1.0,3.0,1.0,2019,POINT (5.450276450789656 46.07369165606327),46.07369165606327,5.450276450789656,True,2019-07-06,NATURELS,1.0,871f91112ffffff
19BB033352,NATURELS,2019-07-06 18:07:48,2019-07-06 21:19:15,1.0,1.0,1.0,2019,POINT (5.276835050958791 46.23031683975041),46.23031683975041,5.276835050958791,True,2019-07-06,NATURELS,1.0,871f91d4dffffff
19BB033497,NATURELS,2019-07-07 10:32:47,2019-07-07 11:45:39,1.0,1.0,1.0,2019,POINT (5.927904870976065 46.20835315265444),46.20835315265444,5.927904870976065,True,2019-07-07,NATURELS,1.0,871f91ab1ffffff
19BB033543,NATURELS,2019-07-07 14:21:36,2019-07-07 17:49:48,1.0,2.0,1.0,2019,POINT (4.826598461015248 45.9638930346575),45.9638930346575,4.826598461015248,True,2019-07-07,NATURELS,1.0,871f9036cffffff
19BB033546,NATURELS,2019-07-07 14:37:09,2019-07-07 14:44:00,1.0,1.0,1.0,2019,POINT (5.453530706400303 45.807346137907466),45.807346137907466,5.453530706400303,True,2019-07-07,NATURELS,1.0,871f91464ffffff
19BB033603,NATURELS,2019-07-07 19:37:10,2019-07-07 20:48:52,1.0,1.0,1.0,2019,POINT (5.355859566981708 45.95880458867674),45.95880458867674,5.355859566981708,True,2019-07-07,NATURELS,1.0,871f91cc9ffffff
19BB033663,NATURELS,2019-07-08 00:17:28,2019-07-08 00:39:14,1.0,1.0,1.0,2019,POINT (5.644264257915726 46.26468015972927),46.26468015972927,5.644264257915726,True,2019-07-08,FORET,1.0,871f918c3ffffff
19BB033721,NATURELS,2019-07-08 10:13:56,2019-07-08 11:15:10,1.0,1.0,1.0,2019,POINT (5.49356023610932 46.116196046332924),46.11619604633293,5.49356023610932,True,2019-07-08,NATURELS,1.0,871f91115ffffff
19BB033727,NATURELS,2019-07-08 10:27:26,2019-07-08 11:11:36,1.0,1.0,1.0,2019,POINT (5.4525727421148025 45.81065910815884),45.81065910815884,5.4525727421148025,True,2019-07-08,NATURELS,1.0,871f91464ffffff
19BB033805,NATURELS,2019-07-08 18:15:39,2019-07-08 18:48:58,1.0,1.0,1.0,2019,POINT (5.660919033390609 46.28079790820271),46.28079790820271,5.660919033390609,True,2019-07-08,NATURELS,1.0,871f918c1ffffff
19BB033832,NATURELS,2019-07-08 21:36:20,2019-07-08 22:56:52,1.0,5.0,1.0,2019,POINT (5.436280531693104 46.13512366647065),46.13512366647065,5.436280531693104,True,2019-07-08,FORET,1.0,871f91132ffffff
19BB033838,NATURELS,2019-07-08 22:09:55,2019-07-08 22:45:58,1.0,1.0,1.0,2019,POINT (5.65957096565278 46.24826627856041),46.24826627856041,5.65957096565278,True,2019-07-08,NATURELS,1.0,871f918ddffffff
19BB033849,NATURELS,2019-07-08 23:03:21,2019-07-09 00:16:28,1.0,1.0,1.0,2019,POINT (4.872479141935212 46.287370120469376),46.287370120469376,4.872479141935212,True,2019-07-08,NATURELS,1.0,871f95683ffffff
19BB033939,NATURELS,2019-07-09 12:34:00,2019-07-09 12:38:38,1.0,1.0,1.0,2019,POINT (4.98678044937268 45.81881917177267),45.81881917177267,4.98678044937268,True,2019-07-09,NATURELS,1.0,871f9026affffff
19BB033941,NATURELS,2019-07-09 12:37:02,2019-07-09 14:33:43,1.0,1.0,1.0,2019,POINT (5.030241750480604 45.83346754463889),45.83346754463889,5.030241750480604,True,2019-07-09,NATURELS,1.0,871f91536ffffff
19BB033996,NATURELS,2019-07-09 17:42:17,2019-07-09 18:09:22,1.0,1.0,1.0,2019,POINT (5.217492858091561 46.20740801470359),46.20740801470359,5.217492858091561,True,2019-07-09,NATURELS,1.0,871f91d43ffffff
19BB034055,NATURELS,2019-07-09 22:31:49,2019-07-10 01:55:49,1.0,3.0,1.0,2019,POINT (4.8977601828099395 45.94928181560576),45.94928181560576,4.89776018280994,True,2019-07-09,NATURELS,1.0,871f91cb6ffffff
19BB034065,NATURELS,2019-07-09 23:27:16,2019-07-10 00:06:28,1.0,1.0,1.0,2019,POINT (5.910252491614358 46.151776168436236),46.15177616843624,5.910252491614358,True,2019-07-09,NATURELS,1.0,871f91a90ffffff
19BB034066,NATURELS,2019-07-09 23:35:47,2019-07-10 00:03:28,1.0,1.0,1.0,2019,POINT (5.3532192504043365 45.966420267042864),45.966420267042864,5.3532192504043365,True,2019-07-09,NATURELS,1.0,871f91cc9ffffff
19BB034166,NATURELS,2019-07-10 14:52:55,2019-07-10 15:12:44,1.0,2.0,1.0,2019,POINT (5.675420724569264 46.27307740832487),46.27307740832487,5.675420724569264,True,2019-07-10,NATURELS,1.0,871f918ceffffff
19BB034194,NATURELS,2019-07-10 18:25:19,2019-07-11 00:36:09,1.0,11.0,1.0,2019,POINT (5.445811221082458 46.140327318139896),46.140327318139896,5.445811221082458,True,2019-07-10,NATURELS,1.0,871f91130ffffff
19BB034198,NATURELS,2019-07-10 18:58:34,2019-07-10 23:12:01,1.0,5.0,1.0,2019,POINT (5.453155900740072 46.15191134927418),46.15191134927418,5.453155900740072,True,2019-07-10,FORET,1.0,871f91130ffffff
19BB034203,NATURELS,2019-07-10 19:31:01,2019-07-10 20:20:01,1.0,1.0,1.0,2019,POINT (6.1152966415630114 46.37005718521813),46.37005718521813,6.1152966415630114,True,2019-07-10,NATURELS,1.0,871f91a28ffffff
19BB034229,NATURELS,2019-07-10 22:03:48,2019-07-10 23:21:46,1.0,1.0,1.0,2019,POINT (5.319381290352844 46.1369905625405),46.1369905625405,5.319381290352844,True,2019-07-10,NATURELS,1.0,871f91c63ffffff
19BB034348,NATURELS,2019-07-11 17:23:27,2019-07-11 22:12:06,1.0,2.0,1.0,2019,POINT (5.453557540873781 45.80713830531201),45.80713830531201,5.453557540873781,True,2019-07-11,NATURELS,1.0,871f91464ffffff
19BB034355,NATURELS,2019-07-11 17:58:25,2019-07-11 19:10:54,1.0,1.0,1.0,2019,POINT (4.920738342239711 45.870883265233324),45.87088326523333,4.920738342239711,True,2019-07-11,NATURELS,1.0,871f90265ffffff
19BB034370,NATURELS,2019-07-11 19:39:31,2019-07-11 22:52:10,1.0,1.0,1.0,2019,POINT (5.46488645478138 46.08054505173422),46.08054505173422,5.46488645478138,True,2019-07-11,NATURELS,1.0,871f91112ffffff
19BB034421,NATURELS,2019-07-12 01:56:08,2019-07-12 02:27:44,1.0,1.0,1.0,2019,POINT (5.653156692890383 46.26273622886813),46.26273622886813,5.653156692890383,True,2019-07-12,NATURELS,1.0,871f918ceffffff
19BB034507,NATURELS,2019-07-12 13:09:11,2019-07-12 14:21:49,1.0,1.0,1.0,2019,POINT (5.290208277218992 45.82691941591688),45.82691941591688,5.290208277218992,True,2019-07-12,NATURELS,1.0,871f91554ffffff
19BB034540,NATURELS,2019-07-12 15:23:39,2019-07-12 16:12:41,1.0,1.0,1.0,2019,POINT (5.4429062769662275 46.18331127769638),46.18331127769638,5.442906276966228,True,2019-07-12,FORET,1.0,871f9189bffffff
19BB034543,NATURELS,2019-07-12 15:33:48,2019-07-12 16:37:02,1.0,1.0,1.0,2019,POINT (5.056866784855082 45.89366331873193),45.89366331873193,5.056866784855082,True,2019-07-12,FORET,1.0,871f91c99ffffff
19BB034665,NATURELS,2019-07-13 07:27:41,2019-07-13 08:24:52,1.0,1.0,1.0,2019,POINT (5.690996859712127 45.76402746528356),45.76402746528356,5.690996859712127,True,2019-07-13,NATURELS,1.0,871f91700ffffff
19BB034752,NATURELS,2019-07-13 15:15:57,2019-07-13 16:48:06,1.0,5.0,1.0,2019,POINT (5.354374369882892 45.931833835485484),45.931833835485484,5.354374369882892,True,2019-07-13,NATURELS,1.0,871f91565ffffff
19BB034753,NATURELS,2019-07-13 15:21:29,2019-07-13 16:33:15,1.0,5.0,1.0,2019,POINT (5.351935066200544 45.98179664517651),45.98179664517651,5.351935066200544,True,2019-07-13,NATURELS,1.0,871f911b2ffffff
19BB034754,NATURELS,2019-07-13 15:37:59,2019-07-13 16:01:29,1.0,1.0,1.0,2019,POINT (4.780783191903171 45.94000756080506),45.94000756080506,4.780783191903171,True,2019-07-13,NATURELS,1.0,871f90362ffffff
19BB034768,NATURELS,2019-07-13 17:15:45,2019-07-13 18:03:30,1.0,1.0,1.0,2019,POINT (5.453557540873781 45.80713830531201),45.80713830531201,5.453557540873781,True,2019-07-13,NATURELS,1.0,871f91464ffffff
19BB034787,NATURELS,2019-07-13 19:12:54,2019-07-13 19:50:36,1.0,5.0,1.0,2019,POINT (5.6794385506440745 45.76056321488325),45.76056321488325,5.6794385506440745,True,2019-07-13,NATURELS,1.0,871f91706ffffff
19BB034850,NATURELS,2019-07-13 23:48:19,2019-07-14 00:24:38,1.0,1.0,1.0,2019,POINT (4.954219519035317 45.82229174220807),45.82229174220807,4.954219519035317,True,2019-07-13,NATURELS,1.0,871f90245ffffff
19BB034933,NATURELS,2019-07-14 11:44:36,2019-07-14 13:12:06,1.0,6.0,1.0,2019,POINT (4.969207509676613 45.815604424077094),45.81560442407709,4.969207509676613,True,2019-07-14,NATURELS,1.0,871f9026affffff
19BB034934,NATURELS,2019-07-14 11:47:53,2019-07-14 12:00:07,1.0,4.0,1.0,2019,POINT (4.9641163193074815 45.82570655836459),45.82570655836459,4.9641163193074815,True,2019-07-14,FORET,1.0,871f9026affffff
19BB034969,NATURELS,2019-07-14 16:09:34,2019-07-14 17:45:55,1.0,1.0,1.0,2019,POINT (5.466151609997907 46.08185160134029),46.08185160134029,5.466151609997907,True,2019-07-14,NATURELS,1.0,871f91112ffffff
19BB034987,NATURELS,2019-07-14 18:07:29,2019-07-14 19:04:07,1.0,5.0,1.0,2019,POINT (5.194982767721804 45.90621995243828),45.90621995243828,5.194982767721804,True,2019-07-14,NATURELS,1.0,871f91cd3ffffff
19BB035018,NATURELS,2019-07-14 21:30:48,2019-07-14 22:35:30,1.0,1.0,1.0,2019,POINT (5.233322467101123 45.906941382933844),45.90694138293384,5.233322467101123,True,2019-07-14,NATURELS,1.0,871f91cdeffffff
19BB035061,NATURELS,2019-07-15 01:16:18,2019-07-15 01:58:23,1.0,1.0,1.0,2019,POINT (5.638032669371715 46.25718974990746),46.25718974990746,5.638032669371715,True,2019-07-15,NATURELS,1.0,871f918c3ffffff
19BB035067,NATURELS,2019-07-15 01:53:30,2019-07-15 02:37:53,1.0,1.0,1.0,2019,POINT (5.240014354306814 46.192976709489756),46.19297670948976,5.240014354306814,True,2019-07-15,NATURELS,1.0,871f91d4affffff
19BB035082,NATURELS,2019-07-15 06:45:57,2019-07-15 07:44:57,1.0,1.0,1.0,2019,POINT (5.64160435110617 46.25400589882258),46.25400589882258,5.64160435110617,True,2019-07-15,FORET,1.0,871f918c3ffffff
19BB035103,NATURELS,2019-07-15 08:28:13,2019-07-15 16:22:02,1.0,5.0,1.0,2019,POINT (4.9182019758963245 45.95478341142179),45.95478341142179,4.9182019758963245,True,2019-07-15,NATURELS,1.0,871f91cb4ffffff
19BB035117,NATURELS,2019-07-15 10:06:35,2019-07-15 10:59:25,1.0,1.0,1.0,2019,POINT (4.766430769376359 46.03682901361581),46.03682901361581,4.766430769376359,True,2019-07-15,NATURELS,1.0,871f90acdffffff
19BB035154,NATURELS,2019-07-15 13:35:04,2019-07-15 16:32:19,1.0,1.0,1.0,2019,POINT (5.569358722995528 46.24667217016948),46.24667217016948,5.569358722995528,True,2019-07-15,NATURELS,1.0,871f918d5ffffff
19BB035174,NATURELS,2019-07-15 15:00:00,2019-07-15 18:03:13,1.0,4.0,1.0,2019,POINT (5.052099834458225 46.04170365986073),46.04170365986073,5.052099834458225,True,2019-07-15,NATURELS,1.0,871f91c10ffffff
19BB035223,NATURELS,2019-07-15 18:36:33,2019-07-15 20:17:12,1.0,2.0,1.0,2019,POINT (4.834001045454944 46.23795982615866),46.23795982615866,4.834001045454944,True,2019-07-15,NATURELS,1.0,871f9569effffff
19BB035290,NATURELS,2019-07-16 08:09:40,2019-07-16 08:45:57,1.0,1.0,1.0,2019,POINT (5.203162927871913 45.90407632110268),45.90407632110268,5.203162927871913,True,2019-07-16,NATURELS,1.0,871f91cd3ffffff
19BB035331,NATURELS,2019-07-16 11:43:00,2019-07-16 12:18:51,1.0,1.0,1.0,2019,POINT (5.453218233346118 45.80705768001389),45.80705768001389,5.453218233346118,True,2019-07-16,NATURELS,1.0,871f91464ffffff
19BB035403,NATURELS,2019-07-16 18:40:35,2019-07-16 19:24:23,1.0,1.0,1.0,2019,POINT (5.622143213342672 45.636183146960676),45.63618314696068,5.622143213342672,True,2019-07-16,NATURELS,1.0,871f91785ffffff
19BB035405,NATURELS,2019-07-16 18:49:31,2019-07-16 21:01:59,1.0,1.0,1.0,2019,POINT (5.352055214970506 46.159469928517375),46.159469928517375,5.352055214970506,True,2019-07-16,NATURELS,1.0,871f91c6cffffff
19BB035567,NATURELS,2019-07-17 17:18:12,2019-07-17 21:08:03,1.0,6.0,1.0,2019,POINT (5.158137411106585 46.46432035839583),46.46432035839583,5.158137411106585,True,2019-07-17,NATURELS,1.0,871f95643ffffff
19BB035626,NATURELS,2019-07-17 23:44:56,2019-07-18 00:19:56,1.0,1.0,1.0,2019,POINT (5.813960698434576 46.118044741618114),46.118044741618114,5.813960698434576,True,2019-07-17,FORET,1.0,871f91159ffffff
19BB035754,NATURELS,2019-07-18 16:39:54,2019-07-18 21:59:55,1.0,6.0,1.0,2019,POINT (5.167084570506354 46.02785860296289),46.02785860296289,5.167084570506354,True,2019-07-18,NATURELS,1.0,871f91c19ffffff
19BB035768,NATURELS,2019-07-18 18:47:18,2019-07-18 22:31:29,1.0,5.0,1.0,2019,POINT (5.02454625163269 46.072637755594336),46.072637755594336,5.02454625163269,True,2019-07-18,NATURELS,1.0,871f91c33ffffff
19BB035795,NATURELS,2019-07-18 21:39:03,2019-07-18 22:28:16,1.0,1.0,1.0,2019,POINT (6.105111716069166 46.24901325428385),46.24901325428385,6.105111716069166,True,2019-07-18,NATURELS,1.0,871f91af5ffffff
19BB035925,NATURELS,2019-07-19 15:26:15,2019-07-19 19:41:56,1.0,5.0,1.0,2019,POINT (5.292386494052021 46.37362314840535),46.37362314840535,5.292386494052021,True,2019-07-19,NATURELS,1.0,871f91985ffffff
19BB035973,NATURELS,2019-07-19 18:27:16,2019-07-19 20:21:51,1.0,2.0,1.0,2019,POINT (5.245278118741251 45.94586827701527),45.94586827701527,5.245278118741251,True,2019-07-19,NATURELS,1.0,871f91cc3ffffff
19BB035976,NATURELS,2019-07-19 18:35:44,2019-07-19 21:25:44,1.0,5.0,1.0,2019,POINT (5.667560002641482 46.21013826164993),46.21013826164993,5.667560002641482,True,2019-07-19,NATURELS,1.0,871f918dbffffff
19BB036029,NATURELS,2019-07-19 22:59:29,2019-07-20 00:36:54,1.0,1.0,1.0,2019,POINT (4.930426849652671 46.434598565730376),46.434598565730376,4.930426849652671,True,2019-07-19,NATURELS,1.0,871f95600ffffff
19BB036089,NATURELS,2019-07-20 08:18:08,2019-07-20 11:46:38,1.0,1.0,1.0,2019,POINT (4.910917411526855 45.98269339351965),45.98269339351965,4.910917411526855,True,2019-07-20,NATURELS,1.0,871f91d9affffff
19BB036099,NATURELS,2019-07-20 10:01:45,2019-07-20 10:43:10,1.0,1.0,1.0,2019,POINT (5.148145499718922 45.878303161558804),45.8783031615588,5.148145499718922,True,2019-07-20,NATURELS,1.0,871f91521ffffff
19BB036109,NATURELS,2019-07-20 11:05:03,2019-07-20 11:48:11,1.0,1.0,1.0,2019,POINT (5.370688641189681 45.88691786785803),45.88691786785803,5.370688641189681,True,2019-07-20,NATURELS,1.0,871f9156effffff
19BB036148,NATURELS,2019-07-20 13:14:17,2019-07-20 14:18:57,1.0,2.0,1.0,2019,POINT (5.700741486882743 45.76789613128529),45.76789613128529,5.700741486882743,True,2019-07-20,NATURELS,1.0,871f91700ffffff
19BB036176,NATURELS,2019-07-20 14:56:39,2019-07-20 16:28:05,1.0,1.0,1.0,2019,POINT (4.840283942302841 46.30275824120253),46.30275824120253,4.840283942302841,True,2019-07-20,NATURELS,1.0,871f95680ffffff
19BB036192,NATURELS,2019-07-20 16:10:29,2019-07-20 18:21:11,1.0,1.0,1.0,2019,POINT (5.149814652591153 45.87692005163283),45.87692005163283,5.149814652591153,True,2019-07-20,NATURELS,1.0,871f91521ffffff
19BB036205,NATURELS,2019-07-20 17:19:39,2019-07-20 18:33:02,1.0,1.0,1.0,2019,POINT (4.85928521627941 46.31285099023637),46.31285099023637,4.85928521627941,True,2019-07-20,NATURELS,1.0,871f95685ffffff
19BB036269,NATURELS,2019-07-20 22:59:00,2019-07-21 00:00:31,1.0,1.0,1.0,2019,POINT (5.663594079821634 46.261439602741916),46.26143960274192,5.663594079821634,True,2019-07-20,NATURELS,1.0,871f918ceffffff
19BB036280,NATURELS,2019-07-21 00:05:53,2019-07-21 01:05:48,1.0,1.0,1.0,2019,POINT (4.877406246639573 46.15607829815114),46.15607829815114,4.877406246639573,True,2019-07-21,NATURELS,1.0,871f90a49ffffff
19BB036422,NATURELS,2019-07-21 18:47:58,2019-07-21 21:29:39,1.0,5.0,1.0,2019,POINT (5.435532270235965 46.20754513955074),46.20754513955074,5.435532270235965,True,2019-07-21,FORET,1.0,871f9189dffffff
19BB036426,NATURELS,2019-07-21 19:07:16,2019-07-21 19:46:26,1.0,1.0,1.0,2019,POINT (4.883698921682629 46.26600959173427),46.26600959173427,4.883698921682629,True,2019-07-21,FORET,1.0,871f9569dffffff
19BB036432,NATURELS,2019-07-21 19:34:49,2019-07-21 20:33:54,1.0,1.0,1.0,2019,POINT (6.055675443397533 46.32878399611675),46.32878399611675,6.055675443397533,True,2019-07-21,NATURELS,1.0,871f91a00ffffff
19BB036452,NATURELS,2019-07-21 21:18:54,2019-07-21 23:03:06,1.0,1.0,1.0,2019,POINT (5.307013145644439 46.39207643142711),46.39207643142711,5.307013145644439,True,2019-07-21,NATURELS,1.0,871f919aaffffff
19BB036470,NATURELS,2019-07-22 01:18:08,2019-07-22 02:14:21,1.0,1.0,1.0,2019,POINT (5.684686620735273 45.75611147592033),45.75611147592033,5.684686620735273,True,2019-07-22,NATURELS,1.0,871f91702ffffff
19BB036476,NATURELS,2019-07-22 03:07:45,2019-07-22 04:59:40,1.0,1.0,1.0,2019,POINT (5.099788980568558 46.04196838207038),46.04196838207038,5.099788980568558,True,2019-07-22,NATURELS,1.0,871f91c1cffffff
19BB036486,NATURELS,2019-07-22 06:32:21,2019-07-22 09:28:59,1.0,2.0,1.0,2019,POINT (5.5624242590296955 46.20471955181023),46.20471955181023,5.562424259029696,True,2019-07-22,FORET,1.0,871f9112cffffff
19BB036569,NATURELS,2019-07-22 15:51:53,2019-07-22 17:56:48,1.0,5.0,1.0,2019,POINT (5.485184685253763 45.94185726994954),45.94185726994954,5.485184685253763,True,2019-07-22,NATURELS,1.0,871f91199ffffff
19BB036644,NATURELS,2019-07-23 00:38:34,2019-07-23 01:33:44,1.0,1.0,1.0,2019,POINT (4.829865746424759 45.99542482406034),45.99542482406034,4.829865746424759,True,2019-07-23,NATURELS,1.0,871f91d90ffffff
19BB036719,NATURELS,2019-07-23 12:05:45,2019-07-23 12:47:37,1.0,1.0,1.0,2019,POINT (5.701672489858505 45.873091855577954),45.873091855577954,5.701672489858505,True,2019-07-23,NATURELS,1.0,871f910d4ffffff
19BB036732,NATURELS,2019-07-23 12:58:44,2019-07-23 15:34:33,1.0,1.0,1.0,2019,POINT (4.917308154785604 45.95416476380752),45.95416476380752,4.917308154785604,True,2019-07-23,NATURELS,1.0,871f91cb4ffffff
19BB036740,NATURELS,2019-07-23 13:22:35,2019-07-23 13:50:19,1.0,1.0,1.0,2019,POINT (5.600035427042644 45.9790545642757),45.9790545642757,5.600035427042644,True,2019-07-23,NATURELS,1.0,871f91010ffffff
19BB036752,NATURELS,2019-07-23 14:17:57,2019-07-23 16:10:29,1.0,5.0,1.0,2019,POINT (5.31496449025142 46.134369986728046),46.134369986728046,5.31496449025142,True,2019-07-23,NATURELS,1.0,871f91c63ffffff
19BB036764,NATURELS,2019-07-23 15:08:55,2019-07-23 17:07:42,1.0,1.0,1.0,2019,POINT (4.946507689442222 46.316440514049006),46.316440514049006,4.946507689442222,True,2019-07-23,NATURELS,1.0,871f9568dffffff
19BB036767,NATURELS,2019-07-23 15:55:23,2019-07-23 17:08:05,1.0,2.0,1.0,2019,POINT (4.921935081947306 46.431803430749135),46.431803430749135,4.921935081947306,True,2019-07-23,NATURELS,1.0,871f95602ffffff
19BB036975,NATURELS,2019-07-24 16:51:36,2019-07-24 17:22:12,1.0,1.0,1.0,2019,POINT (5.318866787639796 45.86875714913928),45.86875714913928,5.318866787639796,True,2019-07-24,NATURELS,1.0,871f91571ffffff
19BB036996,NATURELS,2019-07-24 18:20:11,2019-07-24 19:34:31,1.0,1.0,1.0,2019,POINT (4.796482025048992 46.13206046457094),46.13206046457094,4.796482025048992,True,2019-07-24,NATURELS,1.0,871f90a5dffffff
19BB037007,NATURELS,2019-07-24 19:02:46,2019-07-24 21:51:32,1.0,1.0,1.0,2019,POINT (5.256102847969226 45.89298330122278),45.89298330122278,5.256102847969226,True,2019-07-24,NATURELS,1.0,871f91cdaffffff
19BB037065,NATURELS,2019-07-24 23:15:14,2019-07-24 23:50:48,1.0,1.0,1.0,2019,POINT (5.219476114100604 45.91389598640835),45.91389598640835,5.219476114100604,True,2019-07-24,FORET,1.0,871f91cdeffffff
19BB037096,NATURELS,2019-07-25 07:57:53,2019-07-25 08:26:35,1.0,1.0,1.0,2019,POINT (5.032307976112501 45.827548667921455),45.827548667921455,5.032307976112501,True,2019-07-25,NATURELS,1.0,871f91536ffffff
19BB037185,NATURELS,2019-07-25 15:43:54,2019-07-25 19:00:00,1.0,5.0,1.0,2019,POINT (5.052396264716125 45.995838812624),45.995838812624,5.052396264716125,True,2019-07-25,NATURELS,1.0,871f91cacffffff
19BB037187,NATURELS,2019-07-25 15:48:42,2019-07-26 00:01:20,1.0,4.0,1.0,2019,POINT (4.873411097185859 46.27810456171302),46.27810456171302,4.873411097185859,True,2019-07-25,NATURELS,1.0,871f9569dffffff
19BB037189,NATURELS,2019-07-25 16:08:15,2019-07-25 17:41:09,1.0,2.0,1.0,2019,POINT (5.2640524610578066 46.14275859886467),46.14275859886467,5.264052461057807,True,2019-07-25,NATURELS,1.0,871f91c62ffffff
19BB037190,NATURELS,2019-07-25 16:09:22,2019-07-25 16:53:44,1.0,1.0,1.0,2019,POINT (5.332936974275352 46.05687001278466),46.05687001278466,5.332936974275352,True,2019-07-25,NATURELS,1.0,871f91c58ffffff
19BB037260,NATURELS,2019-07-25 20:25:02,2019-07-25 21:37:41,1.0,2.0,1.0,2019,POINT (5.2505188204023465 45.92476470449577),45.92476470449577,5.2505188204023465,True,2019-07-25,NATURELS,1.0,871f91cd8ffffff
19BB037296,NATURELS,2019-07-25 22:55:48,2019-07-26 01:54:34,1.0,1.0,1.0,2019,POINT (5.084406083764136 46.20881760983024),46.20881760983024,5.084406083764136,True,2019-07-25,NATURELS,1.0,871f91d72ffffff
19BB037303,NATURELS,2019-07-26 00:00:15,2019-07-26 01:07:35,1.0,1.0,1.0,2019,POINT (5.190144345929535 46.26640367928888),46.26640367928888,5.190144345929535,True,2019-07-26,NATURELS,1.0,871f91d63ffffff
19BB037365,NATURELS,2019-07-26 09:49:42,2019-07-26 10:56:36,1.0,1.0,1.0,2019,POINT (5.97415678278194 46.22417739410511),46.22417739410511,5.97415678278194,True,2019-07-26,NATURELS,1.0,
19BB037387,NATURELS,2019-07-26 11:34:47,2019-07-26 12:24:27,1.0,2.0,1.0,2019,POINT (5.375677601014001 46.071510674986484),46.07151067498648,5.375677601014001,True,2019-07-26,NATURELS,1.0,871f91c4affffff
19BB037400,NATURELS,2019-07-26 12:21:04,2019-07-26 13:09:40,1.0,1.0,1.0,2019,POINT (4.96835052407522 45.87700803505264),45.87700803505264,4.96835052407522,True,2019-07-26,NATURELS,1.0,871f91c93ffffff
19BB037475,NATURELS,2019-07-26 19:11:09,2019-07-26 20:42:17,1.0,2.0,1.0,2019,POINT (5.648318752656864 45.684306907833125),45.684306907833125,5.648318752656864,True,2019-07-26,NATURELS,1.0,871f917acffffff
19BB037484,NATURELS,2019-07-26 19:39:21,2019-07-26 22:10:49,1.0,1.0,1.0,2019,POINT (5.138718847313352 46.160978113022836),46.16097811302284,5.138718847313352,True,2019-07-26,NATURELS,1.0,871f91d53ffffff
19BB037496,NATURELS,2019-07-26 20:15:29,2019-07-26 22:24:12,1.0,2.0,1.0,2019,POINT (5.233322467101123 45.906941382933844),45.90694138293384,5.233322467101123,True,2019-07-26,NATURELS,1.0,871f91cdeffffff
19BB037505,NATURELS,2019-07-26 20:58:35,2019-07-26 21:57:44,1.0,1.0,1.0,2019,POINT (5.157284929464712 46.20336976268747),46.20336976268747,5.157284929464712,True,2019-07-26,NATURELS,1.0,871f91d55ffffff
19BB037506,NATURELS,2019-07-26 21:08:57,2019-07-26 22:06:18,1.0,1.0,1.0,2019,POINT (5.262172236637357 45.9178272404068),45.9178272404068,5.262172236637357,True,2019-07-26,FORET,1.0,871f91cd8ffffff
19BB037568,NATURELS,2019-07-27 06:48:21,2019-07-27 08:02:32,1.0,1.0,1.0,2019,POINT (5.866019290944926 46.09917469235985),46.09917469235985,5.866019290944926,True,2019-07-27,NATURELS,1.0,871f91060ffffff
19BB037986,NATURELS,2019-07-28 17:33:28,2019-07-28 18:44:21,1.0,1.0,1.0,2019,POINT (5.483895830635492 45.983024066132316),45.98302406613232,5.483895830635492,True,2019-07-28,NATURELS,1.0,871f9118effffff
19BB038148,NATURELS,2019-07-29 15:32:12,2019-07-29 16:21:19,1.0,1.0,1.0,2019,POINT (5.6314479312593235 46.250699859335995),46.250699859336,5.631447931259324,True,2019-07-29,NATURELS,1.0,871f918dcffffff
19BB038184,NATURELS,2019-07-29 18:16:03,2019-07-29 19:23:58,1.0,1.0,1.0,2019,POINT (5.349549201704535 45.92949608651006),45.92949608651006,5.349549201704535,True,2019-07-29,NATURELS,1.0,871f91565ffffff
19BB038276,NATURELS,2019-07-30 12:27:13,2019-07-30 14:24:34,1.0,2.0,1.0,2019,POINT (4.794572908833949 46.10746524720608),46.10746524720608,4.794572908833949,True,2019-07-30,NATURELS,1.0,871f90a58ffffff
19BB038310,NATURELS,2019-07-30 16:25:46,2019-08-02 15:07:40,1.0,10.0,1.0,2019,POINT (5.750233995185384 45.736693925822046),45.736693925822046,5.750233995185384,True,2019-07-30,FORET,1.0,871f9171dffffff
19BB038388,NATURELS,2019-07-31 03:24:00,2019-07-31 04:08:27,1.0,1.0,1.0,2019,POINT (5.230086644191241 46.210877050646715),46.21087705064672,5.230086644191241,True,2019-07-31,NATURELS,1.0,871f91d4effffff
19BB038530,NATURELS,2019-07-31 22:22:57,2019-07-31 22:51:37,1.0,1.0,1.0,2019,POINT (5.95937230134581 46.21434809845397),46.21434809845397,5.95937230134581,True,2019-07-31,FORET,1.0,871f91a84ffffff
19BB038584,NATURELS,2019-08-01 09:57:44,2019-08-01 12:20:29,1.0,1.0,1.0,2019,POINT (5.963149420507564 46.333185751951866),46.333185751951866,5.963149420507564,True,2019-08-01,NATURELS,1.0,871f91a30ffffff
19BB038698,NATURELS,2019-08-01 21:57:34,2019-08-01 22:31:31,1.0,1.0,1.0,2019,POINT (5.683535599160952 45.80462810395837),45.80462810395837,5.683535599160952,True,2019-08-01,NATURELS,1.0,871f91723ffffff
19BB038816,NATURELS,2019-08-02 16:47:17,2019-08-02 17:43:51,1.0,1.0,1.0,2019,POINT (5.992232128939285 46.2744829759241),46.2744829759241,5.992232128939285,True,2019-08-02,NATURELS,1.0,871f91a12ffffff
19BB038826,NATURELS,2019-08-02 17:34:16,2019-08-02 18:04:40,1.0,1.0,1.0,2019,POINT (5.453557540873781 45.80713830531201),45.80713830531201,5.453557540873781,True,2019-08-02,NATURELS,1.0,871f91464ffffff
19BB038837,NATURELS,2019-08-02 18:20:03,2019-08-02 19:22:28,1.0,1.0,1.0,2019,POINT (5.222158328938051 45.91976919833761),45.91976919833761,5.222158328938051,True,2019-08-02,NATURELS,1.0,871f91cdeffffff
19BB038852,NATURELS,2019-08-02 19:23:02,2019-08-02 21:13:28,1.0,1.0,1.0,2019,POINT (4.865863565214517 46.10989762796318),46.10989762796318,4.865863565214517,True,2019-08-02,NATURELS,1.0,871f91da0ffffff
19BB038875,NATURELS,2019-08-02 21:19:47,2019-08-03 01:57:01,1.0,5.0,1.0,2019,POINT (5.673514626141281 45.770428666352366),45.770428666352366,5.673514626141281,True,2019-08-02,NATURELS,1.0,871f91706ffffff
19BB039036,NATURELS,2019-08-03 18:28:33,2019-08-03 18:52:01,1.0,1.0,1.0,2019,POINT (5.462053502598302 46.00993265618091),46.00993265618091,5.462053502598302,True,2019-08-03,NATURELS,1.0,871f91185ffffff
19BB039237,NATURELS,2019-08-04 21:37:37,2019-08-04 22:57:03,1.0,1.0,1.0,2019,POINT (5.1705250997141246 45.90284115960623),45.90284115960623,5.1705250997141246,True,2019-08-04,NATURELS,1.0,871f91cd2ffffff
19BB039253,NATURELS,2019-08-04 22:57:53,2019-08-04 23:54:04,1.0,1.0,1.0,2019,POINT (4.954746685558743 46.11896346577614),46.11896346577614,4.954746685558743,True,2019-08-04,NATURELS,1.0,871f91dadffffff
19BB039353,NATURELS,2019-08-05 15:47:00,2019-08-05 18:12:15,1.0,6.0,1.0,2019,POINT (5.7097701264160605 45.73616180460465),45.73616180460465,5.7097701264160605,True,2019-08-05,NATURELS,1.0,871f9171cffffff
19BB039391,NATURELS,2019-08-05 18:57:59,2019-08-05 20:34:02,1.0,1.0,1.0,2019,POINT (5.879836793966929 46.095842028727176),46.095842028727176,5.879836793966929,True,2019-08-05,NATURELS,1.0,871f91063ffffff
19BB039429,NATURELS,2019-08-05 21:11:49,2019-08-05 21:51:23,1.0,1.0,1.0,2019,POINT (5.798833368159995 46.14417562621409),46.14417562621409,5.798833368159995,True,2019-08-05,NATURELS,1.0,871f9114effffff
19BB039534,NATURELS,2019-08-06 14:04:09,2019-08-06 14:34:35,1.0,1.0,1.0,2019,POINT (5.108376386179563 45.850104126513244),45.85010412651325,5.108376386179563,True,2019-08-06,NATURELS,1.0,871f91522ffffff
19BB039555,NATURELS,2019-08-06 16:46:08,2019-08-06 17:15:45,1.0,1.0,1.0,2019,POINT (5.710584868593139 45.75825352872107),45.75825352872107,5.710584868593139,True,2019-08-06,FORET,1.0,871f91703ffffff
19BB039563,NATURELS,2019-08-06 18:00:46,2019-08-06 19:12:17,1.0,1.0,1.0,2019,POINT (5.128997721901455 46.11250521561763),46.11250521561763,5.128997721901455,True,2019-08-06,NATURELS,1.0,871f91c2effffff
19BB039591,NATURELS,2019-08-06 19:30:34,2019-08-06 20:34:42,1.0,1.0,1.0,2019,POINT (5.21616523577627 45.84861990184135),45.84861990184135,5.21616523577627,True,2019-08-06,NATURELS,1.0,871f9152bffffff
19BB039802,NATURELS,2019-08-07 21:14:56,2019-08-07 22:39:14,1.0,1.0,1.0,2019,POINT (5.162623272280579 45.891381386737),45.891381386737,5.162623272280579,True,2019-08-07,NATURELS,1.0,871f91cd2ffffff
19BB039829,NATURELS,2019-08-08 01:52:48,2019-08-08 03:03:13,1.0,1.0,1.0,2019,POINT (4.840368884412894 46.30714911560759),46.30714911560759,4.840368884412894,True,2019-08-08,NATURELS,1.0,871f95680ffffff
19BB040093,NATURELS,2019-08-09 17:04:53,2019-08-09 18:21:44,1.0,1.0,1.0,2019,POINT (5.680297443267472 45.68201582969972),45.68201582969972,5.680297443267472,True,2019-08-09,NATURELS,1.0,871f917adffffff
19BB040690,NATURELS,2019-08-11 16:42:50,2019-08-11 17:47:08,1.0,1.0,1.0,2019,POINT (5.95937230134581 46.21434809845397),46.21434809845397,5.95937230134581,True,2019-08-11,NATURELS,1.0,871f91a84ffffff
19BB041007,NATURELS,2019-08-13 16:35:17,2019-08-13 17:50:30,1.0,1.0,1.0,2019,POINT (5.213965974146824 46.03874556137702),46.03874556137702,5.213965974146824,True,2019-08-13,NATURELS,1.0,871f91ce5ffffff
19BB041086,NATURELS,2019-08-14 06:57:55,2019-08-14 07:49:05,1.0,1.0,1.0,2019,POINT (5.166656190975921 46.1348134774458),46.1348134774458,5.166656190975921,True,2019-08-14,NATURELS,1.0,871f91c2dffffff
19BB041187,NATURELS,2019-08-14 19:08:02,2019-08-14 19:59:46,1.0,1.0,1.0,2019,POINT (5.574518014402379 46.17861193820511),46.17861193820511,5.574518014402379,True,2019-08-14,NATURELS,1.0,871f91128ffffff
19BB041201,NATURELS,2019-08-14 20:35:19,2019-08-14 21:29:19,1.0,1.0,1.0,2019,POINT (5.10576776802573 45.82443061554262),45.82443061554262,5.10576776802573,True,2019-08-14,NATURELS,1.0,871f91506ffffff
19BB041326,NATURELS,2019-08-15 17:44:41,2019-08-15 21:14:35,1.0,1.0,1.0,2019,POINT (4.984667841022853 46.132966693124644),46.13296669312464,4.984667841022853,True,2019-08-15,NATURELS,1.0,871f91d18ffffff
19BB041377,NATURELS,2019-08-16 01:32:10,2019-08-16 02:37:04,1.0,1.0,1.0,2019,POINT (5.299534239582557 45.96377519980205),45.96377519980205,5.299534239582557,True,2019-08-16,NATURELS,1.0,871f91cc8ffffff
19BB041605,NATURELS,2019-08-17 15:23:41,2019-08-18 00:31:34,1.0,5.0,1.0,2019,POINT (5.505936692955914 46.082911881324506),46.082911881324506,5.505936692955914,True,2019-08-17,FORET,1.0,871f91113ffffff
19BB041655,NATURELS,2019-08-17 20:23:55,2019-08-18 00:30:55,1.0,1.0,1.0,2019,POINT (4.80618783618022 46.14714224756671),46.14714224756671,4.80618783618022,True,2019-08-17,NATURELS,1.0,871f90a4effffff
19BB041674,NATURELS,2019-08-17 22:45:07,2019-08-17 23:49:22,1.0,1.0,1.0,2019,POINT (6.081887448989606 46.32953355150288),46.32953355150288,6.081887448989606,True,2019-08-17,NATURELS,1.0,871f91a01ffffff
19BB041774,NATURELS,2019-08-18 13:14:32,2019-08-18 14:46:10,1.0,1.0,1.0,2019,POINT (5.62722188165896 46.243051525652135),46.243051525652135,5.62722188165896,True,2019-08-18,FORET,1.0,871f918dcffffff
19BB041851,NATURELS,2019-08-18 20:30:10,2019-08-18 21:02:52,1.0,1.0,1.0,2019,POINT (5.057610530408589 45.8478240850402),45.8478240850402,5.057610530408589,True,2019-08-18,NATURELS,1.0,871f91534ffffff
19BB042355,NATURELS,2019-08-21 23:55:10,2019-08-22 01:05:44,1.0,1.0,1.0,2019,POINT (5.3190851270454536 46.08246451150865),46.08246451150865,5.3190851270454536,True,2019-08-21,NATURELS,1.0,871f91c5cffffff
19BB042611,NATURELS,2019-08-23 17:24:09,2019-08-23 18:11:14,1.0,1.0,1.0,2019,POINT (5.084812367727023 45.814277241057084),45.81427724105709,5.084812367727023,True,2019-08-23,NATURELS,1.0,871f91533ffffff
19BB042909,NATURELS,2019-08-25 08:20:57,2019-08-25 09:18:08,1.0,1.0,1.0,2019,POINT (5.020212185440856 45.843006505323125),45.843006505323125,5.020212185440856,True,2019-08-25,NATURELS,1.0,871f90269ffffff
19BB043105,NATURELS,2019-08-26 09:53:09,2019-08-26 10:42:05,1.0,1.0,1.0,2019,POINT (5.819117396940149 46.11442766423161),46.11442766423161,5.819117396940149,True,2019-08-26,FORET,1.0,871f91064ffffff
19BB043297,NATURELS,2019-08-27 14:01:47,2019-08-27 15:12:00,1.0,1.0,1.0,2019,POINT (5.763806560769784 45.788798812364455),45.788798812364455,5.763806560769784,True,2019-08-27,FORET,1.0,871f9172bffffff
19BB043343,NATURELS,2019-08-27 17:52:01,2019-08-27 18:46:11,1.0,1.0,1.0,2019,POINT (5.074715432446366 45.96844495146517),45.96844495146517,5.074715432446366,True,2019-08-27,NATURELS,1.0,871f91cabffffff
19BB043380,NATURELS,2019-08-27 20:32:44,2019-08-27 21:23:29,1.0,1.0,1.0,2019,POINT (5.597247806222626 46.01727900249849),46.01727900249849,5.597247806222626,True,2019-08-27,NATURELS,1.0,871f91033ffffff
19BB043451,NATURELS,2019-08-28 09:50:11,2019-08-28 10:52:28,1.0,1.0,1.0,2019,POINT (5.267541935162763 46.39195858046067),46.39195858046067,5.267541935162763,True,2019-08-28,NATURELS,1.0,871f919a3ffffff
19BB043468,NATURELS,2019-08-28 11:30:51,2019-08-28 12:33:32,1.0,1.0,1.0,2019,POINT (6.109559097620515 46.32881436615145),46.32881436615145,6.109559097620515,True,2019-08-28,NATURELS,1.0,871f91a0effffff
19BB043684,NATURELS,2019-08-29 16:41:41,2019-08-29 17:17:33,1.0,1.0,1.0,2019,POINT (4.807903568844867 45.93258384966456),45.93258384966456,4.807903568844867,True,2019-08-29,NATURELS,1.0,871f90345ffffff
19BB043745,NATURELS,2019-08-29 21:01:40,2019-08-29 22:11:21,1.0,1.0,1.0,2019,POINT (5.180985400199986 46.0130684468506),46.0130684468506,5.180985400199986,True,2019-08-29,NATURELS,1.0,871f91ce6ffffff
19BB043872,NATURELS,2019-08-30 16:01:02,2019-08-30 16:24:06,1.0,1.0,1.0,2019,POINT (4.783178572118398 45.93528392154265),45.93528392154265,4.783178572118398,True,2019-08-30,NATURELS,1.0,871f90344ffffff
19BB044077,NATURELS,2019-08-31 17:46:13,2019-08-31 19:25:36,1.0,1.0,1.0,2019,POINT (4.887602655191372 46.34442569026499),46.34442569026499,4.887602655191372,True,2019-08-31,FORET,1.0,871f956a8ffffff
19BB044223,NATURELS,2019-09-01 13:57:32,2019-09-01 14:45:39,1.0,1.0,1.0,2019,POINT (5.430342007585308 45.846415056917664),45.846415056917664,5.430342007585308,True,2019-09-01,NATURELS,1.0,871f91548ffffff
19BB044421,NATURELS,2019-09-02 16:22:23,2019-09-02 18:35:12,1.0,1.0,1.0,2019,POINT (5.0088021093389266 46.326197615489896),46.326197615489896,5.008802109338927,True,2019-09-02,NATURELS,1.0,871f956f3ffffff
19BB044439,NATURELS,2019-09-02 19:38:44,2019-09-02 20:42:30,1.0,1.0,1.0,2019,POINT (4.814798785916246 46.19364437723019),46.19364437723019,4.814798785916246,True,2019-09-02,NATURELS,1.0,871f90a6affffff
19BB044567,NATURELS,2019-09-03 16:08:11,2019-09-03 16:57:35,1.0,1.0,1.0,2019,POINT (5.2714076928467115 46.19696553537938),46.19696553537938,5.271407692846712,True,2019-09-03,NATURELS,1.0,871f91d4bffffff
19BB044693,NATURELS,2019-09-04 10:54:26,2019-09-04 12:17:15,1.0,1.0,1.0,2019,POINT (5.321329633000065 46.211757947665276),46.21175794766528,5.321329633000065,True,2019-09-04,NATURELS,1.0,871f91894ffffff
19BB044778,NATURELS,2019-09-04 19:51:23,2019-09-04 20:19:19,1.0,1.0,1.0,2019,POINT (5.999592677426903 46.24158671559286),46.24158671559286,5.999592677426903,True,2019-09-04,NATURELS,1.0,871f91aaeffffff
19BB045085,NATURELS,2019-09-06 19:09:21,2019-09-06 19:39:15,1.0,1.0,1.0,2019,POINT (6.070018085259166 46.336383062707796),46.3363830627078,6.070018085259166,True,2019-09-06,NATURELS,1.0,871f91a01ffffff
19BB045145,NATURELS,2019-09-07 09:59:11,2019-09-07 10:47:55,1.0,1.0,1.0,2019,POINT (5.06608222430622 45.84281158543822),45.84281158543822,5.06608222430622,True,2019-09-07,NATURELS,1.0,871f91530ffffff
19BB045395,NATURELS,2019-09-08 16:43:35,2019-09-08 17:41:02,1.0,1.0,1.0,2019,POINT (4.936130416399572 45.9423087850374),45.9423087850374,4.936130416399572,True,2019-09-08,NATURELS,1.0,871f91cb0ffffff
19BB045594,NATURELS,2019-09-09 19:49:58,2019-09-09 20:30:40,1.0,1.0,1.0,2019,POINT (5.352902131545549 45.89920863512504),45.89920863512504,5.352902131545549,True,2019-09-09,NATURELS,1.0,871f91563ffffff
19BB045699,NATURELS,2019-09-10 13:32:25,2019-09-10 14:08:25,1.0,1.0,1.0,2019,POINT (5.681907684047584 45.74510938065413),45.74510938065413,5.681907684047584,True,2019-09-10,NATURELS,1.0,871f91702ffffff
19BB045707,NATURELS,2019-09-10 15:23:34,2019-09-10 16:28:25,1.0,1.0,1.0,2019,POINT (5.694163403667897 45.872568850890346),45.872568850890346,5.694163403667897,True,2019-09-10,NATURELS,1.0,871f91089ffffff
19BB045745,NATURELS,2019-09-10 19:40:56,2019-09-10 21:04:05,1.0,1.0,1.0,2019,POINT (5.811663648766313 46.19655572397785),46.19655572397785,5.811663648766313,True,2019-09-10,NATURELS,1.0,871f9116bffffff
19BB045758,NATURELS,2019-09-10 20:16:52,2019-09-10 21:03:29,1.0,1.0,1.0,2019,POINT (5.675103542518565 45.747221036361545),45.747221036361545,5.675103542518565,True,2019-09-10,FORET,1.0,871f91702ffffff
19BB045760,NATURELS,2019-09-10 20:25:49,2019-09-10 21:16:02,1.0,1.0,1.0,2019,POINT (4.753392508196869 46.02049280551192),46.02049280551192,4.753392508196869,True,2019-09-10,NATURELS,1.0,871f90ac8ffffff
19BB045860,NATURELS,2019-09-11 12:08:24,2019-09-11 12:42:02,1.0,2.0,1.0,2019,POINT (5.397941242559915 46.022063697373596),46.0220636973736,5.397941242559915,True,2019-09-11,NATURELS,1.0,871f911a2ffffff
19BB046002,NATURELS,2019-09-12 08:47:53,2019-09-12 09:29:02,1.0,1.0,1.0,2019,POINT (6.054967704125245 46.24802297615363),46.24802297615363,6.054967704125245,True,2019-09-12,NATURELS,1.0,871f91aa9ffffff
19BB046009,NATURELS,2019-09-12 09:49:15,2019-09-12 10:32:12,1.0,1.0,1.0,2019,POINT (6.0755498605257685 46.32813041533366),46.32813041533366,6.0755498605257685,True,2019-09-12,NATURELS,1.0,871f91a01ffffff
19BB046097,NATURELS,2019-09-12 16:49:55,2019-09-12 18:58:02,1.0,2.0,1.0,2019,POINT (5.4525727421148025 45.81065910815884),45.81065910815884,5.4525727421148025,True,2019-09-12,NATURELS,1.0,871f91464ffffff
19BB046110,NATURELS,2019-09-12 17:48:43,2019-09-12 20:03:11,1.0,1.0,1.0,2019,POINT (4.876803748900309 45.900274660784305),45.90027466078431,4.876803748900309,True,2019-09-12,NATURELS,1.0,871f90348ffffff
19BB046122,NATURELS,2019-09-12 18:54:46,2019-09-12 19:32:43,1.0,1.0,1.0,2019,POINT (6.0820622032909295 46.25292156997984),46.25292156997984,6.0820622032909295,True,2019-09-12,NATURELS,1.0,
19BB046141,NATURELS,2019-09-12 19:44:21,2019-09-12 20:20:11,1.0,1.0,1.0,2019,POINT (6.128877121691954 46.35376007713471),46.35376007713471,6.128877121691954,True,2019-09-12,NATURELS,1.0,871f91a2bffffff
19BB046221,NATURELS,2019-09-13 10:58:54,2019-09-13 11:40:19,1.0,1.0,1.0,2019,POINT (5.817392565640462 46.10097213636987),46.10097213636987,5.817392565640462,True,2019-09-13,NATURELS,1.0,871f91066ffffff
19BB046264,NATURELS,2019-09-13 14:52:46,2019-09-13 15:49:19,1.0,1.0,1.0,2019,POINT (5.953990250518808 46.217510435276),46.217510435276,5.953990250518808,True,2019-09-13,NATURELS,1.0,871f91a84ffffff
19BB046298,NATURELS,2019-09-13 17:45:50,2019-09-13 18:25:06,1.0,2.0,1.0,2019,POINT (4.811735264974631 45.93287776848746),45.93287776848746,4.811735264974631,True,2019-09-13,NATURELS,1.0,871f90345ffffff
19BB046383,NATURELS,2019-09-14 08:29:11,2019-09-14 10:02:17,1.0,1.0,1.0,2019,POINT (4.820254483639782 46.1266798706718),46.1266798706718,4.820254483639782,True,2019-09-14,NATURELS,1.0,871f90a4affffff
19BB046448,NATURELS,2019-09-14 14:53:44,2019-09-14 15:53:56,1.0,1.0,1.0,2019,POINT (5.10576776802573 45.82443061554262),45.82443061554262,5.10576776802573,True,2019-09-14,NATURELS,1.0,871f91506ffffff
19BB046478,NATURELS,2019-09-14 17:37:44,2019-09-14 19:42:24,1.0,1.0,1.0,2019,POINT (5.698324594439504 45.76182716581131),45.76182716581131,5.698324594439504,True,2019-09-14,NATURELS,1.0,871f91700ffffff
19BB046535,NATURELS,2019-09-15 01:21:16,2019-09-15 02:21:55,1.0,1.0,1.0,2019,POINT (4.986019729191132 46.31918825408131),46.31918825408131,4.986019729191132,True,2019-09-15,FORET,1.0,871f956f3ffffff
19BB046842,NATURELS,2019-09-16 15:12:32,2019-09-16 17:25:33,1.0,3.0,1.0,2019,POINT (5.4257474569465804 46.06292153927273),46.06292153927273,5.4257474569465804,True,2019-09-16,NATURELS,1.0,871f911a5ffffff
19BB046865,NATURELS,2019-09-16 16:37:45,2019-09-16 17:09:25,1.0,1.0,1.0,2019,POINT (4.814636845879596 45.93057263419516),45.93057263419516,4.814636845879596,True,2019-09-16,NATURELS,1.0,871f90345ffffff
19BB046872,NATURELS,2019-09-16 17:15:55,2019-09-16 18:02:50,1.0,1.0,1.0,2019,POINT (5.80491793082641 46.05005935731903),46.05005935731903,5.80491793082641,True,2019-09-16,NATURELS,1.0,871f91073ffffff
19BB047419,NATURELS,2019-09-19 14:52:17,2019-09-19 16:14:06,1.0,1.0,1.0,2019,POINT (5.374690400494972 46.105436110074024),46.10543611007402,5.374690400494972,True,2019-09-19,NATURELS,1.0,871f91c4effffff
19BB047435,NATURELS,2019-09-19 16:13:03,2019-09-19 17:12:49,1.0,1.0,1.0,2019,POINT (5.054655960570852 45.8729756400462),45.8729756400462,5.054655960570852,True,2019-09-19,NATURELS,1.0,871f91c9bffffff
19BB047576,NATURELS,2019-09-20 13:10:22,2019-09-20 15:35:53,1.0,3.0,1.0,2019,POINT (5.631655846336844 45.76094953224733),45.76094953224733,5.631655846336844,True,2019-09-20,NATURELS,1.0,871f91733ffffff
19BB047589,NATURELS,2019-09-20 14:36:49,2019-09-20 15:55:34,1.0,1.0,1.0,2019,POINT (5.10576776802573 45.82443061554262),45.82443061554262,5.10576776802573,True,2019-09-20,NATURELS,1.0,871f91506ffffff
19BB047593,NATURELS,2019-09-20 15:08:38,2019-09-20 16:54:00,1.0,2.0,1.0,2019,POINT (5.689375531502729 45.87164008222278),45.87164008222278,5.689375531502729,True,2019-09-20,NATURELS,1.0,871f91089ffffff
19BB047613,NATURELS,2019-09-20 16:48:07,2019-09-20 17:52:14,1.0,1.0,1.0,2019,POINT (4.8774194330139995 45.89992770792679),45.89992770792679,4.877419433014,True,2019-09-20,NATURELS,1.0,871f90348ffffff
19BB047629,NATURELS,2019-09-20 17:50:03,2019-09-20 18:23:59,1.0,1.0,1.0,2019,POINT (5.646348408351829 46.26650132266638),46.26650132266638,5.646348408351829,True,2019-09-20,NATURELS,1.0,871f918c3ffffff
19BB047633,NATURELS,2019-09-20 18:07:48,2019-09-20 19:48:34,1.0,2.0,1.0,2019,POINT (5.50009028121754 46.120299418668104),46.1202994186681,5.50009028121754,True,2019-09-20,NATURELS,1.0,871f91115ffffff
19BB047773,NATURELS,2019-09-21 14:28:23,2019-09-21 18:27:59,1.0,5.0,1.0,2019,POINT (4.974405368877104 46.29238982205697),46.29238982205697,4.974405368877104,True,2019-09-21,NATURELS,1.0,871f956d6ffffff
19BB047793,NATURELS,2019-09-21 16:14:27,2019-09-21 19:41:12,1.0,3.0,1.0,2019,POINT (4.981437249814776 46.0635554561686),46.0635554561686,4.981437249814776,True,2019-09-21,NATURELS,1.0,871f91d8dffffff
19BB047836,NATURELS,2019-09-21 20:10:41,2019-09-21 21:33:22,1.0,1.0,1.0,2019,POINT (5.678429705899648 45.90464488751188),45.90464488751188,5.678429705899648,True,2019-09-21,NATURELS,1.0,871f910f6ffffff
19BB047869,NATURELS,2019-09-21 23:55:14,2019-09-22 03:16:10,1.0,2.0,1.0,2019,POINT (5.606611386041536 45.72465554163587),45.72465554163587,5.606611386041536,True,2019-09-21,NATURELS,1.0,871f91716ffffff
19BB047946,NATURELS,2019-09-22 12:10:50,2019-09-22 12:44:02,1.0,2.0,1.0,2019,POINT (5.084812367727023 45.814277241057084),45.81427724105709,5.084812367727023,True,2019-09-22,NATURELS,1.0,871f91533ffffff
19BB047996,NATURELS,2019-09-22 16:04:10,2019-09-22 19:20:50,1.0,2.0,1.0,2019,POINT (5.407084884293784 45.856506459865265),45.85650645986527,5.407084884293784,True,2019-09-22,NATURELS,1.0,871f9154cffffff
19BB047997,NATURELS,2019-09-22 16:12:07,2019-09-22 19:45:10,1.0,4.0,1.0,2019,POINT (5.407084884293784 45.856506459865265),45.85650645986527,5.407084884293784,True,2019-09-22,NATURELS,1.0,871f9154cffffff
19BB048174,NATURELS,2019-09-23 15:52:55,2019-09-23 17:35:58,1.0,1.0,1.0,2019,POINT (4.891262707640817 46.33766408304144),46.33766408304144,4.891262707640817,True,2019-09-23,FORET,1.0,871f956aaffffff
19BB048321,NATURELS,2019-09-24 16:00:58,2019-09-24 19:21:38,1.0,1.0,1.0,2019,POINT (5.95937230134581 46.21434809845397),46.21434809845397,5.95937230134581,True,2019-09-24,NATURELS,1.0,871f91a84ffffff
19BB048784,NATURELS,2019-09-27 09:25:44,2019-09-27 10:32:48,1.0,1.0,1.0,2019,POINT (4.972882835002246 45.84445018580933),45.84445018580933,4.972882835002246,True,2019-09-27,NATURELS,1.0,871f90268ffffff
19BB048860,NATURELS,2019-09-27 15:36:33,2019-09-27 16:40:51,1.0,1.0,1.0,2019,POINT (5.709548897039627 45.75080152690027),45.75080152690027,5.709548897039627,True,2019-09-27,NATURELS,1.0,871f91703ffffff
19BB048883,NATURELS,2019-09-27 17:59:28,2019-09-27 18:43:58,1.0,1.0,1.0,2019,POINT (5.003557837767058 45.833185520994945),45.83318552099495,5.003557837767058,True,2019-09-27,NATURELS,1.0,871f9026bffffff
19BB049055,NATURELS,2019-09-28 17:02:27,2019-09-28 17:50:39,1.0,1.0,1.0,2019,POINT (5.98127769623558 46.232864903468275),46.23286490346828,5.98127769623558,True,2019-09-28,NATURELS,1.0,871f91aaeffffff
19BB049553,NATURELS,2019-10-01 16:55:22,2019-10-01 17:38:13,1.0,1.0,1.0,2019,POINT (5.359972005967576 45.955191924238804),45.9551919242388,5.359972005967576,True,2019-10-01,NATURELS,1.0,871f91196ffffff
19BB050062,NATURELS,2019-10-04 15:26:35,2019-10-04 17:56:02,1.0,1.0,1.0,2019,POINT (6.016558062508031 46.27156975640085),46.27156975640085,6.016558062508031,True,2019-10-04,NATURELS,1.0,871f91a13ffffff
19BB050304,NATURELS,2019-10-05 19:51:57,2019-10-05 21:59:25,1.0,5.0,1.0,2019,POINT (5.618544644516642 45.77363386732292),45.77363386732292,5.618544644516642,True,2019-10-05,FORET,1.0,871f91730ffffff
19BB050468,NATURELS,2019-10-06 17:44:41,2019-10-06 18:13:06,1.0,1.0,1.0,2019,POINT (4.76256967426115 46.09785045279001),46.09785045279001,4.76256967426115,True,2019-10-06,NATURELS,1.0,871f90a5affffff
19BB050647,NATURELS,2019-10-07 18:37:19,2019-10-07 20:11:39,1.0,1.0,1.0,2019,POINT (4.902956082102389 46.25130728485674),46.25130728485674,4.902956082102389,True,2019-10-07,NATURELS,1.0,871f95699ffffff
19BB050770,NATURELS,2019-10-08 14:12:38,2019-10-08 15:30:53,1.0,1.0,1.0,2019,POINT (5.794951116562018 46.11601663047741),46.11601663047741,5.794951116562018,True,2019-10-08,NATURELS,1.0,871f91159ffffff
19BB050838,NATURELS,2019-10-08 20:09:51,2019-10-08 21:11:42,1.0,1.0,1.0,2019,POINT (5.685571822369727 45.787548132128606),45.787548132128606,5.685571822369727,True,2019-10-08,NATURELS,1.0,871f91704ffffff
19BB051082,NATURELS,2019-10-10 10:40:35,2019-10-10 12:53:28,1.0,1.0,1.0,2019,POINT (5.042966181127463 46.240486890862016),46.240486890862016,5.042966181127463,True,2019-10-10,FORET,1.0,871f91d28ffffff
19BB051253,NATURELS,2019-10-11 11:37:20,2019-10-11 12:36:58,1.0,1.0,1.0,2019,POINT (4.885696777307614 45.901873938275436),45.90187393827544,4.885696777307614,True,2019-10-11,NATURELS,1.0,871f90348ffffff
19BB052214,NATURELS,2019-10-16 12:52:36,2019-10-16 13:44:56,1.0,1.0,1.0,2019,POINT (5.130199786098243 46.34013476565933),46.34013476565933,5.130199786098243,True,2019-10-16,NATURELS,1.0,871f956ccffffff
19BB052265,NATURELS,2019-10-16 17:10:22,2019-10-16 17:42:55,1.0,1.0,1.0,2019,POINT (5.546904850410836 46.120608776704614),46.12060877670461,5.546904850410836,True,2019-10-16,NATURELS,1.0,871f91103ffffff
19BB052465,NATURELS,2019-10-17 17:39:46,2019-10-17 18:31:25,1.0,1.0,1.0,2019,POINT (4.938190476071829 45.82066550344002),45.82066550344002,4.938190476071829,True,2019-10-17,NATURELS,1.0,871f90245ffffff
19BB052844,NATURELS,2019-10-19 15:45:12,2019-10-19 17:42:23,1.0,2.0,1.0,2019,POINT (5.6963038860098205 45.76139239574049),45.76139239574049,5.6963038860098205,True,2019-10-19,NATURELS,1.0,871f91700ffffff
19BB053271,NATURELS,2019-10-21 18:10:14,2019-10-21 18:43:13,1.0,1.0,1.0,2019,POINT (4.951861696306116 46.28427923394023),46.28427923394023,4.951861696306116,True,2019-10-21,NATURELS,1.0,871f9568bffffff
19BB054637,NATURELS,2019-10-29 20:37:25,2019-10-29 22:14:42,1.0,1.0,1.0,2019,POINT (5.315079776517848 46.08969193741618),46.08969193741618,5.315079776517848,True,2019-10-29,NATURELS,1.0,871f91c42ffffff
19BB054730,NATURELS,2019-10-30 13:02:32,2019-10-30 14:02:38,1.0,1.0,1.0,2019,POINT (5.487715820104932 45.779785789860426),45.779785789860426,5.487715820104932,True,2019-10-30,NATURELS,1.0,871f91463ffffff
19BB056041,NATURELS,2019-11-07 05:24:29,2019-11-07 06:07:19,1.0,1.0,1.0,2019,POINT (5.320909805701168 46.01775366441137),46.01775366441137,5.320909805701168,True,2019-11-07,NATURELS,1.0,871f91ce9ffffff
19BB058270,NATURELS,2019-11-19 20:06:12,2019-11-19 20:14:42,1.0,1.0,1.0,2019,POINT (4.886535471727726 46.290574481427875),46.29057448142788,4.886535471727726,True,2019-11-19,NATURELS,1.0,871f9568effffff
19BB058945,NATURELS,2019-11-23 16:52:24,2019-11-23 17:38:34,1.0,1.0,1.0,2019,POINT (5.321672379143948 45.918453136485276),45.91845313648528,5.321672379143948,True,2019-11-23,NATURELS,1.0,871f91564ffffff
19BB059097,NATURELS,2019-11-24 12:42:40,2019-11-24 13:43:12,1.0,1.0,1.0,2019,POINT (5.092243783350975 46.03050369188899),46.03050369188899,5.092243783350975,True,2019-11-24,NATURELS,1.0,871f91c1effffff
19BB059496,NATURELS,2019-11-26 19:03:55,2019-11-26 20:07:37,1.0,1.0,1.0,2019,POINT (5.046436034155414 45.84456508375367),45.84456508375367,5.046436034155414,True,2019-11-26,NATURELS,1.0,871f91534ffffff
19BB060373,NATURELS,2019-12-02 10:17:19,2019-12-02 11:06:50,1.0,1.0,1.0,2019,POINT (5.07227324644459 45.84815249601782),45.84815249601782,5.07227324644459,True,2019-12-02,NATURELS,1.0,871f91535ffffff
19BB060451,NATURELS,2019-12-02 17:48:36,2019-12-02 18:22:12,1.0,1.0,1.0,2019,POINT (5.430034296373978 45.84415457492664),45.84415457492664,5.430034296373978,True,2019-12-02,NATURELS,1.0,871f91548ffffff
19BB061134,NATURELS,2019-12-06 17:50:38,2019-12-06 18:47:08,1.0,1.0,1.0,2019,POINT (5.85048690993794 46.09861437333566),46.09861437333566,5.85048690993794,True,2019-12-06,NATURELS,1.0,871f91060ffffff
19BB061677,NATURELS,2019-12-09 17:50:56,2019-12-09 19:06:59,1.0,1.0,1.0,2019,POINT (5.0356524404298675 46.24527959333185),46.24527959333185,5.035652440429868,True,2019-12-09,NATURELS,1.0,871f91d28ffffff
19BB063204,NATURELS,2019-12-17 19:33:49,2019-12-17 22:24:47,1.0,1.0,1.0,2019,POINT (5.335893539949581 45.92516085656996),45.92516085656996,5.335893539949581,True,2019-12-17,NATURELS,1.0,871f91565ffffff
19BB063491,NATURELS,2019-12-19 12:04:35,2019-12-19 12:32:26,1.0,1.0,1.0,2019,POINT (5.342069911952793 45.947225690155435),45.94722569015544,5.342069911952793,True,2019-12-19,NATURELS,1.0,871f91ccbffffff
19BB063543,NATURELS,2019-12-19 17:06:32,2019-12-19 17:36:15,1.0,1.0,1.0,2019,POINT (4.762028941167289 45.94740681656776),45.94740681656776,4.762028941167289,True,2019-12-19,NATURELS,1.0,871f90362ffffff
19BB065378,NATURELS,2019-12-28 17:57:30,2019-12-28 18:40:21,1.0,1.0,1.0,2019,POINT (5.122876679092377 45.86345652588133),45.86345652588133,5.122876679092377,True,2019-12-28,NATURELS,1.0,871f91523ffffff
20BB000605,NATURELS,2020-01-04 09:35:22,2020-01-04 10:30:43,1.0,1.0,1.0,2020,POINT (6.024596447524474 46.2844043493105),46.2844043493105,6.024596447524474,True,2020-01-04,NATURELS,1.0,871f91a11ffffff
20BB000754,NATURELS,2020-01-05 07:41:41,2020-01-05 08:19:00,1.0,1.0,1.0,2020,POINT (4.9751421339588955 46.113213918062286),46.113213918062286,4.975142133958896,True,2020-01-05,NATURELS,1.0,871f91d1affffff
20BB001463,NATURELS,2020-01-09 16:03:42,2020-01-09 16:57:24,1.0,1.0,1.0,2020,POINT (5.679575533769382 46.29486434352214),46.29486434352214,5.679575533769382,True,2020-01-09,NATURELS,1.0,871f918ccffffff
20BB001806,NATURELS,2020-01-11 18:46:31,2020-01-11 20:39:53,1.0,1.0,1.0,2020,POINT (4.758519408558383 46.03416370082624),46.03416370082624,4.758519408558383,True,2020-01-11,NATURELS,1.0,871f90acdffffff
20BB002593,NATURELS,2020-01-16 18:39:51,2020-01-16 19:42:49,1.0,1.0,1.0,2020,POINT (5.96410302929274 46.20452349265777),46.20452349265777,5.96410302929274,True,2020-01-16,NATURELS,1.0,
20BB002908,NATURELS,2020-01-18 13:25:52,2020-01-18 14:23:51,1.0,1.0,1.0,2020,POINT (5.234477229854218 45.80844670048242),45.80844670048242,5.234477229854218,True,2020-01-18,NATURELS,1.0,871f9150bffffff
20BB003092,NATURELS,2020-01-19 16:26:19,2020-01-19 17:40:55,1.0,1.0,1.0,2020,POINT (5.0439274147224635 46.23946466008682),46.23946466008682,5.043927414722464,True,2020-01-19,NATURELS,1.0,871f91d29ffffff
20BB004011,NATURELS,2020-01-25 13:41:32,2020-01-25 14:53:17,1.0,1.0,1.0,2020,POINT (6.105794127720763 46.25287270020596),46.25287270020596,6.105794127720763,True,2020-01-25,FORET,1.0,871f91af5ffffff
20BB004051,NATURELS,2020-01-25 17:52:28,2020-01-25 18:28:29,1.0,1.0,1.0,2020,POINT (5.024242959496094 45.83746399140591),45.83746399140591,5.024242959496094,True,2020-01-25,NATURELS,1.0,871f90269ffffff
20BB004393,NATURELS,2020-01-27 14:34:19,2020-01-27 18:22:03,1.0,2.0,1.0,2020,POINT (5.24011105463596 46.217210632574485),46.217210632574485,5.24011105463596,True,2020-01-27,NATURELS,1.0,871f91d4effffff
20BB005291,NATURELS,2020-02-01 18:47:23,2020-02-01 19:28:08,1.0,1.0,1.0,2020,POINT (4.948457336295248 45.826476567038064),45.826476567038064,4.948457336295248,True,2020-02-01,NATURELS,1.0,871f9026effffff
20BB006176,NATURELS,2020-02-06 12:31:34,2020-02-06 13:17:27,1.0,1.0,1.0,2020,POINT (5.660839077951122 46.23713486219904),46.23713486219904,5.660839077951122,True,2020-02-06,FORET,1.0,871f918ddffffff
20BB006211,NATURELS,2020-02-06 15:35:53,2020-02-06 17:13:10,1.0,1.0,1.0,2020,POINT (5.588210425762101 45.98459203480146),45.98459203480146,5.588210425762101,True,2020-02-06,FORET,1.0,871f91014ffffff
20BB006230,NATURELS,2020-02-06 18:39:24,2020-02-06 19:46:40,1.0,1.0,1.0,2020,POINT (4.960767548567163 46.43872719070394),46.43872719070394,4.960767548567163,True,2020-02-06,FORET,1.0,871f95601ffffff
20BB006358,NATURELS,2020-02-07 16:10:43,2020-02-07 17:19:45,1.0,1.0,1.0,2020,POINT (5.716990840846775 45.88214193773489),45.88214193773489,5.716990840846775,True,2020-02-07,NATURELS,1.0,871f910d4ffffff
20BB006368,NATURELS,2020-02-07 17:16:49,2020-02-07 18:40:11,1.0,1.0,1.0,2020,POINT (5.266099121582845 45.882189908524154),45.88218990852416,5.266099121582845,True,2020-02-07,NATURELS,1.0,871f91574ffffff
20BB006510,NATURELS,2020-02-08 14:14:44,2020-02-08 15:18:07,1.0,1.0,1.0,2020,POINT (5.3393742693422555 46.20854358787449),46.20854358787449,5.339374269342256,True,2020-02-08,NATURELS,1.0,871f91890ffffff
20BB006536,NATURELS,2020-02-08 16:30:15,2020-02-08 17:42:44,1.0,1.0,1.0,2020,POINT (5.058728917589477 46.081415331781955),46.08141533178196,5.058728917589477,True,2020-02-08,FORET,1.0,871f91c06ffffff
20BB006557,NATURELS,2020-02-08 18:11:38,2020-02-08 19:01:02,1.0,1.0,1.0,2020,POINT (4.9827793566986704 46.21775648050334),46.21775648050334,4.9827793566986704,True,2020-02-08,NATURELS,1.0,871f91d05ffffff
20BB006565,NATURELS,2020-02-08 19:07:54,2020-02-08 20:43:41,1.0,1.0,1.0,2020,POINT (5.6334717923747375 46.29960958533724),46.29960958533724,5.6334717923747375,True,2020-02-08,NATURELS,1.0,871f918c5ffffff
20BB006696,NATURELS,2020-02-09 14:40:40,2020-02-09 15:03:00,1.0,1.0,1.0,2020,POINT (5.240221252337845 46.21830618702155),46.21830618702155,5.240221252337845,True,2020-02-09,NATURELS,1.0,871f91d4effffff
20BB007034,NATURELS,2020-02-11 13:31:42,2020-02-11 14:52:36,1.0,1.0,1.0,2020,POINT (5.127825314524136 45.819113726341044),45.81911372634104,5.127825314524136,True,2020-02-11,FORET,1.0,871f91506ffffff
20BB007195,NATURELS,2020-02-12 14:21:14,2020-02-12 15:32:01,1.0,1.0,1.0,2020,POINT (5.35630752356701 45.975134006061715),45.97513400606172,5.35630752356701,True,2020-02-12,NATURELS,1.0,871f911b2ffffff
20BB007309,NATURELS,2020-02-13 09:28:43,2020-02-13 13:50:24,1.0,1.0,1.0,2020,POINT (4.972359087007165 46.244996677633274),46.24499667763328,4.972359087007165,True,2020-02-13,NATURELS,1.0,871f91d21ffffff
20BB007404,NATURELS,2020-02-13 19:32:03,2020-02-13 20:14:59,1.0,1.0,1.0,2020,POINT (5.484394719280328 45.75976415857145),45.75976415857145,5.484394719280328,True,2020-02-13,NATURELS,1.0,871f91445ffffff
20BB007605,NATURELS,2020-02-14 23:20:06,2020-02-15 04:14:45,1.0,2.0,1.0,2020,POINT (5.312348538762234 46.09015108353089),46.09015108353089,5.312348538762234,True,2020-02-14,NATURELS,1.0,871f91c42ffffff
20BB007729,NATURELS,2020-02-15 16:02:42,2020-02-15 21:10:06,1.0,3.0,1.0,2020,POINT (4.92269072066851 45.84749705095049),45.84749705095049,4.92269072066851,True,2020-02-15,NATURELS,1.0,871f90261ffffff
20BB007934,NATURELS,2020-02-16 17:29:21,2020-02-16 19:13:46,1.0,1.0,1.0,2020,POINT (5.96646692715484 46.19014522454495),46.19014522454495,5.96646692715484,True,2020-02-16,NATURELS,1.0,871f91a80ffffff
20BB007936,NATURELS,2020-02-16 17:51:06,2020-02-16 18:15:32,1.0,1.0,1.0,2020,POINT (5.3371615909013865 46.03816555038973),46.03816555038973,5.3371615909013865,True,2020-02-16,NATURELS,1.0,871f91c5affffff
20BB007970,NATURELS,2020-02-16 21:50:42,2020-02-17 04:13:27,1.0,2.0,1.0,2020,POINT (4.945918215653315 45.834556082656604),45.83455608265661,4.945918215653315,True,2020-02-16,NATURELS,1.0,871f9026effffff
20BB008187,NATURELS,2020-02-18 09:30:51,2020-02-18 10:28:34,1.0,1.0,1.0,2020,POINT (5.606608811726051 46.24689036750356),46.24689036750356,5.606608811726051,True,2020-02-18,NATURELS,1.0,871f918c2ffffff
20BB008389,NATURELS,2020-02-19 15:00:49,2020-02-19 16:27:34,1.0,2.0,1.0,2020,POINT (4.930723402597392 46.41790241665765),46.41790241665765,4.930723402597392,True,2020-02-19,FORET,1.0,871f9561cffffff
20BB008514,NATURELS,2020-02-20 09:09:18,2020-02-20 09:54:32,1.0,1.0,1.0,2020,POINT (6.077989460831571 46.25279500118471),46.25279500118471,6.077989460831571,True,2020-02-20,FORET,1.0,
20BB008570,NATURELS,2020-02-20 13:50:30,2020-02-20 15:01:38,1.0,1.0,1.0,2020,POINT (4.809222207706271 46.14579773235896),46.14579773235896,4.809222207706271,True,2020-02-20,NATURELS,1.0,871f90a4effffff
20BB008613,NATURELS,2020-02-20 17:43:07,2020-02-20 18:04:29,1.0,1.0,1.0,2020,POINT (5.0220998505274554 45.842889420730195),45.8428894207302,5.022099850527456,True,2020-02-20,NATURELS,1.0,871f90269ffffff
20BB008789,NATURELS,2020-02-21 16:53:59,2020-02-21 18:17:46,1.0,1.0,1.0,2020,POINT (5.166143077035692 46.31142543692525),46.31142543692525,5.166143077035692,True,2020-02-21,FORET,1.0,871f956cbffffff
20BB009033,NATURELS,2020-02-22 18:46:05,2020-02-22 19:20:17,1.0,1.0,1.0,2020,POINT (5.453530706400303 45.807346137907466),45.807346137907466,5.453530706400303,True,2020-02-22,NATURELS,1.0,871f91464ffffff
20BB009157,NATURELS,2020-02-23 14:15:53,2020-02-23 15:15:13,1.0,1.0,1.0,2020,POINT (5.70269198727031 46.16400049705061),46.16400049705061,5.70269198727031,True,2020-02-23,NATURELS,1.0,871f91146ffffff
20BB009164,NATURELS,2020-02-23 14:47:18,2020-02-23 15:41:54,1.0,1.0,1.0,2020,POINT (6.115498738714509 46.369969389207995),46.369969389208,6.115498738714509,True,2020-02-23,NATURELS,1.0,871f91a28ffffff
20BB009170,NATURELS,2020-02-23 15:24:35,2020-02-23 18:31:58,1.0,5.0,1.0,2020,POINT (5.478128024030676 46.02500906861907),46.02500906861907,5.478128024030676,True,2020-02-23,NATURELS,1.0,871f911aaffffff
20BB009188,NATURELS,2020-02-23 17:01:08,2020-02-23 18:20:53,1.0,1.0,1.0,2020,POINT (5.697253869029885 46.14661111453873),46.14661111453873,5.697253869029885,True,2020-02-23,NATURELS,1.0,871f91155ffffff
20BB009314,NATURELS,2020-02-24 13:17:02,2020-02-24 14:06:34,1.0,1.0,1.0,2020,POINT (4.8296104375635105 45.92483235336304),45.92483235336304,4.829610437563511,True,2020-02-24,NATURELS,1.0,871f90345ffffff
20BB009384,NATURELS,2020-02-24 21:03:02,2020-02-24 22:01:22,1.0,1.0,1.0,2020,POINT (4.945732669623749 45.81817723573202),45.81817723573202,4.945732669623749,True,2020-02-24,NATURELS,1.0,871f90245ffffff
20BB009557,NATURELS,2020-02-25 22:16:45,2020-02-25 22:56:27,1.0,1.0,1.0,2020,POINT (5.351798269436354 45.92628466380667),45.92628466380667,5.351798269436354,True,2020-02-25,NATURELS,1.0,871f91565ffffff
20BB009643,NATURELS,2020-02-26 12:13:50,2020-02-26 14:04:47,1.0,1.0,1.0,2020,POINT (4.918000445584426 46.29334609082354),46.29334609082354,4.918000445584426,True,2020-02-26,NATURELS,1.0,871f95688ffffff
20BB010079,NATURELS,2020-02-28 19:39:21,2020-02-28 20:48:09,1.0,1.0,1.0,2020,POINT (4.976725535378808 45.83435895732385),45.83435895732385,4.976725535378808,True,2020-02-28,NATURELS,1.0,871f90268ffffff
20BB010093,NATURELS,2020-02-28 20:44:22,2020-02-28 22:00:36,1.0,1.0,1.0,2020,POINT (4.914581540801299 45.86929619723432),45.86929619723432,4.914581540801299,True,2020-02-28,NATURELS,1.0,871f90265ffffff
20BB010172,NATURELS,2020-02-29 11:00:34,2020-02-29 11:57:37,1.0,1.0,1.0,2020,POINT (4.753392508196869 46.02049280551192),46.02049280551192,4.753392508196869,True,2020-02-29,NATURELS,1.0,871f90ac8ffffff
20BB011579,NATURELS,2020-03-08 09:48:36,2020-03-08 10:28:42,1.0,1.0,1.0,2020,POINT (5.085043622066322 45.853134445538615),45.853134445538615,5.085043622066322,True,2020-03-08,NATURELS,1.0,871f91535ffffff
20BB012195,NATURELS,2020-03-12 11:41:37,2020-03-12 12:24:51,1.0,1.0,1.0,2020,POINT (5.8311499747610505 46.138966298480476),46.13896629848048,5.8311499747610505,True,2020-03-12,NATURELS,1.0,871f9114bffffff
20BB012431,NATURELS,2020-03-13 19:27:53,2020-03-13 20:58:14,1.0,1.0,1.0,2020,POINT (5.095932437841948 45.86677643786559),45.86677643786559,5.095932437841948,True,2020-03-13,NATURELS,1.0,871f91526ffffff
20BB012504,NATURELS,2020-03-14 08:37:16,2020-03-14 09:50:32,1.0,1.0,1.0,2020,POINT (5.545927295166511 46.19104257230832),46.19104257230832,5.545927295166511,True,2020-03-14,NATURELS,1.0,871f91121ffffff
20BB012754,NATURELS,2020-03-15 15:31:08,2020-03-15 16:52:11,1.0,1.0,1.0,2020,POINT (4.950453532783097 46.13340294512159),46.13340294512159,4.950453532783097,True,2020-03-15,NATURELS,1.0,871f91d13ffffff
20BB012785,NATURELS,2020-03-15 18:28:03,2020-03-15 20:08:20,1.0,1.0,1.0,2020,POINT (4.941880464944312 45.89496148702263),45.89496148702263,4.941880464944312,True,2020-03-15,NATURELS,1.0,871f91c96ffffff
20BB012908,NATURELS,2020-03-16 14:27:08,2020-03-16 16:47:24,1.0,1.0,1.0,2020,POINT (5.455556900350996 46.04151854959989),46.04151854959989,5.455556900350996,True,2020-03-16,NATURELS,1.0,871f911a1ffffff
20BB013052,NATURELS,2020-03-17 12:20:53,2020-03-17 12:44:31,1.0,1.0,1.0,2020,POINT (5.670314532026094 46.26390751704805),46.26390751704805,5.670314532026094,True,2020-03-17,NATURELS,1.0,871f918ceffffff
20BB013066,NATURELS,2020-03-17 14:04:30,2020-03-17 14:27:00,1.0,1.0,1.0,2020,POINT (4.776306218652371 45.940005596291975),45.940005596291975,4.776306218652371,True,2020-03-17,NATURELS,1.0,871f90362ffffff
20BB013074,NATURELS,2020-03-17 15:37:43,2020-03-17 16:18:54,1.0,1.0,1.0,2020,POINT (5.97666951514176 46.227411051268724),46.22741105126872,5.97666951514176,True,2020-03-17,NATURELS,1.0,871f91aaeffffff
20BB013088,NATURELS,2020-03-17 16:54:39,2020-03-17 17:55:32,1.0,1.0,1.0,2020,POINT (5.588611186206846 45.67198127692015),45.67198127692015,5.588611186206846,True,2020-03-17,FORET,1.0,871f917a0ffffff
20BB013102,NATURELS,2020-03-17 18:27:40,2020-03-17 19:12:10,1.0,1.0,1.0,2020,POINT (5.638567723284101 46.25916424108345),46.25916424108345,5.638567723284101,True,2020-03-17,NATURELS,1.0,871f918c3ffffff
20BB013105,NATURELS,2020-03-17 18:53:31,2020-03-17 19:50:22,1.0,1.0,1.0,2020,POINT (5.1732708303710915 46.3093387618658),46.3093387618658,5.173270830371092,True,2020-03-17,NATURELS,1.0,871f91996ffffff
20BB013116,NATURELS,2020-03-17 20:21:06,2020-03-17 21:22:00,1.0,1.0,1.0,2020,POINT (5.658781655501348 45.841130012128446),45.841130012128446,5.658781655501348,True,2020-03-17,NATURELS,1.0,871f91724ffffff
20BB013376,NATURELS,2020-03-19 17:28:54,2020-03-19 18:12:33,1.0,1.0,1.0,2020,POINT (6.1208095896533825 46.37653894055026),46.37653894055026,6.120809589653383,True,2020-03-19,NATURELS,1.0,871f91a28ffffff
20BB013380,NATURELS,2020-03-19 18:13:39,2020-03-19 18:57:25,1.0,1.0,1.0,2020,POINT (5.539858518398887 46.001527185518995),46.001527185519,5.539858518398887,True,2020-03-19,NATURELS,1.0,871f9118dffffff
20BB013384,NATURELS,2020-03-19 18:38:38,2020-03-19 19:05:48,1.0,1.0,1.0,2020,POINT (5.383907779613981 45.93133561070555),45.93133561070555,5.383907779613981,True,2020-03-19,NATURELS,1.0,871f91192ffffff
20BB013493,NATURELS,2020-03-20 12:59:26,2020-03-20 16:15:24,1.0,2.0,1.0,2020,POINT (5.437214229086961 46.14974752666733),46.14974752666733,5.437214229086961,True,2020-03-20,NATURELS,1.0,871f91130ffffff
20BB013565,NATURELS,2020-03-20 20:50:53,2020-03-20 21:17:11,1.0,1.0,1.0,2020,POINT (5.231596689262434 46.21733866687362),46.21733866687362,5.231596689262434,True,2020-03-20,NATURELS,1.0,871f91d4effffff
20BB013689,NATURELS,2020-03-21 18:47:41,2020-03-21 20:34:18,1.0,1.0,1.0,2020,POINT (5.994694451183537 46.287166024491775),46.287166024491775,5.994694451183537,True,2020-03-21,NATURELS,1.0,871f91a10ffffff
20BB013796,NATURELS,2020-03-22 18:08:42,2020-03-22 19:23:32,1.0,1.0,1.0,2020,POINT (5.557834224023155 45.716063121527135),45.716063121527135,5.557834224023155,True,2020-03-22,NATURELS,1.0,871f9144affffff
20BB014206,NATURELS,2020-03-25 16:35:37,2020-03-25 17:04:42,1.0,1.0,1.0,2020,POINT (5.190113657655028 46.02458659137111),46.02458659137111,5.190113657655028,True,2020-03-25,NATURELS,1.0,871f91ce4ffffff
20BB014220,NATURELS,2020-03-25 18:32:24,2020-03-25 19:38:56,1.0,1.0,1.0,2020,POINT (5.370925212557368 46.27706649863225),46.27706649863225,5.370925212557368,True,2020-03-25,NATURELS,1.0,871f918a2ffffff
20BB014227,NATURELS,2020-03-25 19:37:13,2020-03-25 22:32:03,1.0,1.0,1.0,2020,POINT (4.969350124530963 45.87957718900419),45.87957718900419,4.969350124530963,True,2020-03-25,NATURELS,1.0,871f91c93ffffff
20BB014234,NATURELS,2020-03-25 20:26:01,2020-03-25 23:58:47,1.0,4.0,1.0,2020,POINT (5.449633480153505 46.28147747780443),46.28147747780443,5.449633480153505,True,2020-03-25,NATURELS,1.0,871f918aaffffff
20BB014307,NATURELS,2020-03-26 14:28:13,2020-03-26 16:22:25,1.0,1.0,1.0,2020,POINT (5.04305491818762 45.98427948334363),45.98427948334363,5.04305491818762,True,2020-03-26,NATURELS,1.0,871f91caeffffff
20BB014315,NATURELS,2020-03-26 16:09:28,2020-03-26 17:20:49,1.0,1.0,1.0,2020,POINT (5.276061323252339 46.330525307094085),46.330525307094085,5.276061323252339,True,2020-03-26,NATURELS,1.0,871f9199cffffff
20BB014326,NATURELS,2020-03-26 18:19:21,2020-03-26 20:18:33,1.0,1.0,1.0,2020,POINT (6.004719035369141 46.24870723054834),46.24870723054834,6.004719035369141,True,2020-03-26,FORET,1.0,871f91aacffffff
20BB014328,NATURELS,2020-03-26 18:31:32,2020-03-26 23:17:48,1.0,1.0,1.0,2020,POINT (5.365422976821896 46.21335971975838),46.21335971975838,5.365422976821896,True,2020-03-26,NATURELS,1.0,871f91891ffffff
20BB014333,NATURELS,2020-03-26 19:14:07,2020-03-26 19:28:45,1.0,1.0,1.0,2020,POINT (5.803722205182925 45.96365059146046),45.96365059146046,5.803722205182925,True,2020-03-26,NATURELS,1.0,871f910e1ffffff
20BB014349,NATURELS,2020-03-26 21:05:10,2020-03-26 23:12:05,1.0,2.0,1.0,2020,POINT (5.690179106992019 45.839855495476726),45.839855495476726,5.690179106992019,True,2020-03-26,NATURELS,1.0,871f91725ffffff
20BB014408,NATURELS,2020-03-27 11:37:43,2020-03-27 12:10:47,1.0,1.0,1.0,2020,POINT (5.779325332449001 46.107452289539744),46.107452289539744,5.779325332449001,True,2020-03-27,NATURELS,1.0,871f91158ffffff
20BB014440,NATURELS,2020-03-27 16:15:12,2020-03-27 17:18:20,1.0,1.0,1.0,2020,POINT (5.7292697036696145 45.787740308272014),45.787740308272014,5.729269703669615,True,2020-03-27,NATURELS,1.0,871f9172affffff
20BB014468,NATURELS,2020-03-27 19:05:29,2020-03-27 20:03:48,1.0,1.0,1.0,2020,POINT (4.919141414524439 45.8142005490033),45.8142005490033,4.919141414524439,True,2020-03-27,NATURELS,1.0,871f90244ffffff
20BB014528,NATURELS,2020-03-28 04:23:57,2020-03-28 05:57:13,1.0,1.0,1.0,2020,POINT (4.986597937979006 45.83372160143454),45.83372160143454,4.986597937979006,True,2020-03-28,NATURELS,1.0,871f90268ffffff
20BB014720,NATURELS,2020-03-29 10:50:49,2020-03-29 11:53:01,1.0,1.0,1.0,2020,POINT (5.199562140974633 45.91859949420193),45.91859949420193,5.199562140974633,True,2020-03-29,NATURELS,1.0,871f91cd1ffffff
20BB014801,NATURELS,2020-03-29 19:51:34,2020-03-29 20:37:21,1.0,1.0,1.0,2020,POINT (5.1950865210255905 45.92009064432891),45.92009064432891,5.195086521025591,True,2020-03-29,NATURELS,1.0,871f91cd1ffffff
20BB014930,NATURELS,2020-03-30 17:07:33,2020-03-30 18:38:22,1.0,1.0,1.0,2020,POINT (5.634263231583481 46.32362062198934),46.32362062198934,5.634263231583481,True,2020-03-30,NATURELS,1.0,871f918eeffffff
20BB015012,NATURELS,2020-03-31 10:01:30,2020-03-31 14:19:01,1.0,1.0,1.0,2020,POINT (5.954211056151349 46.20871301552294),46.20871301552294,5.954211056151349,True,2020-03-31,FORET,1.0,871f91a84ffffff
20BB015019,NATURELS,2020-03-31 11:23:43,2020-03-31 13:08:25,1.0,1.0,1.0,2020,POINT (5.919306295315118 46.16869165375274),46.16869165375274,5.919306295315118,True,2020-03-31,NATURELS,1.0,871f91a95ffffff
20BB015039,NATURELS,2020-03-31 14:07:38,2020-03-31 14:51:16,1.0,1.0,1.0,2020,POINT (5.508643035185307 45.92124568940902),45.92124568940902,5.508643035185307,True,2020-03-31,NATURELS,1.0,871f910a6ffffff
20BB015062,NATURELS,2020-03-31 17:02:57,2020-03-31 21:09:27,1.0,3.0,1.0,2020,POINT (5.365639316325142 46.28568936126679),46.28568936126679,5.365639316325142,True,2020-03-31,FORET,1.0,871f918a2ffffff
20BB015063,NATURELS,2020-03-31 17:04:16,2020-03-31 18:15:15,1.0,1.0,1.0,2020,POINT (5.195835561987263 45.905262001978954),45.90526200197896,5.195835561987263,True,2020-03-31,NATURELS,1.0,871f91cd3ffffff
20BB015067,NATURELS,2020-03-31 17:29:45,2020-03-31 18:32:58,1.0,1.0,1.0,2020,POINT (5.425535028550916 46.0321340389734),46.0321340389734,5.425535028550916,True,2020-03-31,NATURELS,1.0,871f911a3ffffff
20BB015184,NATURELS,2020-04-01 15:44:53,2020-04-01 16:30:48,1.0,1.0,1.0,2020,POINT (5.902660443802633 46.13513824514529),46.13513824514529,5.902660443802633,True,2020-04-01,NATURELS,1.0,871f91a92ffffff
20BB015192,NATURELS,2020-04-01 16:36:39,2020-04-01 18:21:38,1.0,2.0,1.0,2020,POINT (4.950907197606499 45.95860225707159),45.95860225707159,4.950907197606499,True,2020-04-01,NATURELS,1.0,871f91cb5ffffff
20BB015193,NATURELS,2020-04-01 16:37:33,2020-04-01 17:01:48,1.0,1.0,1.0,2020,POINT (5.353384933629223 45.98092051890599),45.98092051890599,5.353384933629223,True,2020-04-01,NATURELS,1.0,871f911b2ffffff
20BB015326,NATURELS,2020-04-02 16:10:44,2020-04-02 20:57:08,1.0,5.0,1.0,2020,POINT (5.628881248891987 45.99460427860893),45.99460427860893,5.628881248891987,True,2020-04-02,NATURELS,1.0,871f91015ffffff
20BB015335,NATURELS,2020-04-02 17:12:23,2020-04-02 18:55:03,1.0,1.0,1.0,2020,POINT (4.992239787849324 46.41741759163025),46.41741759163025,4.992239787849324,True,2020-04-02,FORET,1.0,871f9560affffff
20BB015398,NATURELS,2020-04-03 10:59:28,2020-04-03 14:12:31,1.0,1.0,1.0,2020,POINT (4.9506637744204545 46.24550843944828),46.24550843944828,4.950663774420455,True,2020-04-03,NATURELS,1.0,871f91d20ffffff
20BB015425,NATURELS,2020-04-03 15:47:54,2020-04-03 16:26:33,1.0,1.0,1.0,2020,POINT (5.245147853898922 45.9735740360758),45.9735740360758,5.245147853898922,True,2020-04-03,NATURELS,1.0,871f91cc1ffffff
20BB015432,NATURELS,2020-04-03 17:10:23,2020-04-03 18:22:18,1.0,1.0,1.0,2020,POINT (4.944967971374714 46.43048502843885),46.43048502843885,4.944967971374714,True,2020-04-03,FORET,1.0,871f95603ffffff
20BB015553,NATURELS,2020-04-04 13:53:35,2020-04-04 14:31:13,1.0,1.0,1.0,2020,POINT (5.636386312555553 46.143379609071665),46.14337960907167,5.636386312555553,True,2020-04-04,FORET,1.0,871f9110dffffff
20BB015559,NATURELS,2020-04-04 14:07:36,2020-04-04 15:12:24,1.0,1.0,1.0,2020,POINT (4.942123949977367 45.95819356998699),45.95819356998699,4.942123949977367,True,2020-04-04,NATURELS,1.0,871f91cb5ffffff
20BB015575,NATURELS,2020-04-04 15:47:39,2020-04-04 17:00:58,1.0,1.0,1.0,2020,POINT (5.450276450789656 46.07369165606327),46.07369165606327,5.450276450789656,True,2020-04-04,NATURELS,1.0,871f91112ffffff
20BB015594,NATURELS,2020-04-04 18:15:07,2020-04-04 18:55:01,1.0,1.0,1.0,2020,POINT (5.565514329356585 46.16249000944799),46.16249000944799,5.565514329356585,True,2020-04-04,FORET,1.0,871f9112affffff
20BB015612,NATURELS,2020-04-04 20:01:24,2020-04-05 00:03:48,1.0,1.0,1.0,2020,POINT (5.574884052588912 46.03643679371384),46.03643679371384,5.574884052588912,True,2020-04-04,NATURELS,1.0,871f91030ffffff
20BB015619,NATURELS,2020-04-04 20:35:26,2020-04-04 21:28:22,1.0,1.0,1.0,2020,POINT (5.657800413994757 45.84045663127755),45.84045663127755,5.657800413994757,True,2020-04-04,NATURELS,1.0,871f91724ffffff
20BB015696,NATURELS,2020-04-05 12:32:41,2020-04-05 13:57:42,1.0,1.0,1.0,2020,POINT (4.821866818937026 45.95547316367566),45.95547316367566,4.821866818937026,True,2020-04-05,NATURELS,1.0,871f9036effffff
20BB015701,NATURELS,2020-04-05 13:31:30,2020-04-05 17:41:30,1.0,3.0,1.0,2020,POINT (5.068548217067575 46.08064706893614),46.08064706893614,5.068548217067575,True,2020-04-05,NATURELS,1.0,871f91c06ffffff
20BB015714,NATURELS,2020-04-05 14:46:39,2020-04-05 18:19:55,1.0,2.0,1.0,2020,POINT (5.056284670794706 46.07934967075972),46.07934967075972,5.056284670794706,True,2020-04-05,FORET,1.0,871f91c06ffffff
20BB015716,NATURELS,2020-04-05 14:54:28,2020-04-05 22:34:19,1.0,5.0,1.0,2020,POINT (5.463291249651983 46.075501934316165),46.075501934316165,5.463291249651983,True,2020-04-05,NATURELS,1.0,871f91112ffffff
20BB015741,NATURELS,2020-04-05 18:30:56,2020-04-05 18:36:59,1.0,1.0,1.0,2020,POINT (5.438147635525641 46.06832601194916),46.06832601194916,5.438147635525641,True,2020-04-05,NATURELS,1.0,871f911a5ffffff
20BB015767,NATURELS,2020-04-05 22:21:24,2020-04-05 23:43:11,1.0,1.0,1.0,2020,POINT (5.632647469850525 46.24907108853911),46.24907108853911,5.632647469850525,True,2020-04-05,NATURELS,1.0,871f918dcffffff
20BB015794,NATURELS,2020-04-06 07:02:25,2020-04-06 08:25:58,1.0,1.0,1.0,2020,POINT (5.6314479312593235 46.250699859335995),46.250699859336,5.631447931259324,True,2020-04-06,NATURELS,1.0,871f918dcffffff
20BB015812,NATURELS,2020-04-06 10:20:47,2020-04-06 12:01:50,1.0,1.0,1.0,2020,POINT (4.942929942740758 45.93958614912055),45.93958614912055,4.942929942740758,True,2020-04-06,NATURELS,1.0,871f91cb0ffffff
20BB015815,NATURELS,2020-04-06 10:30:12,2020-04-06 11:52:27,1.0,1.0,1.0,2020,POINT (5.046329509196106 46.09591017465281),46.09591017465281,5.046329509196106,True,2020-04-06,NATURELS,1.0,871f91c31ffffff
20BB015831,NATURELS,2020-04-06 12:32:46,2020-04-06 16:23:31,1.0,5.0,1.0,2020,POINT (5.542414037791269 45.96815629540731),45.96815629540731,5.542414037791269,True,2020-04-06,NATURELS,1.0,871f9118bffffff
20BB015833,NATURELS,2020-04-06 12:44:46,2020-04-06 14:58:08,1.0,1.0,1.0,2020,POINT (4.930723402597392 46.41790241665765),46.41790241665765,4.930723402597392,True,2020-04-06,NATURELS,1.0,871f9561cffffff
20BB015835,NATURELS,2020-04-06 12:48:07,2020-04-06 17:06:27,1.0,2.0,1.0,2020,POINT (5.664332365014796 46.216338641445674),46.21633864144568,5.664332365014796,True,2020-04-06,NATURELS,1.0,871f918dbffffff
20BB015839,NATURELS,2020-04-06 13:55:11,2020-04-06 14:34:31,1.0,1.0,1.0,2020,POINT (5.176548203594364 45.91432087349202),45.91432087349202,5.176548203594364,True,2020-04-06,NATURELS,1.0,871f91cd0ffffff
20BB015854,NATURELS,2020-04-06 16:01:41,2020-04-06 18:17:20,1.0,1.0,1.0,2020,POINT (5.341540072105058 45.890239060940765),45.890239060940765,5.341540072105058,True,2020-04-06,NATURELS,1.0,871f91563ffffff
20BB015859,NATURELS,2020-04-06 16:39:46,2020-04-06 22:34:43,1.0,4.0,1.0,2020,POINT (4.929210170560334 46.36434902224381),46.36434902224381,4.929210170560334,True,2020-04-06,NATURELS,1.0,871f9561affffff
20BB015874,NATURELS,2020-04-06 18:56:31,2020-04-06 19:31:38,1.0,1.0,1.0,2020,POINT (5.967900814840914 46.22922382794957),46.22922382794957,5.967900814840914,True,2020-04-06,NATURELS,1.0,871f91aa3ffffff
20BB015890,NATURELS,2020-04-06 21:14:32,2020-04-06 23:23:09,1.0,1.0,1.0,2020,POINT (5.324409604718249 46.07193376240384),46.07193376240384,5.324409604718249,True,2020-04-06,NATURELS,1.0,871f91c5cffffff
20BB015952,NATURELS,2020-04-07 12:26:32,2020-04-07 13:41:03,1.0,1.0,1.0,2020,POINT (5.081297751230345 46.159145394484),46.159145394484,5.081297751230345,True,2020-04-07,NATURELS,1.0,871f91c25ffffff
20BB015954,NATURELS,2020-04-07 13:09:27,2020-04-07 15:25:48,1.0,3.0,1.0,2020,POINT (5.666570506825281 45.78452025390809),45.78452025390809,5.666570506825281,True,2020-04-07,FORET,1.0,871f91731ffffff
20BB015978,NATURELS,2020-04-07 16:07:09,2020-04-07 17:38:47,1.0,1.0,1.0,2020,POINT (5.277586532357777 45.89136151411097),45.89136151411097,5.277586532357777,True,2020-04-07,NATURELS,1.0,871f91cdbffffff
20BB015984,NATURELS,2020-04-07 16:40:54,2020-04-07 17:44:46,1.0,1.0,1.0,2020,POINT (4.826598461015248 45.9638930346575),45.9638930346575,4.826598461015248,True,2020-04-07,NATURELS,1.0,871f9036cffffff
20BB016071,NATURELS,2020-04-08 12:01:02,2020-04-08 13:13:30,1.0,1.0,1.0,2020,POINT (5.5704275230400135 46.02884772718871),46.02884772718871,5.5704275230400135,True,2020-04-08,NATURELS,1.0,871f91030ffffff
20BB016078,NATURELS,2020-04-08 12:22:47,2020-04-08 14:29:46,1.0,1.0,1.0,2020,POINT (5.974209742904206 46.255897018621205),46.255897018621205,5.974209742904206,True,2020-04-08,NATURELS,1.0,871f91aa1ffffff
20BB016082,NATURELS,2020-04-08 13:13:30,2020-04-08 14:22:34,1.0,1.0,1.0,2020,POINT (5.595798665275046 46.01638440771082),46.01638440771082,5.595798665275046,True,2020-04-08,NATURELS,1.0,871f91033ffffff
20BB016106,NATURELS,2020-04-08 16:47:20,2020-04-08 19:24:14,1.0,1.0,1.0,2020,POINT (5.1049673288231014 46.266230079925975),46.266230079925975,5.104967328823101,True,2020-04-08,NATURELS,1.0,871f956dbffffff
20BB016108,NATURELS,2020-04-08 17:05:00,2020-04-08 17:54:21,1.0,1.0,1.0,2020,POINT (4.891262707640817 46.33766408304144),46.33766408304144,4.891262707640817,True,2020-04-08,NATURELS,1.0,871f956aaffffff
20BB016118,NATURELS,2020-04-08 18:12:54,2020-04-08 20:14:39,1.0,1.0,1.0,2020,POINT (5.234368632913513 46.35594233159298),46.35594233159298,5.234368632913513,True,2020-04-08,NATURELS,1.0,871f91986ffffff
20BB016121,NATURELS,2020-04-08 18:19:58,2020-04-08 19:16:33,1.0,1.0,1.0,2020,POINT (6.044559666090451 46.307999613628404),46.3079996136284,6.044559666090451,True,2020-04-08,NATURELS,1.0,871f91a02ffffff
20BB016134,NATURELS,2020-04-08 20:21:50,2020-04-08 22:48:55,1.0,1.0,1.0,2020,POINT (5.979918235262608 46.18048093471613),46.18048093471613,5.979918235262608,True,2020-04-08,NATURELS,1.0,871f91a83ffffff
20BB016222,NATURELS,2020-04-09 15:21:29,2020-04-09 20:02:01,1.0,1.0,1.0,2020,POINT (5.6555381720321565 46.2054846879836),46.2054846879836,5.6555381720321565,True,2020-04-09,NATURELS,1.0,871f918dbffffff
20BB016230,NATURELS,2020-04-09 16:14:34,2020-04-09 17:17:25,1.0,1.0,1.0,2020,POINT (5.70786196846246 45.84184795770507),45.84184795770507,5.70786196846246,True,2020-04-09,NATURELS,1.0,871f910d2ffffff
20BB016321,NATURELS,2020-04-10 13:17:02,2020-04-11 17:38:12,1.0,10.0,1.0,2020,POINT (5.382748296242806 46.06398208758361),46.06398208758361,5.382748296242806,True,2020-04-10,NATURELS,1.0,871f91c59ffffff
20BB016453,NATURELS,2020-04-11 15:15:54,2020-04-11 17:25:59,1.0,1.0,1.0,2020,POINT (5.0208578364516345 46.19224794582975),46.19224794582975,5.0208578364516345,True,2020-04-11,NATURELS,1.0,871f91d0cffffff
20BB016456,NATURELS,2020-04-11 15:34:22,2020-04-11 23:05:19,1.0,10.0,1.0,2020,POINT (5.707166863953289 45.93568405444475),45.93568405444475,5.707166863953289,True,2020-04-11,NATURELS,1.0,871f910f5ffffff
20BB016459,NATURELS,2020-04-11 15:53:14,2020-04-11 18:18:12,1.0,1.0,1.0,2020,POINT (5.6555381720321565 46.2054846879836),46.2054846879836,5.6555381720321565,True,2020-04-11,FORET,1.0,871f918dbffffff
20BB016464,NATURELS,2020-04-11 16:06:04,2020-04-11 18:18:16,1.0,1.0,1.0,2020,POINT (5.615454515456562 46.2070854566721),46.2070854566721,5.615454515456562,True,2020-04-11,NATURELS,1.0,871f918daffffff
20BB016465,NATURELS,2020-04-11 16:06:55,2020-04-11 18:40:05,1.0,2.0,1.0,2020,POINT (5.664229616756701 46.04754226442041),46.04754226442041,5.664229616756701,True,2020-04-11,NATURELS,1.0,871f91005ffffff
20BB016477,NATURELS,2020-04-11 17:21:12,2020-04-11 19:56:39,1.0,1.0,1.0,2020,POINT (5.696150298716072 45.82479191644471),45.82479191644471,5.696150298716072,True,2020-04-11,NATURELS,1.0,871f91721ffffff
20BB016485,NATURELS,2020-04-11 18:08:05,2020-04-11 19:02:14,1.0,1.0,1.0,2020,POINT (5.8179111696721835 46.19386003083325),46.19386003083325,5.817911169672184,True,2020-04-11,NATURELS,1.0,871f9116bffffff
20BB016492,NATURELS,2020-04-11 19:19:52,2020-04-11 21:01:13,1.0,1.0,1.0,2020,POINT (4.942168622732308 46.35282696564931),46.35282696564931,4.942168622732308,True,2020-04-11,NATURELS,1.0,871f956a9ffffff
20BB016532,NATURELS,2020-04-12 00:44:53,2020-04-12 01:59:03,1.0,1.0,1.0,2020,POINT (5.664332365014796 46.216338641445674),46.21633864144568,5.664332365014796,True,2020-04-12,FORET,1.0,871f918dbffffff
20BB016557,NATURELS,2020-04-12 09:08:51,2020-04-12 11:36:55,1.0,1.0,1.0,2020,POINT (5.344648931607133 45.887445964768894),45.887445964768894,5.344648931607133,True,2020-04-12,FORET,1.0,871f91563ffffff
20BB016568,NATURELS,2020-04-12 11:27:56,2020-04-12 12:13:31,1.0,3.0,1.0,2020,POINT (5.424131152353656 46.04757811453442),46.04757811453442,5.424131152353656,True,2020-04-12,NATURELS,1.0,871f911a0ffffff
20BB016594,NATURELS,2020-04-12 15:48:28,2020-04-12 19:38:39,1.0,3.0,1.0,2020,POINT (5.945971588654937 46.30924518855287),46.30924518855287,5.945971588654937,True,2020-04-12,NATURELS,1.0,871f91b89ffffff
20BB016647,NATURELS,2020-04-13 02:14:29,2020-04-13 03:20:14,1.0,1.0,1.0,2020,POINT (5.624984381101799 46.257380219908825),46.257380219908825,5.624984381101799,True,2020-04-13,NATURELS,1.0,871f918c3ffffff
20BB016695,NATURELS,2020-04-13 15:22:00,2020-04-13 16:01:56,1.0,2.0,1.0,2020,POINT (5.289804365176962 45.928882007377524),45.92888200737752,5.289804365176962,True,2020-04-13,FORET,1.0,871f91ccaffffff
20BB016696,NATURELS,2020-04-13 15:35:34,2020-04-13 16:24:58,1.0,1.0,1.0,2020,POINT (5.768289229305834 45.7845194740421),45.7845194740421,5.768289229305834,True,2020-04-13,NATURELS,1.0,871f9170cffffff
20BB016706,NATURELS,2020-04-13 17:01:12,2020-04-13 18:25:53,1.0,1.0,1.0,2020,POINT (5.746545877490841 45.71910199588871),45.71910199588871,5.746545877490841,True,2020-04-13,NATURELS,1.0,871f91719ffffff
20BB016751,NATURELS,2020-04-13 21:59:55,2020-04-13 22:56:32,1.0,1.0,1.0,2020,POINT (6.136227128265786 46.36884485878138),46.36884485878138,6.136227128265786,True,2020-04-13,NATURELS,1.0,871f91a2bffffff
20BB016808,NATURELS,2020-04-14 12:04:38,2020-04-14 12:29:21,1.0,1.0,1.0,2020,POINT (5.828859598139666 46.10720139838952),46.10720139838952,5.828859598139666,True,2020-04-14,NATURELS,1.0,871f91066ffffff
20BB016822,NATURELS,2020-04-14 13:24:45,2020-04-14 17:10:48,1.0,5.0,1.0,2020,POINT (5.67917199511628 46.285114700447735),46.285114700447735,5.67917199511628,True,2020-04-14,FORET,1.0,871f918ccffffff
20BB016833,NATURELS,2020-04-14 14:39:14,2020-04-14 15:55:45,1.0,1.0,1.0,2020,POINT (4.9497516334088845 45.833926942469596),45.8339269424696,4.9497516334088845,True,2020-04-14,NATURELS,1.0,871f9026effffff
20BB016872,NATURELS,2020-04-14 19:24:23,2020-04-14 20:42:37,1.0,1.0,1.0,2020,POINT (5.667649412102079 46.32183440983647),46.32183440983647,5.667649412102079,True,2020-04-14,NATURELS,1.0,871f918e8ffffff
20BB016935,NATURELS,2020-04-15 11:14:57,2020-04-15 12:08:57,1.0,1.0,1.0,2020,POINT (5.838147763572995 46.123034391410805),46.123034391410805,5.838147763572995,True,2020-04-15,NATURELS,1.0,871f91064ffffff
20BB016963,NATURELS,2020-04-15 16:00:12,2020-04-15 16:02:05,1.0,1.0,1.0,2020,POINT (6.120398029520962 46.31378014034291),46.31378014034291,6.120398029520962,True,2020-04-15,NATURELS,1.0,871f91a0affffff
20BB016979,NATURELS,2020-04-15 17:52:18,2020-04-15 19:12:11,1.0,1.0,1.0,2020,POINT (5.739152522406086 45.85880755503318),45.85880755503318,5.739152522406086,True,2020-04-15,NATURELS,1.0,871f910d0ffffff
20BB016993,NATURELS,2020-04-15 19:33:46,2020-04-15 21:42:04,1.0,1.0,1.0,2020,POINT (5.367488536864195 45.899005822272656),45.899005822272656,5.367488536864195,True,2020-04-15,NATURELS,1.0,871f91561ffffff
20BB017014,NATURELS,2020-04-15 22:47:41,2020-04-16 00:50:19,1.0,2.0,1.0,2020,POINT (4.970421165603051 45.892496833825575),45.892496833825575,4.970421165603051,True,2020-04-15,NATURELS,1.0,871f91c90ffffff
20BB017079,NATURELS,2020-04-16 16:10:36,2020-04-16 18:08:11,1.0,1.0,1.0,2020,POINT (5.19262075806708 46.19525421181815),46.19525421181815,5.19262075806708,True,2020-04-16,NATURELS,1.0,871f91d5cffffff
20BB017088,NATURELS,2020-04-16 17:19:23,2020-04-16 18:15:19,1.0,1.0,1.0,2020,POINT (4.875861610687483 46.309519524980374),46.30951952498037,4.875861610687483,True,2020-04-16,NATURELS,1.0,871f95681ffffff
20BB017111,NATURELS,2020-04-16 19:45:40,2020-04-16 22:34:29,1.0,2.0,1.0,2020,POINT (5.491296207065328 45.78701449842003),45.78701449842003,5.491296207065328,True,2020-04-16,NATURELS,1.0,871f91461ffffff
20BB017118,NATURELS,2020-04-16 20:52:02,2020-04-16 22:22:56,1.0,1.0,1.0,2020,POINT (4.880107432147194 46.31559953305971),46.31559953305971,4.880107432147194,True,2020-04-16,FORET,1.0,871f95681ffffff
20BB017204,NATURELS,2020-04-17 15:14:49,2020-04-17 17:22:09,1.0,1.0,1.0,2020,POINT (6.10598034265508 46.2643868813278),46.2643868813278,6.10598034265508,True,2020-04-17,FORET,1.0,871f91a1bffffff
20BB017240,NATURELS,2020-04-17 19:03:09,2020-04-17 20:18:20,1.0,1.0,1.0,2020,POINT (6.062017425316789 46.31506519513325),46.31506519513325,6.062017425316789,True,2020-04-17,NATURELS,1.0,871f91a03ffffff
20BB017256,NATURELS,2020-04-17 21:34:54,2020-04-17 22:07:24,1.0,1.0,1.0,2020,POINT (6.030552012674228 46.24579581840436),46.24579581840436,6.030552012674228,True,2020-04-17,NATURELS,1.0,871f91aa8ffffff
20BB017270,NATURELS,2020-04-18 00:26:38,2020-04-18 01:36:31,1.0,1.0,1.0,2020,POINT (5.166656190975921 46.1348134774458),46.1348134774458,5.166656190975921,True,2020-04-18,NATURELS,1.0,871f91c2dffffff
20BB017340,NATURELS,2020-04-18 15:39:53,2020-04-18 18:30:45,1.0,2.0,1.0,2020,POINT (5.525720962653014 46.19093864062685),46.19093864062685,5.525720962653014,True,2020-04-18,NATURELS,1.0,871f91121ffffff
20BB017522,NATURELS,2020-04-20 09:03:49,2020-04-20 12:51:07,1.0,1.0,1.0,2020,POINT (4.916532832108261 46.389041705844775),46.389041705844775,4.916532832108261,True,2020-04-20,NATURELS,1.0,871f9561effffff
20BB017544,NATURELS,2020-04-20 12:05:26,2020-04-20 13:09:35,1.0,4.0,1.0,2020,POINT (5.69327631701979 45.99759485654424),45.99759485654424,5.69327631701979,True,2020-04-20,NATURELS,1.0,871f9101dffffff
20BB017594,NATURELS,2020-04-20 20:18:42,2020-04-20 21:49:40,1.0,2.0,1.0,2020,POINT (5.320364060740674 45.863108385723734),45.86310838572373,5.320364060740674,True,2020-04-20,FORET,1.0,871f91571ffffff
20BB017604,NATURELS,2020-04-20 21:21:01,2020-04-20 22:02:45,1.0,1.0,1.0,2020,POINT (4.7569530028513345 45.98353862259974),45.98353862259974,4.756953002851335,True,2020-04-20,NATURELS,1.0,871f90364ffffff
20BB017711,NATURELS,2020-04-21 18:12:51,2020-04-21 19:56:36,1.0,1.0,1.0,2020,POINT (5.34896027225809 45.94202668593467),45.94202668593467,5.34896027225809,True,2020-04-21,NATURELS,1.0,871f91196ffffff
20BB017713,NATURELS,2020-04-21 18:37:59,2020-04-21 19:09:14,1.0,1.0,1.0,2020,POINT (5.453557540873781 45.80713830531201),45.80713830531201,5.453557540873781,True,2020-04-21,NATURELS,1.0,871f91464ffffff
20BB017806,NATURELS,2020-04-22 14:28:24,2020-04-22 15:30:02,1.0,1.0,1.0,2020,POINT (6.121102069270272 46.251740598791905),46.25174059879191,6.121102069270272,True,2020-04-22,NATURELS,1.0,871f91af5ffffff
20BB017847,NATURELS,2020-04-22 18:46:07,2020-04-22 20:28:22,1.0,1.0,1.0,2020,POINT (5.096957726922425 45.86589605794843),45.86589605794843,5.096957726922425,True,2020-04-22,NATURELS,1.0,871f91526ffffff
20BB018085,NATURELS,2020-04-24 14:09:21,2020-04-24 14:58:58,1.0,1.0,1.0,2020,POINT (4.897204964920491 46.07553424404063),46.07553424404063,4.897204964920491,True,2020-04-24,FORET,1.0,871f91d85ffffff
20BB018097,NATURELS,2020-04-24 15:47:01,2020-04-24 16:46:19,1.0,1.0,1.0,2020,POINT (6.053102613620836 46.281022970527026),46.28102297052703,6.053102613620836,True,2020-04-24,NATURELS,1.0,871f91a1effffff
20BB018167,NATURELS,2020-04-25 06:29:40,2020-04-25 09:10:37,1.0,1.0,1.0,2020,POINT (5.076832719142551 46.389266026278484),46.38926602627848,5.076832719142551,True,2020-04-25,NATURELS,1.0,871f956e1ffffff
20BB018226,NATURELS,2020-04-25 16:46:48,2020-04-25 19:59:02,1.0,1.0,1.0,2020,POINT (5.6719753042460885 46.27407039384404),46.27407039384404,5.6719753042460885,True,2020-04-25,FORET,1.0,871f918ceffffff
20BB018277,NATURELS,2020-04-26 04:25:22,2020-04-26 05:18:00,1.0,1.0,1.0,2020,POINT (5.674528196580398 45.67966646688708),45.67966646688708,5.674528196580398,True,2020-04-26,NATURELS,1.0,871f917a8ffffff
20BB018283,NATURELS,2020-04-26 06:30:01,2020-04-26 07:04:53,1.0,1.0,1.0,2020,POINT (5.066491528488956 45.848455044322094),45.848455044322094,5.066491528488956,True,2020-04-26,NATURELS,1.0,871f91535ffffff
20BB018418,NATURELS,2020-04-27 14:21:29,2020-04-27 15:11:24,1.0,1.0,1.0,2020,POINT (5.326212762918168 46.04646926564195),46.04646926564195,5.326212762918168,True,2020-04-27,NATURELS,1.0,871f91c5affffff
20BB019254,NATURELS,2020-05-04 16:34:53,2020-05-04 17:22:43,1.0,2.0,1.0,2020,POINT (5.4040038424177235 46.10026807509336),46.10026807509336,5.404003842417724,True,2020-05-04,NATURELS,1.0,871f91c48ffffff
20BB019705,NATURELS,2020-05-08 16:03:26,2020-05-08 17:22:11,1.0,2.0,1.0,2020,POINT (4.958439951937248 46.23183473678535),46.23183473678535,4.958439951937248,True,2020-05-08,NATURELS,1.0,871f91d23ffffff
20BB019706,NATURELS,2020-05-08 16:03:27,2020-05-08 17:18:21,1.0,1.0,1.0,2020,POINT (4.935610191313402 46.427278695308125),46.427278695308125,4.935610191313402,True,2020-05-08,NATURELS,1.0,871f95603ffffff
20BB019722,NATURELS,2020-05-08 17:43:03,2020-05-08 18:28:41,1.0,1.0,1.0,2020,POINT (4.980146262616276 45.82623090509397),45.82623090509397,4.980146262616276,True,2020-05-08,NATURELS,1.0,871f9026affffff
20BB019764,NATURELS,2020-05-09 01:57:44,2020-05-09 03:21:54,1.0,1.0,1.0,2020,POINT (4.8219061640874825 46.18149854739979),46.18149854739979,4.8219061640874825,True,2020-05-09,NATURELS,1.0,871f90a4cffffff
20BB019795,NATURELS,2020-05-09 10:25:51,2020-05-09 11:31:30,1.0,1.0,1.0,2020,POINT (5.543833448509918 46.12475701528123),46.12475701528123,5.543833448509918,True,2020-05-09,FORET,1.0,871f91103ffffff
20BB019837,NATURELS,2020-05-09 14:32:18,2020-05-09 16:13:23,1.0,1.0,1.0,2020,POINT (4.810507881605469 45.969153138215006),45.969153138215006,4.810507881605469,True,2020-05-09,NATURELS,1.0,871f90361ffffff
20BB019857,NATURELS,2020-05-09 17:17:40,2020-05-09 19:33:11,1.0,1.0,1.0,2020,POINT (5.367355865242176 46.21826900411669),46.21826900411669,5.367355865242176,True,2020-05-09,NATURELS,1.0,871f91895ffffff
20BB019948,NATURELS,2020-05-10 10:59:30,2020-05-10 11:41:40,1.0,1.0,1.0,2020,POINT (5.984209514372209 46.22624963532747),46.22624963532747,5.984209514372209,True,2020-05-10,NATURELS,1.0,871f91aaeffffff
20BB019969,NATURELS,2020-05-10 13:43:24,2020-05-10 15:26:14,1.0,1.0,1.0,2020,POINT (5.3838540683624005 46.025092250768154),46.02509225076816,5.3838540683624005,True,2020-05-10,NATURELS,1.0,871f911b5ffffff
20BB019985,NATURELS,2020-05-10 17:16:49,2020-05-10 19:13:06,1.0,1.0,1.0,2020,POINT (4.891108478264282 46.40222776389952),46.40222776389952,4.891108478264282,True,2020-05-10,NATURELS,1.0,871f95611ffffff
20BB020393,NATURELS,2020-05-13 23:22:55,2020-05-14 00:46:16,1.0,1.0,1.0,2020,POINT (4.90427015540789 46.320537175138845),46.320537175138845,4.90427015540789,True,2020-05-13,NATURELS,1.0,871f9568cffffff
20BB020494,NATURELS,2020-05-14 19:35:51,2020-05-14 20:30:33,1.0,1.0,1.0,2020,POINT (5.148145499718922 45.878303161558804),45.8783031615588,5.148145499718922,True,2020-05-14,NATURELS,1.0,871f91521ffffff
20BB020707,NATURELS,2020-05-16 15:12:10,2020-05-16 15:51:17,1.0,1.0,1.0,2020,POINT (5.779412123617183 46.07615519732268),46.07615519732268,5.779412123617183,True,2020-05-16,FORET,1.0,871f91074ffffff
20BB020923,NATURELS,2020-05-17 19:32:16,2020-05-17 19:48:55,1.0,1.0,1.0,2020,POINT (6.0289732929234 46.26426645444803),46.26426645444803,6.0289732929234,True,2020-05-17,NATURELS,1.0,871f91aadffffff
20BB021033,NATURELS,2020-05-18 16:16:42,2020-05-18 16:57:28,1.0,1.0,1.0,2020,POINT (4.77036758127153 46.10066215625882),46.10066215625882,4.77036758127153,True,2020-05-18,FORET,1.0,871f90a5affffff
20BB021157,NATURELS,2020-05-19 14:45:21,2020-05-19 15:56:59,1.0,1.0,1.0,2020,POINT (4.949695252157463 46.12187998501132),46.12187998501132,4.949695252157463,True,2020-05-19,NATURELS,1.0,871f91dadffffff
20BB021323,NATURELS,2020-05-20 16:49:10,2020-05-20 17:58:13,1.0,1.0,1.0,2020,POINT (5.146818739686714 45.86548063622942),45.86548063622942,5.146818739686714,True,2020-05-20,NATURELS,1.0,871f91523ffffff
20BB021478,NATURELS,2020-05-21 17:14:16,2020-05-21 18:01:40,1.0,1.0,1.0,2020,POINT (4.945564527047679 46.221914897537815),46.221914897537815,4.945564527047679,True,2020-05-21,NATURELS,1.0,871f91d22ffffff
20BB021590,NATURELS,2020-05-22 11:13:36,2020-05-22 11:45:35,1.0,2.0,1.0,2020,POINT (5.411201481300772 46.035631919650264),46.03563191965026,5.411201481300772,True,2020-05-22,NATURELS,1.0,871f911a2ffffff
20BB021625,NATURELS,2020-05-22 15:04:12,2020-05-22 16:44:09,1.0,1.0,1.0,2020,POINT (6.064272200928787 46.31799944611092),46.31799944611092,6.064272200928787,True,2020-05-22,NATURELS,1.0,871f91a03ffffff
20BB021766,NATURELS,2020-05-23 11:26:52,2020-05-23 12:05:45,1.0,1.0,1.0,2020,POINT (5.332351033001517 45.88157074051188),45.88157074051188,5.332351033001517,True,2020-05-23,NATURELS,1.0,871f91562ffffff
20BB021801,NATURELS,2020-05-23 15:40:15,2020-05-23 16:57:05,1.0,1.0,1.0,2020,POINT (6.1005165827892665 46.30184980469499),46.30184980469499,6.1005165827892665,True,2020-05-23,NATURELS,1.0,871f91a1dffffff
20BB021989,NATURELS,2020-05-24 19:44:54,2020-05-24 20:27:57,1.0,1.0,1.0,2020,POINT (5.957285218155604 46.248180390917874),46.248180390917874,5.957285218155604,True,2020-05-24,NATURELS,1.0,871f91aa1ffffff
20BB022011,NATURELS,2020-05-24 22:46:56,2020-05-24 23:29:17,1.0,1.0,1.0,2020,POINT (5.966661687111549 46.22542676875752),46.22542676875752,5.966661687111549,True,2020-05-24,NATURELS,1.0,871f91aa3ffffff
20BB022097,NATURELS,2020-05-25 13:24:52,2020-05-25 14:50:18,1.0,2.0,1.0,2020,POINT (4.7541769818269435 45.985587442677726),45.985587442677726,4.754176981826944,True,2020-05-25,NATURELS,1.0,871f90364ffffff
20BB022169,NATURELS,2020-05-25 21:59:11,2020-05-25 22:57:32,1.0,1.0,1.0,2020,POINT (5.171489883858133 45.99587815456075),45.99587815456075,5.171489883858133,True,2020-05-25,NATURELS,1.0,871f91cf5ffffff
20BB022314,NATURELS,2020-05-26 20:31:46,2020-05-26 20:58:40,1.0,1.0,1.0,2020,POINT (5.217922966505206 46.253609610227905),46.25360961022791,5.217922966505206,True,2020-05-26,NATURELS,1.0,871f91d6effffff
20BB022405,NATURELS,2020-05-27 13:56:06,2020-05-27 18:11:04,1.0,5.0,1.0,2020,POINT (5.694599870837743 45.87885934773201),45.87885934773201,5.694599870837743,True,2020-05-27,NATURELS,1.0,871f91089ffffff
20BB022549,NATURELS,2020-05-28 13:41:12,2020-05-28 14:20:26,1.0,1.0,1.0,2020,POINT (4.988614663273523 45.827480738097556),45.82748073809756,4.988614663273523,True,2020-05-28,NATURELS,1.0,871f9026bffffff
20BB022616,NATURELS,2020-05-28 22:38:42,2020-05-28 23:26:46,1.0,1.0,1.0,2020,POINT (5.230363770440887 46.25228413708192),46.25228413708192,5.230363770440887,True,2020-05-28,NATURELS,1.0,871f91d6affffff
20BB022639,NATURELS,2020-05-29 08:33:24,2020-05-29 11:10:51,1.0,2.0,1.0,2020,POINT (5.654305072446762 46.10801476351997),46.10801476351997,5.654305072446762,True,2020-05-29,FORET,1.0,871f91156ffffff
20BB022731,NATURELS,2020-05-29 18:32:13,2020-05-29 20:25:09,1.0,2.0,1.0,2020,POINT (5.209088500589917 46.04901616136494),46.04901616136494,5.209088500589917,True,2020-05-29,NATURELS,1.0,871f91c0bffffff
20BB022746,NATURELS,2020-05-29 19:12:18,2020-05-29 20:06:39,1.0,1.0,1.0,2020,POINT (5.719211656210992 45.83408677176551),45.83408677176551,5.719211656210992,True,2020-05-29,NATURELS,1.0,871f910d2ffffff
20BB022827,NATURELS,2020-05-30 13:00:43,2020-05-30 15:05:01,1.0,1.0,1.0,2020,POINT (5.320639639507798 46.02370306677922),46.02370306677922,5.320639639507798,True,2020-05-30,NATURELS,1.0,871f91ce9ffffff
20BB022852,NATURELS,2020-05-30 15:56:24,2020-05-30 16:35:42,1.0,1.0,1.0,2020,POINT (4.925782536974885 46.13412375272495),46.13412375272495,4.925782536974885,True,2020-05-30,FORET,1.0,871f91d13ffffff
20BB022853,NATURELS,2020-05-30 15:56:58,2020-05-30 18:32:23,1.0,2.0,1.0,2020,POINT (4.823137296803234 45.97380798541652),45.97380798541652,4.823137296803234,True,2020-05-30,NATURELS,1.0,871f91d92ffffff
20BB022863,NATURELS,2020-05-30 16:57:26,2020-05-30 19:08:42,1.0,2.0,1.0,2020,POINT (5.299053728039777 45.863662711095564),45.86366271109557,5.299053728039777,True,2020-05-30,NATURELS,1.0,871f91571ffffff
20BB022920,NATURELS,2020-05-31 00:04:16,2020-05-31 00:50:15,1.0,1.0,1.0,2020,POINT (5.355122659540275 46.306129021592106),46.306129021592106,5.355122659540275,True,2020-05-31,NATURELS,1.0,871f918a6ffffff
20BB023015,NATURELS,2020-05-31 14:57:45,2020-05-31 16:12:38,1.0,1.0,1.0,2020,POINT (5.217094373148431 45.942469174014846),45.942469174014846,5.217094373148431,True,2020-05-31,NATURELS,1.0,871f91cc2ffffff
20BB023028,NATURELS,2020-05-31 16:33:13,2020-05-31 17:49:51,1.0,1.0,1.0,2020,POINT (4.899458381465979 46.295045006012494),46.295045006012494,4.899458381465979,True,2020-05-31,NATURELS,1.0,871f9568effffff
20BB023082,NATURELS,2020-05-31 21:23:02,2020-05-31 22:14:10,1.0,1.0,1.0,2020,POINT (5.959280553935175 46.20574077888259),46.20574077888259,5.959280553935175,True,2020-05-31,NATURELS,1.0,871f91a84ffffff
20BB023245,NATURELS,2020-06-01 19:56:53,2020-06-01 20:59:12,1.0,1.0,1.0,2020,POINT (4.845473314576962 46.15290254811091),46.15290254811091,4.845473314576962,True,2020-06-01,NATURELS,1.0,871f90a48ffffff
20BB023309,NATURELS,2020-06-02 11:08:53,2020-06-02 12:43:25,1.0,1.0,1.0,2020,POINT (4.866868453641951 46.1030879033143),46.1030879033143,4.866868453641951,True,2020-06-02,NATURELS,1.0,871f91da0ffffff
20BB023314,NATURELS,2020-06-02 11:34:07,2020-06-02 12:42:19,1.0,1.0,1.0,2020,POINT (5.246975993486727 45.94430290547239),45.94430290547239,5.246975993486727,True,2020-06-02,NATURELS,1.0,871f91cc3ffffff
20BB023338,NATURELS,2020-06-02 14:33:46,2020-06-02 16:01:36,1.0,1.0,1.0,2020,POINT (6.113760452010851 46.32789986096766),46.32789986096766,6.113760452010851,True,2020-06-02,NATURELS,1.0,871f91a0effffff
20BB023352,NATURELS,2020-06-02 16:01:23,2020-06-02 17:26:35,1.0,1.0,1.0,2020,POINT (4.843898164049888 46.00883195838576),46.00883195838576,4.843898164049888,True,2020-06-02,NATURELS,1.0,871f91d90ffffff
20BB023413,NATURELS,2020-06-02 21:22:18,2020-06-02 22:35:12,1.0,1.0,1.0,2020,POINT (6.130391124186146 46.33965783643868),46.33965783643868,6.130391124186146,True,2020-06-02,NATURELS,1.0,871f91a0dffffff
20BB023436,NATURELS,2020-06-03 00:21:26,2020-06-03 01:20:31,1.0,1.0,1.0,2020,POINT (5.386192256858306 46.32363821830766),46.32363821830766,5.386192256858306,True,2020-06-03,NATURELS,1.0,871f918a5ffffff
20BB023453,NATURELS,2020-06-03 03:14:11,2020-06-03 07:23:41,1.0,2.0,1.0,2020,POINT (5.214609934484462 45.90940201200788),45.90940201200788,5.214609934484462,True,2020-06-03,NATURELS,1.0,871f91cdeffffff
20BB023518,NATURELS,2020-06-03 13:14:17,2020-06-03 14:20:10,1.0,1.0,1.0,2020,POINT (5.287730654706356 45.83281851943574),45.83281851943574,5.287730654706356,True,2020-06-03,NATURELS,1.0,871f91554ffffff
20BB023599,NATURELS,2020-06-03 21:36:20,2020-06-03 22:23:37,1.0,1.0,1.0,2020,POINT (4.999600536599402 45.824871514795056),45.824871514795056,4.999600536599402,True,2020-06-03,NATURELS,1.0,871f9026bffffff
20BB023604,NATURELS,2020-06-03 22:14:53,2020-06-04 00:13:41,1.0,1.0,1.0,2020,POINT (4.754605991241772 46.08132392328328),46.08132392328328,4.754605991241772,True,2020-06-03,NATURELS,1.0,871f90aedffffff
20BB023806,NATURELS,2020-06-05 07:31:52,2020-06-05 08:54:50,1.0,1.0,1.0,2020,POINT (5.176749792565543 46.273915495111844),46.27391549511184,5.176749792565543,True,2020-06-05,NATURELS,1.0,871f91d60ffffff
20BB024254,NATURELS,2020-06-08 15:49:02,2020-06-08 16:51:50,1.0,1.0,1.0,2020,POINT (5.78231043808967 46.12481415146927),46.12481415146927,5.78231043808967,True,2020-06-08,NATURELS,1.0,871f9115dffffff
20BB024275,NATURELS,2020-06-08 18:43:14,2020-06-08 19:18:56,1.0,1.0,1.0,2020,POINT (6.071760517551745 46.27311359480521),46.27311359480521,6.071760517551745,True,2020-06-08,NATURELS,1.0,871f91a18ffffff
20BB024824,NATURELS,2020-06-12 17:09:54,2020-06-12 18:12:49,1.0,1.0,1.0,2020,POINT (4.824560623376041 46.23974285247212),46.23974285247212,4.824560623376041,True,2020-06-12,FORET,1.0,871f9569effffff
20BB025332,NATURELS,2020-06-15 15:10:42,2020-06-15 15:44:32,1.0,1.0,1.0,2020,POINT (5.349482568720799 46.24762965756676),46.24762965756676,5.349482568720799,True,2020-06-15,NATURELS,1.0,871f918b3ffffff
20BB025473,NATURELS,2020-06-16 12:44:53,2020-06-16 15:13:41,1.0,1.0,1.0,2020,POINT (4.9620854718091465 46.470041466343034),46.47004146634304,4.9620854718091465,True,2020-06-16,NATURELS,1.0,871f9562affffff
20BB025945,NATURELS,2020-06-19 12:06:43,2020-06-19 12:52:07,1.0,1.0,1.0,2020,POINT (4.961362646477093 45.934900243270825),45.934900243270825,4.961362646477093,True,2020-06-19,NATURELS,1.0,871f91cb3ffffff
20BB025999,NATURELS,2020-06-19 17:03:09,2020-06-19 21:09:16,1.0,1.0,1.0,2020,POINT (5.032031272132988 46.23843407393282),46.23843407393282,5.032031272132988,True,2020-06-19,NATURELS,1.0,871f91d28ffffff
20BB026027,NATURELS,2020-06-19 18:33:12,2020-06-19 20:01:20,1.0,1.0,1.0,2020,POINT (4.761057790482126 46.04799807371751),46.04799807371751,4.761057790482126,True,2020-06-19,NATURELS,1.0,871f90aebffffff
20BB026261,NATURELS,2020-06-21 01:54:24,2020-06-21 02:24:44,1.0,1.0,1.0,2020,POINT (5.146980341921872 46.05214633343116),46.05214633343116,5.146980341921872,True,2020-06-21,NATURELS,1.0,871f91c1dffffff
20BB026300,NATURELS,2020-06-21 09:48:38,2020-06-21 10:56:54,1.0,1.0,1.0,2020,POINT (5.360897121125398 45.89312378688335),45.89312378688335,5.360897121125398,True,2020-06-21,NATURELS,1.0,871f91563ffffff
20BB026323,NATURELS,2020-06-21 12:09:03,2020-06-21 14:20:47,1.0,1.0,1.0,2020,POINT (5.386066852507712 45.96621135346624),45.96621135346624,5.386066852507712,True,2020-06-21,NATURELS,1.0,871f91194ffffff
20BB026382,NATURELS,2020-06-21 17:39:55,2020-06-21 19:37:59,1.0,1.0,1.0,2020,POINT (5.034931232044788 46.18561163320727),46.18561163320727,5.034931232044788,True,2020-06-21,NATURELS,1.0,871f91d0effffff
20BB026435,NATURELS,2020-06-21 22:36:05,2020-06-21 23:37:42,1.0,1.0,1.0,2020,POINT (5.303414210601806 46.07073179000098),46.07073179000098,5.303414210601806,True,2020-06-21,NATURELS,1.0,871f91c51ffffff
20BB026535,NATURELS,2020-06-22 15:23:36,2020-06-22 16:06:33,1.0,1.0,1.0,2020,POINT (5.816282940592953 46.10570735154032),46.10570735154032,5.816282940592953,True,2020-06-22,NATURELS,1.0,871f91066ffffff
20BB026562,NATURELS,2020-06-22 18:08:11,2020-06-22 19:35:49,1.0,1.0,1.0,2020,POINT (5.102879184066433 45.8496633375532),45.8496633375532,5.102879184066433,True,2020-06-22,NATURELS,1.0,871f91522ffffff
20BB026607,NATURELS,2020-06-23 00:20:21,2020-06-23 01:12:41,1.0,1.0,1.0,2020,POINT (5.6461173487877945 46.258421620059345),46.25842162005935,5.6461173487877945,True,2020-06-23,FORET,1.0,871f918c3ffffff
20BB026723,NATURELS,2020-06-23 16:39:40,2020-06-23 18:07:54,1.0,2.0,1.0,2020,POINT (5.162023348107271 45.87722628622269),45.87722628622269,5.162023348107271,True,2020-06-23,NATURELS,1.0,871f91521ffffff
20BB026811,NATURELS,2020-06-24 04:30:59,2020-06-24 06:20:52,1.0,1.0,1.0,2020,POINT (5.325737415660335 46.166047961075606),46.166047961075606,5.325737415660335,True,2020-06-24,NATURELS,1.0,871f91c61ffffff
20BB027006,NATURELS,2020-06-25 04:25:54,2020-06-25 05:03:36,1.0,1.0,1.0,2020,POINT (5.096221176070606 45.89251614340794),45.89251614340794,5.096221176070606,True,2020-06-25,NATURELS,1.0,871f91524ffffff
20BB027085,NATURELS,2020-06-25 14:09:31,2020-06-25 14:46:48,1.0,1.0,1.0,2020,POINT (5.341979036963344 45.95263019325762),45.95263019325762,5.341979036963344,True,2020-06-25,NATURELS,1.0,871f91cc9ffffff
20BB027190,NATURELS,2020-06-25 22:16:57,2020-06-25 23:26:43,1.0,1.0,1.0,2020,POINT (4.75075586232052 46.036004279028155),46.03600427902816,4.75075586232052,True,2020-06-25,NATURELS,1.0,871f90acdffffff
20BB027314,NATURELS,2020-06-26 16:27:41,2020-06-26 17:17:57,1.0,1.0,1.0,2020,POINT (5.329753000213528 45.91217031104029),45.91217031104029,5.329753000213528,True,2020-06-26,NATURELS,1.0,871f91560ffffff
20BB027331,NATURELS,2020-06-26 18:03:23,2020-06-26 18:35:50,1.0,1.0,1.0,2020,POINT (5.674528196580398 45.67966646688708),45.67966646688708,5.674528196580398,True,2020-06-26,NATURELS,1.0,871f917a8ffffff
20BB027508,NATURELS,2020-06-27 16:12:47,2020-06-27 17:14:48,1.0,1.0,1.0,2020,POINT (4.960172786495958 45.864461427598776),45.864461427598776,4.960172786495958,True,2020-06-27,NATURELS,1.0,871f9026cffffff
20BB027512,NATURELS,2020-06-27 16:23:09,2020-06-27 20:40:50,1.0,5.0,1.0,2020,POINT (5.463593871576606 46.036902112033346),46.03690211203335,5.463593871576606,True,2020-06-27,NATURELS,1.0,871f911aeffffff
20BB027540,NATURELS,2020-06-27 18:53:17,2020-06-27 20:00:41,1.0,1.0,1.0,2020,POINT (5.212628267748039 45.83716881238444),45.83716881238444,5.212628267748039,True,2020-06-27,NATURELS,1.0,871f9150cffffff
20BB027670,NATURELS,2020-06-28 13:56:30,2020-06-28 14:31:01,1.0,1.0,1.0,2020,POINT (4.928528772654026 45.89423455374613),45.89423455374613,4.928528772654026,True,2020-06-28,FORET,1.0,871f91c96ffffff
20BB027704,NATURELS,2020-06-28 17:31:18,2020-06-28 18:34:57,1.0,1.0,1.0,2020,POINT (5.352280870788167 45.96414948759044),45.96414948759044,5.352280870788167,True,2020-06-28,NATURELS,1.0,871f91cc9ffffff
20BB027874,NATURELS,2020-06-29 16:01:20,2020-06-29 17:04:31,1.0,1.0,1.0,2020,POINT (4.907553233382643 45.8633989382728),45.8633989382728,4.907553233382643,True,2020-06-29,NATURELS,1.0,871f90265ffffff
20BB027962,NATURELS,2020-06-30 04:02:06,2020-06-30 05:27:39,1.0,1.0,1.0,2020,POINT (5.188483839276162 45.90796928418253),45.90796928418253,5.188483839276162,True,2020-06-30,FORET,1.0,871f91cd3ffffff
20BB028095,NATURELS,2020-06-30 18:23:11,2020-06-30 19:52:18,1.0,1.0,1.0,2020,POINT (4.80618783618022 46.14714224756671),46.14714224756671,4.80618783618022,True,2020-06-30,NATURELS,1.0,871f90a4effffff
20BB028106,NATURELS,2020-06-30 19:21:51,2020-06-30 20:52:37,1.0,2.0,1.0,2020,POINT (5.30406840769446 45.867032770335435),45.86703277033544,5.30406840769446,True,2020-06-30,NATURELS,1.0,871f91571ffffff
20BB028187,NATURELS,2020-07-01 07:03:48,2020-07-01 08:02:51,1.0,1.0,1.0,2020,POINT (5.417408266766484 46.164254025745976),46.164254025745976,5.417408266766484,True,2020-07-01,NATURELS,1.0,871f91134ffffff
20BB028247,NATURELS,2020-07-01 13:10:06,2020-07-01 14:57:01,1.0,1.0,1.0,2020,POINT (4.80618783618022 46.14714224756671),46.14714224756671,4.80618783618022,True,2020-07-01,NATURELS,1.0,871f90a4effffff
20BB028251,NATURELS,2020-07-01 13:42:11,2020-07-01 15:48:35,1.0,2.0,1.0,2020,POINT (5.455556900350996 46.04151854959989),46.04151854959989,5.455556900350996,True,2020-07-01,NATURELS,1.0,871f911a1ffffff
20BB028260,NATURELS,2020-07-01 14:53:02,2020-07-01 16:36:44,1.0,1.0,1.0,2020,POINT (4.956089035427657 46.457820118631204),46.4578201186312,4.956089035427657,True,2020-07-01,NATURELS,1.0,871f95601ffffff
20BB028331,NATURELS,2020-07-01 19:00:58,2020-07-01 20:41:17,1.0,1.0,1.0,2020,POINT (5.202480942849268 46.044070488079775),46.044070488079775,5.202480942849268,True,2020-07-01,FORET,1.0,871f91c0bffffff
20BB028366,NATURELS,2020-07-01 20:52:06,2020-07-01 22:31:43,1.0,1.0,1.0,2020,POINT (4.9620854718091465 46.470041466343034),46.47004146634304,4.9620854718091465,True,2020-07-01,NATURELS,1.0,871f9562affffff
20BB028472,NATURELS,2020-07-02 13:48:39,2020-07-02 14:44:55,1.0,2.0,1.0,2020,POINT (5.798434366290283 46.127049992483876),46.12704999248388,5.798434366290283,True,2020-07-02,NATURELS,1.0,871f91159ffffff
20BB028617,NATURELS,2020-07-03 09:52:05,2020-07-03 11:35:35,1.0,1.0,1.0,2020,POINT (5.341376674058789 46.284453451998765),46.284453451998765,5.341376674058789,True,2020-07-03,NATURELS,1.0,871f918b5ffffff
20BB028730,NATURELS,2020-07-03 17:54:21,2020-07-03 19:48:42,1.0,5.0,1.0,2020,POINT (5.434047215501247 45.85066186884496),45.85066186884496,5.434047215501247,True,2020-07-03,NATURELS,1.0,871f91548ffffff
20BB028837,NATURELS,2020-07-04 10:42:41,2020-07-04 12:14:15,1.0,1.0,1.0,2020,POINT (5.139335483518635 46.01169844535946),46.01169844535946,5.139335483518635,True,2020-07-04,NATURELS,1.0,871f91c1bffffff
20BB028882,NATURELS,2020-07-04 15:08:55,2020-07-04 17:17:11,1.0,1.0,1.0,2020,POINT (5.823915013768738 45.91976372840052),45.91976372840052,5.823915013768738,True,2020-07-04,NATURELS,1.0,871f910c1ffffff
20BB028905,NATURELS,2020-07-04 16:31:05,2020-07-04 17:30:08,1.0,1.0,1.0,2020,POINT (5.9585497850299864 46.210168372998126),46.210168372998126,5.958549785029986,True,2020-07-04,NATURELS,1.0,871f91a84ffffff
20BB028957,NATURELS,2020-07-04 20:07:03,2020-07-04 20:31:26,1.0,1.0,1.0,2020,POINT (5.24448543105049 46.20827527088261),46.20827527088261,5.24448543105049,True,2020-07-04,NATURELS,1.0,871f91d4effffff
20BB029127,NATURELS,2020-07-05 15:06:25,2020-07-05 15:14:43,1.0,1.0,1.0,2020,POINT (5.364545638718408 46.080264205899624),46.08026420589962,5.364545638718408,True,2020-07-05,NATURELS,1.0,871f91c5dffffff
20BB029128,NATURELS,2020-07-05 15:06:53,2020-07-05 16:16:39,1.0,2.0,1.0,2020,POINT (5.785405239908707 46.15496066438368),46.15496066438368,5.785405239908707,True,2020-07-05,NATURELS,1.0,871f9114effffff
20BB029136,NATURELS,2020-07-05 15:27:48,2020-07-05 16:13:36,1.0,1.0,1.0,2020,POINT (5.321329633000065 46.211757947665276),46.21175794766528,5.321329633000065,True,2020-07-05,NATURELS,1.0,871f91894ffffff
20BB029177,NATURELS,2020-07-05 18:42:46,2020-07-05 20:08:46,1.0,1.0,1.0,2020,POINT (5.325500175682659 46.29331852142083),46.29331852142083,5.325500175682659,True,2020-07-05,NATURELS,1.0,871f9199bffffff
20BB029405,NATURELS,2020-07-06 20:41:41,2020-07-06 21:43:00,1.0,1.0,1.0,2020,POINT (4.763883051259582 46.0184313346321),46.0184313346321,4.763883051259582,True,2020-07-06,FORET,1.0,871f90ac8ffffff
20BB029431,NATURELS,2020-07-07 00:35:07,2020-07-07 02:09:07,1.0,1.0,1.0,2020,POINT (5.251794807543134 46.195572833161705),46.195572833161705,5.251794807543134,True,2020-07-07,NATURELS,1.0,871f91d4affffff
20BB029470,NATURELS,2020-07-07 10:35:18,2020-07-07 11:23:43,1.0,1.0,1.0,2020,POINT (4.968460691498815 45.83038489303405),45.83038489303405,4.968460691498815,True,2020-07-07,NATURELS,1.0,871f9026affffff
20BB029532,NATURELS,2020-07-07 15:55:48,2020-07-07 16:53:41,1.0,2.0,1.0,2020,POINT (4.761272198384391 46.087265843175445),46.087265843175445,4.761272198384391,True,2020-07-07,FORET,1.0,871f90a5affffff
20BB029544,NATURELS,2020-07-07 16:40:22,2020-07-07 17:45:55,1.0,1.0,1.0,2020,POINT (5.032976370698054 46.10615919908153),46.10615919908153,5.032976370698054,True,2020-07-07,NATURELS,1.0,871f91c35ffffff
20BB029546,NATURELS,2020-07-07 16:46:45,2020-07-07 18:46:53,1.0,1.0,1.0,2020,POINT (4.924611205994262 45.859551127775866),45.859551127775866,4.924611205994262,True,2020-07-07,NATURELS,1.0,871f90265ffffff
20BB029712,NATURELS,2020-07-08 14:51:55,2020-07-08 16:08:43,1.0,1.0,1.0,2020,POINT (5.032017964675782 45.82741158926372),45.82741158926372,5.032017964675782,True,2020-07-08,NATURELS,1.0,871f91536ffffff
20BB029717,NATURELS,2020-07-08 15:21:05,2020-07-08 18:07:42,1.0,1.0,1.0,2020,POINT (4.98113844217856 46.34227541982992),46.34227541982992,4.98113844217856,True,2020-07-08,NATURELS,1.0,871f956f0ffffff
20BB029724,NATURELS,2020-07-08 15:57:19,2020-07-08 18:24:25,1.0,2.0,1.0,2020,POINT (5.272068809656578 46.4237490321091),46.4237490321091,5.272068809656578,True,2020-07-08,NATURELS,1.0,871f919a1ffffff
20BB029747,NATURELS,2020-07-08 18:03:43,2020-07-08 20:01:21,1.0,1.0,1.0,2020,POINT (5.148889426676576 46.26361797463261),46.26361797463261,5.148889426676576,True,2020-07-08,NATURELS,1.0,871f91d62ffffff
20BB029871,NATURELS,2020-07-09 10:15:07,2020-07-09 12:17:02,1.0,1.0,1.0,2020,POINT (5.021137498002067 46.216907421913014),46.21690742191301,5.021137498002067,True,2020-07-09,NATURELS,1.0,871f91d2affffff
20BB029888,NATURELS,2020-07-09 10:54:28,2020-07-09 11:53:39,1.0,1.0,1.0,2020,POINT (6.099423431152116 46.34958867890502),46.34958867890502,6.099423431152116,True,2020-07-09,NATURELS,1.0,871f91a2affffff
20BB029926,NATURELS,2020-07-09 13:58:26,2020-07-09 14:58:32,1.0,1.0,1.0,2020,POINT (5.632331712018582 46.26660379964209),46.26660379964209,5.632331712018582,True,2020-07-09,NATURELS,1.0,871f918c3ffffff
20BB030130,NATURELS,2020-07-10 10:00:50,2020-07-10 11:29:43,1.0,4.0,1.0,2020,POINT (5.128482072283847 45.850029867260574),45.850029867260574,5.128482072283847,True,2020-07-10,NATURELS,1.0,871f91504ffffff
20BB030134,NATURELS,2020-07-10 10:17:33,2020-07-10 10:58:15,1.0,1.0,1.0,2020,POINT (4.827179809505475 45.937488077112505),45.937488077112505,4.827179809505475,True,2020-07-10,NATURELS,1.0,871f9036effffff
20BB030229,NATURELS,2020-07-10 18:32:29,2020-07-10 18:58:05,1.0,1.0,1.0,2020,POINT (5.459301624331313 45.78225424428108),45.78225424428108,5.459301624331313,True,2020-07-10,FORET,1.0,871f91460ffffff
20BB030234,NATURELS,2020-07-10 18:40:46,2020-07-10 21:37:50,1.0,1.0,1.0,2020,POINT (5.448553828302692 46.04546658576851),46.04546658576851,5.448553828302692,True,2020-07-10,NATURELS,1.0,871f911a1ffffff
20BB030434,NATURELS,2020-07-11 18:38:19,2020-07-11 19:07:09,1.0,1.0,1.0,2020,POINT (5.7828793708385176 45.844985260407704),45.8449852604077,5.7828793708385176,True,2020-07-11,NATURELS,1.0,871f910deffffff
20BB030494,NATURELS,2020-07-12 00:42:00,2020-07-12 01:32:26,1.0,1.0,1.0,2020,POINT (4.957043213964924 45.81670786464392),45.81670786464392,4.957043213964924,True,2020-07-12,NATURELS,1.0,871f90245ffffff
20BB030561,NATURELS,2020-07-12 11:33:02,2020-07-12 12:51:53,1.0,1.0,1.0,2020,POINT (5.621906545812748 46.032321717039025),46.03232171703903,5.621906545812748,True,2020-07-12,NATURELS,1.0,871f91031ffffff
20BB030655,NATURELS,2020-07-12 19:20:38,2020-07-12 19:57:54,1.0,1.0,1.0,2020,POINT (5.2480758274344 46.20314120193077),46.20314120193077,5.2480758274344,True,2020-07-12,NATURELS,1.0,871f91d4effffff
20BB030666,NATURELS,2020-07-12 19:56:13,2020-07-12 20:44:04,1.0,1.0,1.0,2020,POINT (5.624529105628113 46.219924227031015),46.219924227031015,5.624529105628113,True,2020-07-12,NATURELS,1.0,871f918deffffff
20BB030756,NATURELS,2020-07-13 10:38:18,2020-07-13 11:42:14,1.0,1.0,1.0,2020,POINT (5.323152884207143 45.86699582163281),45.86699582163281,5.323152884207143,True,2020-07-13,NATURELS,1.0,871f91571ffffff
20BB030774,NATURELS,2020-07-13 11:40:20,2020-07-13 13:43:11,1.0,1.0,1.0,2020,POINT (4.882205995076478 46.225706523401094),46.22570652340109,4.882205995076478,True,2020-07-13,FORET,1.0,871f9569bffffff
20BB030936,NATURELS,2020-07-13 23:18:22,2020-07-14 00:42:19,1.0,1.0,1.0,2020,POINT (5.256102847969226 45.89298330122278),45.89298330122278,5.256102847969226,True,2020-07-13,NATURELS,1.0,871f91cdaffffff
20BB030942,NATURELS,2020-07-14 00:33:35,2020-07-14 03:00:05,1.0,2.0,1.0,2020,POINT (4.7826521674358675 46.02615408890836),46.02615408890836,4.782652167435868,True,2020-07-14,NATURELS,1.0,871f90ac9ffffff
20BB030960,NATURELS,2020-07-14 06:02:59,2020-07-14 07:03:03,1.0,1.0,1.0,2020,POINT (5.202143464297566 45.91714738748029),45.91714738748029,5.202143464297566,True,2020-07-14,NATURELS,1.0,871f91cd1ffffff
20BB030999,NATURELS,2020-07-14 11:05:58,2020-07-14 14:01:56,1.0,1.0,1.0,2020,POINT (4.893433156336596 46.27817676398459),46.27817676398459,4.893433156336596,True,2020-07-14,NATURELS,1.0,871f9569dffffff
20BB031061,NATURELS,2020-07-14 18:00:07,2020-07-14 19:47:27,1.0,1.0,1.0,2020,POINT (5.440646622658298 45.86802833434693),45.86802833434693,5.440646622658298,True,2020-07-14,NATURELS,1.0,871f9154dffffff
20BB031062,NATURELS,2020-07-14 18:05:30,2020-07-14 18:39:17,1.0,1.0,1.0,2020,POINT (5.233393999741277 45.9012136589872),45.9012136589872,5.233393999741277,True,2020-07-14,NATURELS,1.0,871f91cdaffffff
20BB031065,NATURELS,2020-07-14 18:19:21,2020-07-14 19:12:57,1.0,1.0,1.0,2020,POINT (6.022974183052963 46.240476539121175),46.240476539121175,6.022974183052963,True,2020-07-14,NATURELS,1.0,871f91aa8ffffff
20BB031066,NATURELS,2020-07-14 18:21:06,2020-07-14 20:40:05,1.0,3.0,1.0,2020,POINT (4.976730554554259 45.938429902133905),45.93842990213391,4.976730554554259,True,2020-07-14,NATURELS,1.0,871f91c86ffffff
20BB031074,NATURELS,2020-07-14 19:17:21,2020-07-14 21:58:45,1.0,1.0,1.0,2020,POINT (5.1990486771382285 46.17172914247998),46.17172914247998,5.1990486771382285,True,2020-07-14,FORET,1.0,871f91d58ffffff
20BB031084,NATURELS,2020-07-14 19:39:52,2020-07-14 20:09:33,1.0,1.0,1.0,2020,POINT (5.0572729629490585 45.85037087015461),45.85037087015461,5.0572729629490585,True,2020-07-14,NATURELS,1.0,871f91534ffffff
20BB031108,NATURELS,2020-07-14 21:21:36,2020-07-15 00:19:38,1.0,2.0,1.0,2020,POINT (5.466151609997907 46.08185160134029),46.08185160134029,5.466151609997907,True,2020-07-14,NATURELS,1.0,871f91112ffffff
20BB031110,NATURELS,2020-07-14 21:27:31,2020-07-14 23:26:44,1.0,1.0,1.0,2020,POINT (5.131343373517745 46.37329035043533),46.37329035043533,5.131343373517745,True,2020-07-14,NATURELS,1.0,871f956ebffffff
20BB031127,NATURELS,2020-07-14 22:52:33,2020-07-14 23:14:34,1.0,1.0,1.0,2020,POINT (5.813803011777757 46.12024700520355),46.12024700520355,5.813803011777757,True,2020-07-14,NATURELS,1.0,871f91159ffffff
20BB031150,NATURELS,2020-07-15 01:55:10,2020-07-15 02:49:15,1.0,1.0,1.0,2020,POINT (5.211349631837113 45.79526655189607),45.79526655189607,5.211349631837113,True,2020-07-15,NATURELS,1.0,871f9150affffff
20BB031457,NATURELS,2020-07-16 17:50:10,2020-07-16 19:17:51,1.0,1.0,1.0,2020,POINT (5.9585497850299864 46.210168372998126),46.210168372998126,5.958549785029986,True,2020-07-16,NATURELS,1.0,871f91a84ffffff
20BB031480,NATURELS,2020-07-16 19:24:51,2020-07-16 20:07:21,1.0,2.0,1.0,2020,POINT (5.713686270042289 45.71448611290305),45.71448611290305,5.713686270042289,True,2020-07-16,NATURELS,1.0,871f91718ffffff
20BB031517,NATURELS,2020-07-16 23:59:59,2020-07-17 00:58:51,1.0,1.0,1.0,2020,POINT (5.550157789530265 46.229632849636516),46.22963284963652,5.550157789530265,True,2020-07-16,NATURELS,1.0,871f918d0ffffff
20BB031525,NATURELS,2020-07-17 02:24:51,2020-07-17 05:28:21,1.0,2.0,1.0,2020,POINT (5.256686423570644 45.8923199401601),45.8923199401601,5.256686423570644,True,2020-07-17,NATURELS,1.0,871f91cdaffffff
20BB031538,NATURELS,2020-07-17 06:01:25,2020-07-17 07:16:55,1.0,1.0,1.0,2020,POINT (4.923177675637214 45.816538168894105),45.816538168894105,4.923177675637214,True,2020-07-17,NATURELS,1.0,871f90244ffffff
20BB031580,NATURELS,2020-07-17 11:20:20,2020-07-17 14:13:07,1.0,1.0,1.0,2020,POINT (6.0012572145874366 46.26692292263514),46.26692292263514,6.0012572145874366,True,2020-07-17,NATURELS,1.0,871f91a13ffffff
20BB031604,NATURELS,2020-07-17 12:41:04,2020-07-17 13:54:12,1.0,1.0,1.0,2020,POINT (5.252064226389673 45.87788189731527),45.87788189731527,5.252064226389673,True,2020-07-17,NATURELS,1.0,871f91574ffffff
20BB031634,NATURELS,2020-07-17 15:33:25,2020-07-17 16:21:31,1.0,1.0,1.0,2020,POINT (4.768781977763204 46.08218069409164),46.08218069409164,4.768781977763204,True,2020-07-17,NATURELS,1.0,871f90a5affffff
20BB031643,NATURELS,2020-07-17 16:08:36,2020-07-17 18:53:31,1.0,4.0,1.0,2020,POINT (4.936678863721941 45.94162999402576),45.94162999402576,4.936678863721941,True,2020-07-17,NATURELS,1.0,871f91cb0ffffff
20BB031773,NATURELS,2020-07-18 10:16:16,2020-07-18 13:07:17,1.0,1.0,1.0,2020,POINT (4.765207848563538 46.009266583394805),46.009266583394805,4.765207848563538,True,2020-07-18,NATURELS,1.0,871f90ac8ffffff
20BB031801,NATURELS,2020-07-18 12:29:14,2020-07-18 13:12:57,1.0,1.0,1.0,2020,POINT (4.9805971341710675 45.82784063696671),45.82784063696671,4.980597134171068,True,2020-07-18,NATURELS,1.0,871f9026affffff
20BB031828,NATURELS,2020-07-18 14:42:46,2020-07-18 17:03:13,1.0,1.0,1.0,2020,POINT (4.760712054833909 46.01246871077651),46.01246871077651,4.760712054833909,True,2020-07-18,NATURELS,1.0,871f90ac8ffffff
20BB031908,NATURELS,2020-07-18 21:39:41,2020-07-18 22:12:26,1.0,1.0,1.0,2020,POINT (5.3214908252895565 46.017270111450934),46.01727011145093,5.3214908252895565,True,2020-07-18,NATURELS,1.0,871f91ce9ffffff
20BB031948,NATURELS,2020-07-19 06:07:42,2020-07-19 06:50:12,1.0,1.0,1.0,2020,POINT (4.988614663273523 45.827480738097556),45.82748073809756,4.988614663273523,True,2020-07-19,NATURELS,1.0,871f9026bffffff
20BB031994,NATURELS,2020-07-19 11:48:42,2020-07-19 12:50:31,1.0,2.0,1.0,2020,POINT (5.0002691226120035 45.819274472084516),45.81927447208452,5.000269122612004,True,2020-07-19,NATURELS,1.0,871f9026bffffff
20BB032012,NATURELS,2020-07-19 12:41:31,2020-07-19 13:05:09,1.0,1.0,1.0,2020,POINT (4.984941543465821 45.82794541350503),45.82794541350503,4.984941543465821,True,2020-07-19,NATURELS,1.0,871f9026affffff
20BB032090,NATURELS,2020-07-19 18:30:35,2020-07-19 19:22:50,1.0,1.0,1.0,2020,POINT (5.6127295611348105 46.074037547665256),46.074037547665256,5.6127295611348105,True,2020-07-19,NATURELS,1.0,871f91026ffffff
20BB032200,NATURELS,2020-07-20 09:39:02,2020-07-20 11:53:40,1.0,1.0,1.0,2020,POINT (5.466401947549432 46.08735516772969),46.08735516772969,5.466401947549432,True,2020-07-20,NATURELS,1.0,871f91110ffffff
20BB032229,NATURELS,2020-07-20 11:27:15,2020-07-20 12:53:08,1.0,1.0,1.0,2020,POINT (4.91358470183028 46.433343321817276),46.43334332181728,4.91358470183028,True,2020-07-20,NATURELS,1.0,871f95602ffffff
20BB032243,NATURELS,2020-07-20 12:25:51,2020-07-20 14:29:09,1.0,1.0,1.0,2020,POINT (5.122294995270178 46.286007301314726),46.286007301314726,5.122294995270178,True,2020-07-20,NATURELS,1.0,871f956d9ffffff
20BB032245,NATURELS,2020-07-20 12:36:23,2020-07-20 15:24:36,1.0,5.0,1.0,2020,POINT (5.510660185885287 46.17965656683354),46.17965656683354,5.510660185885287,True,2020-07-20,NATURELS,1.0,871f91120ffffff
20BB032249,NATURELS,2020-07-20 13:04:37,2020-07-20 14:04:22,1.0,1.0,1.0,2020,POINT (5.024129255570804 46.06941588732472),46.06941588732472,5.024129255570804,True,2020-07-20,NATURELS,1.0,871f91c32ffffff
20BB032254,NATURELS,2020-07-20 13:40:13,2020-07-20 14:48:48,1.0,2.0,1.0,2020,POINT (5.025882180256965 46.069293128014415),46.069293128014415,5.025882180256965,True,2020-07-20,NATURELS,1.0,871f91c33ffffff
20BB032267,NATURELS,2020-07-20 14:52:44,2020-07-20 16:39:07,1.0,1.0,1.0,2020,POINT (5.318273189707186 45.96293874947819),45.96293874947819,5.318273189707186,True,2020-07-20,NATURELS,1.0,871f91cc8ffffff
20BB032279,NATURELS,2020-07-20 15:50:01,2020-07-20 16:41:16,1.0,1.0,1.0,2020,POINT (4.75810817711041 45.999742948453914),45.99974294845392,4.75810817711041,True,2020-07-20,FORET,1.0,871f90acbffffff
20BB032293,NATURELS,2020-07-20 16:53:26,2020-07-20 18:08:36,1.0,1.0,1.0,2020,POINT (5.001745194228348 46.162929584132016),46.162929584132016,5.001745194228348,True,2020-07-20,NATURELS,1.0,871f91d1dffffff
20BB032295,NATURELS,2020-07-20 16:58:25,2020-07-20 19:49:28,1.0,1.0,1.0,2020,POINT (5.617901125569282 46.07289681727482),46.07289681727482,5.617901125569282,True,2020-07-20,NATURELS,1.0,871f91026ffffff
20BB032298,NATURELS,2020-07-20 17:16:02,2020-07-20 17:52:48,1.0,1.0,1.0,2020,POINT (4.91229840469694 46.26118629095809),46.26118629095809,4.91229840469694,True,2020-07-20,NATURELS,1.0,871f95699ffffff
20BB032303,NATURELS,2020-07-20 17:47:37,2020-07-20 19:04:37,1.0,1.0,1.0,2020,POINT (4.8595196517452575 46.28117811694099),46.28117811694099,4.8595196517452575,True,2020-07-20,NATURELS,1.0,871f95683ffffff
20BB032351,NATURELS,2020-07-20 20:07:16,2020-07-20 21:10:30,1.0,1.0,1.0,2020,POINT (4.766430769376359 46.03682901361581),46.03682901361581,4.766430769376359,True,2020-07-20,NATURELS,1.0,871f90acdffffff
20BB032409,NATURELS,2020-07-21 07:04:32,2020-07-21 07:48:23,1.0,1.0,1.0,2020,POINT (5.318273189707186 45.96293874947819),45.96293874947819,5.318273189707186,True,2020-07-21,NATURELS,1.0,871f91cc8ffffff
20BB032424,NATURELS,2020-07-21 09:19:04,2020-07-21 09:28:28,1.0,1.0,1.0,2020,POINT (5.64113382694385 46.26979627397799),46.26979627397799,5.64113382694385,True,2020-07-21,NATURELS,1.0,871f918c3ffffff
20BB032432,NATURELS,2020-07-21 09:44:13,2020-07-21 11:59:30,1.0,1.0,1.0,2020,POINT (5.266250683205926 46.36195722591858),46.36195722591858,5.266250683205926,True,2020-07-21,FORET,1.0,871f91980ffffff
20BB032516,NATURELS,2020-07-21 15:29:23,2020-07-21 16:31:35,1.0,1.0,1.0,2020,POINT (6.0979017799130775 46.25177503342179),46.25177503342179,6.0979017799130775,True,2020-07-21,NATURELS,1.0,871f91af5ffffff
20BB032685,NATURELS,2020-07-22 10:09:05,2020-07-22 11:45:08,1.0,1.0,1.0,2020,POINT (4.794259068227712 46.09674245046083),46.09674245046083,4.794259068227712,True,2020-07-22,NATURELS,1.0,871f90a5bffffff
20BB032693,NATURELS,2020-07-22 10:47:10,2020-07-22 11:35:39,1.0,1.0,1.0,2020,POINT (6.017423699182013 46.241323641727334),46.24132364172733,6.017423699182013,True,2020-07-22,NATURELS,1.0,871f91aa8ffffff
20BB032782,NATURELS,2020-07-22 17:03:14,2020-07-22 19:01:50,1.0,2.0,1.0,2020,POINT (5.476832093930398 45.82759542948888),45.82759542948888,5.476832093930398,True,2020-07-22,NATURELS,1.0,871f91096ffffff
20BB032884,NATURELS,2020-07-22 23:20:04,2020-07-23 01:54:24,1.0,1.0,1.0,2020,POINT (4.995638936885967 46.16310931976859),46.16310931976859,4.995638936885967,True,2020-07-22,NATURELS,1.0,871f91d1dffffff
20BB032992,NATURELS,2020-07-23 12:45:26,2020-07-23 13:57:48,1.0,1.0,1.0,2020,POINT (5.210481241244952 46.19812411843985),46.19812411843985,5.210481241244952,True,2020-07-23,NATURELS,1.0,871f91d43ffffff
20BB033318,NATURELS,2020-07-24 17:39:50,2020-07-24 19:36:48,1.0,1.0,1.0,2020,POINT (4.8480680722495695 46.251304162712685),46.251304162712685,4.8480680722495695,True,2020-07-24,FORET,1.0,871f9569effffff
20BB033387,NATURELS,2020-07-24 20:57:24,2020-07-24 22:03:41,1.0,1.0,1.0,2020,POINT (5.987880452320066 46.25955511992317),46.25955511992317,5.987880452320066,True,2020-07-24,NATURELS,1.0,871f91a12ffffff
20BB033390,NATURELS,2020-07-24 21:14:14,2020-07-24 21:52:16,1.0,1.0,1.0,2020,POINT (5.331525301686627 46.18391986453063),46.18391986453063,5.331525301686627,True,2020-07-24,NATURELS,1.0,871f91892ffffff
20BB033618,NATURELS,2020-07-25 19:12:38,2020-07-25 20:11:43,1.0,1.0,1.0,2020,POINT (5.69327631701979 45.99759485654424),45.99759485654424,5.69327631701979,True,2020-07-25,NATURELS,1.0,871f9101dffffff
20BB033641,NATURELS,2020-07-25 20:26:37,2020-07-25 20:52:35,1.0,1.0,1.0,2020,POINT (5.832996960326293 45.95352384587569),45.95352384587569,5.832996960326293,True,2020-07-25,NATURELS,1.0,871f910e8ffffff
20BB033824,NATURELS,2020-07-26 18:58:11,2020-07-26 21:03:45,1.0,1.0,1.0,2020,POINT (5.075948355520353 46.22269732958998),46.22269732958998,5.075948355520353,True,2020-07-26,NATURELS,1.0,871f91d76ffffff
20BB033828,NATURELS,2020-07-26 19:07:50,2020-07-26 19:59:11,1.0,1.0,1.0,2020,POINT (5.165703808679559 45.99639260168859),45.99639260168859,5.165703808679559,True,2020-07-26,NATURELS,1.0,871f91cf5ffffff
20BB033938,NATURELS,2020-07-27 11:51:38,2020-07-27 13:23:05,1.0,1.0,1.0,2020,POINT (5.4277115029248995 46.13818558446757),46.13818558446757,5.4277115029249,True,2020-07-27,NATURELS,1.0,871f91136ffffff
20BB033943,NATURELS,2020-07-27 12:20:04,2020-07-27 13:05:49,1.0,1.0,1.0,2020,POINT (4.970154821090519 45.82919298421735),45.82919298421735,4.970154821090519,True,2020-07-27,NATURELS,1.0,871f9026affffff
20BB034018,NATURELS,2020-07-27 17:40:30,2020-07-27 18:32:24,1.0,1.0,1.0,2020,POINT (5.968168201596784 46.24044646917622),46.24044646917622,5.968168201596784,True,2020-07-27,NATURELS,1.0,871f91aa1ffffff
20BB034020,NATURELS,2020-07-27 17:44:19,2020-07-27 20:05:12,1.0,1.0,1.0,2020,POINT (5.595484764720887 46.0460638725698),46.0460638725698,5.595484764720887,True,2020-07-27,NATURELS,1.0,871f91035ffffff
20BB034224,NATURELS,2020-07-28 11:44:21,2020-07-28 17:38:15,1.0,6.0,1.0,2020,POINT (5.382361522141057 46.057500852594),46.057500852594,5.382361522141057,True,2020-07-28,NATURELS,1.0,871f91c59ffffff
20BB034295,NATURELS,2020-07-28 16:53:47,2020-07-28 18:58:00,1.0,1.0,1.0,2020,POINT (5.8031327305133145 45.98005001955489),45.98005001955489,5.8031327305133145,True,2020-07-28,NATURELS,1.0,871f91052ffffff
20BB034370,NATURELS,2020-07-28 21:05:09,2020-07-28 21:46:58,1.0,1.0,1.0,2020,POINT (4.852058728733397 46.00059388400898),46.00059388400898,4.852058728733397,True,2020-07-28,NATURELS,1.0,871f91d93ffffff
20BB034418,NATURELS,2020-07-29 06:02:21,2020-07-29 08:36:50,1.0,2.0,1.0,2020,POINT (5.384623040667021 46.05886238762242),46.05886238762242,5.384623040667021,True,2020-07-29,NATURELS,1.0,871f91c59ffffff
20BB034450,NATURELS,2020-07-29 09:19:45,2020-07-29 10:46:12,1.0,1.0,1.0,2020,POINT (5.464800790389171 45.79521982037511),45.79521982037511,5.464800790389171,True,2020-07-29,NATURELS,1.0,871f91460ffffff
20BB034522,NATURELS,2020-07-29 14:57:28,2020-07-29 15:38:08,1.0,1.0,1.0,2020,POINT (5.213128003891111 45.85728633902125),45.85728633902125,5.213128003891111,True,2020-07-29,NATURELS,1.0,871f9152bffffff
20BB034529,NATURELS,2020-07-29 15:18:50,2020-07-29 17:50:27,1.0,1.0,1.0,2020,POINT (5.996340433097974 46.36559747730325),46.36559747730325,5.996340433097974,True,2020-07-29,NATURELS,1.0,871f91a35ffffff
20BB034626,NATURELS,2020-07-29 21:08:34,2020-07-29 21:45:51,1.0,1.0,1.0,2020,POINT (5.220063168472119 46.25702132074346),46.25702132074346,5.220063168472119,True,2020-07-29,FORET,1.0,871f91d6effffff
20BB034737,NATURELS,2020-07-30 11:41:52,2020-07-30 13:06:03,1.0,1.0,1.0,2020,POINT (5.202660735492497 46.07835808749385),46.07835808749385,5.202660735492497,True,2020-07-30,NATURELS,1.0,871f91c09ffffff
20BB034802,NATURELS,2020-07-30 17:02:23,2020-07-30 18:37:40,1.0,1.0,1.0,2020,POINT (4.86989293752545 46.28648277014981),46.28648277014981,4.86989293752545,True,2020-07-30,NATURELS,1.0,871f95683ffffff
20BB034810,NATURELS,2020-07-30 17:11:58,2020-07-30 17:53:50,1.0,1.0,1.0,2020,POINT (5.667103376621571 46.24153434532343),46.24153434532343,5.667103376621571,True,2020-07-30,NATURELS,1.0,871f918ddffffff
20BB034824,NATURELS,2020-07-30 18:01:40,2020-07-30 19:01:41,1.0,1.0,1.0,2020,POINT (5.285187845280466 45.93540426447906),45.93540426447906,5.285187845280466,True,2020-07-30,NATURELS,1.0,871f91ccaffffff
20BB034832,NATURELS,2020-07-30 18:18:49,2020-07-30 19:22:36,1.0,1.0,1.0,2020,POINT (4.830348337159287 45.926877335399084),45.92687733539909,4.830348337159287,True,2020-07-30,NATURELS,1.0,871f9036affffff
20BB034891,NATURELS,2020-07-30 21:48:39,2020-07-30 22:10:13,1.0,1.0,1.0,2020,POINT (5.341178695849682 45.96110579644335),45.96110579644335,5.341178695849682,True,2020-07-30,NATURELS,1.0,871f91cc9ffffff
20BB034995,NATURELS,2020-07-31 11:28:39,2020-07-31 13:13:29,1.0,2.0,1.0,2020,POINT (4.887602655191372 46.34442569026499),46.34442569026499,4.887602655191372,True,2020-07-31,NATURELS,1.0,871f956a8ffffff
20BB035036,NATURELS,2020-07-31 14:38:20,2020-07-31 16:51:46,1.0,2.0,1.0,2020,POINT (5.042690653299381 46.41976516668348),46.41976516668348,5.042690653299381,True,2020-07-31,NATURELS,1.0,871f9560bffffff
20BB035041,NATURELS,2020-07-31 14:48:24,2020-07-31 16:23:58,1.0,3.0,1.0,2020,POINT (5.025974980722799 46.432089911950925),46.432089911950925,5.025974980722799,True,2020-07-31,NATURELS,1.0,871f9560bffffff
20BB035110,NATURELS,2020-07-31 18:06:39,2020-07-31 21:46:52,1.0,1.0,1.0,2020,POINT (4.891108478264282 46.40222776389952),46.40222776389952,4.891108478264282,True,2020-07-31,NATURELS,1.0,871f95611ffffff
20BB035114,NATURELS,2020-07-31 18:12:40,2020-07-31 18:53:13,1.0,1.0,1.0,2020,POINT (4.938124884108375 45.80894681964925),45.80894681964925,4.938124884108375,True,2020-07-31,NATURELS,1.0,871f90245ffffff
20BB035115,NATURELS,2020-07-31 18:18:07,2020-07-31 20:32:29,1.0,2.0,1.0,2020,POINT (5.605143511305892 46.1560025656792),46.1560025656792,5.605143511305892,True,2020-07-31,NATURELS,1.0,871f9112bffffff
20BB035133,NATURELS,2020-07-31 18:59:58,2020-07-31 20:10:37,1.0,1.0,1.0,2020,POINT (6.072829293793962 46.320509978130644),46.32050997813064,6.072829293793962,True,2020-07-31,NATURELS,1.0,871f91a03ffffff
20BB035136,NATURELS,2020-07-31 19:02:04,2020-07-31 21:05:40,1.0,2.0,1.0,2020,POINT (6.078795703395204 46.334868790720726),46.334868790720726,6.078795703395204,True,2020-07-31,NATURELS,1.0,871f91a01ffffff
20BB035160,NATURELS,2020-07-31 19:52:08,2020-07-31 20:57:13,1.0,1.0,1.0,2020,POINT (5.199287636916005 46.20767187204761),46.20767187204761,5.199287636916005,True,2020-07-31,NATURELS,1.0,871f91d43ffffff
20BB035187,NATURELS,2020-07-31 21:00:47,2020-07-31 21:36:31,1.0,1.0,1.0,2020,POINT (5.301841134391853 45.9386493541736),45.9386493541736,5.301841134391853,True,2020-07-31,NATURELS,1.0,871f91ccaffffff
20BB035192,NATURELS,2020-07-31 21:44:38,2020-07-31 23:30:20,1.0,1.0,1.0,2020,POINT (5.8031327305133145 45.98005001955489),45.98005001955489,5.8031327305133145,True,2020-07-31,NATURELS,1.0,871f91052ffffff
20BB035217,NATURELS,2020-07-31 23:55:43,2020-08-01 02:39:32,1.0,2.0,1.0,2020,POINT (4.870214358594898 46.283622063695184),46.283622063695184,4.870214358594898,True,2020-07-31,NATURELS,1.0,871f95683ffffff
20BB035269,NATURELS,2020-08-01 08:38:10,2020-08-01 09:26:03,1.0,1.0,1.0,2020,POINT (4.797240924774726 45.93846109932101),45.93846109932101,4.797240924774726,True,2020-08-01,NATURELS,1.0,871f90363ffffff
20BB035279,NATURELS,2020-08-01 09:35:59,2020-08-01 10:27:17,1.0,1.0,1.0,2020,POINT (5.438567843074943 45.93957631205701),45.93957631205701,5.438567843074943,True,2020-08-01,NATURELS,1.0,871f9119effffff
20BB035446,NATURELS,2020-08-01 20:46:05,2020-08-01 21:50:18,1.0,1.0,1.0,2020,POINT (5.62661960128831 45.795467842114356),45.79546784211436,5.62661960128831,True,2020-08-01,NATURELS,1.0,871f91735ffffff
20BB035543,NATURELS,2020-08-02 10:26:55,2020-08-02 11:00:45,1.0,1.0,1.0,2020,POINT (5.8799134633636285 46.237596016640694),46.23759601664069,5.8799134633636285,True,2020-08-02,NATURELS,1.0,871f91b9bffffff
20BB035637,NATURELS,2020-08-02 17:22:33,2020-08-02 19:09:06,1.0,2.0,1.0,2020,POINT (5.040043933346256 45.92640449955566),45.92640449955566,5.040043933346256,True,2020-08-02,NATURELS,1.0,871f91c83ffffff
20BB035665,NATURELS,2020-08-02 19:11:51,2020-08-02 20:36:52,1.0,1.0,1.0,2020,POINT (5.440139838263194 46.05305455730115),46.05305455730115,5.440139838263194,True,2020-08-02,NATURELS,1.0,871f911a1ffffff
20BB035694,NATURELS,2020-08-02 21:38:46,2020-08-02 22:40:02,1.0,1.0,1.0,2020,POINT (5.377628028604906 45.98794011458528),45.98794011458528,5.377628028604906,True,2020-08-02,NATURELS,1.0,871f911b3ffffff
20BB036038,NATURELS,2020-08-04 13:05:41,2020-08-04 13:27:27,1.0,1.0,1.0,2020,POINT (5.3544890659656375 45.967205585969005),45.967205585969005,5.3544890659656375,True,2020-08-04,NATURELS,1.0,871f91cc9ffffff
20BB036274,NATURELS,2020-08-05 13:50:58,2020-08-05 15:46:03,1.0,1.0,1.0,2020,POINT (5.2862816598554785 45.8914580414623),45.8914580414623,5.286281659855479,True,2020-08-05,NATURELS,1.0,871f91575ffffff
20BB036290,NATURELS,2020-08-05 15:24:49,2020-08-05 17:17:41,1.0,1.0,1.0,2020,POINT (5.689643726851292 45.86948889453355),45.86948889453355,5.689643726851292,True,2020-08-05,NATURELS,1.0,871f91089ffffff
20BB036295,NATURELS,2020-08-05 16:01:16,2020-08-05 18:02:19,1.0,1.0,1.0,2020,POINT (4.973682366046621 46.22889722592201),46.22889722592201,4.973682366046621,True,2020-08-05,NATURELS,1.0,871f91d23ffffff
20BB036299,NATURELS,2020-08-05 16:14:05,2020-08-05 19:07:43,1.0,5.0,1.0,2020,POINT (5.263928087131222 45.88136411482369),45.88136411482369,5.263928087131222,True,2020-08-05,NATURELS,1.0,871f91574ffffff
20BB036445,NATURELS,2020-08-06 10:13:32,2020-08-06 12:01:07,1.0,1.0,1.0,2020,POINT (4.951705333325978 45.826545081269494),45.82654508126949,4.951705333325978,True,2020-08-06,NATURELS,1.0,871f9026effffff
20BB036516,NATURELS,2020-08-06 14:59:20,2020-08-06 16:46:45,1.0,1.0,1.0,2020,POINT (4.903639852820488 46.16992470507526),46.16992470507526,4.903639852820488,True,2020-08-06,NATURELS,1.0,871f91d14ffffff
20BB036583,NATURELS,2020-08-06 18:15:03,2020-08-06 21:20:54,1.0,2.0,1.0,2020,POINT (5.091630148463232 46.09277980445486),46.09277980445486,5.091630148463232,True,2020-08-06,NATURELS,1.0,871f91c04ffffff
20BB036710,NATURELS,2020-08-07 10:32:19,2020-08-07 10:56:27,1.0,1.0,1.0,2020,POINT (5.301841134391853 45.9386493541736),45.9386493541736,5.301841134391853,True,2020-08-07,NATURELS,1.0,871f91ccaffffff
20BB037061,NATURELS,2020-08-08 15:15:58,2020-08-08 16:18:09,1.0,1.0,1.0,2020,POINT (5.662098404457369 46.26841740032393),46.26841740032393,5.662098404457369,True,2020-08-08,NATURELS,1.0,871f918ceffffff
20BB037134,NATURELS,2020-08-08 20:21:22,2020-08-08 20:52:14,1.0,1.0,1.0,2020,POINT (5.220869390558842 46.21142740571684),46.21142740571684,5.220869390558842,True,2020-08-08,NATURELS,1.0,871f91d4effffff
20BB037185,NATURELS,2020-08-09 02:56:19,2020-08-09 04:08:58,1.0,1.0,1.0,2020,POINT (5.575726409808759 46.216009563131244),46.21600956313125,5.575726409808759,True,2020-08-09,NATURELS,1.0,871f918d3ffffff
20BB037191,NATURELS,2020-08-09 06:58:27,2020-08-09 07:20:09,1.0,1.0,1.0,2020,POINT (5.682901827709819 45.7914728133363),45.7914728133363,5.682901827709819,True,2020-08-09,NATURELS,1.0,871f91704ffffff
20BB037253,NATURELS,2020-08-09 12:27:41,2020-08-09 15:44:00,1.0,5.0,1.0,2020,POINT (5.500246382029621 46.1174046806701),46.1174046806701,5.500246382029621,True,2020-08-09,NATURELS,1.0,871f91115ffffff
20BB037303,NATURELS,2020-08-09 16:07:34,2020-08-09 17:23:28,1.0,2.0,1.0,2020,POINT (4.813771644741593 46.175582954369034),46.17558295436904,4.813771644741593,True,2020-08-09,FORET,1.0,871f90a4cffffff
20BB037339,NATURELS,2020-08-09 18:37:21,2020-08-09 22:20:30,1.0,4.0,1.0,2020,POINT (5.443438145936122 45.81214558270666),45.81214558270666,5.443438145936122,True,2020-08-09,NATURELS,1.0,871f91464ffffff
20BB037498,NATURELS,2020-08-10 11:33:58,2020-08-10 12:20:33,1.0,2.0,1.0,2020,POINT (5.335490214386662 46.05838681652771),46.05838681652771,5.335490214386662,True,2020-08-10,NATURELS,1.0,871f91c58ffffff
20BB037530,NATURELS,2020-08-10 13:49:11,2020-08-10 14:36:28,1.0,2.0,1.0,2020,POINT (4.919487661967799 45.865664009326714),45.86566400932672,4.919487661967799,True,2020-08-10,NATURELS,1.0,871f90265ffffff
20BB037554,NATURELS,2020-08-10 15:27:51,2020-08-10 15:46:05,1.0,2.0,1.0,2020,POINT (4.995691197447134 45.84226577581249),45.84226577581249,4.995691197447134,True,2020-08-10,NATURELS,1.0,871f90268ffffff
20BB037555,NATURELS,2020-08-10 15:28:27,2020-08-10 16:01:42,1.0,1.0,1.0,2020,POINT (4.955643169654598 45.825148146607354),45.82514814660736,4.955643169654598,True,2020-08-10,FORET,1.0,871f9026effffff
20BB037558,NATURELS,2020-08-10 15:38:20,2020-08-11 15:36:49,1.0,14.0,1.0,2020,POINT (5.455556900350996 46.04151854959989),46.04151854959989,5.455556900350996,True,2020-08-10,FORET,1.0,871f911a1ffffff
20BB037565,NATURELS,2020-08-10 16:09:05,2020-08-10 17:21:30,1.0,1.0,1.0,2020,POINT (4.899966940179164 46.279082389539525),46.279082389539525,4.899966940179164,True,2020-08-10,NATURELS,1.0,871f9568affffff
20BB037642,NATURELS,2020-08-10 20:01:32,2020-08-11 01:31:40,1.0,2.0,1.0,2020,POINT (4.940938695294662 45.825408773303266),45.82540877330327,4.940938695294662,True,2020-08-10,NATURELS,1.0,871f90245ffffff
20BB037662,NATURELS,2020-08-10 22:11:50,2020-08-11 00:53:41,1.0,2.0,1.0,2020,POINT (5.123891587773224 46.13370644415026),46.13370644415026,5.123891587773224,True,2020-08-10,NATURELS,1.0,871f91c2cffffff
20BB037669,NATURELS,2020-08-10 22:58:04,2020-08-11 02:42:37,1.0,2.0,1.0,2020,POINT (5.382361522141057 46.057500852594),46.057500852594,5.382361522141057,True,2020-08-10,FORET,1.0,871f91c59ffffff
20BB037783,NATURELS,2020-08-11 13:56:18,2020-08-11 17:04:01,1.0,2.0,1.0,2020,POINT (5.119084411154437 45.951603753738425),45.951603753738425,5.119084411154437,True,2020-08-11,FORET,1.0,871f91c8dffffff
20BB037828,NATURELS,2020-08-11 17:21:47,2020-08-11 18:47:46,1.0,2.0,1.0,2020,POINT (4.976855384974962 46.23790636417555),46.23790636417555,4.976855384974962,True,2020-08-11,NATURELS,1.0,871f91d21ffffff
20BB037853,NATURELS,2020-08-11 18:34:56,2020-08-11 22:31:14,1.0,6.0,1.0,2020,POINT (5.665891929102739 46.26101188642284),46.26101188642284,5.665891929102739,True,2020-08-11,NATURELS,1.0,871f918ceffffff
20BB037886,NATURELS,2020-08-11 19:31:01,2020-08-11 20:06:51,1.0,2.0,1.0,2020,POINT (5.346942686844673 45.927612046079545),45.927612046079545,5.346942686844673,True,2020-08-11,NATURELS,1.0,871f91565ffffff
20BB038047,NATURELS,2020-08-12 12:26:04,2020-08-12 14:11:18,1.0,1.0,1.0,2020,POINT (4.939418986166578 46.07925908890434),46.07925908890434,4.939418986166578,True,2020-08-12,NATURELS,1.0,871f91daaffffff
20BB038051,NATURELS,2020-08-12 12:55:03,2020-08-12 13:43:46,1.0,2.0,1.0,2020,POINT (5.2061348925911775 46.225432414670564),46.22543241467056,5.2061348925911775,True,2020-08-12,NATURELS,1.0,871f91d41ffffff
20BB038074,NATURELS,2020-08-12 14:16:30,2020-08-12 14:44:52,1.0,2.0,1.0,2020,POINT (5.241418892288753 46.20621127047008),46.20621127047008,5.241418892288753,True,2020-08-12,NATURELS,1.0,871f91d4effffff
20BB038078,NATURELS,2020-08-12 14:49:58,2020-08-12 16:14:30,1.0,2.0,1.0,2020,POINT (5.289306939628165 46.13312546342879),46.13312546342879,5.289306939628165,True,2020-08-12,NATURELS,1.0,871f91c62ffffff
20BB038082,NATURELS,2020-08-12 15:04:52,2020-08-12 16:03:53,1.0,2.0,1.0,2020,POINT (5.229384090965359 46.21939391279185),46.21939391279185,5.229384090965359,True,2020-08-12,NATURELS,1.0,871f91d41ffffff
20BB038092,NATURELS,2020-08-12 15:48:10,2020-08-12 18:25:34,1.0,5.0,1.0,2020,POINT (5.670314532026094 46.26390751704805),46.26390751704805,5.670314532026094,True,2020-08-12,NATURELS,1.0,871f918ceffffff
20BB038102,NATURELS,2020-08-12 16:24:14,2020-08-12 18:41:21,1.0,2.0,1.0,2020,POINT (4.7890068421016005 46.11782072102875),46.11782072102875,4.7890068421016005,True,2020-08-12,NATURELS,1.0,871f90a58ffffff
20BB038127,NATURELS,2020-08-12 17:59:06,2020-08-12 19:15:08,1.0,2.0,1.0,2020,POINT (5.21065025377423 45.794690265219025),45.79469026521903,5.21065025377423,True,2020-08-12,NATURELS,1.0,871f9150affffff
20BB038173,NATURELS,2020-08-12 19:36:22,2020-08-12 20:21:37,1.0,2.0,1.0,2020,POINT (5.194121212024133 46.17785868667921),46.17785868667921,5.194121212024133,True,2020-08-12,NATURELS,1.0,871f91d5cffffff
20BB038206,NATURELS,2020-08-12 21:18:58,2020-08-12 23:48:36,1.0,1.0,1.0,2020,POINT (4.958882270586419 46.47007935286276),46.47007935286276,4.958882270586419,True,2020-08-12,FORET,1.0,871f9562affffff
20BB038214,NATURELS,2020-08-12 22:08:51,2020-08-12 23:25:49,1.0,1.0,1.0,2020,POINT (5.084812367727023 45.814277241057084),45.81427724105709,5.084812367727023,True,2020-08-12,NATURELS,1.0,871f91533ffffff
20BB038216,NATURELS,2020-08-12 22:17:29,2020-08-12 22:55:32,1.0,1.0,1.0,2020,POINT (6.105319044637379 46.341187300151574),46.34118730015157,6.105319044637379,True,2020-08-12,NATURELS,1.0,871f91a0cffffff
20BB038217,NATURELS,2020-08-12 22:17:37,2020-08-13 01:09:53,1.0,2.0,1.0,2020,POINT (5.365228582175531 46.21639915601653),46.21639915601653,5.365228582175531,True,2020-08-12,NATURELS,1.0,871f91895ffffff
20BB038285,NATURELS,2020-08-13 10:59:31,2020-08-13 13:27:02,1.0,7.0,1.0,2020,POINT (5.532798837970764 45.95385143838813),45.95385143838813,5.532798837970764,True,2020-08-13,NATURELS,1.0,871f910a4ffffff
20BB038298,NATURELS,2020-08-13 11:37:32,2020-08-13 12:54:03,1.0,1.0,1.0,2020,POINT (5.279337338608344 45.8917929092457),45.8917929092457,5.279337338608344,True,2020-08-13,NATURELS,1.0,871f91cdbffffff
20BB038304,NATURELS,2020-08-13 12:24:09,2020-08-13 13:18:13,1.0,2.0,1.0,2020,POINT (6.096903822184386 46.274380430520516),46.27438043052052,6.096903822184386,True,2020-08-13,NATURELS,1.0,871f91a1bffffff
20BB038310,NATURELS,2020-08-13 13:01:26,2020-08-13 14:05:30,1.0,2.0,1.0,2020,POINT (5.11870243014541 45.847958618888825),45.847958618888825,5.11870243014541,True,2020-08-13,NATURELS,1.0,871f91504ffffff
20BB038335,NATURELS,2020-08-13 14:47:56,2020-08-13 17:11:19,1.0,2.0,1.0,2020,POINT (5.767662207165012 46.163578548029),46.163578548029,5.767662207165012,True,2020-08-13,FORET,1.0,871f91141ffffff
20BB038355,NATURELS,2020-08-13 16:33:24,2020-08-13 18:58:06,1.0,2.0,1.0,2020,POINT (5.118179018241815 45.90375080125082),45.90375080125082,5.118179018241815,True,2020-08-13,NATURELS,1.0,871f91c8bffffff
20BB038562,NATURELS,2020-08-14 18:16:19,2020-08-14 19:47:30,1.0,1.0,1.0,2020,POINT (5.063119038303231 45.98809909554406),45.98809909554406,5.063119038303231,True,2020-08-14,NATURELS,1.0,871f91ca8ffffff
20BB038807,NATURELS,2020-08-15 16:20:29,2020-08-15 17:21:41,1.0,1.0,1.0,2020,POINT (5.060270962912696 46.255754209792215),46.255754209792215,5.060270962912696,True,2020-08-15,NATURELS,1.0,871f956daffffff
20BB038831,NATURELS,2020-08-15 17:57:15,2020-08-15 18:44:25,1.0,1.0,1.0,2020,POINT (5.860972931628313 46.205008996008615),46.205008996008615,5.860972931628313,True,2020-08-15,NATURELS,1.0,871f91ab6ffffff
20BB038834,NATURELS,2020-08-15 18:18:18,2020-08-15 21:00:34,1.0,3.0,1.0,2020,POINT (5.3010364393203275 45.91589226790626),45.91589226790626,5.301036439320328,True,2020-08-15,NATURELS,1.0,871f91cd9ffffff
20BB038863,NATURELS,2020-08-15 20:26:15,2020-08-15 22:40:06,1.0,1.0,1.0,2020,POINT (4.885711622402947 46.07647840574545),46.07647840574545,4.885711622402947,True,2020-08-15,NATURELS,1.0,871f91da3ffffff
20BB038888,NATURELS,2020-08-15 22:56:40,2020-08-15 23:42:28,1.0,1.0,1.0,2020,POINT (5.222177386468873 46.24424618441468),46.24424618441468,5.222177386468873,True,2020-08-15,NATURELS,1.0,871f91d6affffff
20BB039178,NATURELS,2020-08-17 12:26:03,2020-08-17 13:21:03,1.0,1.0,1.0,2020,POINT (5.2853513086904185 45.93916332585594),45.93916332585594,5.2853513086904185,True,2020-08-17,NATURELS,1.0,871f91ccaffffff
20BB039260,NATURELS,2020-08-17 17:26:55,2020-08-17 17:59:37,1.0,1.0,1.0,2020,POINT (5.788673439992196 46.12507920716507),46.12507920716507,5.788673439992196,True,2020-08-17,NATURELS,1.0,871f9115dffffff
20BB039267,NATURELS,2020-08-17 17:51:13,2020-08-17 18:55:38,1.0,1.0,1.0,2020,POINT (4.945210219945847 46.35796920504883),46.35796920504883,4.945210219945847,True,2020-08-17,NATURELS,1.0,871f956f4ffffff
20BB039268,NATURELS,2020-08-17 17:51:24,2020-08-17 18:52:07,1.0,1.0,1.0,2020,POINT (5.224763839130644 46.201703833220584),46.20170383322058,5.224763839130644,True,2020-08-17,FORET,1.0,871f91d4effffff
20BB039416,NATURELS,2020-08-18 10:48:05,2020-08-18 11:56:56,1.0,1.0,1.0,2020,POINT (5.228790993760546 46.457710756738535),46.457710756738535,5.228790993760546,True,2020-08-18,NATURELS,1.0,871f95648ffffff
20BB039429,NATURELS,2020-08-18 11:27:13,2020-08-18 12:00:58,1.0,1.0,1.0,2020,POINT (5.065898641919539 45.88810630624716),45.88810630624716,5.065898641919539,True,2020-08-18,NATURELS,1.0,871f91c99ffffff
20BB039456,NATURELS,2020-08-18 13:28:11,2020-08-18 13:59:02,1.0,1.0,1.0,2020,POINT (5.074211019867565 45.85136415433557),45.85136415433557,5.074211019867565,True,2020-08-18,NATURELS,1.0,871f91535ffffff
20BB039479,NATURELS,2020-08-18 17:43:00,2020-08-18 18:55:37,1.0,1.0,1.0,2020,POINT (4.834785877591535 46.17976565564391),46.17976565564391,4.834785877591535,True,2020-08-18,NATURELS,1.0,871f90a6bffffff
20BB039541,NATURELS,2020-08-18 21:23:07,2020-08-18 22:43:14,1.0,1.0,1.0,2020,POINT (5.322919223831811 46.18488565666237),46.18488565666237,5.322919223831811,True,2020-08-18,NATURELS,1.0,871f91892ffffff
20BB039673,NATURELS,2020-08-19 14:45:56,2020-08-19 15:32:20,1.0,1.0,1.0,2020,POINT (5.237041516683632 46.2033885212524),46.2033885212524,5.237041516683632,True,2020-08-19,NATURELS,1.0,871f91d4effffff
20BB039768,NATURELS,2020-08-19 21:44:35,2020-08-19 22:56:40,1.0,1.0,1.0,2020,POINT (4.970917594586284 46.24389595506079),46.24389595506079,4.970917594586284,True,2020-08-19,NATURELS,1.0,871f91d21ffffff
20BB039831,NATURELS,2020-08-20 10:44:05,2020-08-20 12:02:16,1.0,1.0,1.0,2020,POINT (5.124719002946979 46.41304666908986),46.41304666908986,5.124719002946979,True,2020-08-20,NATURELS,1.0,871f9565effffff
20BB039872,NATURELS,2020-08-20 14:15:34,2020-08-20 16:20:53,1.0,2.0,1.0,2020,POINT (4.862604000164097 45.91501460499484),45.91501460499484,4.862604000164097,True,2020-08-20,NATURELS,1.0,871f9034cffffff
20BB039959,NATURELS,2020-08-20 19:34:58,2020-08-20 20:34:10,1.0,2.0,1.0,2020,POINT (5.5466731241096 46.243391516994315),46.24339151699432,5.5466731241096,True,2020-08-20,NATURELS,1.0,871f918d4ffffff
20BB039985,NATURELS,2020-08-20 20:36:02,2020-08-20 21:48:00,1.0,2.0,1.0,2020,POINT (5.944995138137179 46.17392709360429),46.17392709360429,5.944995138137179,True,2020-08-20,NATURELS,1.0,871f91a82ffffff
20BB040002,NATURELS,2020-08-20 22:10:23,2020-08-21 00:27:03,1.0,2.0,1.0,2020,POINT (4.869519782124227 46.284879813555385),46.284879813555385,4.869519782124227,True,2020-08-20,NATURELS,1.0,871f95683ffffff
20BB040012,NATURELS,2020-08-21 00:30:21,2020-08-21 01:54:52,1.0,2.0,1.0,2020,POINT (5.37229777695576 46.28189172994748),46.28189172994748,5.37229777695576,True,2020-08-21,NATURELS,1.0,871f918a2ffffff
20BB040025,NATURELS,2020-08-21 05:39:32,2020-08-21 19:53:35,1.0,3.0,1.0,2020,POINT (5.966577752714457 46.23975893441626),46.23975893441626,5.966577752714457,True,2020-08-21,NATURELS,1.0,871f91aa1ffffff
20BB040027,NATURELS,2020-08-21 06:00:15,2020-08-21 07:01:36,1.0,2.0,1.0,2020,POINT (5.519896403877225 46.178217435772666),46.178217435772666,5.519896403877225,True,2020-08-21,NATURELS,1.0,871f91123ffffff
20BB040088,NATURELS,2020-08-21 11:00:41,2020-08-21 12:43:47,1.0,3.0,1.0,2020,POINT (5.413169257938948 46.03935988508965),46.03935988508965,5.413169257938948,True,2020-08-21,NATURELS,1.0,871f911a0ffffff
20BB040091,NATURELS,2020-08-21 11:09:56,2020-08-21 17:04:59,1.0,6.0,1.0,2020,POINT (4.996836927018519 46.366142152395554),46.366142152395554,4.996836927018519,True,2020-08-21,NATURELS,1.0,871f956f5ffffff
20BB040092,NATURELS,2020-08-21 11:14:45,2020-08-21 12:04:20,1.0,2.0,1.0,2020,POINT (5.65957096565278 46.24826627856041),46.24826627856041,5.65957096565278,True,2020-08-21,NATURELS,1.0,871f918ddffffff
20BB040132,NATURELS,2020-08-21 14:11:05,2020-08-21 14:59:46,1.0,1.0,1.0,2020,POINT (4.9809295630032295 45.835817478904374),45.83581747890437,4.9809295630032295,True,2020-08-21,NATURELS,1.0,871f90268ffffff
20BB040152,NATURELS,2020-08-21 15:22:23,2020-08-21 19:59:25,1.0,12.0,1.0,2020,POINT (5.968168201596784 46.24044646917622),46.24044646917622,5.968168201596784,True,2020-08-21,NATURELS,1.0,871f91aa1ffffff
20BB040191,NATURELS,2020-08-21 17:53:37,2020-08-21 19:36:53,1.0,1.0,1.0,2020,POINT (4.785916829173375 46.06417680681591),46.06417680681591,4.785916829173375,True,2020-08-21,NATURELS,1.0,871f91db4ffffff
20BB040224,NATURELS,2020-08-21 19:02:37,2020-08-21 22:21:39,1.0,3.0,1.0,2020,POINT (4.827179809505475 45.937488077112505),45.937488077112505,4.827179809505475,True,2020-08-21,NATURELS,1.0,871f9036effffff
20BB040226,NATURELS,2020-08-21 19:07:57,2020-08-21 20:17:48,1.0,2.0,1.0,2020,POINT (5.320909805701168 46.01775366441137),46.01775366441137,5.320909805701168,True,2020-08-21,NATURELS,1.0,871f91ce9ffffff
20BB040250,NATURELS,2020-08-21 20:19:02,2020-08-21 22:05:52,1.0,2.0,1.0,2020,POINT (5.5466731241096 46.243391516994315),46.24339151699432,5.5466731241096,True,2020-08-21,NATURELS,1.0,871f918d4ffffff
20BB040271,NATURELS,2020-08-21 22:35:38,2020-08-21 23:21:37,1.0,1.0,1.0,2020,POINT (5.9585497850299864 46.210168372998126),46.210168372998126,5.958549785029986,True,2020-08-21,NATURELS,1.0,871f91a84ffffff
20BB040369,NATURELS,2020-08-22 13:00:53,2020-08-22 14:17:58,1.0,3.0,1.0,2020,POINT (5.163187114226777 45.998436324441805),45.998436324441805,5.163187114226777,True,2020-08-22,NATURELS,1.0,871f91cf5ffffff
20BB040479,NATURELS,2020-08-22 23:02:10,2020-08-23 00:14:59,1.0,1.0,1.0,2020,POINT (5.360454411877291 45.892811558147805),45.892811558147805,5.360454411877291,True,2020-08-22,FORET,1.0,871f91563ffffff
20BB040602,NATURELS,2020-08-23 16:23:06,2020-08-23 16:47:29,1.0,1.0,1.0,2020,POINT (5.638032669371715 46.25718974990746),46.25718974990746,5.638032669371715,True,2020-08-23,NATURELS,1.0,871f918c3ffffff
20BB040648,NATURELS,2020-08-23 20:20:18,2020-08-23 22:15:34,1.0,1.0,1.0,2020,POINT (5.638852562154359 46.256580528957095),46.256580528957095,5.638852562154359,True,2020-08-23,NATURELS,1.0,871f918c3ffffff
20BB040806,NATURELS,2020-08-24 16:41:29,2020-08-24 18:49:23,1.0,1.0,1.0,2020,POINT (6.009996194612397 46.24918464365588),46.24918464365588,6.009996194612397,True,2020-08-24,FORET,1.0,871f91aacffffff
20BB040882,NATURELS,2020-08-24 21:32:26,2020-08-24 23:25:07,1.0,5.0,1.0,2020,POINT (5.592889422932876 45.753040371981335),45.753040371981335,5.592889422932876,True,2020-08-24,NATURELS,1.0,871f9144dffffff
20BB040897,NATURELS,2020-08-25 00:24:44,2020-08-25 01:04:43,1.0,1.0,1.0,2020,POINT (6.069482256775009 46.32004377131215),46.32004377131215,6.069482256775009,True,2020-08-25,NATURELS,1.0,871f91a03ffffff
20BB040900,NATURELS,2020-08-25 01:09:11,2020-08-25 01:39:43,1.0,1.0,1.0,2020,POINT (5.347554100295664 45.89621864403818),45.89621864403818,5.347554100295664,True,2020-08-25,NATURELS,1.0,871f91563ffffff
20BB040970,NATURELS,2020-08-25 13:16:56,2020-08-25 17:22:41,1.0,3.0,1.0,2020,POINT (5.078861277370007 46.14364826452303),46.14364826452303,5.078861277370007,True,2020-08-25,NATURELS,1.0,871f91c25ffffff
20BB040975,NATURELS,2020-08-25 13:42:03,2020-08-25 15:25:11,1.0,5.0,1.0,2020,POINT (5.460119885311346 46.079776608885346),46.07977660888535,5.460119885311346,True,2020-08-25,NATURELS,1.0,871f91112ffffff
20BB040986,NATURELS,2020-08-25 14:42:47,2020-08-25 15:16:16,1.0,1.0,1.0,2020,POINT (5.828859598139666 46.10720139838952),46.10720139838952,5.828859598139666,True,2020-08-25,NATURELS,1.0,871f91066ffffff
20BB040994,NATURELS,2020-08-25 15:12:32,2020-08-25 16:01:39,1.0,1.0,1.0,2020,POINT (5.171808797989221 45.996050190822146),45.99605019082215,5.171808797989221,True,2020-08-25,FORET,1.0,871f91cf5ffffff
20BB040996,NATURELS,2020-08-25 15:19:26,2020-08-25 17:57:01,1.0,6.0,1.0,2020,POINT (5.509233286614213 46.006373021308335),46.006373021308335,5.509233286614213,True,2020-08-25,FORET,1.0,871f9118cffffff
20BB041011,NATURELS,2020-08-25 16:36:37,2020-08-25 19:16:29,1.0,5.0,1.0,2020,POINT (5.734495554369587 46.13545670974665),46.13545670974665,5.734495554369587,True,2020-08-25,NATURELS,1.0,871f91142ffffff
20BB041018,NATURELS,2020-08-25 17:02:04,2020-08-25 21:23:51,1.0,1.0,1.0,2020,POINT (5.546909285774418 46.089831363712214),46.08983136371221,5.546909285774418,True,2020-08-25,NATURELS,1.0,871f91118ffffff
20BB041021,NATURELS,2020-08-25 17:10:15,2020-08-27 23:21:46,1.0,25.0,1.0,2020,POINT (5.548351917072378 46.18355406116017),46.18355406116017,5.548351917072378,True,2020-08-25,FORET,1.0,871f9112effffff
20BB041027,NATURELS,2020-08-25 17:31:55,2020-08-26 00:25:23,1.0,9.0,1.0,2020,POINT (5.561893633392677 46.16920268830455),46.16920268830455,5.561893633392677,True,2020-08-25,FORET,1.0,871f9112effffff
20BB041079,NATURELS,2020-08-25 20:54:41,2020-08-26 00:57:59,1.0,2.0,1.0,2020,POINT (5.024862343748663 46.330652349746515),46.33065234974652,5.024862343748663,True,2020-08-25,NATURELS,1.0,871f956c6ffffff
20BB041210,NATURELS,2020-08-26 16:30:31,2020-08-26 17:16:11,1.0,1.0,1.0,2020,POINT (5.966577752714457 46.23975893441626),46.23975893441626,5.966577752714457,True,2020-08-26,NATURELS,1.0,871f91aa1ffffff
20BB041218,NATURELS,2020-08-26 16:47:37,2020-08-26 18:51:06,1.0,1.0,1.0,2020,POINT (6.065887785735044 46.32165724036661),46.32165724036661,6.065887785735044,True,2020-08-26,NATURELS,1.0,871f91a03ffffff
20BB041331,NATURELS,2020-08-27 09:22:34,2020-08-27 11:36:59,1.0,1.0,1.0,2020,POINT (5.551246414227153 46.188676446434066),46.18867644643407,5.551246414227153,True,2020-08-27,FORET,1.0,871f91121ffffff
20BB041364,NATURELS,2020-08-27 11:14:45,2020-08-27 12:04:20,1.0,1.0,1.0,2020,POINT (5.172553093939801 45.996454602286754),45.996454602286754,5.172553093939801,True,2020-08-27,NATURELS,1.0,871f91cf5ffffff
20BB041379,NATURELS,2020-08-27 12:16:00,2020-08-27 13:02:21,1.0,1.0,1.0,2020,POINT (6.044559666090451 46.307999613628404),46.3079996136284,6.044559666090451,True,2020-08-27,FORET,1.0,871f91a02ffffff
20BB041392,NATURELS,2020-08-27 13:21:49,2020-08-27 15:15:50,1.0,2.0,1.0,2020,POINT (5.5284094164580795 46.185919407118995),46.185919407119,5.52840941645808,True,2020-08-27,NATURELS,1.0,871f91121ffffff
20BB041398,NATURELS,2020-08-27 13:43:37,2020-08-27 16:44:37,1.0,2.0,1.0,2020,POINT (6.152713444654166 46.35586117972562),46.35586117972562,6.152713444654166,True,2020-08-27,NATURELS,1.0,871f91a76ffffff
20BB041410,NATURELS,2020-08-27 14:39:08,2020-08-27 15:40:16,1.0,1.0,1.0,2020,POINT (4.951861696306116 46.28427923394023),46.28427923394023,4.951861696306116,True,2020-08-27,NATURELS,1.0,871f9568bffffff
20BB041414,NATURELS,2020-08-27 15:07:22,2020-08-27 16:56:57,1.0,1.0,1.0,2020,POINT (6.096425120000195 46.30639917245374),46.30639917245374,6.096425120000195,True,2020-08-27,NATURELS,1.0,871f91a1dffffff
20BB041420,NATURELS,2020-08-27 15:25:44,2020-08-27 17:33:35,1.0,6.0,1.0,2020,POINT (5.786776277173379 45.8682439445184),45.8682439445184,5.786776277173379,True,2020-08-27,NATURELS,1.0,871f910dcffffff
20BB041422,NATURELS,2020-08-27 15:27:58,2020-08-27 18:19:36,1.0,3.0,1.0,2020,POINT (5.248756642997366 46.24067586031761),46.24067586031761,5.248756642997366,True,2020-08-27,NATURELS,1.0,871f91d4cffffff
20BB041434,NATURELS,2020-08-27 16:33:43,2020-08-27 19:46:21,1.0,2.0,1.0,2020,POINT (5.134756377099546 46.31954141522132),46.31954141522132,5.134756377099546,True,2020-08-27,NATURELS,1.0,871f956c8ffffff
20BB041462,NATURELS,2020-08-27 18:02:45,2020-08-27 19:25:44,1.0,1.0,1.0,2020,POINT (4.953251639887784 45.972293712673206),45.972293712673206,4.953251639887784,True,2020-08-27,NATURELS,1.0,871f91cb5ffffff
20BB041517,NATURELS,2020-08-27 20:59:27,2020-08-27 23:10:25,1.0,2.0,1.0,2020,POINT (5.774786645444652 46.09375797368206),46.09375797368206,5.774786645444652,True,2020-08-27,NATURELS,1.0,871f9115bffffff
20BB041534,NATURELS,2020-08-27 23:04:27,2020-08-27 23:58:29,1.0,1.0,1.0,2020,POINT (5.330211668466755 45.95224124731796),45.95224124731796,5.330211668466755,True,2020-08-27,NATURELS,1.0,871f91ccbffffff
20BB041537,NATURELS,2020-08-28 00:07:33,2020-08-28 00:31:36,1.0,1.0,1.0,2020,POINT (5.325407953772657 45.94841631034568),45.94841631034568,5.325407953772657,True,2020-08-28,NATURELS,1.0,871f91ccbffffff
20BB041542,NATURELS,2020-08-28 01:06:33,2020-08-28 02:22:26,1.0,1.0,1.0,2020,POINT (5.555166001160723 46.22017989765329),46.22017989765329,5.555166001160723,True,2020-08-28,NATURELS,1.0,871f918d2ffffff
20BB041560,NATURELS,2020-08-28 06:15:36,2020-08-28 07:25:18,1.0,1.0,1.0,2020,POINT (6.0012572145874366 46.26692292263514),46.26692292263514,6.0012572145874366,True,2020-08-28,NATURELS,1.0,871f91a13ffffff
20BB041623,NATURELS,2020-08-28 13:17:10,2020-08-28 13:53:41,1.0,1.0,1.0,2020,POINT (5.9918169387548375 46.224743274282986),46.224743274282986,5.9918169387548375,True,2020-08-28,NATURELS,1.0,871f91aaeffffff
20BB041802,NATURELS,2020-08-29 11:38:19,2020-08-29 12:38:28,1.0,1.0,1.0,2020,POINT (6.0988834681269015 46.33294312761719),46.33294312761719,6.0988834681269015,True,2020-08-29,NATURELS,1.0,871f91a0effffff
20BB041897,NATURELS,2020-08-29 20:52:27,2020-08-29 22:02:52,1.0,1.0,1.0,2020,POINT (5.557834224023155 45.716063121527135),45.716063121527135,5.557834224023155,True,2020-08-29,NATURELS,1.0,871f9144affffff
20BB042025,NATURELS,2020-08-30 15:32:31,2020-08-30 15:58:11,1.0,1.0,1.0,2020,POINT (4.787033307992422 46.065718810766086),46.065718810766086,4.787033307992422,True,2020-08-30,NATURELS,1.0,871f91db4ffffff
20BB042128,NATURELS,2020-08-31 07:45:06,2020-08-31 10:11:06,1.0,3.0,1.0,2020,POINT (4.912977093372041 45.95894477709533),45.95894477709533,4.912977093372041,True,2020-08-31,NATURELS,1.0,871f91cb4ffffff
20BB042144,NATURELS,2020-08-31 10:06:07,2020-08-31 11:04:56,1.0,1.0,1.0,2020,POINT (5.362235800701471 45.95831840694811),45.95831840694811,5.362235800701471,True,2020-08-31,NATURELS,1.0,871f91194ffffff
20BB042189,NATURELS,2020-08-31 13:51:42,2020-08-31 14:26:04,1.0,1.0,1.0,2020,POINT (4.757391386359689 45.996382893545814),45.99638289354581,4.757391386359689,True,2020-08-31,NATURELS,1.0,871f90acbffffff
20BB042344,NATURELS,2020-09-01 13:22:06,2020-09-01 15:04:48,1.0,2.0,1.0,2020,POINT (5.140978146185799 46.09043998909558),46.09043998909558,5.140978146185799,True,2020-09-01,NATURELS,1.0,871f91c01ffffff
20BB042485,NATURELS,2020-09-02 10:48:16,2020-09-02 12:10:37,1.0,1.0,1.0,2020,POINT (5.2154396480672505 45.890807850735264),45.890807850735264,5.2154396480672505,True,2020-09-02,NATURELS,1.0,871f9152dffffff
20BB042500,NATURELS,2020-09-02 12:57:37,2020-09-02 14:55:21,1.0,2.0,1.0,2020,POINT (5.697205833356982 45.973199930300716),45.97319993030072,5.697205833356982,True,2020-09-02,NATURELS,1.0,871f91018ffffff
20BB042510,NATURELS,2020-09-02 13:47:27,2020-09-02 16:34:06,1.0,2.0,1.0,2020,POINT (4.94385592230972 46.259429295967166),46.259429295967166,4.94385592230972,True,2020-09-02,NATURELS,1.0,871f91d24ffffff
20BB042519,NATURELS,2020-09-02 14:13:22,2020-09-02 15:49:21,1.0,1.0,1.0,2020,POINT (5.443610177641057 46.08273524008734),46.08273524008734,5.443610177641057,True,2020-09-02,NATURELS,1.0,871f91116ffffff
20BB042542,NATURELS,2020-09-02 16:09:31,2020-09-02 17:16:21,1.0,1.0,1.0,2020,POINT (5.293843004427055 45.95424620672052),45.95424620672052,5.293843004427055,True,2020-09-02,NATURELS,1.0,871f91cceffffff
20BB042556,NATURELS,2020-09-02 17:18:16,2020-09-02 18:24:47,1.0,1.0,1.0,2020,POINT (5.140805671456117 46.06538080345924),46.06538080345924,5.140805671456117,True,2020-09-02,NATURELS,1.0,871f91c0effffff
20BB042613,NATURELS,2020-09-02 22:03:46,2020-09-02 22:51:49,1.0,1.0,1.0,2020,POINT (4.753579073927909 45.999840108248456),45.999840108248456,4.753579073927909,True,2020-09-02,NATURELS,1.0,871f90acaffffff
20BB042839,NATURELS,2020-09-04 09:36:55,2020-09-04 10:53:31,1.0,5.0,1.0,2020,POINT (5.592889422932876 45.753040371981335),45.753040371981335,5.592889422932876,True,2020-09-04,NATURELS,1.0,871f9144dffffff
20BB042856,NATURELS,2020-09-04 10:59:56,2020-09-04 12:33:14,1.0,1.0,1.0,2020,POINT (5.589814407230354 46.14099265299762),46.14099265299762,5.589814407230354,True,2020-09-04,NATURELS,1.0,871f9110cffffff
20BB042910,NATURELS,2020-09-04 14:04:15,2020-09-04 14:52:04,1.0,1.0,1.0,2020,POINT (5.085140269442611 46.45375671434887),46.45375671434887,5.085140269442611,True,2020-09-04,NATURELS,1.0,871f95654ffffff
20BB042932,NATURELS,2020-09-04 15:33:58,2020-09-04 17:03:04,1.0,1.0,1.0,2020,POINT (5.423237749046136 46.013405841018795),46.0134058410188,5.423237749046136,True,2020-09-04,NATURELS,1.0,871f91184ffffff
20BB042956,NATURELS,2020-09-04 17:58:50,2020-09-04 21:50:53,1.0,2.0,1.0,2020,POINT (4.91156568418234 46.37864936154943),46.37864936154943,4.91156568418234,True,2020-09-04,NATURELS,1.0,871f956adffffff
20BB042958,NATURELS,2020-09-04 18:06:13,2020-09-04 18:46:47,1.0,1.0,1.0,2020,POINT (4.839637379820461 46.24233617701667),46.24233617701667,4.839637379820461,True,2020-09-04,NATURELS,1.0,871f9569effffff
20BB042967,NATURELS,2020-09-04 18:50:20,2020-09-04 21:51:04,1.0,2.0,1.0,2020,POINT (4.863127378229981 46.22766409492745),46.22766409492745,4.863127378229981,True,2020-09-04,NATURELS,1.0,871f9569affffff
20BB043156,NATURELS,2020-09-05 16:25:36,2020-09-05 17:27:11,1.0,1.0,1.0,2020,POINT (5.05812829861556 46.25650788818438),46.25650788818438,5.05812829861556,True,2020-09-05,NATURELS,1.0,871f956daffffff
20BB043267,NATURELS,2020-09-06 07:57:16,2020-09-06 12:49:18,1.0,3.0,1.0,2020,POINT (5.123354737275265 45.851804498345246),45.851804498345246,5.123354737275265,True,2020-09-06,NATURELS,1.0,871f91504ffffff
20BB043347,NATURELS,2020-09-06 15:28:59,2020-09-06 16:11:54,1.0,1.0,1.0,2020,POINT (5.696150298716072 45.82479191644471),45.82479191644471,5.696150298716072,True,2020-09-06,NATURELS,1.0,871f91721ffffff
20BB043403,NATURELS,2020-09-06 20:02:00,2020-09-06 20:37:30,1.0,1.0,1.0,2020,POINT (4.923177675637214 45.816538168894105),45.816538168894105,4.923177675637214,True,2020-09-06,NATURELS,1.0,871f90244ffffff
20BB043516,NATURELS,2020-09-07 13:06:03,2020-09-07 14:06:58,1.0,2.0,1.0,2020,POINT (5.3060204587461826 46.06655773082616),46.06655773082616,5.306020458746183,True,2020-09-07,NATURELS,1.0,871f91c51ffffff
20BB043527,NATURELS,2020-09-07 13:52:18,2020-09-07 17:05:06,1.0,1.0,1.0,2020,POINT (4.936451594154278 45.849763246248656),45.849763246248656,4.936451594154278,True,2020-09-07,NATURELS,1.0,871f90261ffffff
20BB043531,NATURELS,2020-09-07 14:13:06,2020-09-07 16:53:30,1.0,2.0,1.0,2020,POINT (4.938622682855162 46.34038668615836),46.34038668615836,4.938622682855162,True,2020-09-07,NATURELS,1.0,871f956f6ffffff
20BB043553,NATURELS,2020-09-07 17:15:25,2020-09-07 19:10:00,1.0,3.0,1.0,2020,POINT (5.665309842619079 45.86423249545214),45.86423249545214,5.665309842619079,True,2020-09-07,NATURELS,1.0,871f9108bffffff
20BB043559,NATURELS,2020-09-07 17:47:49,2020-09-07 19:45:48,1.0,1.0,1.0,2020,POINT (5.293574415279568 45.89160876389014),45.89160876389014,5.293574415279568,True,2020-09-07,NATURELS,1.0,871f91575ffffff
20BB043568,NATURELS,2020-09-07 18:20:03,2020-09-07 19:38:39,1.0,1.0,1.0,2020,POINT (5.966577752714457 46.23975893441626),46.23975893441626,5.966577752714457,True,2020-09-07,NATURELS,1.0,871f91aa1ffffff
20BB043579,NATURELS,2020-09-07 18:54:12,2020-09-07 19:55:05,1.0,1.0,1.0,2020,POINT (5.195305253300406 45.95027156631695),45.95027156631695,5.195305253300406,True,2020-09-07,NATURELS,1.0,871f91cd5ffffff
20BB043587,NATURELS,2020-09-07 19:28:27,2020-09-07 21:15:51,1.0,1.0,1.0,2020,POINT (4.841334394933239 45.914931674864995),45.914931674865,4.841334394933239,True,2020-09-07,NATURELS,1.0,871f90341ffffff
20BB043766,NATURELS,2020-09-08 17:49:35,2020-09-08 18:59:28,1.0,1.0,1.0,2020,POINT (5.157897614333793 46.295209824319734),46.29520982431973,5.157897614333793,True,2020-09-08,NATURELS,1.0,871f91d64ffffff
20BB043945,NATURELS,2020-09-09 15:38:59,2020-09-09 16:58:23,1.0,1.0,1.0,2020,POINT (5.383024157094411 46.03526183154514),46.03526183154514,5.383024157094411,True,2020-09-09,NATURELS,1.0,871f911a6ffffff
20BB043955,NATURELS,2020-09-09 16:34:34,2020-09-09 17:29:13,1.0,1.0,1.0,2020,POINT (5.142254450267225 45.87324674470561),45.87324674470561,5.142254450267225,True,2020-09-09,NATURELS,1.0,871f91521ffffff
20BB043974,NATURELS,2020-09-09 18:00:34,2020-09-09 18:36:13,1.0,1.0,1.0,2020,POINT (5.567981544552243 45.713313072523185),45.71331307252319,5.567981544552243,True,2020-09-09,NATURELS,1.0,871f9144affffff
20BB044007,NATURELS,2020-09-09 20:42:35,2020-09-09 22:03:14,1.0,1.0,1.0,2020,POINT (4.919487661967799 45.865664009326714),45.86566400932672,4.919487661967799,True,2020-09-09,NATURELS,1.0,871f90265ffffff
20BB044064,NATURELS,2020-09-10 09:45:56,2020-09-10 10:41:05,1.0,1.0,1.0,2020,POINT (4.876726266225722 45.92561578589297),45.92561578589297,4.876726266225722,True,2020-09-10,NATURELS,1.0,871f9036bffffff
20BB044163,NATURELS,2020-09-10 18:08:14,2020-09-10 18:57:16,1.0,1.0,1.0,2020,POINT (6.077742571484638 46.29988366907755),46.29988366907755,6.077742571484638,True,2020-09-10,NATURELS,1.0,871f91a1dffffff
20BB044175,NATURELS,2020-09-10 18:57:43,2020-09-10 21:12:31,1.0,1.0,1.0,2020,POINT (5.535001359559942 45.90156386631847),45.90156386631847,5.535001359559942,True,2020-09-10,NATURELS,1.0,871f910b1ffffff
20BB044195,NATURELS,2020-09-10 20:41:41,2020-09-10 21:31:45,1.0,1.0,1.0,2020,POINT (5.399554615054163 46.04766263426448),46.04766263426448,5.399554615054163,True,2020-09-10,NATURELS,1.0,871f911a6ffffff
20BB044320,NATURELS,2020-09-11 13:31:40,2020-09-11 14:44:42,1.0,1.0,1.0,2020,POINT (5.673514626141281 45.770428666352366),45.770428666352366,5.673514626141281,True,2020-09-11,NATURELS,1.0,871f91706ffffff
20BB044363,NATURELS,2020-09-11 16:45:29,2020-09-11 20:12:18,1.0,2.0,1.0,2020,POINT (5.062707916022718 46.311231327559575),46.311231327559575,5.062707916022718,True,2020-09-11,NATURELS,1.0,871f956c3ffffff
20BB044528,NATURELS,2020-09-12 11:41:01,2020-09-12 13:00:17,1.0,1.0,1.0,2020,POINT (5.153377139002145 46.3592417154418),46.3592417154418,5.153377139002145,True,2020-09-12,NATURELS,1.0,871f919b6ffffff
20BB044804,NATURELS,2020-09-13 18:06:25,2020-09-13 19:24:15,1.0,1.0,1.0,2020,POINT (4.992927339274462 46.23040986848524),46.23040986848524,4.992927339274462,True,2020-09-13,NATURELS,1.0,871f91d2effffff
20BB044806,NATURELS,2020-09-13 18:23:15,2020-09-13 19:44:45,1.0,1.0,1.0,2020,POINT (5.321168838624212 46.07133522077274),46.07133522077274,5.321168838624212,True,2020-09-13,NATURELS,1.0,871f91c5cffffff
20BB044830,NATURELS,2020-09-13 20:05:43,2020-09-13 21:07:10,1.0,1.0,1.0,2020,POINT (5.557834224023155 45.716063121527135),45.716063121527135,5.557834224023155,True,2020-09-13,NATURELS,1.0,871f9144affffff
20BB044837,NATURELS,2020-09-13 20:24:56,2020-09-13 21:33:26,1.0,1.0,1.0,2020,POINT (5.3451242745871514 46.11880536532998),46.11880536532998,5.345124274587152,True,2020-09-13,NATURELS,1.0,871f91c41ffffff
20BB045141,NATURELS,2020-09-15 12:00:45,2020-09-15 13:03:16,1.0,1.0,1.0,2020,POINT (6.059812493693672 46.30183418572548),46.30183418572548,6.059812493693672,True,2020-09-15,NATURELS,1.0,871f91a1cffffff
20BB045176,NATURELS,2020-09-15 14:09:04,2020-09-15 17:00:30,1.0,5.0,1.0,2020,POINT (5.22359157727158 46.452044973800874),46.45204497380088,5.22359157727158,True,2020-09-15,NATURELS,1.0,871f9564affffff
20BB045207,NATURELS,2020-09-15 15:55:52,2020-09-15 17:09:38,1.0,1.0,1.0,2020,POINT (4.879480293160954 45.90405789258007),45.90405789258007,4.879480293160954,True,2020-09-15,NATURELS,1.0,871f90348ffffff
20BB045212,NATURELS,2020-09-15 16:37:14,2020-09-15 17:37:50,1.0,2.0,1.0,2020,POINT (5.4152950780000895 46.115060365812894),46.115060365812894,5.4152950780000895,True,2020-09-15,NATURELS,1.0,871f91c4dffffff
20BB045232,NATURELS,2020-09-15 17:56:58,2020-09-15 20:41:01,1.0,1.0,1.0,2020,POINT (4.951102311378535 46.087973133690596),46.0879731336906,4.951102311378535,True,2020-09-15,NATURELS,1.0,871f91da8ffffff
20BB045443,NATURELS,2020-09-16 16:43:06,2020-09-16 17:49:41,1.0,1.0,1.0,2020,POINT (4.879480293160954 45.90405789258007),45.90405789258007,4.879480293160954,True,2020-09-16,NATURELS,1.0,871f90348ffffff
20BB045517,NATURELS,2020-09-16 20:55:12,2020-09-16 21:41:09,1.0,1.0,1.0,2020,POINT (5.357543428912242 45.95047619746284),45.95047619746284,5.357543428912242,True,2020-09-16,NATURELS,1.0,871f91196ffffff
20BB045658,NATURELS,2020-09-17 14:45:10,2020-09-17 18:54:10,1.0,6.0,1.0,2020,POINT (5.246508975480681 46.089642889007244),46.08964288900725,5.246508975480681,True,2020-09-17,NATURELS,1.0,871f91c54ffffff
20BB045669,NATURELS,2020-09-17 15:35:15,2020-09-17 17:02:02,1.0,2.0,1.0,2020,POINT (5.826709049654569 46.10779021070722),46.10779021070722,5.826709049654569,True,2020-09-17,NATURELS,1.0,871f91066ffffff
20BB045678,NATURELS,2020-09-17 16:43:47,2020-09-17 18:12:49,1.0,2.0,1.0,2020,POINT (5.3968497208514865 46.186790520807904),46.186790520807904,5.396849720851487,True,2020-09-17,NATURELS,1.0,871f9189effffff
20BB045789,NATURELS,2020-09-18 07:56:18,2020-09-18 09:17:37,1.0,2.0,1.0,2020,POINT (5.686537268207867 45.72208096174642),45.72208096174642,5.686537268207867,True,2020-09-18,NATURELS,1.0,871f91711ffffff
20BB045861,NATURELS,2020-09-18 13:53:58,2020-09-18 16:28:37,1.0,10.0,1.0,2020,POINT (4.89347223548816 45.93287920642642),45.93287920642642,4.89347223548816,True,2020-09-18,NATURELS,1.0,871f91cb6ffffff
20BB045869,NATURELS,2020-09-18 14:31:14,2020-09-18 19:05:07,1.0,3.0,1.0,2020,POINT (4.9405697575544245 45.832294631021405),45.832294631021405,4.9405697575544245,True,2020-09-18,NATURELS,1.0,871f9026effffff
20BB045885,NATURELS,2020-09-18 16:04:55,2020-09-18 17:23:17,1.0,3.0,1.0,2020,POINT (4.769257753198723 46.09811169447868),46.09811169447868,4.769257753198723,True,2020-09-18,NATURELS,1.0,871f90a5affffff
20BB045887,NATURELS,2020-09-18 16:19:50,2020-09-18 19:29:50,1.0,6.0,1.0,2020,POINT (4.987789631594075 45.94727116410719),45.94727116410719,4.987789631594075,True,2020-09-18,NATURELS,1.0,871f91c84ffffff
20BB045935,NATURELS,2020-09-18 19:49:21,2020-09-18 20:50:00,1.0,1.0,1.0,2020,POINT (4.987789631594075 45.94727116410719),45.94727116410719,4.987789631594075,True,2020-09-18,NATURELS,1.0,871f91c84ffffff
20BB045936,NATURELS,2020-09-18 19:53:17,2020-09-18 20:44:15,1.0,1.0,1.0,2020,POINT (5.39026420464739 45.92823722507489),45.92823722507489,5.39026420464739,True,2020-09-18,NATURELS,1.0,871f91192ffffff
20BB045951,NATURELS,2020-09-18 21:28:43,2020-09-18 22:04:29,1.0,1.0,1.0,2020,POINT (5.970468599169628 46.20992132905222),46.20992132905222,5.970468599169628,True,2020-09-18,NATURELS,1.0,
20BB046005,NATURELS,2020-09-19 09:21:29,2020-09-19 10:51:03,1.0,1.0,1.0,2020,POINT (5.549948879023363 46.186237071489344),46.186237071489344,5.549948879023363,True,2020-09-19,NATURELS,1.0,871f9112effffff
20BB046086,NATURELS,2020-09-19 15:25:16,2020-09-19 18:50:15,1.0,2.0,1.0,2020,POINT (6.008045956269338 46.363805285993855),46.363805285993855,6.008045956269338,True,2020-09-19,NATURELS,1.0,871f91a22ffffff
20BB046151,NATURELS,2020-09-19 21:29:55,2020-09-19 22:36:26,1.0,1.0,1.0,2020,POINT (4.876799785991477 46.288137547603405),46.288137547603405,4.876799785991477,True,2020-09-19,NATURELS,1.0,871f95683ffffff
20BB046294,NATURELS,2020-09-20 17:20:11,2020-09-20 17:55:04,1.0,1.0,1.0,2020,POINT (5.337038846073826 45.95080813460493),45.95080813460493,5.337038846073826,True,2020-09-20,NATURELS,1.0,871f91ccbffffff
20BB046316,NATURELS,2020-09-20 19:10:48,2020-09-20 22:32:06,1.0,2.0,1.0,2020,POINT (5.592978086986389 46.02263407810859),46.02263407810859,5.592978086986389,True,2020-09-20,NATURELS,1.0,871f91033ffffff
20BB046462,NATURELS,2020-09-21 16:54:42,2020-09-21 18:15:00,1.0,1.0,1.0,2020,POINT (4.948318384910144 46.436538374804385),46.43653837480439,4.948318384910144,True,2020-09-21,NATURELS,1.0,871f95603ffffff
20BB046531,NATURELS,2020-09-22 08:01:41,2020-09-22 09:27:49,1.0,1.0,1.0,2020,POINT (4.834179938653276 46.124599727765606),46.124599727765606,4.834179938653276,True,2020-09-22,NATURELS,1.0,871f91da4ffffff
20BB046597,NATURELS,2020-09-22 14:18:04,2020-09-22 14:48:31,1.0,1.0,1.0,2020,POINT (5.020212185440856 45.843006505323125),45.843006505323125,5.020212185440856,True,2020-09-22,NATURELS,1.0,871f90269ffffff
20BB046784,NATURELS,2020-09-23 16:19:24,2020-09-23 17:23:38,1.0,1.0,1.0,2020,POINT (4.9757785789306235 45.982984930960974),45.982984930960974,4.975778578930624,True,2020-09-23,NATURELS,1.0,871f91ca6ffffff
20BB046798,NATURELS,2020-09-23 17:25:32,2020-09-23 18:00:48,1.0,1.0,1.0,2020,POINT (5.260491740322625 46.18947835018287),46.18947835018287,5.260491740322625,True,2020-09-23,NATURELS,1.0,871f91d4affffff
20BB046834,NATURELS,2020-09-23 19:15:13,2020-09-23 19:57:22,1.0,1.0,1.0,2020,POINT (5.618116175847998 45.625459959595105),45.62545995959511,5.618116175847998,True,2020-09-23,NATURELS,1.0,871f91780ffffff
20BB047345,NATURELS,2020-09-26 14:10:32,2020-09-26 15:20:52,1.0,1.0,1.0,2020,POINT (5.788676596246401 46.136606348030604),46.13660634803061,5.788676596246401,True,2020-09-26,NATURELS,1.0,871f9115dffffff
20BB047881,NATURELS,2020-09-29 17:57:01,2020-09-29 18:11:13,1.0,1.0,1.0,2020,POINT (6.090094487663997 46.288099110901385),46.288099110901385,6.090094487663997,True,2020-09-29,NATURELS,1.0,871f91a18ffffff
20BB048028,NATURELS,2020-09-30 16:20:12,2020-09-30 16:49:50,1.0,1.0,1.0,2020,POINT (5.031220126329298 45.84658713089106),45.84658713089106,5.031220126329298,True,2020-09-30,NATURELS,1.0,871f91534ffffff
20BB049116,NATURELS,2020-10-05 17:30:02,2020-10-05 18:00:31,1.0,1.0,1.0,2020,POINT (5.166103991685416 45.99263741741531),45.99263741741531,5.166103991685416,True,2020-10-05,FORET,1.0,871f91cf5ffffff
20BB049470,NATURELS,2020-10-07 19:41:50,2020-10-07 20:44:34,1.0,1.0,1.0,2020,POINT (5.301841134391853 45.9386493541736),45.9386493541736,5.301841134391853,True,2020-10-07,NATURELS,1.0,871f91ccaffffff
20BB049802,NATURELS,2020-10-09 19:28:51,2020-10-09 22:43:21,1.0,1.0,1.0,2020,POINT (5.946247532675161 46.21089472790104),46.21089472790104,5.946247532675161,True,2020-10-09,FORET,1.0,871f91a84ffffff
20BB049819,NATURELS,2020-10-09 20:48:17,2020-10-09 22:35:05,1.0,1.0,1.0,2020,POINT (4.810932554711957 46.03402573602658),46.03402573602658,4.810932554711957,True,2020-10-09,NATURELS,1.0,871f91db2ffffff
20BB049826,NATURELS,2020-10-09 21:46:21,2020-10-09 23:02:12,1.0,1.0,1.0,2020,POINT (4.8623718047159015 46.144685964976205),46.144685964976205,4.8623718047159015,True,2020-10-09,NATURELS,1.0,871f90a4bffffff
20BB050328,NATURELS,2020-10-12 19:19:44,2020-10-12 21:11:19,1.0,1.0,1.0,2020,POINT (5.00141353049512 46.160911915644704),46.160911915644704,5.00141353049512,True,2020-10-12,NATURELS,1.0,871f91d1dffffff
20BB051022,NATURELS,2020-10-17 01:49:58,2020-10-17 03:25:57,1.0,1.0,1.0,2020,POINT (4.987928631439689 46.33597754787221),46.33597754787221,4.987928631439689,True,2020-10-17,NATURELS,1.0,871f956f0ffffff
20BB051512,NATURELS,2020-10-20 01:04:58,2020-10-20 02:38:26,1.0,1.0,1.0,2020,POINT (4.896015552486321 46.26958482264368),46.26958482264368,4.896015552486321,True,2020-10-20,FORET,1.0,871f9569dffffff
20BB051664,NATURELS,2020-10-20 20:43:22,2020-10-20 21:42:08,1.0,1.0,1.0,2020,POINT (4.886111688633309 46.1780175851891),46.1780175851891,4.886111688633309,True,2020-10-20,NATURELS,1.0,871f91d32ffffff
20BB051835,NATURELS,2020-10-21 16:23:10,2020-10-21 19:02:57,1.0,3.0,1.0,2020,POINT (5.055226916810182 46.4507489247959),46.4507489247959,5.055226916810182,True,2020-10-21,FORET,1.0,871f95672ffffff
20BB051941,NATURELS,2020-10-22 10:04:11,2020-10-22 11:18:28,1.0,1.0,1.0,2020,POINT (4.9578993289786855 46.277532319785216),46.277532319785216,4.9578993289786855,True,2020-10-22,NATURELS,1.0,871f9568bffffff
20BB051959,NATURELS,2020-10-22 11:46:19,2020-10-22 12:22:18,1.0,1.0,1.0,2020,POINT (4.758090852321468 46.015711434555286),46.015711434555286,4.758090852321468,True,2020-10-22,NATURELS,1.0,871f90ac8ffffff
20BB052624,NATURELS,2020-10-25 19:14:19,2020-10-25 19:43:50,1.0,1.0,1.0,2020,POINT (5.6447538928539265 46.25756095453588),46.25756095453588,5.644753892853927,True,2020-10-25,NATURELS,1.0,871f918c3ffffff
20BB053537,NATURELS,2020-10-30 18:08:26,2020-10-30 18:45:28,1.0,1.0,1.0,2020,POINT (5.166656190975921 46.1348134774458),46.1348134774458,5.166656190975921,True,2020-10-30,NATURELS,1.0,871f91c2dffffff
20BB053713,NATURELS,2020-10-31 18:55:38,2020-10-31 19:33:12,1.0,1.0,1.0,2020,POINT (5.607424301248761 45.97171763650494),45.97171763650494,5.607424301248761,True,2020-10-31,NATURELS,1.0,871f91010ffffff
20BB053730,NATURELS,2020-10-31 19:58:08,2020-10-31 20:47:54,1.0,1.0,1.0,2020,POINT (5.905784857062072 46.1381467598668),46.1381467598668,5.905784857062072,True,2020-10-31,NATURELS,1.0,871f91a90ffffff
20BB053874,NATURELS,2020-11-01 18:15:00,2020-11-01 20:11:37,1.0,2.0,1.0,2020,POINT (5.637056820473143 45.758125483961024),45.758125483961024,5.637056820473143,True,2020-11-01,NATURELS,1.0,871f91733ffffff
20BB053895,NATURELS,2020-11-01 19:56:55,2020-11-01 20:16:49,1.0,1.0,1.0,2020,POINT (5.64460697551329 46.25920414669172),46.25920414669172,5.64460697551329,True,2020-11-01,NATURELS,1.0,871f918c3ffffff
20BB053997,NATURELS,2020-11-02 16:01:54,2020-11-02 17:18:21,1.0,1.0,1.0,2020,POINT (4.880127627491495 46.28349007332666),46.28349007332666,4.880127627491495,True,2020-11-02,NATURELS,1.0,871f9568effffff
20BB054017,NATURELS,2020-11-02 18:04:42,2020-11-02 18:54:43,1.0,1.0,1.0,2020,POINT (5.791518097827416 46.071147422595295),46.071147422595295,5.791518097827416,True,2020-11-02,NATURELS,1.0,871f91074ffffff
20BB054648,NATURELS,2020-11-06 18:32:51,2020-11-06 19:18:06,1.0,1.0,1.0,2020,POINT (4.914581540801299 45.86929619723432),45.86929619723432,4.914581540801299,True,2020-11-06,NATURELS,1.0,871f90265ffffff
20BB055013,NATURELS,2020-11-08 14:39:45,2020-11-08 15:54:22,1.0,1.0,1.0,2020,POINT (5.3317353637190665 45.99783916453579),45.99783916453579,5.3317353637190665,True,2020-11-08,NATURELS,1.0,871f911b6ffffff
20BB055494,NATURELS,2020-11-11 16:16:04,2020-11-11 17:15:40,1.0,1.0,1.0,2020,POINT (5.550837034253863 46.13374259825099),46.13374259825099,5.550837034253863,True,2020-11-11,NATURELS,1.0,871f91101ffffff
20BB055730,NATURELS,2020-11-13 07:47:30,2020-11-13 08:17:25,1.0,1.0,1.0,2020,POINT (6.063548651301946 46.334010815456296),46.334010815456296,6.063548651301946,True,2020-11-13,NATURELS,1.0,871f91a00ffffff
20BB055826,NATURELS,2020-11-13 18:26:11,2020-11-13 19:19:56,1.0,1.0,1.0,2020,POINT (6.065800344311524 46.34106140709427),46.34106140709427,6.065800344311524,True,2020-11-13,NATURELS,1.0,871f91a00ffffff
20BB055844,NATURELS,2020-11-13 20:22:04,2020-11-13 20:53:11,1.0,1.0,1.0,2020,POINT (5.81678411867518 46.09284065096965),46.09284065096965,5.81678411867518,True,2020-11-13,FORET,1.0,871f91066ffffff
20BB055949,NATURELS,2020-11-14 15:50:42,2020-11-14 17:41:26,1.0,1.0,1.0,2020,POINT (4.9497516334088845 45.833926942469596),45.8339269424696,4.9497516334088845,True,2020-11-14,NATURELS,1.0,871f9026effffff
20BB055955,NATURELS,2020-11-14 16:21:37,2020-11-14 17:21:11,1.0,1.0,1.0,2020,POINT (5.336935404457034 46.15099463657475),46.15099463657475,5.336935404457034,True,2020-11-14,NATURELS,1.0,871f91c6effffff
20BB055964,NATURELS,2020-11-14 17:13:20,2020-11-14 18:19:40,1.0,1.0,1.0,2020,POINT (4.831549914005366 46.1356126440635),46.1356126440635,4.831549914005366,True,2020-11-14,NATURELS,1.0,871f90a4affffff
20BB055966,NATURELS,2020-11-14 17:16:21,2020-11-14 18:04:09,1.0,1.0,1.0,2020,POINT (5.2438671148885465 45.8864127819875),45.8864127819875,5.2438671148885465,True,2020-11-14,NATURELS,1.0,871f91cdaffffff
20BB056099,NATURELS,2020-11-15 15:36:31,2020-11-15 16:41:58,1.0,1.0,1.0,2020,POINT (4.997374075622324 46.001435628916134),46.00143562891613,4.997374075622324,True,2020-11-15,FORET,1.0,871f91ca5ffffff
20BB056556,NATURELS,2020-11-18 18:45:45,2020-11-18 19:26:38,1.0,1.0,1.0,2020,POINT (5.248159180111753 46.19887156160053),46.19887156160053,5.248159180111753,True,2020-11-18,NATURELS,1.0,871f91d4affffff
20BB056772,NATURELS,2020-11-20 13:54:00,2020-11-20 15:56:01,1.0,2.0,1.0,2020,POINT (4.88040461060218 46.34699071663862),46.34699071663862,4.88040461060218,True,2020-11-20,NATURELS,1.0,871f956aeffffff
20BB056916,NATURELS,2020-11-21 15:00:47,2020-11-21 15:42:08,1.0,1.0,1.0,2020,POINT (4.898543292446908 46.34213582633022),46.34213582633022,4.898543292446908,True,2020-11-21,NATURELS,1.0,871f956a8ffffff
20BB057194,NATURELS,2020-11-23 17:40:18,2020-11-23 19:06:50,1.0,1.0,1.0,2020,POINT (5.089154377113796 45.873460192598614),45.87346019259861,5.089154377113796,True,2020-11-23,FORET,1.0,871f91526ffffff
20BB057302,NATURELS,2020-11-24 11:56:42,2020-11-24 16:40:19,1.0,1.0,1.0,2020,POINT (5.660919033390609 46.28079790820271),46.28079790820271,5.660919033390609,True,2020-11-24,NATURELS,1.0,871f918c1ffffff
20BB057451,NATURELS,2020-11-25 14:37:40,2020-11-25 15:52:15,1.0,1.0,1.0,2020,POINT (5.673979840512816 46.03989715749812),46.03989715749812,5.673979840512816,True,2020-11-25,FORET,1.0,871f91005ffffff
20BB057708,NATURELS,2020-11-27 13:19:03,2020-11-27 14:15:25,1.0,1.0,1.0,2020,POINT (5.374201886809834 45.88260941231621),45.88260941231621,5.374201886809834,True,2020-11-27,NATURELS,1.0,871f91545ffffff
20BB057739,NATURELS,2020-11-27 17:22:01,2020-11-27 19:44:22,1.0,1.0,1.0,2020,POINT (5.154466687056161 45.88594128147095),45.88594128147095,5.154466687056161,True,2020-11-27,NATURELS,1.0,871f91521ffffff
20BB058127,NATURELS,2020-11-30 13:22:33,2020-11-30 14:02:56,1.0,1.0,1.0,2020,POINT (6.044559666090451 46.307999613628404),46.3079996136284,6.044559666090451,True,2020-11-30,NATURELS,1.0,871f91a02ffffff
20BB058292,NATURELS,2020-12-01 16:48:00,2020-12-01 20:05:15,1.0,1.0,1.0,2020,POINT (5.999038321294358 46.23720034641855),46.23720034641855,5.999038321294358,True,2020-12-01,NATURELS,1.0,871f91aaeffffff
20BB058386,NATURELS,2020-12-02 12:01:41,2020-12-02 12:22:34,1.0,1.0,1.0,2020,POINT (5.42503902758204 46.06366123723066),46.06366123723066,5.42503902758204,True,2020-12-02,NATURELS,1.0,871f911a5ffffff
20BB058620,NATURELS,2020-12-03 20:07:18,2020-12-03 22:17:54,1.0,1.0,1.0,2020,POINT (5.035627101431288 46.21305200988276),46.21305200988276,5.035627101431288,True,2020-12-03,NATURELS,1.0,871f91d2bffffff
20BB058960,NATURELS,2020-12-05 18:00:08,2020-12-05 19:04:16,1.0,1.0,1.0,2020,POINT (5.353740467849239 45.927583162310704),45.927583162310704,5.353740467849239,True,2020-12-05,NATURELS,1.0,871f91565ffffff
20BB059111,NATURELS,2020-12-06 18:59:51,2020-12-06 19:35:19,1.0,1.0,1.0,2020,POINT (5.284086563471641 45.95260221137042),45.95260221137042,5.284086563471641,True,2020-12-06,NATURELS,1.0,871f91cceffffff
20BB059795,NATURELS,2020-12-11 11:07:03,2020-12-11 12:26:23,1.0,1.0,1.0,2020,POINT (5.684710349825927 45.70959181024817),45.70959181024817,5.684710349825927,True,2020-12-11,NATURELS,1.0,871f9171effffff
20BB060567,NATURELS,2020-12-16 15:20:56,2020-12-16 16:38:56,1.0,1.0,1.0,2020,POINT (4.904649759586854 46.28147888174365),46.28147888174365,4.904649759586854,True,2020-12-16,NATURELS,1.0,871f9568affffff
20BB061558,NATURELS,2020-12-22 19:38:25,2020-12-22 20:24:32,1.0,1.0,1.0,2020,POINT (4.785916829173375 46.06417680681591),46.06417680681591,4.785916829173375,True,2020-12-22,NATURELS,1.0,871f91db4ffffff
20BB062494,NATURELS,2020-12-28 17:14:30,2020-12-28 18:19:03,1.0,1.0,1.0,2020,POINT (6.066279332071299 46.281841945939945),46.281841945939945,6.066279332071299,True,2020-12-28,NATURELS,1.0,871f91a18ffffff
21BB003198,NATURELS,2021-01-19 17:39:54,2021-01-19 18:45:03,1.0,1.0,1.0,2021,POINT (5.778913393811803 45.8431796166221),45.8431796166221,5.778913393811803,True,2021-01-19,NATURELS,1.0,871f910deffffff
21BB007363,NATURELS,2021-02-13 17:42:28,2021-02-13 18:39:58,1.0,1.0,1.0,2021,POINT (4.936382669257974 46.23933773820352),46.23933773820352,4.936382669257974,True,2021-02-13,NATURELS,1.0,871f91d20ffffff
21BB007638,NATURELS,2021-02-15 16:22:56,2021-02-15 17:14:25,1.0,1.0,1.0,2021,POINT (5.154005567446823 45.81443633209564),45.81443633209564,5.154005567446823,True,2021-02-15,NATURELS,1.0,871f91503ffffff
21BB007660,NATURELS,2021-02-15 19:31:39,2021-02-15 20:32:58,1.0,1.0,1.0,2021,POINT (5.3485528166097325 45.89162717024679),45.89162717024679,5.3485528166097325,True,2021-02-15,NATURELS,1.0,871f91563ffffff
21BB007778,NATURELS,2021-02-16 16:08:52,2021-02-16 17:14:52,1.0,1.0,1.0,2021,POINT (4.971989240186053 46.271705326555505),46.27170532655551,4.971989240186053,True,2021-02-16,NATURELS,1.0,871f91d25ffffff
21BB007781,NATURELS,2021-02-16 16:20:06,2021-02-16 17:22:53,1.0,1.0,1.0,2021,POINT (4.9722726077704165 46.2711226061277),46.2711226061277,4.9722726077704165,True,2021-02-16,NATURELS,1.0,871f91d25ffffff
21BB007891,NATURELS,2021-02-17 11:46:17,2021-02-17 13:40:33,1.0,1.0,1.0,2021,POINT (5.510632476021982 45.79446529417873),45.79446529417873,5.510632476021982,True,2021-02-17,NATURELS,1.0,871f9146cffffff
21BB008089,NATURELS,2021-02-18 13:30:51,2021-02-18 14:05:06,1.0,1.0,1.0,2021,POINT (4.799003311777162 46.03056912607967),46.03056912607967,4.799003311777162,True,2021-02-18,FORET,1.0,871f91db2ffffff
21BB008095,NATURELS,2021-02-18 13:49:06,2021-02-18 14:58:56,1.0,1.0,1.0,2021,POINT (5.636153943814636 46.25682126373184),46.25682126373184,5.636153943814636,True,2021-02-18,NATURELS,1.0,871f918c3ffffff
21BB008224,NATURELS,2021-02-19 12:19:14,2021-02-19 13:56:22,1.0,1.0,1.0,2021,POINT (5.084812367727023 45.814277241057084),45.81427724105709,5.084812367727023,True,2021-02-19,NATURELS,1.0,871f91533ffffff
21BB008270,NATURELS,2021-02-19 17:14:51,2021-02-19 17:56:12,1.0,1.0,1.0,2021,POINT (5.676772583315364 46.294703842438885),46.294703842438885,5.676772583315364,True,2021-02-19,NATURELS,1.0,871f918ccffffff
21BB008596,NATURELS,2021-02-21 15:48:11,2021-02-21 16:33:49,1.0,1.0,1.0,2021,POINT (5.811613351815237 45.88670620947958),45.88670620947958,5.811613351815237,True,2021-02-21,NATURELS,1.0,871f910c3ffffff
21BB008765,NATURELS,2021-02-22 15:06:38,2021-02-22 17:00:28,1.0,1.0,1.0,2021,POINT (4.850124738658507 46.007424153445214),46.007424153445214,4.850124738658507,True,2021-02-22,NATURELS,1.0,871f91d91ffffff
21BB008940,NATURELS,2021-02-23 16:10:24,2021-02-23 17:03:48,1.0,1.0,1.0,2021,POINT (4.783526760987073 45.960722872756534),45.96072287275653,4.783526760987073,True,2021-02-23,NATURELS,1.0,871f90360ffffff
21BB008953,NATURELS,2021-02-23 17:26:42,2021-02-23 21:14:43,1.0,7.0,1.0,2021,POINT (5.904018868644193 46.13848171640456),46.13848171640456,5.904018868644193,True,2021-02-23,NATURELS,1.0,871f91a90ffffff
21BB009066,NATURELS,2021-02-24 13:17:09,2021-02-24 14:09:09,1.0,1.0,1.0,2021,POINT (5.779270210409597 46.08561539664385),46.08561539664385,5.779270210409597,True,2021-02-24,NATURELS,1.0,871f91074ffffff
21BB009067,NATURELS,2021-02-24 13:32:30,2021-02-24 15:42:28,1.0,1.0,1.0,2021,POINT (5.452001342486401 46.04129263644569),46.04129263644569,5.452001342486401,True,2021-02-24,NATURELS,1.0,871f911a1ffffff
21BB009098,NATURELS,2021-02-24 16:22:52,2021-02-24 17:52:37,1.0,4.0,1.0,2021,POINT (5.128482072283847 45.850029867260574),45.850029867260574,5.128482072283847,True,2021-02-24,NATURELS,1.0,871f91504ffffff
21BB009099,NATURELS,2021-02-24 16:25:55,2021-02-24 18:56:53,1.0,6.0,1.0,2021,POINT (5.4674004890768195 46.04716924026039),46.04716924026039,5.46740048907682,True,2021-02-24,NATURELS,1.0,871f911aeffffff
21BB009267,NATURELS,2021-02-25 14:38:25,2021-02-25 16:43:24,1.0,1.0,1.0,2021,POINT (5.460119885311346 46.079776608885346),46.07977660888535,5.460119885311346,True,2021-02-25,NATURELS,1.0,871f91112ffffff
21BB009319,NATURELS,2021-02-25 18:58:42,2021-02-26 11:31:15,1.0,2.0,1.0,2021,POINT (5.324473684077163 46.203571858977824),46.203571858977824,5.324473684077163,True,2021-02-25,NATURELS,1.0,871f91896ffffff
21BB009437,NATURELS,2021-02-26 14:19:01,2021-02-26 15:15:23,1.0,1.0,1.0,2021,POINT (5.495834560595186 46.032366178574385),46.03236617857439,5.495834560595186,True,2021-02-26,NATURELS,1.0,871f911a8ffffff
21BB009456,NATURELS,2021-02-26 16:16:57,2021-02-26 17:10:47,1.0,1.0,1.0,2021,POINT (4.825782012453076 46.219606680666644),46.21960668066664,4.825782012453076,True,2021-02-26,NATURELS,1.0,871f90a6dffffff
21BB009622,NATURELS,2021-02-27 16:34:30,2021-02-27 17:36:04,1.0,1.0,1.0,2021,POINT (4.764485887367621 46.04863548451464),46.04863548451464,4.764485887367621,True,2021-02-27,FORET,1.0,871f91db6ffffff
21BB009667,NATURELS,2021-02-27 23:57:23,2021-02-28 00:25:53,1.0,1.0,1.0,2021,POINT (5.637602189786549 46.25694115388876),46.25694115388876,5.637602189786549,True,2021-02-27,NATURELS,1.0,871f918c3ffffff
21BB009756,NATURELS,2021-02-28 16:14:08,2021-02-28 20:29:47,1.0,5.0,1.0,2021,POINT (5.535439955657274 45.725077854303926),45.725077854303926,5.535439955657274,True,2021-02-28,NATURELS,1.0,871f9144effffff
21BB009762,NATURELS,2021-02-28 16:41:19,2021-02-28 17:30:04,1.0,1.0,1.0,2021,POINT (5.379779612434988 46.16429148452844),46.16429148452844,5.379779612434988,True,2021-02-28,NATURELS,1.0,871f91c6dffffff
21BB009776,NATURELS,2021-02-28 18:24:56,2021-02-28 18:48:31,1.0,1.0,1.0,2021,POINT (5.248493353483596 46.196387094924674),46.196387094924674,5.248493353483596,True,2021-02-28,NATURELS,1.0,871f91d4affffff
21BB009781,NATURELS,2021-02-28 18:58:16,2021-02-28 19:37:39,1.0,1.0,1.0,2021,POINT (5.333758292390018 45.94958996896057),45.94958996896057,5.333758292390018,True,2021-02-28,NATURELS,1.0,871f91ccbffffff
21BB009979,NATURELS,2021-03-01 19:26:11,2021-03-01 20:54:44,1.0,1.0,1.0,2021,POINT (5.7495218066630835 46.080728049988835),46.08072804998884,5.749521806663084,True,2021-03-01,NATURELS,1.0,871f91029ffffff
21BB010058,NATURELS,2021-03-02 11:55:15,2021-03-02 12:58:03,1.0,1.0,1.0,2021,POINT (5.721644153930777 45.79810114905507),45.79810114905507,5.721644153930777,True,2021-03-02,FORET,1.0,871f9172effffff
21BB010124,NATURELS,2021-03-02 18:31:58,2021-03-02 19:14:38,1.0,1.0,1.0,2021,POINT (5.438147635525641 46.06832601194916),46.06832601194916,5.438147635525641,True,2021-03-02,NATURELS,1.0,871f911a5ffffff
21BB010126,NATURELS,2021-03-02 18:43:47,2021-03-02 19:58:08,1.0,1.0,1.0,2021,POINT (4.925946317490023 46.303967118791036),46.30396711879104,4.925946317490023,True,2021-03-02,NATURELS,1.0,871f95688ffffff
21BB010254,NATURELS,2021-03-03 13:59:50,2021-03-03 15:16:56,1.0,1.0,1.0,2021,POINT (5.425535028550916 46.0321340389734),46.0321340389734,5.425535028550916,True,2021-03-03,NATURELS,1.0,871f911a3ffffff
21BB010424,NATURELS,2021-03-04 16:25:54,2021-03-04 17:05:35,1.0,1.0,1.0,2021,POINT (5.788673439992196 46.12507920716507),46.12507920716507,5.788673439992196,True,2021-03-04,NATURELS,1.0,871f9115dffffff
21BB010450,NATURELS,2021-03-04 18:44:03,2021-03-04 21:24:01,1.0,1.0,1.0,2021,POINT (5.410229593129438 46.10026990512053),46.10026990512053,5.410229593129438,True,2021-03-04,FORET,1.0,871f91c48ffffff
21BB010455,NATURELS,2021-03-04 19:22:41,2021-03-04 21:22:08,1.0,1.0,1.0,2021,POINT (5.60994605305348 45.725386694129135),45.725386694129135,5.60994605305348,True,2021-03-04,NATURELS,1.0,871f91716ffffff
21BB010629,NATURELS,2021-03-05 18:10:53,2021-03-05 18:53:33,1.0,1.0,1.0,2021,POINT (5.455556900350996 46.04151854959989),46.04151854959989,5.455556900350996,True,2021-03-05,NATURELS,1.0,871f911a1ffffff
21BB010632,NATURELS,2021-03-05 18:24:13,2021-03-05 19:51:57,1.0,1.0,1.0,2021,POINT (5.076989173981821 45.85334000467144),45.85334000467144,5.076989173981821,True,2021-03-05,NATURELS,1.0,871f91535ffffff
21BB010717,NATURELS,2021-03-06 09:39:09,2021-03-06 11:28:43,1.0,1.0,1.0,2021,POINT (5.940396694077698 46.207361555891865),46.207361555891865,5.940396694077698,True,2021-03-06,NATURELS,1.0,871f91a84ffffff
21BB010778,NATURELS,2021-03-06 16:37:47,2021-03-06 16:46:28,1.0,1.0,1.0,2021,POINT (5.394447195062694 46.12910518993624),46.12910518993624,5.394447195062694,True,2021-03-06,NATURELS,1.0,871f91c6bffffff
21BB010987,NATURELS,2021-03-07 18:58:39,2021-03-07 20:03:47,1.0,1.0,1.0,2021,POINT (6.105794127720763 46.25287270020596),46.25287270020596,6.105794127720763,True,2021-03-07,FORET,1.0,871f91af5ffffff
21BB011047,NATURELS,2021-03-08 09:53:11,2021-03-08 12:13:33,1.0,1.0,1.0,2021,POINT (6.1082837093838345 46.24494440331202),46.24494440331202,6.1082837093838345,True,2021-03-08,NATURELS,1.0,871f91af5ffffff
21BB011126,NATURELS,2021-03-08 19:48:59,2021-03-08 20:12:00,1.0,1.0,1.0,2021,POINT (5.221454692477566 46.21219575451297),46.21219575451297,5.221454692477566,True,2021-03-08,FORET,1.0,871f91d4effffff
21BB011134,NATURELS,2021-03-08 20:46:55,2021-03-08 22:13:20,1.0,1.0,1.0,2021,POINT (4.957462706638688 46.42582266220655),46.42582266220655,4.957462706638688,True,2021-03-08,FORET,1.0,871f95603ffffff
21BB011137,NATURELS,2021-03-08 21:02:11,2021-03-08 23:08:51,1.0,1.0,1.0,2021,POINT (4.917790658736482 46.40814192911871),46.40814192911871,4.917790658736482,True,2021-03-08,NATURELS,1.0,871f95611ffffff
21BB011214,NATURELS,2021-03-09 10:53:27,2021-03-09 15:04:43,1.0,2.0,1.0,2021,POINT (5.547128160717826 46.009820586267715),46.00982058626772,5.547128160717826,True,2021-03-09,NATURELS,1.0,871f9118dffffff
21BB011842,NATURELS,2021-03-12 17:45:04,2021-03-12 18:31:01,1.0,1.0,1.0,2021,POINT (6.104464515080322 46.26725661242185),46.26725661242185,6.104464515080322,True,2021-03-12,NATURELS,1.0,871f91a1bffffff
21BB011940,NATURELS,2021-03-13 14:45:28,2021-03-13 15:41:49,1.0,1.0,1.0,2021,POINT (5.985400507009332 46.24986279592825),46.24986279592825,5.985400507009332,True,2021-03-13,NATURELS,1.0,871f91aa1ffffff
21BB012146,NATURELS,2021-03-14 18:55:27,2021-03-14 21:26:48,1.0,1.0,1.0,2021,POINT (5.045361979459685 46.34303802665525),46.34303802665525,5.045361979459685,True,2021-03-14,FORET,1.0,871f956c4ffffff
21BB012847,NATURELS,2021-03-18 16:49:47,2021-03-18 18:04:52,1.0,3.0,1.0,2021,POINT (4.821316800154636 45.92995739369227),45.92995739369227,4.821316800154636,True,2021-03-18,FORET,1.0,871f90345ffffff
21BB013108,NATURELS,2021-03-20 10:51:10,2021-03-20 12:06:00,1.0,1.0,1.0,2021,POINT (5.706094847406734 45.75719975617427),45.75719975617427,5.706094847406734,True,2021-03-20,FORET,1.0,871f91703ffffff
21BB013176,NATURELS,2021-03-20 16:36:51,2021-03-20 17:58:26,1.0,2.0,1.0,2021,POINT (5.218100371296783 46.089768075324386),46.08976807532439,5.218100371296783,True,2021-03-20,NATURELS,1.0,871f91c72ffffff
21BB013185,NATURELS,2021-03-20 17:25:58,2021-03-20 20:22:27,1.0,5.0,1.0,2021,POINT (5.520935696702279 45.733468092168266),45.733468092168266,5.520935696702279,True,2021-03-20,NATURELS,1.0,871f91441ffffff
21BB013200,NATURELS,2021-03-20 19:22:28,2021-03-20 20:29:53,1.0,1.0,1.0,2021,POINT (4.980227028084307 45.98445604708238),45.98445604708238,4.980227028084307,True,2021-03-20,NATURELS,1.0,871f91ca0ffffff
21BB013302,NATURELS,2021-03-21 14:03:06,2021-03-21 15:16:16,1.0,1.0,1.0,2021,POINT (4.923800412476896 45.89812406535),45.89812406535,4.923800412476896,True,2021-03-21,NATURELS,1.0,871f91c96ffffff
21BB013559,NATURELS,2021-03-23 06:26:08,2021-03-23 07:32:23,1.0,1.0,1.0,2021,POINT (5.680787819388941 45.79502067309402),45.79502067309402,5.680787819388941,True,2021-03-23,NATURELS,1.0,871f91704ffffff
21BB013621,NATURELS,2021-03-23 14:29:17,2021-03-23 15:32:27,1.0,1.0,1.0,2021,POINT (5.119961107641041 46.180085761390664),46.18008576139066,5.119961107641041,True,2021-03-23,NATURELS,1.0,871f91d50ffffff
21BB013622,NATURELS,2021-03-23 14:34:15,2021-03-23 16:42:39,1.0,1.0,1.0,2021,POINT (5.904018868644193 46.13848171640456),46.13848171640456,5.904018868644193,True,2021-03-23,NATURELS,1.0,871f91a90ffffff
21BB013633,NATURELS,2021-03-23 16:05:44,2021-03-23 17:26:25,1.0,1.0,1.0,2021,POINT (4.902431364484553 46.000008105583724),46.00000810558373,4.902431364484553,True,2021-03-23,FORET,1.0,871f91d98ffffff
21BB013749,NATURELS,2021-03-24 10:47:05,2021-03-24 12:08:20,1.0,1.0,1.0,2021,POINT (5.582680923613327 45.98631822516059),45.98631822516059,5.582680923613327,True,2021-03-24,NATURELS,1.0,871f91014ffffff
21BB013929,NATURELS,2021-03-25 11:45:50,2021-03-25 14:01:06,1.0,1.0,1.0,2021,POINT (5.825016402757187 45.94640459840276),45.94640459840276,5.825016402757187,True,2021-03-25,NATURELS,1.0,871f910eeffffff
21BB013945,NATURELS,2021-03-25 13:02:04,2021-03-25 15:33:30,1.0,2.0,1.0,2021,POINT (5.468443133941016 46.04460115416738),46.04460115416738,5.468443133941016,True,2021-03-25,NATURELS,1.0,871f911aeffffff
21BB013995,NATURELS,2021-03-25 18:46:37,2021-03-25 19:42:38,1.0,1.0,1.0,2021,POINT (5.1629298599777425 45.95215078651411),45.95215078651411,5.162929859977743,True,2021-03-25,NATURELS,1.0,871f91cf3ffffff
21BB014089,NATURELS,2021-03-26 11:00:47,2021-03-26 12:44:04,1.0,1.0,1.0,2021,POINT (5.417618205844175 46.053851742000816),46.053851742000816,5.417618205844175,True,2021-03-26,NATURELS,1.0,871f911a0ffffff
21BB014121,NATURELS,2021-03-26 13:54:46,2021-03-26 15:35:32,1.0,1.0,1.0,2021,POINT (5.424804014647263 45.936479097804074),45.93647909780408,5.424804014647263,True,2021-03-26,NATURELS,1.0,871f9119effffff
21BB014159,NATURELS,2021-03-26 18:16:25,2021-03-26 23:57:50,1.0,2.0,1.0,2021,POINT (4.795398397404169 46.093018098360275),46.09301809836028,4.795398397404169,True,2021-03-26,NATURELS,1.0,871f90a5bffffff
21BB014245,NATURELS,2021-03-27 11:24:02,2021-03-27 11:45:47,1.0,1.0,1.0,2021,POINT (5.424804014647263 45.936479097804074),45.93647909780408,5.424804014647263,True,2021-03-27,NATURELS,1.0,871f9119effffff
21BB014360,NATURELS,2021-03-27 21:46:33,2021-03-28 00:08:52,1.0,1.0,1.0,2021,POINT (5.256719735695831 46.31231624985463),46.31231624985463,5.256719735695831,True,2021-03-27,NATURELS,1.0,871f9199effffff
21BB014501,NATURELS,2021-03-28 20:19:16,2021-03-28 21:07:46,1.0,2.0,1.0,2021,POINT (5.490369256279742 46.11542076050616),46.11542076050616,5.490369256279742,True,2021-03-28,NATURELS,1.0,871f91115ffffff
21BB014647,NATURELS,2021-03-29 15:57:39,2021-03-29 16:29:02,1.0,1.0,1.0,2021,POINT (5.779325332449001 46.107452289539744),46.107452289539744,5.779325332449001,True,2021-03-29,NATURELS,1.0,871f91158ffffff
21BB014649,NATURELS,2021-03-29 16:02:14,2021-03-29 22:25:31,1.0,6.0,1.0,2021,POINT (5.5250010753439565 45.80140572410321),45.80140572410321,5.5250010753439565,True,2021-03-29,NATURELS,1.0,871f9146cffffff
21BB014689,NATURELS,2021-03-29 18:47:16,2021-03-29 21:11:34,1.0,1.0,1.0,2021,POINT (5.169767010426843 46.10340575272221),46.10340575272221,5.169767010426843,True,2021-03-29,FORET,1.0,871f91c2bffffff
21BB014737,NATURELS,2021-03-29 22:45:24,2021-03-29 23:32:46,1.0,1.0,1.0,2021,POINT (4.980227028084307 45.98445604708238),45.98445604708238,4.980227028084307,True,2021-03-29,NATURELS,1.0,871f91ca0ffffff
21BB014790,NATURELS,2021-03-30 09:43:22,2021-03-30 11:18:21,1.0,1.0,1.0,2021,POINT (4.940517197448089 46.35743782812618),46.35743782812618,4.940517197448089,True,2021-03-30,NATURELS,1.0,871f956a9ffffff
21BB014861,NATURELS,2021-03-30 14:25:41,2021-03-30 15:12:56,1.0,1.0,1.0,2021,POINT (5.1677041327006465 46.13354484717379),46.13354484717379,5.167704132700647,True,2021-03-30,FORET,1.0,871f91c2dffffff
21BB014864,NATURELS,2021-03-30 14:45:27,2021-03-30 15:58:08,1.0,1.0,1.0,2021,POINT (5.151890088964792 45.81787430271956),45.81787430271956,5.151890088964792,True,2021-03-30,FORET,1.0,871f91500ffffff
21BB015191,NATURELS,2021-04-01 09:38:55,2021-04-01 17:32:33,1.0,2.0,1.0,2021,POINT (5.33025247875011 46.01774015943511),46.01774015943511,5.33025247875011,True,2021-04-01,NATURELS,1.0,871f91ce9ffffff
21BB015193,NATURELS,2021-04-01 09:47:22,2021-04-01 10:45:12,1.0,1.0,1.0,2021,POINT (5.258321065694885 45.89662598815496),45.89662598815496,5.258321065694885,True,2021-04-01,NATURELS,1.0,871f91cdbffffff
21BB015247,NATURELS,2021-04-01 14:20:45,2021-04-01 16:54:22,1.0,2.0,1.0,2021,POINT (5.36129479799875 46.182182443947916),46.18218244394792,5.36129479799875,True,2021-04-01,FORET,1.0,871f91893ffffff
21BB015272,NATURELS,2021-04-01 16:01:52,2021-04-01 16:11:23,1.0,1.0,1.0,2021,POINT (5.198687889404884 46.04521109209005),46.04521109209005,5.198687889404884,True,2021-04-01,NATURELS,1.0,871f91c0bffffff
21BB015274,NATURELS,2021-04-01 16:03:35,2021-04-01 18:19:05,1.0,1.0,1.0,2021,POINT (5.472431084932462 46.001603895712705),46.00160389571271,5.472431084932462,True,2021-04-01,NATURELS,1.0,871f91181ffffff
21BB015275,NATURELS,2021-04-01 16:05:55,2021-04-01 17:06:19,1.0,2.0,1.0,2021,POINT (5.31162463627734 46.33676487759615),46.33676487759615,5.31162463627734,True,2021-04-01,NATURELS,1.0,871f9199dffffff
21BB015525,NATURELS,2021-04-02 21:34:39,2021-04-02 23:01:01,1.0,1.0,1.0,2021,POINT (4.902699613182178 46.110219304648865),46.11021930464887,4.902699613182178,True,2021-04-02,FORET,1.0,871f91da1ffffff
21BB015614,NATURELS,2021-04-03 13:28:07,2021-04-03 14:22:33,1.0,1.0,1.0,2021,POINT (6.002936177575255 46.271029718908245),46.271029718908245,6.002936177575255,True,2021-04-03,NATURELS,1.0,871f91a13ffffff
21BB015647,NATURELS,2021-04-03 16:41:14,2021-04-03 19:02:19,1.0,5.0,1.0,2021,POINT (5.430426760377287 46.04937753916107),46.04937753916107,5.430426760377287,True,2021-04-03,NATURELS,1.0,871f911a0ffffff
21BB015652,NATURELS,2021-04-03 17:11:06,2021-04-03 18:35:46,1.0,1.0,1.0,2021,POINT (5.3983444845115285 46.0456786300703),46.0456786300703,5.3983444845115285,True,2021-04-03,NATURELS,1.0,871f911a6ffffff
21BB015776,NATURELS,2021-04-04 09:48:49,2021-04-04 10:41:07,1.0,1.0,1.0,2021,POINT (6.1301440957177435 46.33089284254915),46.33089284254915,6.130144095717744,True,2021-04-04,NATURELS,1.0,871f91a08ffffff
21BB015872,NATURELS,2021-04-04 17:58:38,2021-04-04 18:27:12,1.0,1.0,1.0,2021,POINT (5.593913298169635 45.97145168267355),45.97145168267355,5.593913298169635,True,2021-04-04,FORET,1.0,871f91010ffffff
21BB016029,NATURELS,2021-04-05 15:34:07,2021-04-05 16:55:31,1.0,1.0,1.0,2021,POINT (6.025499060257042 46.27183737081659),46.27183737081659,6.025499060257042,True,2021-04-05,NATURELS,1.0,871f91a13ffffff
21BB016043,NATURELS,2021-04-05 16:29:05,2021-04-05 17:17:18,1.0,1.0,1.0,2021,POINT (4.762940687739591 45.981420652792046),45.981420652792046,4.762940687739591,True,2021-04-05,NATURELS,1.0,871f90364ffffff
21BB016098,NATURELS,2021-04-05 20:21:28,2021-04-05 22:46:56,1.0,1.0,1.0,2021,POINT (5.467671773174381 46.00332988568396),46.00332988568396,5.467671773174381,True,2021-04-05,NATURELS,1.0,871f91181ffffff
21BB016134,NATURELS,2021-04-06 05:33:41,2021-04-06 06:53:16,1.0,1.0,1.0,2021,POINT (5.383095190418946 46.242984950384376),46.242984950384376,5.383095190418946,True,2021-04-06,NATURELS,1.0,871f91886ffffff
21BB016265,NATURELS,2021-04-06 14:52:02,2021-04-06 16:39:55,1.0,1.0,1.0,2021,POINT (6.002936177575255 46.271029718908245),46.271029718908245,6.002936177575255,True,2021-04-06,NATURELS,1.0,871f91a13ffffff
21BB016367,NATURELS,2021-04-06 18:01:44,2021-04-06 20:32:33,1.0,1.0,1.0,2021,POINT (5.604815301985149 46.05851767220227),46.05851767220227,5.604815301985149,True,2021-04-06,NATURELS,1.0,871f91035ffffff
21BB016372,NATURELS,2021-04-06 18:40:12,2021-04-06 19:15:22,1.0,1.0,1.0,2021,POINT (5.661275617993291 46.266424422569834),46.26642442256984,5.661275617993291,True,2021-04-06,NATURELS,1.0,871f918ceffffff
21BB016509,NATURELS,2021-04-07 16:19:14,2021-04-07 17:04:53,1.0,1.0,1.0,2021,POINT (4.843744009501661 46.20834548355762),46.20834548355762,4.843744009501661,True,2021-04-07,NATURELS,1.0,871f90a69ffffff
21BB016521,NATURELS,2021-04-07 17:52:58,2021-04-07 18:35:02,1.0,1.0,1.0,2021,POINT (4.929358705524387 45.87278232778601),45.87278232778601,4.929358705524387,True,2021-04-07,FORET,1.0,871f90265ffffff
21BB016529,NATURELS,2021-04-07 19:17:58,2021-04-07 20:47:23,1.0,1.0,1.0,2021,POINT (5.940598048451809 46.15818896274235),46.15818896274235,5.940598048451809,True,2021-04-07,NATURELS,1.0,871f91a91ffffff
21BB016678,NATURELS,2021-04-08 13:48:51,2021-04-08 16:10:47,1.0,1.0,1.0,2021,POINT (5.77582711502806 45.75729087485543),45.75729087485543,5.77582711502806,True,2021-04-08,NATURELS,1.0,871f91708ffffff
21BB016880,NATURELS,2021-04-09 15:54:25,2021-04-09 18:34:43,1.0,2.0,1.0,2021,POINT (5.85048690993794 46.09861437333566),46.09861437333566,5.85048690993794,True,2021-04-09,NATURELS,1.0,871f91060ffffff
21BB016989,NATURELS,2021-04-10 11:19:00,2021-04-10 19:55:38,1.0,1.0,1.0,2021,POINT (5.757323668169563 46.04078679017996),46.04078679017996,5.757323668169563,True,2021-04-10,NATURELS,1.0,871f9100dffffff
21BB017003,NATURELS,2021-04-10 12:34:28,2021-04-10 14:49:11,1.0,2.0,1.0,2021,POINT (5.239847539752863 46.10041097864861),46.10041097864861,5.239847539752863,True,2021-04-10,NATURELS,1.0,871f91c73ffffff
21BB017010,NATURELS,2021-04-10 13:24:49,2021-04-10 15:16:54,1.0,1.0,1.0,2021,POINT (5.5790816284566604 46.144803860529),46.144803860529,5.5790816284566604,True,2021-04-10,NATURELS,1.0,871f9110cffffff
21BB017025,NATURELS,2021-04-10 15:20:49,2021-04-10 15:51:15,1.0,1.0,1.0,2021,POINT (5.3137078568805585 46.02124823936849),46.02124823936849,5.313707856880559,True,2021-04-10,NATURELS,1.0,871f91ce9ffffff
21BB017041,NATURELS,2021-04-10 17:13:12,2021-04-10 17:56:46,1.0,1.0,1.0,2021,POINT (4.984941543465821 45.82794541350503),45.82794541350503,4.984941543465821,True,2021-04-10,NATURELS,1.0,871f9026affffff
21BB017043,NATURELS,2021-04-10 17:19:51,2021-04-10 19:00:44,1.0,1.0,1.0,2021,POINT (5.531436400043265 45.748899754958906),45.748899754958906,5.531436400043265,True,2021-04-10,NATURELS,1.0,871f91441ffffff
21BB017170,NATURELS,2021-04-11 11:09:59,2021-04-11 16:50:09,1.0,2.0,1.0,2021,POINT (5.039180590088694 45.84972687377009),45.84972687377009,5.039180590088694,True,2021-04-11,NATURELS,1.0,871f91534ffffff
21BB017736,NATURELS,2021-04-14 16:59:06,2021-04-14 17:22:42,1.0,1.0,1.0,2021,POINT (4.8814912015961225 46.26264755168637),46.26264755168637,4.8814912015961225,True,2021-04-14,NATURELS,1.0,871f9569dffffff
21BB018052,NATURELS,2021-04-16 16:36:26,2021-04-16 18:12:36,1.0,1.0,1.0,2021,POINT (6.059812493693672 46.30183418572548),46.30183418572548,6.059812493693672,True,2021-04-16,NATURELS,1.0,871f91a1cffffff
21BB018060,NATURELS,2021-04-16 17:28:11,2021-04-16 18:34:15,1.0,1.0,1.0,2021,POINT (5.583884888476144 46.18745611926432),46.18745611926432,5.583884888476144,True,2021-04-16,NATURELS,1.0,871f91128ffffff
21BB018101,NATURELS,2021-04-16 22:02:26,2021-04-16 22:54:35,1.0,1.0,1.0,2021,POINT (5.205173064094546 46.04042792058464),46.04042792058464,5.205173064094546,True,2021-04-16,FORET,1.0,871f91ce5ffffff
21BB018181,NATURELS,2021-04-17 12:55:29,2021-04-17 13:58:15,1.0,1.0,1.0,2021,POINT (5.2932399381539765 46.02705354481328),46.02705354481328,5.2932399381539765,True,2021-04-17,FORET,1.0,871f91cedffffff
21BB018231,NATURELS,2021-04-17 18:21:51,2021-04-17 19:57:29,1.0,1.0,1.0,2021,POINT (5.138166990898264 45.94770083594877),45.94770083594877,5.138166990898264,True,2021-04-17,NATURELS,1.0,871f91cf2ffffff
21BB018576,NATURELS,2021-04-19 20:03:52,2021-04-19 21:34:44,1.0,1.0,1.0,2021,POINT (4.919945079485122 45.896745338280205),45.896745338280205,4.919945079485122,True,2021-04-19,FORET,1.0,871f90349ffffff
21BB018703,NATURELS,2021-04-20 15:56:34,2021-04-20 17:23:47,1.0,1.0,1.0,2021,POINT (5.439512411729092 46.05293675085145),46.05293675085145,5.439512411729092,True,2021-04-20,NATURELS,1.0,871f911a1ffffff
21BB018716,NATURELS,2021-04-20 17:09:25,2021-04-20 19:07:14,1.0,1.0,1.0,2021,POINT (4.877548389935291 46.1660939733451),46.1660939733451,4.877548389935291,True,2021-04-20,NATURELS,1.0,871f90a49ffffff
21BB018898,NATURELS,2021-04-21 19:11:01,2021-04-21 19:15:27,1.0,1.0,1.0,2021,POINT (4.978651973198403 45.82889457964632),45.82889457964632,4.978651973198403,True,2021-04-21,NATURELS,1.0,871f9026affffff
21BB019026,NATURELS,2021-04-22 13:57:21,2021-04-22 15:00:39,1.0,1.0,1.0,2021,POINT (5.466151609997907 46.08185160134029),46.08185160134029,5.466151609997907,True,2021-04-22,NATURELS,1.0,871f91112ffffff
21BB019032,NATURELS,2021-04-22 14:46:44,2021-04-24 10:50:36,1.0,5.0,1.0,2021,POINT (4.798375599352179 46.17322760186997),46.17322760186997,4.798375599352179,True,2021-04-22,NATURELS,1.0,871f90a41ffffff
21BB019058,NATURELS,2021-04-22 17:13:04,2021-04-22 20:48:00,1.0,4.0,1.0,2021,POINT (4.935410616393557 46.40622793918538),46.40622793918538,4.935410616393557,True,2021-04-22,FORET,1.0,871f9561cffffff
21BB019101,NATURELS,2021-04-22 21:02:50,2021-04-22 23:06:05,1.0,1.0,1.0,2021,POINT (5.072072535732798 46.241363054298965),46.241363054298965,5.072072535732798,True,2021-04-22,NATURELS,1.0,871f91d29ffffff
21BB019159,NATURELS,2021-04-23 10:15:15,2021-04-23 11:29:47,1.0,1.0,1.0,2021,POINT (4.923277267332455 45.86924962253135),45.86924962253135,4.923277267332455,True,2021-04-23,NATURELS,1.0,871f90265ffffff
21BB019220,NATURELS,2021-04-23 16:20:26,2021-04-23 16:54:39,1.0,1.0,1.0,2021,POINT (5.216454956399123 46.21427672544747),46.21427672544747,5.216454956399123,True,2021-04-23,NATURELS,1.0,871f91d41ffffff
21BB019245,NATURELS,2021-04-23 18:54:24,2021-04-23 20:09:12,1.0,1.0,1.0,2021,POINT (5.0972498820912735 46.02238710333609),46.02238710333609,5.0972498820912735,True,2021-04-23,NATURELS,1.0,871f91c1effffff
21BB019282,NATURELS,2021-04-23 22:18:02,2021-04-24 01:12:03,1.0,1.0,1.0,2021,POINT (5.2376428812947555 45.944741734779875),45.94474173477988,5.237642881294756,True,2021-04-23,FORET,1.0,871f91cc3ffffff
21BB019382,NATURELS,2021-04-24 12:40:21,2021-04-24 13:55:15,1.0,1.0,1.0,2021,POINT (5.294704140166056 46.00344451946489),46.00344451946489,5.294704140166056,True,2021-04-24,NATURELS,1.0,871f91ce8ffffff
21BB019464,NATURELS,2021-04-24 19:06:42,2021-04-24 19:50:28,1.0,1.0,1.0,2021,POINT (5.221156056541927 45.9225407727401),45.9225407727401,5.221156056541927,True,2021-04-24,NATURELS,1.0,871f91cd1ffffff
21BB019554,NATURELS,2021-04-25 11:28:45,2021-04-25 11:46:34,1.0,1.0,1.0,2021,POINT (5.362285002703328 45.96786086191381),45.96786086191381,5.362285002703328,True,2021-04-25,FORET,1.0,871f91194ffffff
21BB019920,NATURELS,2021-04-27 15:21:02,2021-04-27 18:49:47,1.0,1.0,1.0,2021,POINT (4.923868397780558 46.06909329333185),46.06909329333185,4.923868397780558,True,2021-04-27,NATURELS,1.0,871f91daaffffff
21BB019949,NATURELS,2021-04-27 18:00:44,2021-04-27 18:59:03,1.0,1.0,1.0,2021,POINT (4.879480293160954 45.90405789258007),45.90405789258007,4.879480293160954,True,2021-04-27,NATURELS,1.0,871f90348ffffff
21BB019974,NATURELS,2021-04-27 22:35:22,2021-04-27 23:23:21,1.0,1.0,1.0,2021,POINT (6.002936177575255 46.271029718908245),46.271029718908245,6.002936177575255,True,2021-04-27,NATURELS,1.0,871f91a13ffffff
21BB020027,NATURELS,2021-04-28 10:16:00,2021-04-28 21:46:13,1.0,2.0,1.0,2021,POINT (4.948696038813483 46.07524607465142),46.07524607465142,4.948696038813483,True,2021-04-28,FORET,1.0,871f91dabffffff
21BB021036,NATURELS,2021-05-04 16:28:56,2021-05-04 17:20:53,1.0,1.0,1.0,2021,POINT (4.862604000164097 45.91501460499484),45.91501460499484,4.862604000164097,True,2021-05-04,NATURELS,1.0,871f9034cffffff
21BB021832,NATURELS,2021-05-09 12:58:09,2021-05-09 13:25:05,1.0,1.0,1.0,2021,POINT (4.976725535378808 45.83435895732385),45.83435895732385,4.976725535378808,True,2021-05-09,NATURELS,1.0,871f90268ffffff
21BB023572,NATURELS,2021-05-18 07:20:19,2021-05-18 09:04:38,1.0,1.0,1.0,2021,POINT (4.78421457042732 46.02381587418355),46.02381587418355,4.78421457042732,True,2021-05-18,NATURELS,1.0,871f90ac9ffffff
21BB024066,NATURELS,2021-05-20 22:10:14,2021-05-20 23:22:00,1.0,1.0,1.0,2021,POINT (4.902201468515982 46.34446564676383),46.34446564676383,4.902201468515982,True,2021-05-20,NATURELS,1.0,871f956a8ffffff
21BB024980,NATURELS,2021-05-26 17:27:31,2021-05-26 18:49:26,1.0,1.0,1.0,2021,POINT (5.233120168036736 46.44288962207341),46.44288962207341,5.233120168036736,True,2021-05-26,FORET,1.0,871f9564bffffff
21BB024988,NATURELS,2021-05-26 18:27:42,2021-05-26 19:26:53,1.0,1.0,1.0,2021,POINT (4.979604318533263 45.95093825660109),45.95093825660109,4.979604318533263,True,2021-05-26,FORET,1.0,871f91cb1ffffff
21BB025156,NATURELS,2021-05-27 18:23:43,2021-05-27 19:40:40,1.0,1.0,1.0,2021,POINT (6.0213264704954135 46.246249544479646),46.246249544479646,6.0213264704954135,True,2021-05-27,NATURELS,1.0,871f91aa8ffffff
21BB025380,NATURELS,2021-05-28 20:27:46,2021-05-28 21:23:44,1.0,1.0,1.0,2021,POINT (5.955539341357451 46.14485932977786),46.14485932977786,5.955539341357451,True,2021-05-28,NATURELS,1.0,871f91a9effffff
21BB025445,NATURELS,2021-05-29 09:17:37,2021-05-29 10:03:33,1.0,1.0,1.0,2021,POINT (5.672847797562974 46.270928945432345),46.270928945432345,5.672847797562974,True,2021-05-29,NATURELS,1.0,871f918ceffffff
21BB025537,NATURELS,2021-05-29 14:57:24,2021-05-29 16:10:41,1.0,1.0,1.0,2021,POINT (5.824382449832155 46.14923488111115),46.14923488111115,5.824382449832155,True,2021-05-29,NATURELS,1.0,871f91148ffffff
21BB025549,NATURELS,2021-05-29 15:47:35,2021-05-29 16:08:03,1.0,1.0,1.0,2021,POINT (5.232541704019371 46.21193064733207),46.21193064733207,5.232541704019371,True,2021-05-29,NATURELS,1.0,871f91d4effffff
21BB025981,NATURELS,2021-05-31 17:10:35,2021-05-31 17:45:17,1.0,1.0,1.0,2021,POINT (4.7360980700787305 45.94427161883777),45.94427161883777,4.7360980700787305,True,2021-05-31,NATURELS,1.0,871f90375ffffff
21BB026095,NATURELS,2021-06-01 10:31:56,2021-06-01 11:32:45,1.0,1.0,1.0,2021,POINT (5.176879080521981 45.88907789547303),45.88907789547303,5.176879080521981,True,2021-06-01,NATURELS,1.0,871f9152cffffff
21BB026098,NATURELS,2021-06-01 10:39:07,2021-06-01 15:02:13,1.0,2.0,1.0,2021,POINT (4.890300476355816 46.27172113723424),46.27172113723424,4.890300476355816,True,2021-06-01,NATURELS,1.0,871f9569dffffff
21BB026132,NATURELS,2021-06-01 14:00:29,2021-06-01 14:39:47,1.0,1.0,1.0,2021,POINT (5.220939953366732 46.210309230510234),46.21030923051024,5.220939953366732,True,2021-06-01,NATURELS,1.0,871f91d4effffff
21BB026617,NATURELS,2021-06-03 18:17:01,2021-06-03 19:00:03,1.0,1.0,1.0,2021,POINT (4.879809460133707 46.28501849708417),46.28501849708417,4.879809460133707,True,2021-06-03,FORET,1.0,871f9568effffff
21BB026994,NATURELS,2021-06-05 10:29:56,2021-06-05 11:02:20,1.0,1.0,1.0,2021,POINT (4.764061447409657 46.046061259438325),46.046061259438325,4.764061447409657,True,2021-06-05,NATURELS,1.0,871f91db6ffffff
21BB027030,NATURELS,2021-06-05 12:50:55,2021-06-05 14:11:57,1.0,1.0,1.0,2021,POINT (4.919515244855722 46.11850492554953),46.11850492554953,4.919515244855722,True,2021-06-05,NATURELS,1.0,871f91dacffffff
21BB028480,NATURELS,2021-06-11 22:01:36,2021-06-11 22:41:47,1.0,1.0,1.0,2021,POINT (4.793088628745473 46.16572736565015),46.16572736565015,4.793088628745473,True,2021-06-11,NATURELS,1.0,871f90a41ffffff
21BB028540,NATURELS,2021-06-12 09:24:46,2021-06-12 11:36:52,1.0,1.0,1.0,2021,POINT (5.607115613685885 46.267883865936824),46.26788386593682,5.607115613685885,True,2021-06-12,NATURELS,1.0,871f918c2ffffff
21BB028542,NATURELS,2021-06-12 09:46:16,2021-06-12 10:44:06,1.0,1.0,1.0,2021,POINT (5.261754766810246 46.147499744559376),46.147499744559376,5.261754766810246,True,2021-06-12,FORET,1.0,871f91c66ffffff
21BB028544,NATURELS,2021-06-12 09:47:40,2021-06-12 09:48:55,1.0,1.0,1.0,2021,POINT (5.261754766810246 46.147499744559376),46.147499744559376,5.261754766810246,True,2021-06-12,FORET,1.0,871f91c66ffffff
21BB028576,NATURELS,2021-06-12 11:54:47,2021-06-12 13:20:22,1.0,1.0,1.0,2021,POINT (5.200567558463345 46.03295545379992),46.03295545379992,5.200567558463345,True,2021-06-12,NATURELS,1.0,871f91ce4ffffff
21BB028667,NATURELS,2021-06-12 19:15:23,2021-06-12 20:21:35,1.0,1.0,1.0,2021,POINT (5.02386230952012 45.81494099944305),45.81494099944305,5.02386230952012,True,2021-06-12,FORET,1.0,871f9024dffffff
21BB028689,NATURELS,2021-06-12 20:29:32,2021-06-12 21:38:17,1.0,1.0,1.0,2021,POINT (5.401088751538363 46.09860046377401),46.09860046377401,5.401088751538363,True,2021-06-12,NATURELS,1.0,871f91c48ffffff
21BB028932,NATURELS,2021-06-13 22:47:01,2021-06-13 23:31:56,1.0,1.0,1.0,2021,POINT (4.889368635176483 46.07640479677126),46.07640479677126,4.889368635176483,True,2021-06-13,NATURELS,1.0,871f91d85ffffff
21BB029257,NATURELS,2021-06-15 14:59:32,2021-06-15 15:55:28,1.0,1.0,1.0,2021,POINT (5.360330700243339 46.273811258416444),46.27381125841645,5.360330700243339,True,2021-06-15,NATURELS,1.0,871f918a2ffffff
21BB029339,NATURELS,2021-06-15 21:56:42,2021-06-15 23:06:42,1.0,1.0,1.0,2021,POINT (4.815003521387852 46.159047312856316),46.15904731285632,4.815003521387852,True,2021-06-15,NATURELS,1.0,871f90a4effffff
21BB029450,NATURELS,2021-06-16 13:51:46,2021-06-16 17:27:06,1.0,2.0,1.0,2021,POINT (4.886176934881097 46.28291308900431),46.28291308900431,4.886176934881097,True,2021-06-16,NATURELS,1.0,871f9568effffff
21BB029452,NATURELS,2021-06-16 13:57:25,2021-06-16 14:51:59,1.0,1.0,1.0,2021,POINT (5.2687143735512665 45.904116360258875),45.90411636025888,5.2687143735512665,True,2021-06-16,NATURELS,1.0,871f91cdbffffff
21BB030227,NATURELS,2021-06-19 18:41:00,2021-06-19 19:52:35,1.0,1.0,1.0,2021,POINT (5.125784935830221 46.100025899909575),46.100025899909575,5.125784935830221,True,2021-06-19,NATURELS,1.0,871f91c05ffffff
21BB030233,NATURELS,2021-06-19 19:05:02,2021-06-19 20:14:03,1.0,1.0,1.0,2021,POINT (5.382748296242806 46.06398208758361),46.06398208758361,5.382748296242806,True,2021-06-19,NATURELS,1.0,871f91c59ffffff
21BB030252,NATURELS,2021-06-19 20:23:48,2021-06-19 22:36:37,1.0,1.0,1.0,2021,POINT (5.6135853832748435 46.067592302400044),46.06759230240005,5.613585383274844,True,2021-06-19,NATURELS,1.0,871f91026ffffff
21BB030336,NATURELS,2021-06-20 09:07:41,2021-06-20 10:13:25,1.0,1.0,1.0,2021,POINT (5.704004908386302 45.756893275989306),45.756893275989306,5.704004908386302,True,2021-06-20,NATURELS,1.0,871f91700ffffff
21BB031734,NATURELS,2021-06-25 12:26:54,2021-06-25 13:29:13,1.0,1.0,1.0,2021,POINT (5.059011012053243 46.0176989658121),46.0176989658121,5.059011012053243,True,2021-06-25,NATURELS,1.0,871f91c13ffffff
21BB031779,NATURELS,2021-06-25 18:37:27,2021-06-25 19:35:54,1.0,1.0,1.0,2021,POINT (6.085982660391696 46.25347637502814),46.25347637502814,6.085982660391696,True,2021-06-25,NATURELS,1.0,
21BB032019,NATURELS,2021-06-26 20:04:04,2021-06-26 21:00:56,1.0,1.0,1.0,2021,POINT (5.38869089132481 46.29843252023625),46.29843252023625,5.38869089132481,True,2021-06-26,NATURELS,1.0,871f918a0ffffff
21BB032073,NATURELS,2021-06-27 01:22:51,2021-06-27 02:19:05,1.0,1.0,1.0,2021,POINT (5.324236676520906 46.00033399414548),46.00033399414548,5.324236676520906,True,2021-06-27,FORET,1.0,871f911b6ffffff
21BB033150,NATURELS,2021-07-02 16:42:49,2021-07-02 18:09:28,1.0,1.0,1.0,2021,POINT (4.998817871162776 45.83502623884872),45.83502623884872,4.998817871162776,True,2021-07-02,NATURELS,1.0,871f90268ffffff
21BB033597,NATURELS,2021-07-04 23:05:37,2021-07-05 00:00:08,1.0,1.0,1.0,2021,POINT (4.957043213964924 45.81670786464392),45.81670786464392,4.957043213964924,True,2021-07-04,FORET,1.0,871f90245ffffff
21BB033606,NATURELS,2021-07-05 01:09:35,2021-07-05 02:20:16,1.0,1.0,1.0,2021,POINT (4.945918215653315 45.834556082656604),45.83455608265661,4.945918215653315,True,2021-07-05,NATURELS,1.0,871f9026effffff
21BB033724,NATURELS,2021-07-05 14:30:48,2021-07-05 15:56:22,1.0,1.0,1.0,2021,POINT (4.80382411192352 45.94943372440398),45.94943372440398,4.80382411192352,True,2021-07-05,NATURELS,1.0,871f90363ffffff
21BB033732,NATURELS,2021-07-05 15:06:59,2021-07-05 17:21:19,1.0,1.0,1.0,2021,POINT (4.959466171292969 45.95782723238555),45.95782723238555,4.959466171292969,True,2021-07-05,NATURELS,1.0,871f91cb1ffffff
21BB033739,NATURELS,2021-07-05 15:56:22,2021-07-05 17:00:27,1.0,1.0,1.0,2021,POINT (4.825588585787913 45.928296830737054),45.928296830737054,4.825588585787913,True,2021-07-05,NATURELS,1.0,871f90345ffffff
21BB034598,NATURELS,2021-07-09 18:19:01,2021-07-09 19:01:01,1.0,1.0,1.0,2021,POINT (5.672048609758145 45.850831624734354),45.850831624734354,5.672048609758145,True,2021-07-09,NATURELS,1.0,871f9108bffffff
21BB034637,NATURELS,2021-07-09 22:05:53,2021-07-09 23:25:06,1.0,1.0,1.0,2021,POINT (4.940429580411554 45.83368414251485),45.83368414251485,4.940429580411554,True,2021-07-09,NATURELS,1.0,871f9026effffff
21BB035274,NATURELS,2021-07-12 18:29:55,2021-07-12 20:06:13,1.0,1.0,1.0,2021,POINT (6.035755065652539 46.31614133811037),46.31614133811037,6.035755065652539,True,2021-07-12,NATURELS,1.0,871f91a02ffffff
21BB036658,NATURELS,2021-07-19 11:33:15,2021-07-19 13:58:27,1.0,3.0,1.0,2021,POINT (5.117485726749742 46.24673897011321),46.24673897011321,5.117485726749742,True,2021-07-19,NATURELS,1.0,871f91d75ffffff
21BB036698,NATURELS,2021-07-19 14:06:20,2021-07-19 15:01:26,1.0,1.0,1.0,2021,POINT (4.963003830850036 45.9263371917624),45.9263371917624,4.963003830850036,True,2021-07-19,NATURELS,1.0,871f91cb3ffffff
21BB036939,NATURELS,2021-07-20 15:43:11,2021-07-20 16:18:52,1.0,1.0,1.0,2021,POINT (6.08824701612365 46.2763698277879),46.2763698277879,6.08824701612365,True,2021-07-20,NATURELS,1.0,871f91a18ffffff
21BB037147,NATURELS,2021-07-21 15:52:04,2021-07-21 17:59:56,1.0,2.0,1.0,2021,POINT (4.909714019576367 46.18994173041303),46.18994173041303,4.909714019576367,True,2021-07-21,NATURELS,1.0,871f91d33ffffff
21BB037218,NATURELS,2021-07-21 20:37:22,2021-07-22 12:09:57,1.0,1.0,1.0,2021,POINT (4.858457506550776 46.07195942585478),46.07195942585478,4.858457506550776,True,2021-07-21,FORET,1.0,871f91d84ffffff
21BB037377,NATURELS,2021-07-22 16:27:57,2021-07-22 17:07:33,1.0,1.0,1.0,2021,POINT (5.697231614508843 45.77552038513505),45.77552038513505,5.697231614508843,True,2021-07-22,NATURELS,1.0,871f91700ffffff
21BB037521,NATURELS,2021-07-23 11:10:54,2021-07-23 14:17:06,1.0,1.0,1.0,2021,POINT (5.645516271301563 46.03449517892471),46.03449517892471,5.645516271301563,True,2021-07-23,NATURELS,1.0,871f91004ffffff
21BB037582,NATURELS,2021-07-23 16:29:16,2021-07-23 17:26:24,1.0,1.0,1.0,2021,POINT (5.145631980077734 45.99616523957219),45.99616523957219,5.145631980077734,True,2021-07-23,NATURELS,1.0,871f91cf4ffffff
21BB037836,NATURELS,2021-07-24 17:01:11,2021-07-24 18:03:09,1.0,2.0,1.0,2021,POINT (5.058355813640277 46.467184281545606),46.467184281545606,5.058355813640277,True,2021-07-24,NATURELS,1.0,871f95672ffffff
21BB037841,NATURELS,2021-07-24 17:59:37,2021-07-24 18:43:21,1.0,1.0,1.0,2021,POINT (5.883155385959952 46.09671051021711),46.09671051021711,5.883155385959952,True,2021-07-24,NATURELS,1.0,871f91061ffffff
21BB038038,NATURELS,2021-07-25 18:24:37,2021-07-25 20:14:18,1.0,1.0,1.0,2021,POINT (5.101975838152825 46.15943385567036),46.15943385567036,5.101975838152825,True,2021-07-25,NATURELS,1.0,871f91c25ffffff
21BB038196,NATURELS,2021-07-26 16:15:45,2021-07-26 17:34:31,1.0,1.0,1.0,2021,POINT (5.930991716802512 46.1945654155221),46.1945654155221,5.930991716802512,True,2021-07-26,NATURELS,1.0,871f91a86ffffff
21BB038387,NATURELS,2021-07-27 16:55:15,2021-07-27 18:13:39,1.0,1.0,1.0,2021,POINT (5.320745907595821 46.218156798121214),46.218156798121214,5.320745907595821,True,2021-07-27,NATURELS,1.0,871f91894ffffff
21BB038433,NATURELS,2021-07-27 20:21:47,2021-07-27 21:12:38,1.0,2.0,1.0,2021,POINT (5.0580730766552024 46.25956101944505),46.25956101944505,5.058073076655202,True,2021-07-27,NATURELS,1.0,871f956daffffff
21BB038793,NATURELS,2021-07-29 15:46:28,2021-07-29 17:03:06,1.0,1.0,1.0,2021,POINT (5.414480084625822 46.00428122534614),46.00428122534614,5.414480084625822,True,2021-07-29,NATURELS,1.0,871f91184ffffff
21BB038988,NATURELS,2021-07-30 13:40:40,2021-07-30 15:02:47,1.0,1.0,1.0,2021,POINT (5.8105288212654616 45.94004414329709),45.94004414329709,5.8105288212654616,True,2021-07-30,NATURELS,1.0,871f910eeffffff
21BB039039,NATURELS,2021-07-30 18:02:06,2021-07-30 19:51:44,1.0,1.0,1.0,2021,POINT (5.658068488804939 45.924977393969115),45.92497739396912,5.658068488804939,True,2021-07-30,NATURELS,1.0,871f910a9ffffff
21BB039225,NATURELS,2021-07-31 15:17:45,2021-07-31 16:04:08,1.0,1.0,1.0,2021,POINT (5.064050295867235 45.82990672216091),45.82990672216091,5.064050295867235,True,2021-07-31,NATURELS,1.0,871f91530ffffff
21BB039258,NATURELS,2021-07-31 18:06:17,2021-07-31 18:48:09,1.0,1.0,1.0,2021,POINT (5.293563836459093 46.01725846921862),46.01725846921862,5.293563836459093,True,2021-07-31,NATURELS,1.0,871f91ce8ffffff
21BB039524,NATURELS,2021-08-02 15:02:53,2021-08-02 16:25:45,1.0,1.0,1.0,2021,POINT (4.9060766694389 46.33706853202829),46.33706853202829,4.9060766694389,True,2021-08-02,NATURELS,1.0,871f956abffffff
21BB039550,NATURELS,2021-08-02 17:44:15,2021-08-02 17:54:43,1.0,1.0,1.0,2021,POINT (5.518131668402635 46.044318552607976),46.044318552607976,5.518131668402635,True,2021-08-02,NATURELS,1.0,871f911a9ffffff
21BB040106,NATURELS,2021-08-05 21:11:46,2021-08-05 23:02:21,1.0,1.0,1.0,2021,POINT (6.035229145190328 46.30935825880323),46.30935825880323,6.035229145190328,True,2021-08-05,NATURELS,1.0,871f91a02ffffff
21BB040681,NATURELS,2021-08-09 10:21:22,2021-08-09 10:45:34,1.0,1.0,1.0,2021,POINT (4.776306847474247 45.940599662657654),45.94059966265765,4.776306847474247,True,2021-08-09,FORET,1.0,871f90362ffffff
21BB041174,NATURELS,2021-08-11 19:19:25,2021-08-11 20:36:46,1.0,1.0,1.0,2021,POINT (4.957538001687859 45.92749074710173),45.92749074710173,4.957538001687859,True,2021-08-11,NATURELS,1.0,871f91cb3ffffff
21BB041374,NATURELS,2021-08-12 18:43:28,2021-08-12 19:35:30,1.0,1.0,1.0,2021,POINT (4.977292286344873 46.23058650552716),46.23058650552716,4.977292286344873,True,2021-08-12,NATURELS,1.0,871f91d23ffffff
21BB041442,NATURELS,2021-08-12 19:19:55,2021-08-12 20:55:25,1.0,1.0,1.0,2021,POINT (5.22359157727158 46.452044973800874),46.45204497380088,5.22359157727158,True,2021-08-12,NATURELS,1.0,871f9564affffff
21BB041974,NATURELS,2021-08-14 18:27:22,2021-08-14 19:01:02,1.0,1.0,1.0,2021,POINT (4.78765857660612 46.07996334226232),46.07996334226232,4.78765857660612,True,2021-08-14,NATURELS,1.0,871f91db4ffffff
21BB041978,NATURELS,2021-08-14 18:37:40,2021-08-14 20:16:25,1.0,1.0,1.0,2021,POINT (5.256102847969226 45.89298330122278),45.89298330122278,5.256102847969226,True,2021-08-14,NATURELS,1.0,871f91cdaffffff
21BB042095,NATURELS,2021-08-15 10:36:14,2021-08-15 12:29:06,1.0,1.0,1.0,2021,POINT (5.731522130684323 46.19786326888734),46.19786326888734,5.731522130684323,True,2021-08-15,NATURELS,1.0,871f91163ffffff
21BB042328,NATURELS,2021-08-16 12:13:42,2021-08-16 12:53:01,1.0,1.0,1.0,2021,POINT (5.148145499718922 45.878303161558804),45.8783031615588,5.148145499718922,True,2021-08-16,NATURELS,1.0,871f91521ffffff
21BB042365,NATURELS,2021-08-16 16:49:46,2021-08-16 17:49:27,1.0,1.0,1.0,2021,POINT (5.133904197790914 46.16259175199441),46.16259175199441,5.133904197790914,True,2021-08-16,NATURELS,1.0,871f91d52ffffff
21BB042540,NATURELS,2021-08-17 17:09:59,2021-08-17 18:37:24,1.0,1.0,1.0,2021,POINT (4.924611205994262 45.859551127775866),45.859551127775866,4.924611205994262,True,2021-08-17,NATURELS,1.0,871f90265ffffff
21BB042607,NATURELS,2021-08-17 21:18:49,2021-08-17 23:13:52,1.0,1.0,1.0,2021,POINT (5.654324434471264 45.684408454459145),45.684408454459145,5.654324434471264,True,2021-08-17,NATURELS,1.0,871f917acffffff
21BB042633,NATURELS,2021-08-18 02:28:25,2021-08-18 03:36:33,1.0,2.0,1.0,2021,POINT (5.486478189079701 45.77862298758506),45.77862298758506,5.486478189079701,True,2021-08-18,NATURELS,1.0,871f91463ffffff
21BB042925,NATURELS,2021-08-19 15:26:01,2021-08-19 19:00:33,1.0,5.0,1.0,2021,POINT (5.968304298192747 46.22417619794516),46.22417619794516,5.968304298192747,True,2021-08-19,NATURELS,1.0,871f91aa3ffffff
21BB042930,NATURELS,2021-08-19 16:07:12,2021-08-19 18:42:39,1.0,1.0,1.0,2021,POINT (5.368843029496698 46.03363605695044),46.03363605695044,5.368843029496698,True,2021-08-19,NATURELS,1.0,871f91c5bffffff
21BB042950,NATURELS,2021-08-19 17:22:57,2021-08-19 19:02:59,1.0,1.0,1.0,2021,POINT (5.004153670454487 46.23583533472493),46.23583533472493,5.004153670454487,True,2021-08-19,NATURELS,1.0,871f91d2effffff
21BB043326,NATURELS,2021-08-21 18:33:14,2021-08-21 19:40:34,1.0,1.0,1.0,2021,POINT (5.4245433518179915 46.12567570122757),46.12567570122757,5.424543351817992,True,2021-08-21,NATURELS,1.0,871f91132ffffff
21BB043352,NATURELS,2021-08-21 20:07:37,2021-08-21 23:29:40,1.0,1.0,1.0,2021,POINT (5.402073138311503 46.092613231283664),46.092613231283664,5.402073138311503,True,2021-08-21,NATURELS,1.0,871f91c48ffffff
21BB043669,NATURELS,2021-08-23 16:03:56,2021-08-23 17:29:19,1.0,3.0,1.0,2021,POINT (5.542414037791269 45.96815629540731),45.96815629540731,5.542414037791269,True,2021-08-23,NATURELS,1.0,871f9118bffffff
21BB044023,NATURELS,2021-08-25 15:05:06,2021-08-25 15:40:04,1.0,1.0,1.0,2021,POINT (4.873495482615694 46.02224863561417),46.02224863561417,4.873495482615694,True,2021-08-25,NATURELS,1.0,871f91d82ffffff
21BB044122,NATURELS,2021-08-25 23:33:58,2021-08-26 00:46:11,1.0,1.0,1.0,2021,POINT (4.985644468057415 45.83077344779587),45.83077344779587,4.985644468057415,True,2021-08-25,NATURELS,1.0,871f90268ffffff
21BB044186,NATURELS,2021-08-26 11:20:05,2021-08-26 13:24:38,1.0,1.0,1.0,2021,POINT (5.5247784611689434 46.12399061821056),46.12399061821056,5.524778461168944,True,2021-08-26,NATURELS,1.0,871f91102ffffff
21BB044193,NATURELS,2021-08-26 12:13:48,2021-08-26 13:07:14,1.0,1.0,1.0,2021,POINT (4.805372650766168 46.04800963568602),46.04800963568602,4.805372650766168,True,2021-08-26,FORET,1.0,871f91db0ffffff
21BB044233,NATURELS,2021-08-26 16:52:37,2021-08-26 17:33:02,1.0,1.0,1.0,2021,POINT (5.174010376496228 46.002143706700465),46.00214370670047,5.174010376496228,True,2021-08-26,NATURELS,1.0,871f91cf5ffffff
21BB044349,NATURELS,2021-08-27 11:11:35,2021-08-27 12:10:11,1.0,1.0,1.0,2021,POINT (6.085004233392041 46.28342173628357),46.28342173628357,6.085004233392041,True,2021-08-27,NATURELS,1.0,871f91a18ffffff
21BB044582,NATURELS,2021-08-28 13:49:12,2021-08-28 18:40:13,1.0,2.0,1.0,2021,POINT (4.9533646117332 46.372616703747035),46.37261670374704,4.9533646117332,True,2021-08-28,FORET,1.0,871f9561affffff
21BB044660,NATURELS,2021-08-28 19:56:56,2021-08-28 21:23:03,1.0,1.0,1.0,2021,POINT (5.578231961139381 46.1850519267944),46.1850519267944,5.578231961139381,True,2021-08-28,NATURELS,1.0,871f91128ffffff
21BB044682,NATURELS,2021-08-28 21:39:47,2021-08-28 22:44:38,1.0,2.0,1.0,2021,POINT (5.320635464067075 46.345585687415664),46.345585687415664,5.320635464067075,True,2021-08-28,NATURELS,1.0,871f9198effffff
21BB044719,NATURELS,2021-08-29 07:27:39,2021-08-29 09:10:41,1.0,1.0,1.0,2021,POINT (6.019328987348519 46.269714360858316),46.26971436085832,6.019328987348519,True,2021-08-29,NATURELS,1.0,871f91a13ffffff
21BB044757,NATURELS,2021-08-29 11:50:42,2021-08-29 12:32:39,1.0,1.0,1.0,2021,POINT (5.959405215356816 46.14512275573614),46.14512275573614,5.959405215356816,True,2021-08-29,NATURELS,1.0,871f91a9effffff
21BB044988,NATURELS,2021-08-30 17:05:39,2021-08-30 18:22:53,1.0,1.0,1.0,2021,POINT (5.804946624770899 46.05071589200734),46.05071589200734,5.804946624770899,True,2021-08-30,NATURELS,1.0,871f91073ffffff
21BB045031,NATURELS,2021-08-30 20:39:27,2021-08-30 23:37:28,1.0,2.0,1.0,2021,POINT (5.4259870858357315 45.81572403419602),45.81572403419602,5.425987085835732,True,2021-08-30,FORET,1.0,871f9154affffff
21BB045037,NATURELS,2021-08-30 21:17:37,2021-08-31 01:51:12,1.0,2.0,1.0,2021,POINT (5.595798665275046 46.01638440771082),46.01638440771082,5.595798665275046,True,2021-08-30,NATURELS,1.0,871f91033ffffff
21BB045097,NATURELS,2021-08-31 10:35:47,2021-08-31 12:16:54,1.0,2.0,1.0,2021,POINT (5.426017853538259 45.815813225447016),45.815813225447016,5.426017853538259,True,2021-08-31,FORET,1.0,871f9154affffff
21BB045303,NATURELS,2021-09-01 09:32:46,2021-09-01 09:57:43,1.0,1.0,1.0,2021,POINT (6.073745299933816 46.26152797975118),46.26152797975118,6.073745299933816,True,2021-09-01,NATURELS,1.0,871f91a1affffff
21BB045535,NATURELS,2021-09-02 16:18:46,2021-09-02 18:26:03,1.0,2.0,1.0,2021,POINT (4.845475199969627 46.114312837214996),46.114312837215,4.845475199969627,True,2021-09-02,NATURELS,1.0,871f91da4ffffff
21BB045576,NATURELS,2021-09-02 19:08:11,2021-09-02 20:08:03,1.0,1.0,1.0,2021,POINT (5.047942954420567 46.229421018486875),46.22942101848688,5.047942954420567,True,2021-09-02,NATURELS,1.0,871f91d2bffffff
21BB045580,NATURELS,2021-09-02 19:15:42,2021-09-02 20:16:48,1.0,1.0,1.0,2021,POINT (5.053575396426986 45.87145336370242),45.87145336370242,5.053575396426986,True,2021-09-02,NATURELS,1.0,871f91c9bffffff
21BB045597,NATURELS,2021-09-02 20:21:00,2021-09-02 20:44:05,1.0,1.0,1.0,2021,POINT (5.332657643326586 46.00312669900702),46.00312669900702,5.332657643326586,True,2021-09-02,NATURELS,1.0,871f911b6ffffff
21BB045676,NATURELS,2021-09-03 10:55:02,2021-09-03 12:24:51,1.0,1.0,1.0,2021,POINT (5.78231043808967 46.12481415146927),46.12481415146927,5.78231043808967,True,2021-09-03,NATURELS,1.0,871f9115dffffff
21BB046110,NATURELS,2021-09-05 15:56:58,2021-09-05 17:14:53,1.0,1.0,1.0,2021,POINT (5.482156901038108 45.821846049631795),45.8218460496318,5.482156901038108,True,2021-09-05,NATURELS,1.0,871f91465ffffff
21BB046168,NATURELS,2021-09-05 20:36:51,2021-09-05 21:24:01,1.0,1.0,1.0,2021,POINT (4.868907384754734 46.13928281935313),46.13928281935313,4.868907384754734,True,2021-09-05,NATURELS,1.0,871f90a4bffffff
21BB046262,NATURELS,2021-09-06 13:20:03,2021-09-06 14:14:41,1.0,2.0,1.0,2021,POINT (5.797949553575327 46.111836210125915),46.11183621012592,5.797949553575327,True,2021-09-06,NATURELS,1.0,871f91159ffffff
21BB046405,NATURELS,2021-09-07 09:16:40,2021-09-07 10:36:20,1.0,1.0,1.0,2021,POINT (5.777562821115688 46.061163261495786),46.061163261495786,5.777562821115688,True,2021-09-07,FORET,1.0,871f91076ffffff
21BB046476,NATURELS,2021-09-07 15:35:57,2021-09-07 16:11:08,1.0,1.0,1.0,2021,POINT (5.800843849400252 46.12950674911452),46.12950674911452,5.800843849400252,True,2021-09-07,NATURELS,1.0,871f9114affffff
21BB046567,NATURELS,2021-09-08 06:27:49,2021-09-08 07:55:15,1.0,1.0,1.0,2021,POINT (5.426506603024675 46.261590441066836),46.26159044106684,5.426506603024675,True,2021-09-08,NATURELS,1.0,871f91881ffffff
21BB046688,NATURELS,2021-09-08 17:14:29,2021-09-08 20:17:42,1.0,2.0,1.0,2021,POINT (5.0940263187681625 46.1505534345372),46.1505534345372,5.0940263187681625,True,2021-09-08,NATURELS,1.0,871f91c25ffffff
21BB046733,NATURELS,2021-09-08 20:24:33,2021-09-08 22:39:15,1.0,1.0,1.0,2021,POINT (6.0584991150092895 46.30562426273365),46.30562426273365,6.0584991150092895,True,2021-09-08,NATURELS,1.0,871f91a1cffffff
21BB046762,NATURELS,2021-09-09 02:42:50,2021-09-09 03:15:35,1.0,1.0,1.0,2021,POINT (6.105111716069166 46.24901325428385),46.24901325428385,6.105111716069166,True,2021-09-09,NATURELS,1.0,871f91af5ffffff
21BB046885,NATURELS,2021-09-09 16:00:50,2021-09-09 16:39:47,1.0,1.0,1.0,2021,POINT (5.315933248135538 45.949819735124095),45.949819735124095,5.315933248135538,True,2021-09-09,NATURELS,1.0,871f91cc8ffffff
21BB046918,NATURELS,2021-09-09 18:35:02,2021-09-09 19:17:53,1.0,1.0,1.0,2021,POINT (5.211875386032241 46.182261426166335),46.182261426166335,5.211875386032241,True,2021-09-09,NATURELS,1.0,871f91d5dffffff
21BB047297,NATURELS,2021-09-11 15:22:07,2021-09-11 16:10:36,1.0,1.0,1.0,2021,POINT (5.656130733799135 45.88870886501546),45.88870886501546,5.656130733799135,True,2021-09-11,FORET,1.0,871f9108dffffff
21BB047489,NATURELS,2021-09-12 14:08:42,2021-09-12 15:48:46,1.0,1.0,1.0,2021,POINT (5.820869462787969 46.19469655447693),46.19469655447693,5.820869462787969,True,2021-09-12,NATURELS,1.0,871f9116bffffff
21BB047736,NATURELS,2021-09-13 17:41:00,2021-09-13 20:06:59,1.0,3.0,1.0,2021,POINT (5.648318752656864 45.684306907833125),45.684306907833125,5.648318752656864,True,2021-09-13,NATURELS,1.0,871f917acffffff
21BB047755,NATURELS,2021-09-13 19:30:54,2021-09-13 20:58:46,1.0,1.0,1.0,2021,POINT (5.223887789761639 45.84383040896001),45.84383040896001,5.223887789761639,True,2021-09-13,NATURELS,1.0,871f9152bffffff
21BB047929,NATURELS,2021-09-14 18:28:18,2021-09-14 19:46:00,1.0,1.0,1.0,2021,POINT (5.752248893812046 45.855105538830976),45.855105538830976,5.752248893812046,True,2021-09-14,NATURELS,1.0,871f910d3ffffff
21BB048682,NATURELS,2021-09-18 16:08:36,2021-09-18 17:49:48,1.0,2.0,1.0,2021,POINT (5.645015652521796 45.83974406259317),45.83974406259317,5.645015652521796,True,2021-09-18,NATURELS,1.0,871f91724ffffff
21BB049755,NATURELS,2021-09-24 07:35:36,2021-09-24 12:26:14,1.0,1.0,1.0,2021,POINT (4.936751786024048 45.9298359558186),45.9298359558186,4.936751786024048,True,2021-09-24,NATURELS,1.0,871f91cb2ffffff
21BB049939,NATURELS,2021-09-24 22:55:12,2021-09-24 23:54:31,1.0,1.0,1.0,2021,POINT (5.579308690360775 45.97801403513946),45.97801403513946,5.579308690360775,True,2021-09-24,NATURELS,1.0,871f91016ffffff
21BB050007,NATURELS,2021-09-25 11:07:47,2021-09-25 12:18:18,1.0,1.0,1.0,2021,POINT (6.084811485969833 46.25136242263308),46.25136242263308,6.084811485969833,True,2021-09-25,FORET,1.0,
21BB050112,NATURELS,2021-09-25 19:28:14,2021-09-25 20:21:00,1.0,1.0,1.0,2021,POINT (5.826025093941631 46.13519810497874),46.13519810497874,5.826025093941631,True,2021-09-25,FORET,1.0,871f9114affffff
21BB050284,NATURELS,2021-09-26 19:32:37,2021-09-26 20:04:50,1.0,1.0,1.0,2021,POINT (5.8173207313513275 46.089681091108794),46.0896810911088,5.817320731351328,True,2021-09-26,NATURELS,1.0,871f91066ffffff
21BB050878,NATURELS,2021-09-29 19:37:54,2021-09-29 21:12:42,1.0,1.0,1.0,2021,POINT (4.994196903120762 45.88352105643307),45.88352105643307,4.994196903120762,True,2021-09-29,NATURELS,1.0,871f91c9effffff
21BB050916,NATURELS,2021-09-30 06:54:48,2021-09-30 12:41:38,1.0,1.0,1.0,2021,POINT (4.904382326102415 46.34495642602814),46.34495642602814,4.904382326102415,True,2021-09-30,NATURELS,1.0,871f956a8ffffff
21BB051062,NATURELS,2021-09-30 19:24:09,2021-09-30 20:07:10,1.0,1.0,1.0,2021,POINT (6.071760517551745 46.27311359480521),46.27311359480521,6.071760517551745,True,2021-09-30,NATURELS,1.0,871f91a18ffffff
21BB051065,NATURELS,2021-09-30 19:28:21,2021-09-30 19:58:37,1.0,1.0,1.0,2021,POINT (5.453557540873781 45.80713830531201),45.80713830531201,5.453557540873781,True,2021-09-30,NATURELS,1.0,871f91464ffffff
21BB051258,NATURELS,2021-10-01 18:25:37,2021-10-01 19:01:09,1.0,1.0,1.0,2021,POINT (4.753579073927909 45.999840108248456),45.999840108248456,4.753579073927909,True,2021-10-01,NATURELS,1.0,871f90acaffffff
21BB051481,NATURELS,2021-10-02 16:38:34,2021-10-02 17:57:47,1.0,1.0,1.0,2021,POINT (5.209610831615298 45.920576232731655),45.920576232731655,5.209610831615298,True,2021-10-02,NATURELS,1.0,871f91cd1ffffff
21BB051641,NATURELS,2021-10-03 11:03:24,2021-10-03 11:37:02,1.0,1.0,1.0,2021,POINT (5.318272638841124 46.098647135441794),46.098647135441794,5.318272638841124,True,2021-10-03,NATURELS,1.0,871f91c40ffffff
21BB053359,NATURELS,2021-10-11 23:18:48,2021-10-12 03:33:17,1.0,1.0,1.0,2021,POINT (6.069667103056792 46.323307270652734),46.323307270652734,6.069667103056792,True,2021-10-11,NATURELS,1.0,871f91a03ffffff
21BB053871,NATURELS,2021-10-14 18:36:59,2021-10-14 19:12:38,1.0,1.0,1.0,2021,POINT (5.084808687196375 45.969684662422345),45.969684662422345,5.084808687196375,True,2021-10-14,NATURELS,1.0,871f91cabffffff
21BB054337,NATURELS,2021-10-16 22:42:57,2021-10-18 19:32:37,1.0,1.0,1.0,2021,POINT (5.41136297427312 46.10086032360655),46.10086032360655,5.41136297427312,True,2021-10-16,NATURELS,1.0,871f91c48ffffff
21BB054675,NATURELS,2021-10-18 15:03:17,2021-10-18 17:08:42,1.0,1.0,1.0,2021,POINT (5.432753888918603 46.04022875403235),46.04022875403235,5.432753888918603,True,2021-10-18,NATURELS,1.0,871f911a3ffffff
21BB054703,NATURELS,2021-10-18 17:16:56,2021-10-18 17:58:54,1.0,1.0,1.0,2021,POINT (5.256686423570644 45.8923199401601),45.8923199401601,5.256686423570644,True,2021-10-18,NATURELS,1.0,871f91cdaffffff
21BB054722,NATURELS,2021-10-18 19:25:22,2021-10-18 20:43:21,1.0,1.0,1.0,2021,POINT (5.5933764816436495 45.933746873220024),45.93374687322002,5.5933764816436495,True,2021-10-18,NATURELS,1.0,871f910a1ffffff
21BB054910,NATURELS,2021-10-19 16:08:38,2021-10-19 16:51:38,1.0,1.0,1.0,2021,POINT (5.320639639507798 46.02370306677922),46.02370306677922,5.320639639507798,True,2021-10-19,NATURELS,1.0,871f91ce9ffffff
21BB054983,NATURELS,2021-10-19 22:55:01,2021-10-20 00:12:01,1.0,1.0,1.0,2021,POINT (5.716391963754599 45.77487319199099),45.77487319199099,5.716391963754599,True,2021-10-19,NATURELS,1.0,871f91701ffffff
21BB055152,NATURELS,2021-10-20 18:27:40,2021-10-20 20:03:41,1.0,1.0,1.0,2021,POINT (5.476126801944147 46.24205573083061),46.24205573083061,5.476126801944147,True,2021-10-20,FORET,1.0,871f91888ffffff
21BB055164,NATURELS,2021-10-20 19:17:40,2021-10-20 21:58:22,1.0,1.0,1.0,2021,POINT (4.957063365159034 46.198595272174565),46.198595272174565,4.957063365159034,True,2021-10-20,FORET,1.0,871f91d04ffffff
21BB055907,NATURELS,2021-10-23 17:10:14,2021-10-23 20:17:01,1.0,2.0,1.0,2021,POINT (5.8465434616660925 46.097079916859826),46.09707991685983,5.8465434616660925,True,2021-10-23,NATURELS,1.0,871f91060ffffff
21BB056277,NATURELS,2021-10-25 14:58:15,2021-10-25 16:22:57,1.0,1.0,1.0,2021,POINT (4.768781977763204 46.08218069409164),46.08218069409164,4.768781977763204,True,2021-10-25,NATURELS,1.0,871f90a5affffff
21BB056878,NATURELS,2021-10-28 16:34:56,2021-10-28 18:05:40,1.0,1.0,1.0,2021,POINT (5.446698307784405 45.80855291011624),45.80855291011624,5.446698307784405,True,2021-10-28,NATURELS,1.0,871f91464ffffff
21BB057080,NATURELS,2021-10-29 14:29:59,2021-10-29 15:22:02,1.0,1.0,1.0,2021,POINT (5.2004804731838155 45.952489866100464),45.952489866100464,5.200480473183816,True,2021-10-29,NATURELS,1.0,871f91cc6ffffff
21BB057110,NATURELS,2021-10-29 17:18:21,2021-10-29 18:49:52,1.0,1.0,1.0,2021,POINT (4.821927144169047 45.99295365986562),45.99295365986562,4.821927144169047,True,2021-10-29,NATURELS,1.0,871f91d92ffffff
21BB057122,NATURELS,2021-10-29 17:43:13,2021-10-29 18:42:32,1.0,1.0,1.0,2021,POINT (5.012219233111213 46.03349207857883),46.03349207857883,5.012219233111213,True,2021-10-29,NATURELS,1.0,871f91c16ffffff
21BB057144,NATURELS,2021-10-29 19:22:42,2021-10-29 22:43:47,1.0,2.0,1.0,2021,POINT (4.828194609965427 46.15516587998679),46.15516587998679,4.828194609965427,True,2021-10-29,FORET,1.0,871f90a48ffffff
21BB057363,NATURELS,2021-10-30 21:26:47,2021-10-30 22:00:55,1.0,1.0,1.0,2021,POINT (5.201011315261082 45.908065331595424),45.908065331595424,5.201011315261082,True,2021-10-30,NATURELS,1.0,871f91cd3ffffff
21BB059051,NATURELS,2021-11-09 12:14:47,2021-11-09 13:46:06,1.0,1.0,1.0,2021,POINT (5.674819484307361 45.770939168515504),45.770939168515504,5.674819484307361,True,2021-11-09,FORET,1.0,871f91706ffffff
21BB059287,NATURELS,2021-11-10 17:43:13,2021-11-10 18:35:57,1.0,1.0,1.0,2021,POINT (4.857520316745046 46.266585989497884),46.26658598949789,4.857520316745046,True,2021-11-10,NATURELS,1.0,871f9569cffffff
21BB059791,NATURELS,2021-11-13 17:31:14,2021-11-13 18:20:52,1.0,1.0,1.0,2021,POINT (5.051931386346813 45.81841630093906),45.81841630093906,5.051931386346813,True,2021-11-13,NATURELS,1.0,871f91532ffffff
21BB060491,NATURELS,2021-11-17 11:52:45,2021-11-17 12:56:29,1.0,1.0,1.0,2021,POINT (4.8385388152283415 46.19068260741735),46.19068260741735,4.8385388152283415,True,2021-11-17,NATURELS,1.0,871f90a6bffffff
21BB060724,NATURELS,2021-11-18 16:34:19,2021-11-18 17:16:48,1.0,1.0,1.0,2021,POINT (4.799013593484118 46.028786634558834),46.028786634558834,4.799013593484118,True,2021-11-18,NATURELS,1.0,871f91db2ffffff
21BB062320,NATURELS,2021-11-27 17:41:13,2021-11-27 18:13:25,1.0,1.0,1.0,2021,POINT (5.339110006309849 45.90214341172833),45.90214341172833,5.339110006309849,True,2021-11-27,NATURELS,1.0,871f91560ffffff
21BB062497,NATURELS,2021-11-28 15:07:02,2021-11-28 15:28:09,1.0,2.0,1.0,2021,POINT (5.213866671657878 46.203070774636096),46.203070774636096,5.213866671657878,True,2021-11-28,NATURELS,1.0,871f91d43ffffff
21BB064211,NATURELS,2021-12-06 15:55:19,2021-12-06 17:12:53,1.0,1.0,1.0,2021,POINT (5.252639008838171 45.853279786493474),45.853279786493474,5.252639008838171,True,2021-12-06,NATURELS,1.0,871f91576ffffff
21BB065942,NATURELS,2021-12-15 06:01:51,2021-12-15 20:55:54,1.0,1.0,1.0,2021,POINT (6.093253846696744 46.3112961823764),46.3112961823764,6.093253846696744,True,2021-12-15,NATURELS,1.0,871f91a1dffffff
21BB066995,NATURELS,2021-12-20 16:35:08,2021-12-20 17:46:22,1.0,1.0,1.0,2021,POINT (5.394865106310328 46.13009330147964),46.13009330147964,5.394865106310328,True,2021-12-20,NATURELS,1.0,871f91c6bffffff
21BB067705,NATURELS,2021-12-24 15:20:50,2021-12-24 15:27:54,1.0,1.0,1.0,2021,POINT (5.997846914090667 46.255792786254105),46.255792786254105,5.997846914090667,True,2021-12-24,NATURELS,1.0,871f91aacffffff
21BB067775,NATURELS,2021-12-24 20:54:58,2021-12-24 22:06:56,1.0,1.0,1.0,2021,POINT (5.680297443267472 45.68201582969972),45.68201582969972,5.680297443267472,True,2021-12-24,NATURELS,1.0,871f917adffffff
22BB000571,NATURELS,2022-01-03 17:03:21,2022-01-03 20:15:48,1.0,4.0,1.0,2022,POINT (5.478128024030676 46.02500906861907),46.02500906861907,5.478128024030676,True,2022-01-03,NATURELS,1.0,871f911aaffffff
22BB002354,NATURELS,2022-01-13 13:09:38,2022-01-13 14:16:17,1.0,1.0,1.0,2022,POINT (5.37229777695576 46.28189172994748),46.28189172994748,5.37229777695576,True,2022-01-13,FORET,1.0,871f918a2ffffff
22BB002945,NATURELS,2022-01-16 17:27:58,2022-01-16 17:54:26,1.0,1.0,1.0,2022,POINT (6.081866679104961 46.253288325191804),46.25328832519181,6.081866679104961,True,2022-01-16,NATURELS,1.0,
22BB003250,NATURELS,2022-01-18 10:14:33,2022-01-18 11:04:47,1.0,1.0,1.0,2022,POINT (6.087499095946214 46.325682129155574),46.32568212915557,6.087499095946214,True,2022-01-18,NATURELS,1.0,871f91a0effffff
22BB003263,NATURELS,2022-01-18 11:16:44,2022-01-18 12:34:33,1.0,1.0,1.0,2022,POINT (6.087499095946214 46.325682129155574),46.32568212915557,6.087499095946214,True,2022-01-18,NATURELS,1.0,871f91a0effffff
22BB005580,NATURELS,2022-01-30 16:14:47,2022-01-30 17:23:37,1.0,1.0,1.0,2022,POINT (5.415391747332412 45.8676870429539),45.8676870429539,5.415391747332412,True,2022-01-30,NATURELS,1.0,871f9154cffffff
22BB007285,NATURELS,2022-02-08 18:22:20,2022-02-08 20:49:11,1.0,1.0,1.0,2022,POINT (5.577840691098485 46.216444290998155),46.21644429099816,5.577840691098485,True,2022-02-08,NATURELS,1.0,871f918d3ffffff
22BB007663,NATURELS,2022-02-10 17:28:28,2022-02-10 18:29:36,1.0,1.0,1.0,2022,POINT (5.505936794853038 45.92286162264846),45.92286162264846,5.505936794853038,True,2022-02-10,NATURELS,1.0,871f910a6ffffff
22BB008007,NATURELS,2022-02-12 17:11:53,2022-02-12 18:20:28,1.0,1.0,1.0,2022,POINT (5.625170687656601 46.29101695414698),46.29101695414698,5.625170687656601,True,2022-02-12,NATURELS,1.0,871f918c5ffffff
22BB008183,NATURELS,2022-02-13 14:49:20,2022-02-13 16:10:48,1.0,1.0,1.0,2022,POINT (5.521853160924874 45.734657597099364),45.73465759709936,5.521853160924874,True,2022-02-13,NATURELS,1.0,871f91441ffffff
22BB008216,NATURELS,2022-02-13 17:35:19,2022-02-13 18:48:22,1.0,1.0,1.0,2022,POINT (4.823137296803234 45.97380798541652),45.97380798541652,4.823137296803234,True,2022-02-13,NATURELS,1.0,871f91d92ffffff
22BB010217,NATURELS,2022-02-24 20:00:28,2022-02-24 20:58:43,1.0,1.0,1.0,2022,POINT (5.2551777754770255 46.13180612346731),46.13180612346731,5.2551777754770255,True,2022-02-24,NATURELS,1.0,871f91c75ffffff
22BB010330,NATURELS,2022-02-25 16:00:58,2022-02-25 16:56:05,1.0,1.0,1.0,2022,POINT (5.092374229563453 46.02256933556541),46.02256933556541,5.092374229563453,True,2022-02-25,NATURELS,1.0,871f91c1effffff
22BB010450,NATURELS,2022-02-26 10:39:18,2022-02-26 12:40:52,1.0,2.0,1.0,2022,POINT (5.438187571447927 46.0626434171984),46.0626434171984,5.438187571447927,True,2022-02-26,NATURELS,1.0,871f911a5ffffff
22BB010509,NATURELS,2022-02-26 15:49:43,2022-02-26 17:31:41,1.0,1.0,1.0,2022,POINT (5.463291249651983 46.075501934316165),46.075501934316165,5.463291249651983,True,2022-02-26,NATURELS,1.0,871f91112ffffff
22BB010692,NATURELS,2022-02-27 15:10:33,2022-02-27 18:19:22,1.0,1.0,1.0,2022,POINT (5.452001342486401 46.04129263644569),46.04129263644569,5.452001342486401,True,2022-02-27,NATURELS,1.0,871f911a1ffffff
22BB010703,NATURELS,2022-02-27 16:11:17,2022-02-27 17:59:13,1.0,1.0,1.0,2022,POINT (5.521974685421841 45.802941247730324),45.80294124773032,5.521974685421841,True,2022-02-27,NATURELS,1.0,871f9146cffffff
22BB010861,NATURELS,2022-02-28 15:13:00,2022-02-28 20:23:37,1.0,5.0,1.0,2022,POINT (5.618544644516642 45.77363386732292),45.77363386732292,5.618544644516642,True,2022-02-28,NATURELS,1.0,871f91730ffffff
22BB010911,NATURELS,2022-02-28 19:52:33,2022-02-28 21:11:30,1.0,3.0,1.0,2022,POINT (5.668791277993966 45.660008896550956),45.66000889655096,5.668791277993966,True,2022-02-28,NATURELS,1.0,871f917a8ffffff
22BB011020,NATURELS,2022-03-01 12:37:53,2022-03-01 15:29:58,1.0,1.0,1.0,2022,POINT (5.549624353252471 45.76764953951628),45.76764953951628,5.549624353252471,True,2022-03-01,NATURELS,1.0,871f9146bffffff
22BB011093,NATURELS,2022-03-01 18:07:52,2022-03-01 22:31:04,1.0,1.0,1.0,2022,POINT (5.405373957055032 45.92272132352354),45.92272132352354,5.405373957055032,True,2022-03-01,NATURELS,1.0,871f9156cffffff
22BB011204,NATURELS,2022-03-02 11:33:23,2022-03-02 12:27:12,1.0,1.0,1.0,2022,POINT (5.318866787639796 45.86875714913928),45.86875714913928,5.318866787639796,True,2022-03-02,NATURELS,1.0,871f91571ffffff
22BB011287,NATURELS,2022-03-02 17:50:53,2022-03-02 17:57:42,1.0,1.0,1.0,2022,POINT (5.13123344249408 45.871945623919316),45.87194562391932,5.13123344249408,True,2022-03-02,NATURELS,1.0,871f91520ffffff
22BB011443,NATURELS,2022-03-03 13:57:00,2022-03-03 15:40:56,1.0,2.0,1.0,2022,POINT (5.459642221487564 46.04332340524476),46.04332340524476,5.459642221487564,True,2022-03-03,NATURELS,1.0,871f911aeffffff
22BB011489,NATURELS,2022-03-03 17:32:28,2022-03-03 18:03:54,1.0,1.0,1.0,2022,POINT (5.466151609997907 46.08185160134029),46.08185160134029,5.466151609997907,True,2022-03-03,NATURELS,1.0,871f91112ffffff
22BB011599,NATURELS,2022-03-04 10:56:05,2022-03-04 12:45:44,1.0,5.0,1.0,2022,POINT (5.592889422932876 45.753040371981335),45.753040371981335,5.592889422932876,True,2022-03-04,FORET,1.0,871f9144dffffff
22BB011639,NATURELS,2022-03-04 13:55:23,2022-03-04 18:00:54,1.0,2.0,1.0,2022,POINT (5.6469005187448245 46.31576932484747),46.31576932484747,5.6469005187448245,True,2022-03-04,NATURELS,1.0,871f918eeffffff
22BB011652,NATURELS,2022-03-04 15:13:23,2022-03-04 17:15:59,1.0,1.0,1.0,2022,POINT (4.7806233385472074 46.188248672088314),46.18824867208832,4.780623338547208,True,2022-03-04,NATURELS,1.0,871f90a45ffffff
22BB011684,NATURELS,2022-03-04 17:56:09,2022-03-04 18:19:56,1.0,1.0,1.0,2022,POINT (5.4365469860312166 45.9474293158052),45.9474293158052,5.4365469860312166,True,2022-03-04,NATURELS,1.0,871f9119effffff
22BB011689,NATURELS,2022-03-04 18:19:56,2022-03-04 19:56:15,1.0,1.0,1.0,2022,POINT (5.446420203783497 45.96060902948222),45.96060902948222,5.446420203783497,True,2022-03-04,NATURELS,1.0,871f9119cffffff
22BB011698,NATURELS,2022-03-04 19:34:04,2022-03-04 20:53:13,1.0,1.0,1.0,2022,POINT (5.466401947549432 46.08735516772969),46.08735516772969,5.466401947549432,True,2022-03-04,NATURELS,1.0,871f91110ffffff
22BB011773,NATURELS,2022-03-05 11:18:06,2022-03-05 13:43:04,1.0,1.0,1.0,2022,POINT (5.634473817695821 46.26466844119188),46.26466844119188,5.634473817695821,True,2022-03-05,NATURELS,1.0,871f918c3ffffff
22BB011781,NATURELS,2022-03-05 12:06:15,2022-03-05 12:49:58,1.0,1.0,1.0,2022,POINT (6.114478316989438 46.26032964534197),46.26032964534197,6.114478316989438,True,2022-03-05,NATURELS,1.0,
22BB011807,NATURELS,2022-03-05 14:18:05,2022-03-05 14:37:52,1.0,1.0,1.0,2022,POINT (4.758090454648742 46.01570244189556),46.01570244189556,4.758090454648742,True,2022-03-05,NATURELS,1.0,871f90ac8ffffff
22BB011809,NATURELS,2022-03-05 14:23:31,2022-03-05 15:11:49,1.0,1.0,1.0,2022,POINT (5.611479496426021 46.150380319109324),46.15038031910933,5.611479496426021,True,2022-03-05,NATURELS,1.0,871f9110dffffff
22BB011824,NATURELS,2022-03-05 15:17:40,2022-03-05 16:19:57,1.0,1.0,1.0,2022,POINT (4.744108115833356 45.94744914112169),45.94744914112169,4.744108115833356,True,2022-03-05,NATURELS,1.0,871f90366ffffff
22BB011844,NATURELS,2022-03-05 16:36:52,2022-03-05 18:06:00,1.0,1.0,1.0,2022,POINT (6.031581061494868 46.27284607428808),46.27284607428808,6.031581061494868,True,2022-03-05,NATURELS,1.0,871f91a1effffff
22BB011860,NATURELS,2022-03-05 18:17:40,2022-03-05 19:12:25,1.0,1.0,1.0,2022,POINT (5.426699875812897 45.938290885144255),45.938290885144255,5.426699875812897,True,2022-03-05,NATURELS,1.0,871f9119effffff
22BB011870,NATURELS,2022-03-05 19:28:51,2022-03-05 19:58:54,1.0,1.0,1.0,2022,POINT (5.360330700243339 46.273811258416444),46.27381125841645,5.360330700243339,True,2022-03-05,NATURELS,1.0,871f918a2ffffff
22BB011877,NATURELS,2022-03-05 20:17:55,2022-03-05 21:04:01,1.0,1.0,1.0,2022,POINT (5.788060674886492 46.08955264819041),46.08955264819041,5.788060674886492,True,2022-03-05,NATURELS,1.0,871f9115bffffff
22BB012005,NATURELS,2022-03-06 16:45:50,2022-03-06 18:41:35,1.0,1.0,1.0,2022,POINT (5.52566051181323 46.184358135992944),46.184358135992944,5.52566051181323,True,2022-03-06,NATURELS,1.0,871f91123ffffff
22BB012035,NATURELS,2022-03-06 19:50:05,2022-03-06 21:09:20,1.0,1.0,1.0,2022,POINT (5.425535028550916 46.0321340389734),46.0321340389734,5.425535028550916,True,2022-03-06,NATURELS,1.0,871f911a3ffffff
22BB012126,NATURELS,2022-03-07 12:02:33,2022-03-07 12:36:04,1.0,1.0,1.0,2022,POINT (5.357465131917451 45.97060120806728),45.97060120806728,5.357465131917451,True,2022-03-07,NATURELS,1.0,871f91194ffffff
22BB012162,NATURELS,2022-03-07 15:28:24,2022-03-07 16:25:40,1.0,1.0,1.0,2022,POINT (5.683131992208588 45.7684044518831),45.7684044518831,5.683131992208588,True,2022-03-07,NATURELS,1.0,871f91706ffffff
22BB012207,NATURELS,2022-03-07 20:42:11,2022-03-07 22:05:54,1.0,1.0,1.0,2022,POINT (5.126229135545986 46.04279427708326),46.04279427708326,5.126229135545986,True,2022-03-07,NATURELS,1.0,871f91c1dffffff
22BB012285,NATURELS,2022-03-08 10:33:34,2022-03-08 11:43:05,1.0,1.0,1.0,2022,POINT (6.034766028204173 46.3180380407426),46.3180380407426,6.034766028204173,True,2022-03-08,FORET,1.0,871f91a02ffffff
22BB012318,NATURELS,2022-03-08 14:33:18,2022-03-08 16:12:39,1.0,1.0,1.0,2022,POINT (4.857520316745046 46.266585989497884),46.26658598949789,4.857520316745046,True,2022-03-08,NATURELS,1.0,871f9569cffffff
22BB012323,NATURELS,2022-03-08 14:56:58,2022-03-08 15:46:25,1.0,1.0,1.0,2022,POINT (4.790261318240543 46.020633084407955),46.02063308440796,4.790261318240543,True,2022-03-08,FORET,1.0,871f90ac9ffffff
22BB012332,NATURELS,2022-03-08 15:36:50,2022-03-08 16:43:48,1.0,1.0,1.0,2022,POINT (5.733124298984327 45.74222002562801),45.74222002562801,5.733124298984327,True,2022-03-08,NATURELS,1.0,871f9171dffffff
22BB012349,NATURELS,2022-03-08 17:16:30,2022-03-08 19:36:01,1.0,2.0,1.0,2022,POINT (5.531219939014073 45.74428680487609),45.74428680487609,5.531219939014073,True,2022-03-08,NATURELS,1.0,871f91441ffffff
22BB012508,NATURELS,2022-03-09 14:22:26,2022-03-09 16:01:18,1.0,1.0,1.0,2022,POINT (5.5504113607584635 46.106254981991526),46.106254981991526,5.550411360758464,True,2022-03-09,NATURELS,1.0,871f9111cffffff
22BB012526,NATURELS,2022-03-09 16:01:18,2022-03-09 18:11:49,1.0,1.0,1.0,2022,POINT (5.575706708605494 46.13551781002612),46.13551781002612,5.575706708605494,True,2022-03-09,NATURELS,1.0,871f91101ffffff
22BB012548,NATURELS,2022-03-09 17:14:45,2022-03-09 18:25:42,1.0,1.0,1.0,2022,POINT (5.233417137029251 45.90409401059583),45.90409401059583,5.233417137029251,True,2022-03-09,NATURELS,1.0,871f91cdeffffff
22BB012566,NATURELS,2022-03-09 18:16:09,2022-03-09 19:50:25,1.0,1.0,1.0,2022,POINT (5.41105451412118 46.06316062928037),46.06316062928037,5.41105451412118,True,2022-03-09,NATURELS,1.0,871f911a4ffffff
22BB012571,NATURELS,2022-03-09 18:29:12,2022-03-09 20:17:39,1.0,2.0,1.0,2022,POINT (5.41667549760069 46.03641900531929),46.03641900531929,5.41667549760069,True,2022-03-09,NATURELS,1.0,871f911a2ffffff
22BB012583,NATURELS,2022-03-09 19:27:54,2022-03-09 21:50:09,1.0,3.0,1.0,2022,POINT (5.366972063833113 46.38201982158978),46.38201982158978,5.366972063833113,True,2022-03-09,FORET,1.0,871f9198dffffff
22BB012717,NATURELS,2022-03-10 14:18:08,2022-03-10 16:11:48,1.0,2.0,1.0,2022,POINT (5.707722742690627 46.16571470736761),46.16571470736761,5.707722742690627,True,2022-03-10,NATURELS,1.0,871f91146ffffff
22BB012747,NATURELS,2022-03-10 17:06:01,2022-03-10 19:00:34,1.0,2.0,1.0,2022,POINT (5.966577752714457 46.23975893441626),46.23975893441626,5.966577752714457,True,2022-03-10,NATURELS,1.0,871f91aa1ffffff
22BB012758,NATURELS,2022-03-10 18:06:13,2022-03-10 19:23:20,1.0,1.0,1.0,2022,POINT (5.462846607873288 46.04079456638248),46.04079456638248,5.462846607873288,True,2022-03-10,NATURELS,1.0,871f911aeffffff
22BB012871,NATURELS,2022-03-11 09:37:04,2022-03-11 11:54:25,1.0,1.0,1.0,2022,POINT (5.444617717284811 46.08293261135331),46.08293261135331,5.444617717284811,True,2022-03-11,NATURELS,1.0,871f91116ffffff
22BB012928,NATURELS,2022-03-11 15:06:49,2022-03-11 16:02:26,1.0,1.0,1.0,2022,POINT (5.98118906303156 46.23697479438497),46.23697479438497,5.98118906303156,True,2022-03-11,NATURELS,1.0,871f91aaeffffff
22BB012955,NATURELS,2022-03-11 17:08:33,2022-03-11 18:02:41,1.0,1.0,1.0,2022,POINT (5.97415678278194 46.22417739410511),46.22417739410511,5.97415678278194,True,2022-03-11,NATURELS,1.0,
22BB013008,NATURELS,2022-03-11 22:58:37,2022-03-12 02:21:48,1.0,1.0,1.0,2022,POINT (5.246575753204214 46.40524614702988),46.40524614702988,5.246575753204214,True,2022-03-11,NATURELS,1.0,871f919a0ffffff
22BB013110,NATURELS,2022-03-12 16:21:15,2022-03-12 18:51:08,1.0,1.0,1.0,2022,POINT (5.645003124913811 46.30464956614983),46.30464956614983,5.645003124913811,True,2022-03-12,NATURELS,1.0,871f918c5ffffff
22BB013125,NATURELS,2022-03-12 17:15:47,2022-03-12 18:51:14,1.0,2.0,1.0,2022,POINT (5.529432486924818 46.003758861975776),46.003758861975776,5.529432486924818,True,2022-03-12,NATURELS,1.0,871f9118dffffff
22BB013129,NATURELS,2022-03-12 17:32:15,2022-03-12 19:12:17,1.0,1.0,1.0,2022,POINT (5.539858518398887 46.001527185518995),46.001527185519,5.539858518398887,True,2022-03-12,NATURELS,1.0,871f9118dffffff
22BB013136,NATURELS,2022-03-12 17:53:51,2022-03-12 19:29:46,1.0,1.0,1.0,2022,POINT (5.527253732107705 46.10828013596807),46.10828013596807,5.527253732107705,True,2022-03-12,NATURELS,1.0,871f91102ffffff
22BB013494,NATURELS,2022-03-14 17:16:06,2022-03-14 18:32:37,1.0,1.0,1.0,2022,POINT (5.179297011935502 45.82301811771351),45.82301811771351,5.179297011935502,True,2022-03-14,FORET,1.0,871f91501ffffff
22BB013524,NATURELS,2022-03-14 18:48:33,2022-03-14 20:49:11,1.0,1.0,1.0,2022,POINT (5.213079535908967 45.77667659087385),45.77667659087385,5.213079535908967,True,2022-03-14,NATURELS,1.0,871f91519ffffff
22BB013887,NATURELS,2022-03-16 12:44:00,2022-03-16 15:02:27,1.0,1.0,1.0,2022,POINT (4.931886281687312 45.967134571287794),45.967134571287794,4.931886281687312,True,2022-03-16,FORET,1.0,871f91cb4ffffff
22BB013940,NATURELS,2022-03-16 18:28:55,2022-03-16 20:16:31,1.0,1.0,1.0,2022,POINT (5.0184107986671185 46.12266483700173),46.12266483700173,5.018410798667119,True,2022-03-16,NATURELS,1.0,871f91d1bffffff
22BB013959,NATURELS,2022-03-16 20:13:46,2022-03-16 21:17:35,1.0,1.0,1.0,2022,POINT (5.21065025377423 45.794690265219025),45.79469026521903,5.21065025377423,True,2022-03-16,NATURELS,1.0,871f9150affffff
22BB014099,NATURELS,2022-03-17 16:26:11,2022-03-17 17:50:13,1.0,1.0,1.0,2022,POINT (5.33634631833934 46.09522443393098),46.09522443393098,5.33634631833934,True,2022-03-17,NATURELS,1.0,871f91c43ffffff
22BB014121,NATURELS,2022-03-17 18:24:20,2022-03-17 19:31:06,1.0,1.0,1.0,2022,POINT (5.140518350560489 45.811001614655574),45.81100161465557,5.140518350560489,True,2022-03-17,NATURELS,1.0,871f91502ffffff
22BB014159,NATURELS,2022-03-17 21:07:48,2022-03-17 22:30:02,1.0,4.0,1.0,2022,POINT (5.128482072283847 45.850029867260574),45.850029867260574,5.128482072283847,True,2022-03-17,NATURELS,1.0,871f91504ffffff
22BB014552,NATURELS,2022-03-19 19:04:24,2022-03-19 19:42:04,1.0,1.0,1.0,2022,POINT (5.372905161025762 46.279741583654804),46.2797415836548,5.372905161025762,True,2022-03-19,NATURELS,1.0,871f918a2ffffff
22BB014655,NATURELS,2022-03-20 11:04:52,2022-03-20 11:41:16,1.0,1.0,1.0,2022,POINT (4.943604353146061 45.93803123020406),45.93803123020406,4.943604353146061,True,2022-03-20,NATURELS,1.0,871f91cb0ffffff
22BB014686,NATURELS,2022-03-20 13:53:26,2022-03-20 14:59:51,1.0,1.0,1.0,2022,POINT (5.3417725516293215 46.3905046533659),46.3905046533659,5.3417725516293215,True,2022-03-20,NATURELS,1.0,871f919abffffff
22BB014699,NATURELS,2022-03-20 15:28:02,2022-03-20 16:01:13,1.0,1.0,1.0,2022,POINT (5.656816612483083 46.26484424588537),46.26484424588537,5.656816612483083,True,2022-03-20,NATURELS,1.0,871f918ceffffff
22BB014741,NATURELS,2022-03-20 18:24:26,2022-03-20 19:07:47,1.0,1.0,1.0,2022,POINT (5.417732437111475 46.110068799207795),46.1100687992078,5.417732437111475,True,2022-03-20,NATURELS,1.0,871f91c49ffffff
22BB014755,NATURELS,2022-03-20 19:03:21,2022-03-20 21:24:51,1.0,1.0,1.0,2022,POINT (5.75554487628386 45.75076041706052),45.75076041706052,5.75554487628386,True,2022-03-20,NATURELS,1.0,871f9170effffff
22BB014892,NATURELS,2022-03-21 14:29:45,2022-03-21 16:36:47,1.0,1.0,1.0,2022,POINT (5.693069603634129 45.88609104038303),45.88609104038303,5.693069603634129,True,2022-03-21,NATURELS,1.0,871f91089ffffff
22BB014933,NATURELS,2022-03-21 17:34:03,2022-03-21 19:49:02,1.0,1.0,1.0,2022,POINT (6.114159273758766 46.33027352656684),46.33027352656684,6.114159273758766,True,2022-03-21,NATURELS,1.0,871f91a0cffffff
22BB014935,NATURELS,2022-03-21 17:38:28,2022-03-21 20:39:21,1.0,2.0,1.0,2022,POINT (5.850086228939269 46.09822157224706),46.09822157224706,5.850086228939269,True,2022-03-21,NATURELS,1.0,871f91060ffffff
22BB014965,NATURELS,2022-03-21 19:36:25,2022-03-21 21:35:37,1.0,5.0,1.0,2022,POINT (5.4277115029248995 46.13818558446757),46.13818558446757,5.4277115029249,True,2022-03-21,NATURELS,1.0,871f91136ffffff
22BB015077,NATURELS,2022-03-22 11:49:39,2022-03-22 18:16:21,1.0,10.0,1.0,2022,POINT (5.4656371427665 46.072861772238106),46.072861772238106,5.4656371427665,True,2022-03-22,NATURELS,1.0,871f91112ffffff
22BB015123,NATURELS,2022-03-22 16:13:56,2022-03-22 17:47:19,1.0,1.0,1.0,2022,POINT (5.6858031852525635 45.92907246022749),45.92907246022749,5.685803185252564,True,2022-03-22,NATURELS,1.0,871f910f4ffffff
22BB015127,NATURELS,2022-03-22 16:27:02,2022-03-22 17:31:39,1.0,1.0,1.0,2022,POINT (5.977526673841869 46.22061949447215),46.22061949447215,5.977526673841869,True,2022-03-22,NATURELS,1.0,
22BB015130,NATURELS,2022-03-22 16:46:08,2022-03-22 17:46:26,1.0,1.0,1.0,2022,POINT (5.463675828296067 46.124986744460976),46.124986744460976,5.463675828296067,True,2022-03-22,NATURELS,1.0,871f91133ffffff
22BB015138,NATURELS,2022-03-22 17:08:16,2022-03-22 18:51:11,1.0,10.0,1.0,2022,POINT (5.330862558100324 46.18223574435656),46.18223574435656,5.330862558100324,True,2022-03-22,NATURELS,1.0,871f91892ffffff
22BB015144,NATURELS,2022-03-22 17:31:39,2022-03-22 19:07:36,1.0,1.0,1.0,2022,POINT (5.969827658684208 46.221137115564446),46.221137115564446,5.969827658684208,True,2022-03-22,NATURELS,1.0,
22BB015151,NATURELS,2022-03-22 17:58:04,2022-03-22 18:27:46,1.0,1.0,1.0,2022,POINT (5.404391638130314 46.08965104681433),46.08965104681433,5.404391638130314,True,2022-03-22,NATURELS,1.0,871f91c4bffffff
22BB015152,NATURELS,2022-03-22 17:59:10,2022-03-22 19:57:48,1.0,6.0,1.0,2022,POINT (5.772529293514571 45.84411337968827),45.84411337968827,5.772529293514571,True,2022-03-22,NATURELS,1.0,871f910deffffff
22BB015157,NATURELS,2022-03-22 18:20:01,2022-03-22 19:53:15,1.0,1.0,1.0,2022,POINT (5.400751193605193 46.11405114609286),46.11405114609286,5.400751193605193,True,2022-03-22,NATURELS,1.0,871f91c4dffffff
22BB015160,NATURELS,2022-03-22 18:27:46,2022-03-22 19:43:48,1.0,1.0,1.0,2022,POINT (5.41913615472731 46.1512503284097),46.1512503284097,5.41913615472731,True,2022-03-22,NATURELS,1.0,871f91136ffffff
22BB015180,NATURELS,2022-03-22 20:01:50,2022-03-22 21:00:12,1.0,1.0,1.0,2022,POINT (5.811088773397797 45.949284702572974),45.949284702572974,5.811088773397797,True,2022-03-22,NATURELS,1.0,871f910eeffffff
22BB015299,NATURELS,2022-03-23 15:23:28,2022-03-23 17:01:56,1.0,1.0,1.0,2022,POINT (5.826709049654569 46.10779021070722),46.10779021070722,5.826709049654569,True,2022-03-23,NATURELS,1.0,871f91066ffffff
22BB015315,NATURELS,2022-03-23 16:33:04,2022-03-23 17:31:19,1.0,1.0,1.0,2022,POINT (6.118019002836356 46.32930719357627),46.32930719357627,6.118019002836356,True,2022-03-23,NATURELS,1.0,871f91a08ffffff
22BB015318,NATURELS,2022-03-23 16:46:44,2022-03-23 18:28:08,1.0,3.0,1.0,2022,POINT (5.601129978413037 45.748848027577374),45.748848027577374,5.601129978413037,True,2022-03-23,NATURELS,1.0,871f91732ffffff
22BB015690,NATURELS,2022-03-25 12:19:55,2022-03-25 14:16:52,1.0,5.0,1.0,2022,POINT (5.545012627441701 45.87251005073185),45.87251005073185,5.545012627441701,True,2022-03-25,NATURELS,1.0,871f91086ffffff
22BB015705,NATURELS,2022-03-25 13:42:42,2022-03-25 14:52:45,1.0,1.0,1.0,2022,POINT (5.699787911060608 45.833715141011034),45.83371514101104,5.699787911060608,True,2022-03-25,NATURELS,1.0,871f91721ffffff
22BB015778,NATURELS,2022-03-25 18:44:51,2022-03-25 19:25:38,1.0,1.0,1.0,2022,POINT (5.233121703053183 45.912420351613214),45.912420351613214,5.233121703053183,True,2022-03-25,NATURELS,1.0,871f91cdeffffff
22BB015802,NATURELS,2022-03-25 20:50:21,2022-03-25 21:49:02,1.0,1.0,1.0,2022,POINT (5.030145607030942 46.108333248563476),46.10833324856348,5.030145607030942,True,2022-03-25,NATURELS,1.0,871f91c35ffffff
22BB015910,NATURELS,2022-03-26 12:31:19,2022-03-26 13:35:00,1.0,1.0,1.0,2022,POINT (5.41667549760069 46.03641900531929),46.03641900531929,5.41667549760069,True,2022-03-26,NATURELS,1.0,871f911a2ffffff
22BB015948,NATURELS,2022-03-26 15:59:02,2022-03-26 17:29:58,1.0,1.0,1.0,2022,POINT (6.0051295308378485 46.27042730710486),46.27042730710486,6.0051295308378485,True,2022-03-26,NATURELS,1.0,871f91a13ffffff
22BB015963,NATURELS,2022-03-26 16:38:04,2022-03-26 16:45:05,1.0,1.0,1.0,2022,POINT (4.797824844645911 46.17940553790817),46.17940553790817,4.797824844645911,True,2022-03-26,NATURELS,1.0,871f90a6affffff
22BB016008,NATURELS,2022-03-26 19:44:29,2022-03-26 20:27:10,1.0,1.0,1.0,2022,POINT (4.827179809505475 45.937488077112505),45.937488077112505,4.827179809505475,True,2022-03-26,NATURELS,1.0,871f9036effffff
22BB016048,NATURELS,2022-03-27 01:02:19,2022-03-27 01:38:54,1.0,1.0,1.0,2022,POINT (4.812876538841863 46.1704177182437),46.1704177182437,4.812876538841863,True,2022-03-27,FORET,1.0,871f90a4cffffff
22BB016129,NATURELS,2022-03-27 13:25:24,2022-03-27 15:01:56,1.0,4.0,1.0,2022,POINT (5.128482072283847 45.850029867260574),45.850029867260574,5.128482072283847,True,2022-03-27,NATURELS,1.0,871f91504ffffff
22BB016155,NATURELS,2022-03-27 15:28:46,2022-03-27 17:20:44,1.0,1.0,1.0,2022,POINT (5.516926465219542 46.193095127272386),46.19309512727239,5.516926465219542,True,2022-03-27,NATURELS,1.0,871f91120ffffff
22BB016166,NATURELS,2022-03-27 16:09:57,2022-03-27 18:16:32,1.0,1.0,1.0,2022,POINT (5.455121467093908 45.96990372767133),45.96990372767133,5.455121467093908,True,2022-03-27,NATURELS,1.0,871f91183ffffff
22BB016169,NATURELS,2022-03-27 16:18:00,2022-03-27 17:49:23,1.0,1.0,1.0,2022,POINT (5.45628708043192 46.08040481092765),46.08040481092765,5.45628708043192,True,2022-03-27,NATURELS,1.0,871f91112ffffff
22BB016174,NATURELS,2022-03-27 16:33:33,2022-03-27 17:11:52,1.0,1.0,1.0,2022,POINT (5.725636893817206 45.86409653753726),45.86409653753726,5.725636893817206,True,2022-03-27,NATURELS,1.0,871f910d0ffffff
22BB016196,NATURELS,2022-03-27 17:44:34,2022-03-27 18:33:33,1.0,1.0,1.0,2022,POINT (5.519254326819938 46.17654268508764),46.17654268508764,5.519254326819938,True,2022-03-27,FORET,1.0,871f91123ffffff
22BB016200,NATURELS,2022-03-27 17:53:53,2022-03-27 21:06:33,1.0,1.0,1.0,2022,POINT (5.552132048380963 46.22350775032044),46.22350775032044,5.552132048380963,True,2022-03-27,NATURELS,1.0,871f918d2ffffff
22BB016326,NATURELS,2022-03-28 11:03:55,2022-03-28 11:50:49,1.0,1.0,1.0,2022,POINT (5.126053224044334 45.861559292355),45.861559292355,5.126053224044334,True,2022-03-28,NATURELS,1.0,871f91523ffffff
22BB016336,NATURELS,2022-03-28 11:44:06,2022-03-28 12:21:16,1.0,1.0,1.0,2022,POINT (4.855379915450432 46.09893383422329),46.09893383422329,4.855379915450432,True,2022-03-28,FORET,1.0,871f91da0ffffff
22BB016405,NATURELS,2022-03-28 16:37:35,2022-03-28 19:47:09,1.0,2.0,1.0,2022,POINT (5.561293705379253 45.976730072582015),45.976730072582015,5.561293705379253,True,2022-03-28,NATURELS,1.0,871f91016ffffff
22BB016417,NATURELS,2022-03-28 17:26:28,2022-03-28 20:31:31,1.0,2.0,1.0,2022,POINT (5.766107704041703 46.05858515581692),46.05858515581692,5.766107704041703,True,2022-03-28,NATURELS,1.0,871f91076ffffff
22BB016456,NATURELS,2022-03-28 20:47:23,2022-03-28 22:33:57,1.0,1.0,1.0,2022,POINT (6.121086746942173 46.33153776605299),46.33153776605299,6.121086746942173,True,2022-03-28,NATURELS,1.0,871f91a08ffffff
22BB016464,NATURELS,2022-03-28 21:33:36,2022-03-28 22:58:35,1.0,1.0,1.0,2022,POINT (5.952586885758249 46.194390542914235),46.19439054291424,5.952586885758249,True,2022-03-28,FORET,1.0,871f91a80ffffff
22BB016466,NATURELS,2022-03-28 21:37:25,2022-03-28 22:28:03,1.0,1.0,1.0,2022,POINT (5.596864259133544 46.01604744698845),46.01604744698845,5.596864259133544,True,2022-03-28,NATURELS,1.0,871f91033ffffff
22BB016468,NATURELS,2022-03-28 21:49:06,2022-03-28 23:39:46,1.0,1.0,1.0,2022,POINT (5.342927847372379 46.241258242219274),46.24125824221928,5.342927847372379,True,2022-03-28,NATURELS,1.0,871f918b3ffffff
22BB016571,NATURELS,2022-03-29 12:30:31,2022-03-29 14:22:43,1.0,2.0,1.0,2022,POINT (5.667560002641482 46.21013826164993),46.21013826164993,5.667560002641482,True,2022-03-29,NATURELS,1.0,871f918dbffffff
22BB016632,NATURELS,2022-03-29 16:29:21,2022-03-29 17:35:44,1.0,1.0,1.0,2022,POINT (5.8096924362055455 45.97104947367561),45.97104947367561,5.8096924362055455,True,2022-03-29,NATURELS,1.0,871f910ecffffff
22BB016669,NATURELS,2022-03-29 18:44:02,2022-03-29 20:24:03,1.0,1.0,1.0,2022,POINT (5.427294603504895 46.031473580524924),46.03147358052493,5.427294603504895,True,2022-03-29,NATURELS,1.0,871f911a3ffffff
22BB016692,NATURELS,2022-03-29 21:10:18,2022-03-29 22:21:17,1.0,1.0,1.0,2022,POINT (4.836555626829259 46.27104710632278),46.27104710632278,4.836555626829259,True,2022-03-29,NATURELS,1.0,871f9569cffffff
22BB016897,NATURELS,2022-03-30 19:49:29,2022-03-30 20:59:41,1.0,1.0,1.0,2022,POINT (5.284086563471641 45.95260221137042),45.95260221137042,5.284086563471641,True,2022-03-30,NATURELS,1.0,871f91cceffffff
22BB016898,NATURELS,2022-03-30 19:56:03,2022-03-30 21:40:44,1.0,1.0,1.0,2022,POINT (5.365200798450784 45.94352691213234),45.94352691213234,5.365200798450784,True,2022-03-30,FORET,1.0,871f91196ffffff
22BB017073,NATURELS,2022-03-31 18:42:55,2022-03-31 20:27:23,1.0,1.0,1.0,2022,POINT (5.497426078473331 46.12796456122354),46.12796456122354,5.497426078473331,True,2022-03-31,NATURELS,1.0,871f91106ffffff
22BB017966,NATURELS,2022-04-05 17:26:31,2022-04-05 17:54:39,1.0,1.0,1.0,2022,POINT (5.9943819678382155 46.22835316687714),46.22835316687714,5.994381967838216,True,2022-04-05,NATURELS,1.0,871f91aaeffffff
22BB018004,NATURELS,2022-04-05 20:32:19,2022-04-05 22:28:46,1.0,1.0,1.0,2022,POINT (4.8623718047159015 46.144685964976205),46.144685964976205,4.8623718047159015,True,2022-04-05,FORET,1.0,871f90a4bffffff
22BB018224,NATURELS,2022-04-07 07:42:08,2022-04-07 08:16:32,1.0,1.0,1.0,2022,POINT (4.949695252157463 46.12187998501132),46.12187998501132,4.949695252157463,True,2022-04-07,FORET,1.0,871f91dadffffff
22BB018476,NATURELS,2022-04-08 12:52:25,2022-04-08 13:30:36,1.0,1.0,1.0,2022,POINT (5.405373957055032 45.92272132352354),45.92272132352354,5.405373957055032,True,2022-04-08,NATURELS,1.0,871f9156cffffff
22BB018496,NATURELS,2022-04-08 14:24:53,2022-04-08 14:39:38,1.0,1.0,1.0,2022,POINT (4.831118371732729 46.00733304248549),46.00733304248549,4.831118371732729,True,2022-04-08,NATURELS,1.0,871f91d90ffffff
22BB018616,NATURELS,2022-04-09 01:29:31,2022-04-09 03:02:52,1.0,1.0,1.0,2022,POINT (5.3226788994783725 45.95186495556367),45.95186495556367,5.3226788994783725,True,2022-04-09,NATURELS,1.0,871f91ccbffffff
22BB019161,NATURELS,2022-04-11 16:23:28,2022-04-11 16:54:36,1.0,1.0,1.0,2022,POINT (5.659935734090021 46.31917912754127),46.31917912754127,5.659935734090021,True,2022-04-11,NATURELS,1.0,871f918e8ffffff
22BB019228,NATURELS,2022-04-11 22:27:04,2022-04-11 23:48:48,1.0,1.0,1.0,2022,POINT (5.010871438478598 46.164100494298815),46.164100494298815,5.010871438478598,True,2022-04-11,NATURELS,1.0,871f91d1dffffff
22BB019372,NATURELS,2022-04-12 17:18:48,2022-04-12 18:19:04,1.0,1.0,1.0,2022,POINT (5.382748296242806 46.06398208758361),46.06398208758361,5.382748296242806,True,2022-04-12,NATURELS,1.0,871f91c59ffffff
22BB019551,NATURELS,2022-04-13 14:33:51,2022-04-13 15:17:02,1.0,1.0,1.0,2022,POINT (5.778795173246877 46.10561329450589),46.10561329450589,5.778795173246877,True,2022-04-13,FORET,1.0,871f91158ffffff
22BB019644,NATURELS,2022-04-13 23:46:57,2022-04-14 04:23:47,1.0,2.0,1.0,2022,POINT (5.233943010971314 46.275429627242204),46.27542962724221,5.233943010971314,True,2022-04-13,FORET,1.0,871f91d6cffffff
22BB019778,NATURELS,2022-04-14 15:03:05,2022-04-14 17:26:28,1.0,1.0,1.0,2022,POINT (5.977526673841869 46.22061949447215),46.22061949447215,5.977526673841869,True,2022-04-14,NATURELS,1.0,
22BB019949,NATURELS,2022-04-15 11:25:39,2022-04-15 13:13:13,1.0,1.0,1.0,2022,POINT (6.042850752557633 46.31229779010434),46.31229779010434,6.042850752557633,True,2022-04-15,FORET,1.0,871f91a02ffffff
22BB020173,NATURELS,2022-04-16 13:35:14,2022-04-16 15:24:11,1.0,2.0,1.0,2022,POINT (5.966577752714457 46.23975893441626),46.23975893441626,5.966577752714457,True,2022-04-16,NATURELS,1.0,871f91aa1ffffff
22BB020213,NATURELS,2022-04-16 17:47:00,2022-04-16 18:20:55,1.0,1.0,1.0,2022,POINT (5.8309643246425065 46.10994613048363),46.10994613048363,5.8309643246425065,True,2022-04-16,NATURELS,1.0,871f91064ffffff
22BB020238,NATURELS,2022-04-16 19:22:49,2022-04-16 20:52:09,1.0,1.0,1.0,2022,POINT (4.902956082102389 46.25130728485674),46.25130728485674,4.902956082102389,True,2022-04-16,NATURELS,1.0,871f95699ffffff
22BB020559,NATURELS,2022-04-18 12:55:02,2022-04-18 13:52:01,1.0,1.0,1.0,2022,POINT (5.406557167011161 46.02681762017091),46.02681762017091,5.406557167011161,True,2022-04-18,NATURELS,1.0,871f911a2ffffff
22BB020589,NATURELS,2022-04-18 15:32:13,2022-04-18 16:54:04,1.0,1.0,1.0,2022,POINT (5.272684359732366 46.109852940157964),46.10985294015797,5.272684359732366,True,2022-04-18,FORET,1.0,871f91c46ffffff
22BB020599,NATURELS,2022-04-18 16:30:20,2022-04-18 17:25:38,1.0,1.0,1.0,2022,POINT (5.622106664089177 46.224073763449056),46.224073763449056,5.622106664089177,True,2022-04-18,NATURELS,1.0,871f918deffffff
22BB020704,NATURELS,2022-04-19 09:15:48,2022-04-19 12:01:22,1.0,1.0,1.0,2022,POINT (5.285853987867517 46.024068734140705),46.02406873414071,5.285853987867517,True,2022-04-19,NATURELS,1.0,871f91cedffffff
22BB020768,NATURELS,2022-04-19 13:51:49,2022-04-19 16:01:57,1.0,3.0,1.0,2022,POINT (5.272752517334025 46.39014038008562),46.39014038008562,5.272752517334025,True,2022-04-19,NATURELS,1.0,871f919a3ffffff
22BB020860,NATURELS,2022-04-19 19:10:37,2022-04-19 21:16:49,1.0,1.0,1.0,2022,POINT (4.761330781260797 45.99405695830409),45.99405695830409,4.761330781260797,True,2022-04-19,FORET,1.0,871f90acbffffff
22BB020984,NATURELS,2022-04-20 14:03:58,2022-04-20 15:26:11,1.0,1.0,1.0,2022,POINT (5.187524322812146 45.91481769272925),45.91481769272925,5.187524322812146,True,2022-04-20,NATURELS,1.0,871f91cd3ffffff
22BB021006,NATURELS,2022-04-20 15:26:21,2022-04-20 16:42:20,1.0,1.0,1.0,2022,POINT (6.029550937391567 46.257078115347866),46.257078115347866,6.029550937391567,True,2022-04-20,NATURELS,1.0,871f91aadffffff
22BB021027,NATURELS,2022-04-20 16:34:29,2022-04-20 18:23:34,1.0,1.0,1.0,2022,POINT (5.285997285414551 45.98906932547884),45.98906932547884,5.285997285414551,True,2022-04-20,NATURELS,1.0,871f91ceaffffff
22BB021176,NATURELS,2022-04-21 12:45:20,2022-04-21 15:33:57,1.0,2.0,1.0,2022,POINT (5.450970993514292 46.15767111668885),46.15767111668885,5.450970993514292,True,2022-04-21,NATURELS,1.0,871f91135ffffff
22BB021251,NATURELS,2022-04-21 19:43:43,2022-04-21 21:22:03,1.0,1.0,1.0,2022,POINT (4.9755738863879815 45.88196092418599),45.88196092418599,4.9755738863879815,True,2022-04-21,NATURELS,1.0,871f91c93ffffff
22BB021405,NATURELS,2022-04-22 15:53:07,2022-04-22 16:31:26,1.0,1.0,1.0,2022,POINT (5.327359993832456 46.2150651118977),46.2150651118977,5.327359993832456,True,2022-04-22,NATURELS,1.0,871f91894ffffff
22BB021428,NATURELS,2022-04-22 17:43:53,2022-04-22 18:38:22,1.0,1.0,1.0,2022,POINT (5.186301496796719 45.91362427512255),45.91362427512255,5.186301496796719,True,2022-04-22,NATURELS,1.0,871f91cd3ffffff
22BB021579,NATURELS,2022-04-23 17:49:02,2022-04-23 19:36:27,1.0,1.0,1.0,2022,POINT (5.687657158266705 45.93026899586073),45.93026899586073,5.687657158266705,True,2022-04-23,NATURELS,1.0,871f910f4ffffff
22BB021741,NATURELS,2022-04-24 17:36:49,2022-04-24 18:22:13,1.0,1.0,1.0,2022,POINT (5.973563796956873 46.2331850576861),46.2331850576861,5.973563796956873,True,2022-04-24,FORET,1.0,871f91aaeffffff
22BB022496,NATURELS,2022-04-28 20:13:11,2022-04-28 21:03:06,1.0,1.0,1.0,2022,POINT (4.969207509676613 45.815604424077094),45.81560442407709,4.969207509676613,True,2022-04-28,NATURELS,1.0,871f9026affffff
22BB022691,NATURELS,2022-04-29 20:23:23,2022-04-29 22:33:34,1.0,1.0,1.0,2022,POINT (5.509233286614213 46.006373021308335),46.006373021308335,5.509233286614213,True,2022-04-29,NATURELS,1.0,871f9118cffffff
22BB022785,NATURELS,2022-04-30 11:52:54,2022-04-30 12:51:20,1.0,1.0,1.0,2022,POINT (4.843905976687638 46.31005948237693),46.31005948237693,4.843905976687638,True,2022-04-30,NATURELS,1.0,871f95680ffffff
22BB022880,NATURELS,2022-04-30 22:31:20,2022-04-30 22:58:58,1.0,1.0,1.0,2022,POINT (5.398331114624275 46.027878547629626),46.027878547629626,5.398331114624275,True,2022-04-30,NATURELS,1.0,871f911a2ffffff
22BB022996,NATURELS,2022-05-01 18:01:30,2022-05-01 18:40:55,1.0,1.0,1.0,2022,POINT (5.342007689528642 46.08120847958602),46.08120847958602,5.342007689528642,True,2022-05-01,NATURELS,1.0,871f91c5dffffff
22BB023088,NATURELS,2022-05-02 09:06:37,2022-05-02 10:18:31,1.0,1.0,1.0,2022,POINT (5.65957096565278 46.24826627856041),46.24826627856041,5.65957096565278,True,2022-05-02,NATURELS,1.0,871f918ddffffff
22BB023184,NATURELS,2022-05-02 14:45:07,2022-05-02 15:37:20,1.0,1.0,1.0,2022,POINT (5.682901827709819 45.7914728133363),45.7914728133363,5.682901827709819,True,2022-05-02,NATURELS,1.0,871f91704ffffff
22BB023246,NATURELS,2022-05-02 19:22:48,2022-05-02 21:11:52,1.0,1.0,1.0,2022,POINT (5.760395934024686 46.16633837022384),46.16633837022384,5.760395934024686,True,2022-05-02,FORET,1.0,871f91140ffffff
22BB023728,NATURELS,2022-05-05 12:33:52,2022-05-05 14:43:45,1.0,1.0,1.0,2022,POINT (5.957285218155604 46.248180390917874),46.248180390917874,5.957285218155604,True,2022-05-05,NATURELS,1.0,871f91aa1ffffff
22BB023802,NATURELS,2022-05-05 20:22:11,2022-05-05 21:26:53,1.0,1.0,1.0,2022,POINT (5.260566313432318 45.977226464174),45.977226464174,5.260566313432318,True,2022-05-05,NATURELS,1.0,871f91cc1ffffff
22BB023981,NATURELS,2022-05-06 19:00:02,2022-05-06 21:46:16,1.0,1.0,1.0,2022,POINT (5.277962247356518 46.099686015156564),46.09968601515656,5.277962247356518,True,2022-05-06,FORET,1.0,871f91c46ffffff
22BB024017,NATURELS,2022-05-06 22:00:02,2022-05-06 23:33:32,1.0,1.0,1.0,2022,POINT (4.873856493229215 46.296313958805555),46.29631395880556,4.873856493229215,True,2022-05-06,NATURELS,1.0,871f95683ffffff
22BB024506,NATURELS,2022-05-09 12:37:36,2022-05-09 13:55:43,1.0,1.0,1.0,2022,POINT (5.311510052078836 46.18461002998995),46.18461002998995,5.311510052078836,True,2022-05-09,NATURELS,1.0,871f91c65ffffff
22BB024907,NATURELS,2022-05-11 12:10:15,2022-05-11 12:38:14,1.0,1.0,1.0,2022,POINT (5.233191650511493 46.2100053610813),46.2100053610813,5.233191650511493,True,2022-05-11,NATURELS,1.0,871f91d4effffff
22BB024919,NATURELS,2022-05-11 12:34:31,2022-05-11 14:07:40,1.0,1.0,1.0,2022,POINT (5.072319161820953 45.93053129800059),45.93053129800059,5.072319161820953,True,2022-05-11,NATURELS,1.0,871f91c8effffff
22BB024927,NATURELS,2022-05-11 13:17:59,2022-05-11 14:01:16,1.0,1.0,1.0,2022,POINT (5.346584067974642 45.956099634682474),45.95609963468248,5.346584067974642,True,2022-05-11,NATURELS,1.0,871f91cc9ffffff
22BB024936,NATURELS,2022-05-11 14:22:10,2022-05-11 15:50:12,1.0,1.0,1.0,2022,POINT (5.166656190975921 46.1348134774458),46.1348134774458,5.166656190975921,True,2022-05-11,NATURELS,1.0,871f91c2dffffff
22BB024959,NATURELS,2022-05-11 16:06:09,2022-05-11 18:33:01,1.0,2.0,1.0,2022,POINT (5.619359291223647 46.2172287544097),46.2172287544097,5.619359291223647,True,2022-05-11,NATURELS,1.0,871f918deffffff
22BB024988,NATURELS,2022-05-11 17:42:06,2022-05-11 18:53:19,1.0,1.0,1.0,2022,POINT (4.925693221610313 46.43772208770357),46.43772208770357,4.925693221610313,True,2022-05-11,NATURELS,1.0,871f95600ffffff
22BB025236,NATURELS,2022-05-12 18:08:41,2022-05-12 18:37:46,1.0,1.0,1.0,2022,POINT (5.233191650511493 46.2100053610813),46.2100053610813,5.233191650511493,True,2022-05-12,NATURELS,1.0,871f91d4effffff
22BB025276,NATURELS,2022-05-12 21:32:11,2022-05-12 23:07:46,1.0,1.0,1.0,2022,POINT (4.957821865495569 46.289146665233076),46.28914666523308,4.957821865495569,True,2022-05-12,NATURELS,1.0,871f95689ffffff
22BB025378,NATURELS,2022-05-13 11:34:14,2022-05-13 13:37:20,1.0,2.0,1.0,2022,POINT (5.721091172219807 46.16978199349865),46.16978199349865,5.721091172219807,True,2022-05-13,FORET,1.0,871f91146ffffff
22BB025491,NATURELS,2022-05-13 18:42:39,2022-05-13 19:11:51,1.0,1.0,1.0,2022,POINT (5.364348712842299 45.94282053281805),45.94282053281805,5.364348712842299,True,2022-05-13,NATURELS,1.0,871f91196ffffff
22BB025513,NATURELS,2022-05-13 20:11:50,2022-05-13 20:46:45,1.0,1.0,1.0,2022,POINT (4.763955841960682 45.94488099471525),45.94488099471525,4.763955841960682,True,2022-05-13,NATURELS,1.0,871f90362ffffff
22BB025523,NATURELS,2022-05-13 21:20:24,2022-05-13 22:34:09,1.0,1.0,1.0,2022,POINT (5.463291249651983 46.075501934316165),46.075501934316165,5.463291249651983,True,2022-05-13,NATURELS,1.0,871f91112ffffff
22BB025657,NATURELS,2022-05-14 15:16:56,2022-05-14 16:23:47,1.0,1.0,1.0,2022,POINT (4.862067768498895 46.11541950186492),46.11541950186492,4.862067768498895,True,2022-05-14,NATURELS,1.0,871f91da5ffffff
22BB025787,NATURELS,2022-05-15 06:06:28,2022-05-15 07:23:39,1.0,1.0,1.0,2022,POINT (4.921439578952951 46.43589250862149),46.43589250862149,4.921439578952951,True,2022-05-15,NATURELS,1.0,871f95600ffffff
22BB025926,NATURELS,2022-05-15 18:14:49,2022-05-15 18:39:53,1.0,1.0,1.0,2022,POINT (6.075106904544473 46.24787321512449),46.24787321512449,6.075106904544473,True,2022-05-15,FORET,1.0,
22BB025928,NATURELS,2022-05-15 18:25:09,2022-05-15 19:52:04,1.0,1.0,1.0,2022,POINT (4.854456094904188 46.2536378069328),46.2536378069328,4.854456094904188,True,2022-05-15,NATURELS,1.0,871f95698ffffff
22BB026099,NATURELS,2022-05-16 14:49:02,2022-05-16 17:36:41,1.0,1.0,1.0,2022,POINT (4.937025556559963 45.92200707832339),45.92200707832339,4.937025556559963,True,2022-05-16,NATURELS,1.0,871f91cb2ffffff
22BB026108,NATURELS,2022-05-16 15:52:14,2022-05-16 16:33:00,1.0,1.0,1.0,2022,POINT (4.85269000271342 46.24826708732953),46.24826708732953,4.85269000271342,True,2022-05-16,FORET,1.0,871f9569effffff
22BB026252,NATURELS,2022-05-17 10:23:41,2022-05-17 10:56:57,1.0,1.0,1.0,2022,POINT (5.815777407466203 46.116475833774864),46.116475833774864,5.815777407466203,True,2022-05-17,NATURELS,1.0,871f91159ffffff
22BB026263,NATURELS,2022-05-17 11:23:46,2022-05-17 12:37:23,1.0,1.0,1.0,2022,POINT (5.817429037968469 46.100934989069344),46.100934989069344,5.817429037968469,True,2022-05-17,NATURELS,1.0,871f91066ffffff
22BB026353,NATURELS,2022-05-17 18:46:58,2022-05-17 19:18:22,1.0,1.0,1.0,2022,POINT (5.35628399974931 45.94682752360251),45.94682752360251,5.35628399974931,True,2022-05-17,NATURELS,1.0,871f91196ffffff
22BB026358,NATURELS,2022-05-17 19:18:22,2022-05-17 20:29:13,1.0,2.0,1.0,2022,POINT (5.367356561630747 45.941668210201954),45.941668210201954,5.367356561630747,True,2022-05-17,NATURELS,1.0,871f91196ffffff
22BB026731,NATURELS,2022-05-19 13:34:26,2022-05-19 15:20:13,1.0,5.0,1.0,2022,POINT (5.333400625438217 46.20320076532321),46.20320076532321,5.333400625438217,True,2022-05-19,NATURELS,1.0,871f91890ffffff
22BB026755,NATURELS,2022-05-19 15:05:21,2022-05-19 15:25:15,1.0,1.0,1.0,2022,POINT (5.393645930198249 46.15158229790751),46.15158229790751,5.393645930198249,True,2022-05-19,FORET,1.0,871f91c69ffffff
22BB026759,NATURELS,2022-05-19 15:37:36,2022-05-19 16:56:51,1.0,1.0,1.0,2022,POINT (4.921926920121692 46.39113349035166),46.39113349035166,4.921926920121692,True,2022-05-19,NATURELS,1.0,871f9561effffff
22BB026779,NATURELS,2022-05-19 17:39:51,2022-05-19 18:22:17,1.0,1.0,1.0,2022,POINT (5.310893294993564 46.09765324114086),46.09765324114086,5.310893294993564,True,2022-05-19,NATURELS,1.0,871f91c42ffffff
22BB026942,NATURELS,2022-05-20 11:29:28,2022-05-20 12:40:05,1.0,1.0,1.0,2022,POINT (5.118639261622635 45.85154315121194),45.85154315121194,5.118639261622635,True,2022-05-20,NATURELS,1.0,871f91522ffffff
22BB026966,NATURELS,2022-05-20 13:02:48,2022-05-20 17:05:27,1.0,2.0,1.0,2022,POINT (4.896747284727447 46.07819112934108),46.07819112934108,4.896747284727447,True,2022-05-20,NATURELS,1.0,871f91d85ffffff
22BB027008,NATURELS,2022-05-20 15:01:42,2022-05-20 16:18:21,1.0,1.0,1.0,2022,POINT (5.860023632502385 46.0921210892974),46.0921210892974,5.860023632502385,True,2022-05-20,NATURELS,1.0,871f91063ffffff
22BB027079,NATURELS,2022-05-20 18:46:22,2022-05-20 19:30:04,1.0,2.0,1.0,2022,POINT (5.310893294993564 46.09765324114086),46.09765324114086,5.310893294993564,True,2022-05-20,NATURELS,1.0,871f91c42ffffff
22BB027106,NATURELS,2022-05-20 20:24:04,2022-05-20 22:12:59,1.0,1.0,1.0,2022,POINT (5.021099894359882 46.02666453354986),46.02666453354986,5.021099894359882,True,2022-05-20,NATURELS,1.0,871f91c16ffffff
22BB027278,NATURELS,2022-05-21 13:05:56,2022-05-21 14:05:14,1.0,1.0,1.0,2022,POINT (5.983412596605505 46.17475715055379),46.17475715055379,5.983412596605505,True,2022-05-21,FORET,1.0,871f91a83ffffff
22BB027303,NATURELS,2022-05-21 15:20:46,2022-05-21 16:25:05,1.0,2.0,1.0,2022,POINT (4.936826863545167 45.93495624406534),45.93495624406534,4.936826863545167,True,2022-05-21,NATURELS,1.0,871f91cb0ffffff
22BB027315,NATURELS,2022-05-21 16:12:37,2022-05-21 17:36:31,1.0,1.0,1.0,2022,POINT (5.35628399974931 45.94682752360251),45.94682752360251,5.35628399974931,True,2022-05-21,NATURELS,1.0,871f91196ffffff
22BB027563,NATURELS,2022-05-22 16:40:18,2022-05-22 17:59:12,1.0,1.0,1.0,2022,POINT (4.834743201688134 46.02166416627019),46.02166416627019,4.834743201688134,True,2022-05-22,FORET,1.0,871f91d95ffffff
22BB028350,NATURELS,2022-05-25 17:02:48,2022-05-25 18:43:17,1.0,1.0,1.0,2022,POINT (5.05719772424615 46.27036688124647),46.27036688124647,5.05719772424615,True,2022-05-25,NATURELS,1.0,871f956deffffff
22BB028558,NATURELS,2022-05-26 15:21:51,2022-05-26 17:27:25,1.0,1.0,1.0,2022,POINT (4.901912247430295 46.35846090490094),46.35846090490094,4.901912247430295,True,2022-05-26,NATURELS,1.0,871f956a8ffffff
22BB028609,NATURELS,2022-05-26 19:26:45,2022-05-26 20:26:57,1.0,1.0,1.0,2022,POINT (5.530313813819485 45.935355030998466),45.93535503099847,5.530313813819485,True,2022-05-26,NATURELS,1.0,871f910a6ffffff
22BB028806,NATURELS,2022-05-27 19:56:45,2022-05-27 20:12:49,1.0,1.0,1.0,2022,POINT (5.988378260883958 46.233851966801),46.233851966801,5.988378260883958,True,2022-05-27,NATURELS,1.0,871f91aaeffffff
22BB028947,NATURELS,2022-05-28 14:01:22,2022-05-28 15:19:05,1.0,1.0,1.0,2022,POINT (4.821316800154636 45.92995739369227),45.92995739369227,4.821316800154636,True,2022-05-28,NATURELS,1.0,871f90345ffffff
22BB028994,NATURELS,2022-05-28 17:58:53,2022-05-28 18:49:19,1.0,1.0,1.0,2022,POINT (5.14973512741415 46.35745947603821),46.35745947603821,5.14973512741415,True,2022-05-28,NATURELS,1.0,871f919b6ffffff
22BB028996,NATURELS,2022-05-28 18:22:37,2022-05-28 19:30:24,1.0,1.0,1.0,2022,POINT (5.350935203851879 46.245736264344586),46.245736264344586,5.350935203851879,True,2022-05-28,NATURELS,1.0,871f918b3ffffff
22BB029189,NATURELS,2022-05-29 15:24:53,2022-05-29 15:58:17,1.0,1.0,1.0,2022,POINT (5.21065025377423 45.794690265219025),45.79469026521903,5.21065025377423,True,2022-05-29,NATURELS,1.0,871f9150affffff
22BB029288,NATURELS,2022-05-30 07:32:45,2022-05-30 08:44:28,1.0,1.0,1.0,2022,POINT (5.495988610755724 45.92172758457333),45.92172758457333,5.495988610755724,True,2022-05-30,NATURELS,1.0,871f9119bffffff
22BB029390,NATURELS,2022-05-30 18:17:37,2022-05-30 19:21:22,1.0,1.0,1.0,2022,POINT (5.339696693700314 46.05538484432259),46.05538484432259,5.339696693700314,True,2022-05-30,NATURELS,1.0,871f91c58ffffff
22BB029402,NATURELS,2022-05-30 18:57:16,2022-05-30 19:31:05,1.0,1.0,1.0,2022,POINT (5.640441255821274 46.253877744164285),46.253877744164285,5.640441255821274,True,2022-05-30,NATURELS,1.0,871f918c3ffffff
22BB029504,NATURELS,2022-05-31 10:16:59,2022-05-31 11:23:07,1.0,1.0,1.0,2022,POINT (5.0098236892740005 46.214681533173156),46.21468153317316,5.0098236892740005,True,2022-05-31,FORET,1.0,871f91d2affffff
22BB029857,NATURELS,2022-06-01 22:19:09,2022-06-01 23:36:37,1.0,1.0,1.0,2022,POINT (5.722647203503634 45.9485203267814),45.9485203267814,5.722647203503634,True,2022-06-01,NATURELS,1.0,871f910f5ffffff
22BB030085,NATURELS,2022-06-02 22:32:56,2022-06-02 23:41:09,1.0,1.0,1.0,2022,POINT (4.916268173776504 45.865152776738675),45.86515277673868,4.916268173776504,True,2022-06-02,FORET,1.0,871f90265ffffff
22BB030323,NATURELS,2022-06-03 20:44:33,2022-06-03 21:12:07,1.0,1.0,1.0,2022,POINT (4.970588270671013 45.825879157849776),45.825879157849776,4.970588270671013,True,2022-06-03,NATURELS,1.0,871f9026affffff
22BB030502,NATURELS,2022-06-04 14:57:52,2022-06-04 15:38:31,1.0,1.0,1.0,2022,POINT (5.997628518351716 46.22915788714947),46.22915788714947,5.997628518351716,True,2022-06-04,NATURELS,1.0,871f91aaeffffff
22BB030512,NATURELS,2022-06-04 15:21:54,2022-06-04 16:21:24,1.0,1.0,1.0,2022,POINT (4.8406331438484775 46.30470386433406),46.30470386433406,4.8406331438484775,True,2022-06-04,NATURELS,1.0,871f95680ffffff
22BB030539,NATURELS,2022-06-04 17:15:22,2022-06-04 18:00:04,1.0,1.0,1.0,2022,POINT (5.2568652441234205 46.351368279338736),46.351368279338736,5.2568652441234205,True,2022-06-04,NATURELS,1.0,871f91982ffffff
22BB030607,NATURELS,2022-06-04 22:11:16,2022-06-04 22:40:52,1.0,1.0,1.0,2022,POINT (5.3487006790930955 45.96031972572768),45.96031972572768,5.348700679093096,True,2022-06-04,NATURELS,1.0,871f91cc9ffffff
22BB030995,NATURELS,2022-06-06 20:36:53,2022-06-06 21:24:08,1.0,1.0,1.0,2022,POINT (4.831490568057833 46.27665864599718),46.27665864599718,4.831490568057833,True,2022-06-06,NATURELS,1.0,871f95682ffffff
22BB031250,NATURELS,2022-06-07 22:38:24,2022-06-08 00:04:28,1.0,1.0,1.0,2022,POINT (4.8407022409786595 46.02143303645799),46.02143303645799,4.84070224097866,True,2022-06-07,NATURELS,1.0,871f91d95ffffff
22BB031355,NATURELS,2022-06-08 16:27:22,2022-06-08 17:15:00,1.0,1.0,1.0,2022,POINT (5.346954240242426 45.92688245623238),45.92688245623238,5.346954240242426,True,2022-06-08,FORET,1.0,871f91565ffffff
22BB031759,NATURELS,2022-06-10 16:45:23,2022-06-10 17:30:01,1.0,2.0,1.0,2022,POINT (6.008968170552253 46.269186080499225),46.269186080499225,6.008968170552253,True,2022-06-10,NATURELS,1.0,871f91a13ffffff
22BB031857,NATURELS,2022-06-10 22:34:09,2022-06-11 00:02:14,1.0,1.0,1.0,2022,POINT (5.014746635561503 46.38839751529893),46.38839751529893,5.014746635561503,True,2022-06-10,NATURELS,1.0,871f956e6ffffff
22BB032114,NATURELS,2022-06-12 07:18:04,2022-06-12 13:08:04,1.0,1.0,1.0,2022,POINT (5.960740069265202 46.206621713022635),46.20662171302264,5.960740069265202,True,2022-06-12,FORET,1.0,871f91a84ffffff
22BB032170,NATURELS,2022-06-12 11:32:01,2022-06-12 11:43:37,1.0,1.0,1.0,2022,POINT (5.457532740548049 45.79756490949034),45.79756490949034,5.457532740548049,True,2022-06-12,NATURELS,1.0,871f91460ffffff
22BB032249,NATURELS,2022-06-12 17:00:41,2022-06-12 17:22:27,1.0,1.0,1.0,2022,POINT (5.032670596564522 45.84412179986053),45.84412179986053,5.032670596564522,True,2022-06-12,FORET,1.0,871f91534ffffff
22BB032297,NATURELS,2022-06-12 21:45:49,2022-06-12 23:58:31,1.0,1.0,1.0,2022,POINT (5.34942122384931 45.906972822942556),45.90697282294256,5.34942122384931,True,2022-06-12,NATURELS,1.0,871f91560ffffff
22BB032437,NATURELS,2022-06-13 13:13:33,2022-06-13 15:14:54,1.0,1.0,1.0,2022,POINT (5.966577752714457 46.23975893441626),46.23975893441626,5.966577752714457,True,2022-06-13,NATURELS,1.0,871f91aa1ffffff
22BB032463,NATURELS,2022-06-13 15:34:30,2022-06-13 16:41:16,1.0,1.0,1.0,2022,POINT (5.226392314017238 46.18299891124245),46.18299891124245,5.226392314017238,True,2022-06-13,NATURELS,1.0,871f91d5dffffff
22BB032594,NATURELS,2022-06-14 08:29:26,2022-06-14 09:42:10,1.0,1.0,1.0,2022,POINT (5.296190294643926 46.29054022809016),46.29054022809016,5.296190294643926,True,2022-06-14,NATURELS,1.0,871f9199affffff
22BB032737,NATURELS,2022-06-14 19:38:29,2022-06-14 20:47:14,1.0,1.0,1.0,2022,POINT (6.064825075956615 46.33119467523391),46.33119467523391,6.064825075956615,True,2022-06-14,NATURELS,1.0,871f91a00ffffff
22BB032763,NATURELS,2022-06-14 21:30:36,2022-06-14 22:05:35,1.0,1.0,1.0,2022,POINT (6.0983545788116444 46.24385158857014),46.24385158857014,6.0983545788116444,True,2022-06-14,NATURELS,1.0,871f91af5ffffff
22BB032766,NATURELS,2022-06-14 21:40:48,2022-06-14 23:05:07,1.0,1.0,1.0,2022,POINT (5.532522549781849 46.11801803379766),46.11801803379766,5.532522549781849,True,2022-06-14,NATURELS,1.0,871f91102ffffff
22BB032787,NATURELS,2022-06-15 00:23:33,2022-06-15 01:30:11,1.0,1.0,1.0,2022,POINT (5.5691367478225065 45.713504889303856),45.713504889303856,5.5691367478225065,True,2022-06-15,NATURELS,1.0,871f9144bffffff
22BB032854,NATURELS,2022-06-15 11:09:33,2022-06-15 11:50:30,1.0,1.0,1.0,2022,POINT (5.553720559921493 46.16796775510884),46.16796775510884,5.553720559921493,True,2022-06-15,FORET,1.0,871f9112effffff
22BB032870,NATURELS,2022-06-15 11:39:36,2022-06-15 12:21:08,1.0,1.0,1.0,2022,POINT (5.316145907705072 46.00786784480039),46.00786784480039,5.316145907705072,True,2022-06-15,NATURELS,1.0,871f91ce9ffffff
22BB032891,NATURELS,2022-06-15 13:17:30,2022-06-15 15:47:37,1.0,4.0,1.0,2022,POINT (5.04824364942846 46.25712300844116),46.25712300844116,5.04824364942846,True,2022-06-15,NATURELS,1.0,871f91d2dffffff
22BB033161,NATURELS,2022-06-16 13:35:03,2022-06-16 20:17:02,1.0,4.0,1.0,2022,POINT (5.222443480627868 45.83252389425472),45.83252389425472,5.222443480627868,True,2022-06-16,NATURELS,1.0,871f9150dffffff
22BB033192,NATURELS,2022-06-16 15:57:38,2022-06-16 17:01:34,1.0,2.0,1.0,2022,POINT (5.227218515883907 46.28597288221221),46.28597288221221,5.227218515883907,True,2022-06-16,NATURELS,1.0,871f91d6cffffff
22BB033243,NATURELS,2022-06-16 18:44:07,2022-06-16 19:26:56,1.0,1.0,1.0,2022,POINT (5.210416360427067 45.908869945938754),45.908869945938754,5.210416360427067,True,2022-06-16,NATURELS,1.0,871f91cdeffffff
22BB033434,NATURELS,2022-06-17 13:54:15,2022-06-17 17:19:34,1.0,6.0,1.0,2022,POINT (4.760270549361092 45.96104541760647),45.96104541760647,4.760270549361092,True,2022-06-17,NATURELS,1.0,871f90366ffffff
22BB033458,NATURELS,2022-06-17 15:58:18,2022-06-17 17:12:52,1.0,1.0,1.0,2022,POINT (5.914336300875766 46.14409069493682),46.14409069493682,5.914336300875766,True,2022-06-17,NATURELS,1.0,871f91a90ffffff
22BB033484,NATURELS,2022-06-17 17:40:36,2022-06-17 18:38:26,1.0,1.0,1.0,2022,POINT (5.9934773707077404 46.22957128381052),46.22957128381052,5.9934773707077404,True,2022-06-17,NATURELS,1.0,871f91aaeffffff
22BB033512,NATURELS,2022-06-17 19:33:31,2022-06-17 20:30:54,1.0,1.0,1.0,2022,POINT (4.760270549361092 45.96104541760647),45.96104541760647,4.760270549361092,True,2022-06-17,FORET,1.0,871f90366ffffff
22BB033553,NATURELS,2022-06-17 21:42:11,2022-06-17 22:22:28,1.0,1.0,1.0,2022,POINT (5.3330178511165345 45.95564196335113),45.95564196335113,5.333017851116535,True,2022-06-17,NATURELS,1.0,871f91cc9ffffff
22BB033756,NATURELS,2022-06-18 16:43:37,2022-06-18 21:42:10,1.0,7.0,1.0,2022,POINT (5.218100371296783 46.089768075324386),46.08976807532439,5.218100371296783,True,2022-06-18,NATURELS,1.0,871f91c72ffffff
22BB033774,NATURELS,2022-06-18 17:50:45,2022-06-18 18:41:48,1.0,1.0,1.0,2022,POINT (5.82218777101348 46.114855302856064),46.114855302856064,5.82218777101348,True,2022-06-18,NATURELS,1.0,871f91064ffffff
22BB033825,NATURELS,2022-06-18 20:14:33,2022-06-18 20:54:24,1.0,3.0,1.0,2022,POINT (5.672567277828559 46.28161723673302),46.28161723673302,5.672567277828559,True,2022-06-18,NATURELS,1.0,871f918ccffffff
22BB033844,NATURELS,2022-06-18 21:34:25,2022-06-18 22:45:59,1.0,3.0,1.0,2022,POINT (4.824775807555066 45.91777418290949),45.91777418290949,4.824775807555066,True,2022-06-18,NATURELS,1.0,871f90341ffffff
22BB033865,NATURELS,2022-06-18 23:11:32,2022-06-19 00:40:29,1.0,1.0,1.0,2022,POINT (5.664172770331606 45.88225791404128),45.88225791404128,5.664172770331606,True,2022-06-18,FORET,1.0,871f91088ffffff
22BB033876,NATURELS,2022-06-19 00:00:49,2022-06-19 01:06:15,1.0,3.0,1.0,2022,POINT (5.293868728024504 46.287728753112276),46.28772875311228,5.293868728024504,True,2022-06-19,NATURELS,1.0,871f9199affffff
22BB033882,NATURELS,2022-06-19 01:02:07,2022-06-19 08:06:52,1.0,6.0,1.0,2022,POINT (5.438147635525641 46.06832601194916),46.06832601194916,5.438147635525641,True,2022-06-19,NATURELS,1.0,871f911a5ffffff
22BB033920,NATURELS,2022-06-19 07:41:04,2022-06-19 08:33:46,1.0,1.0,1.0,2022,POINT (5.650642548272557 45.82047916975822),45.82047916975822,5.650642548272557,True,2022-06-19,NATURELS,1.0,871f91726ffffff
22BB033989,NATURELS,2022-06-19 12:58:50,2022-06-19 15:31:48,1.0,5.0,1.0,2022,POINT (5.149261396288133 46.16669421638708),46.16669421638708,5.149261396288133,True,2022-06-19,NATURELS,1.0,871f91d53ffffff
22BB034001,NATURELS,2022-06-19 13:44:55,2022-06-19 16:29:13,1.0,6.0,1.0,2022,POINT (5.040818998240963 45.841927658450224),45.841927658450224,5.040818998240963,True,2022-06-19,NATURELS,1.0,871f91534ffffff
22BB034002,NATURELS,2022-06-19 13:48:51,2022-06-19 18:28:31,1.0,5.0,1.0,2022,POINT (5.17314572831437 46.13285024384821),46.13285024384821,5.17314572831437,True,2022-06-19,NATURELS,1.0,871f91c29ffffff
22BB034014,NATURELS,2022-06-19 14:17:28,2022-06-19 19:49:07,1.0,5.0,1.0,2022,POINT (5.004223900135117 46.329825209444884),46.32982520944488,5.004223900135117,True,2022-06-19,NATURELS,1.0,871f956f3ffffff
22BB034023,NATURELS,2022-06-19 14:43:35,2022-06-19 19:33:57,1.0,9.0,1.0,2022,POINT (5.326212762918168 46.04646926564195),46.04646926564195,5.326212762918168,True,2022-06-19,FORET,1.0,871f91c5affffff
22BB034039,NATURELS,2022-06-19 15:45:38,2022-06-19 18:33:49,1.0,5.0,1.0,2022,POINT (5.212628267748039 45.83716881238444),45.83716881238444,5.212628267748039,True,2022-06-19,NATURELS,1.0,871f9150cffffff
22BB034110,NATURELS,2022-06-19 19:08:29,2022-06-19 22:26:46,1.0,3.0,1.0,2022,POINT (4.966205306405829 46.40176550176737),46.40176550176737,4.966205306405829,True,2022-06-19,NATURELS,1.0,871f9561dffffff
22BB034140,NATURELS,2022-06-19 21:14:19,2022-06-19 23:03:01,1.0,3.0,1.0,2022,POINT (5.361054631083244 45.964751650417774),45.964751650417774,5.361054631083244,True,2022-06-19,NATURELS,1.0,871f91194ffffff
22BB034169,NATURELS,2022-06-19 23:40:51,2022-06-20 00:38:37,1.0,3.0,1.0,2022,POINT (5.040818998240963 45.841927658450224),45.841927658450224,5.040818998240963,True,2022-06-19,NATURELS,1.0,871f91534ffffff
22BB034202,NATURELS,2022-06-20 07:52:54,2022-06-20 08:49:29,1.0,3.0,1.0,2022,POINT (5.040818998240963 45.841927658450224),45.841927658450224,5.040818998240963,True,2022-06-20,NATURELS,1.0,871f91534ffffff
22BB034261,NATURELS,2022-06-20 11:14:21,2022-06-20 12:16:57,1.0,1.0,1.0,2022,POINT (4.967520218372852 46.27674227124178),46.27674227124178,4.967520218372852,True,2022-06-20,FORET,1.0,871f956d6ffffff
22BB034281,NATURELS,2022-06-20 12:00:18,2022-06-20 15:45:45,1.0,6.0,1.0,2022,POINT (5.120043486065891 46.09782683838718),46.09782683838718,5.120043486065891,True,2022-06-20,NATURELS,1.0,871f91c05ffffff
22BB034322,NATURELS,2022-06-20 16:03:39,2022-06-20 18:51:42,1.0,5.0,1.0,2022,POINT (5.1873229132733405 45.94518919935115),45.94518919935115,5.1873229132733405,True,2022-06-20,NATURELS,1.0,871f91cd5ffffff
22BB034350,NATURELS,2022-06-20 17:28:22,2022-06-20 18:53:06,1.0,4.0,1.0,2022,POINT (4.981601865645919 45.832930065142264),45.83293006514226,4.981601865645919,True,2022-06-20,NATURELS,1.0,871f90268ffffff
22BB034389,NATURELS,2022-06-20 19:29:59,2022-06-20 20:22:25,1.0,3.0,1.0,2022,POINT (6.016558062508031 46.27156975640085),46.27156975640085,6.016558062508031,True,2022-06-20,NATURELS,1.0,871f91a13ffffff
22BB034412,NATURELS,2022-06-20 20:36:18,2022-06-20 23:28:10,1.0,5.0,1.0,2022,POINT (4.901633251903823 45.882023397143385),45.882023397143385,4.901633251903823,True,2022-06-20,NATURELS,1.0,871f9034bffffff
22BB034429,NATURELS,2022-06-20 22:05:40,2022-06-20 22:40:26,1.0,3.0,1.0,2022,POINT (5.229384090965359 46.21939391279185),46.21939391279185,5.229384090965359,True,2022-06-20,NATURELS,1.0,871f91d41ffffff
22BB034456,NATURELS,2022-06-21 02:08:51,2022-06-21 03:02:05,1.0,1.0,1.0,2022,POINT (5.306035696169814 46.13735995550114),46.13735995550114,5.306035696169814,True,2022-06-21,NATURELS,1.0,871f91c63ffffff
22BB034594,NATURELS,2022-06-21 14:53:24,2022-06-21 17:27:46,1.0,6.0,1.0,2022,POINT (5.303414210601806 46.07073179000098),46.07073179000098,5.303414210601806,True,2022-06-21,NATURELS,1.0,871f91c51ffffff
22BB034595,NATURELS,2022-06-21 14:57:26,2022-06-21 15:25:09,1.0,1.0,1.0,2022,POINT (5.070975844895745 45.82701080220176),45.82701080220176,5.070975844895745,True,2022-06-21,FORET,1.0,871f91530ffffff
22BB034623,NATURELS,2022-06-21 16:19:53,2022-06-21 18:19:39,1.0,5.0,1.0,2022,POINT (4.869142166035031 46.10775381625512),46.10775381625512,4.869142166035031,True,2022-06-21,NATURELS,1.0,871f91da0ffffff
22BB034625,NATURELS,2022-06-21 16:25:25,2022-06-21 17:15:44,1.0,1.0,1.0,2022,POINT (5.680280567687008 45.68681586133943),45.68681586133943,5.680280567687008,True,2022-06-21,NATURELS,1.0,871f917adffffff
22BB034626,NATURELS,2022-06-21 16:27:55,2022-06-21 19:06:04,1.0,4.0,1.0,2022,POINT (4.8672429197639095 46.233900352779756),46.23390035277976,4.8672429197639095,True,2022-06-21,NATURELS,1.0,871f9569affffff
22BB034630,NATURELS,2022-06-21 16:47:35,2022-06-21 18:19:53,1.0,3.0,1.0,2022,POINT (5.013532992918374 46.26516823940957),46.26516823940957,5.013532992918374,True,2022-06-21,FORET,1.0,871f956d3ffffff
22BB035699,NATURELS,2022-06-24 23:27:19,2022-06-25 00:14:46,1.0,1.0,1.0,2022,POINT (5.883607346086163 46.09988448445894),46.09988448445894,5.883607346086163,True,2022-06-24,NATURELS,1.0,871f91061ffffff
22BB035919,NATURELS,2022-06-25 19:18:36,2022-06-25 20:41:55,1.0,1.0,1.0,2022,POINT (5.95121252115364 46.21181701577405),46.21181701577405,5.95121252115364,True,2022-06-25,NATURELS,1.0,871f91a84ffffff
22BB036692,NATURELS,2022-06-29 12:02:45,2022-06-29 13:03:46,1.0,1.0,1.0,2022,POINT (5.065817448807652 46.14983346401726),46.14983346401726,5.065817448807652,True,2022-06-29,NATURELS,1.0,871f91c24ffffff
22BB036734,NATURELS,2022-06-29 14:35:12,2022-06-29 16:07:55,1.0,6.0,1.0,2022,POINT (5.199086711133108 45.80074725231707),45.80074725231707,5.199086711133108,True,2022-06-29,NATURELS,1.0,871f9150affffff
22BB036737,NATURELS,2022-06-29 15:09:26,2022-06-29 15:48:59,1.0,1.0,1.0,2022,POINT (4.992780192480353 46.23511242658963),46.23511242658963,4.992780192480353,True,2022-06-29,NATURELS,1.0,871f91d2effffff
22BB036751,NATURELS,2022-06-29 16:36:28,2022-06-29 17:49:22,1.0,1.0,1.0,2022,POINT (5.574488365139999 45.72188657586786),45.72188657586786,5.574488365139999,True,2022-06-29,FORET,1.0,871f9144bffffff
22BB036818,NATURELS,2022-06-29 21:01:48,2022-06-29 21:50:56,1.0,1.0,1.0,2022,POINT (5.210099110936598 45.895427770150086),45.895427770150086,5.210099110936598,True,2022-06-29,NATURELS,1.0,871f9152dffffff
22BB036981,NATURELS,2022-06-30 15:10:59,2022-06-30 15:18:01,1.0,1.0,1.0,2022,POINT (5.470540118032693 46.11462191916318),46.11462191916318,5.470540118032693,True,2022-06-30,NATURELS,1.0,871f91114ffffff
22BB036983,NATURELS,2022-06-30 15:18:24,2022-06-30 16:39:23,1.0,1.0,1.0,2022,POINT (5.455753251688671 46.09599655955393),46.09599655955393,5.455753251688671,True,2022-06-30,FORET,1.0,871f91116ffffff
22BB037240,NATURELS,2022-07-01 19:09:28,2022-07-01 19:37:51,1.0,1.0,1.0,2022,POINT (5.451823414250121 45.78540618279905),45.78540618279905,5.451823414250121,True,2022-07-01,NATURELS,1.0,871f91460ffffff
22BB037489,NATURELS,2022-07-02 19:32:56,2022-07-02 20:04:29,1.0,1.0,1.0,2022,POINT (5.467660893841273 45.79074623812997),45.79074623812997,5.467660893841273,True,2022-07-02,NATURELS,1.0,871f91460ffffff
22BB037556,NATURELS,2022-07-03 04:21:53,2022-07-03 05:06:00,1.0,1.0,1.0,2022,POINT (5.904066684730997 46.14456843010413),46.14456843010413,5.904066684730997,True,2022-07-03,NATURELS,1.0,871f91a90ffffff
22BB037713,NATURELS,2022-07-03 18:52:36,2022-07-03 20:39:04,1.0,1.0,1.0,2022,POINT (5.038259642685028 46.248143182971624),46.24814318297162,5.038259642685028,True,2022-07-03,NATURELS,1.0,871f91d2dffffff
22BB037890,NATURELS,2022-07-04 14:45:36,2022-07-04 15:49:10,1.0,1.0,1.0,2022,POINT (5.21065025377423 45.794690265219025),45.79469026521903,5.21065025377423,True,2022-07-04,NATURELS,1.0,871f9150affffff
22BB038057,NATURELS,2022-07-05 10:23:19,2022-07-05 11:16:14,1.0,1.0,1.0,2022,POINT (5.418642243659822 46.08603062915322),46.08603062915322,5.418642243659822,True,2022-07-05,NATURELS,1.0,871f91c4bffffff
22BB038108,NATURELS,2022-07-05 16:11:28,2022-07-05 16:52:09,1.0,1.0,1.0,2022,POINT (5.82167060319897 46.10938671740326),46.10938671740326,5.82167060319897,True,2022-07-05,NATURELS,1.0,871f91066ffffff
22BB038110,NATURELS,2022-07-05 16:15:34,2022-07-05 16:16:50,1.0,1.0,1.0,2022,POINT (5.82167060319897 46.10938671740326),46.10938671740326,5.82167060319897,True,2022-07-05,NATURELS,1.0,871f91066ffffff
22BB038594,NATURELS,2022-07-07 18:07:24,2022-07-07 18:46:31,1.0,1.0,1.0,2022,POINT (5.822808975542169 46.11200830495152),46.11200830495152,5.822808975542169,True,2022-07-07,NATURELS,1.0,871f91064ffffff
22BB038693,NATURELS,2022-07-08 07:30:12,2022-07-08 09:59:15,1.0,1.0,1.0,2022,POINT (5.5577143893064695 46.1895279888979),46.1895279888979,5.5577143893064695,True,2022-07-08,FORET,1.0,871f9112cffffff
22BB038780,NATURELS,2022-07-08 15:25:10,2022-07-08 16:38:32,1.0,1.0,1.0,2022,POINT (5.833426262258111 46.12494577824443),46.12494577824443,5.833426262258111,True,2022-07-08,NATURELS,1.0,871f91064ffffff
22BB038781,NATURELS,2022-07-08 15:25:25,2022-07-08 16:06:29,1.0,1.0,1.0,2022,POINT (4.956343655874712 46.47147013182774),46.47147013182774,4.956343655874712,True,2022-07-08,NATURELS,1.0,871f95605ffffff
22BB038871,NATURELS,2022-07-08 22:09:15,2022-07-09 02:32:46,1.0,2.0,1.0,2022,POINT (5.971113805379537 46.241405718663),46.241405718663,5.971113805379537,True,2022-07-08,NATURELS,1.0,871f91aa1ffffff
22BB038956,NATURELS,2022-07-09 12:02:49,2022-07-09 14:04:55,1.0,1.0,1.0,2022,POINT (5.058476974528471 45.85984805746549),45.85984805746549,5.058476974528471,True,2022-07-09,FORET,1.0,871f91c9bffffff
22BB039235,NATURELS,2022-07-10 14:56:07,2022-07-10 18:31:41,1.0,2.0,1.0,2022,POINT (6.069739963471116 46.24666319546566),46.24666319546566,6.069739963471116,True,2022-07-10,NATURELS,1.0,
22BB039456,NATURELS,2022-07-11 13:56:02,2022-07-11 15:54:44,1.0,1.0,1.0,2022,POINT (5.966577752714457 46.23975893441626),46.23975893441626,5.966577752714457,True,2022-07-11,NATURELS,1.0,871f91aa1ffffff
22BB039465,NATURELS,2022-07-11 14:54:17,2022-07-11 16:33:26,1.0,1.0,1.0,2022,POINT (4.836361864049621 45.91646440324985),45.91646440324985,4.836361864049621,True,2022-07-11,NATURELS,1.0,871f90341ffffff
22BB039533,NATURELS,2022-07-11 19:18:49,2022-07-11 20:51:42,1.0,1.0,1.0,2022,POINT (5.959398641277236 46.25126508313212),46.25126508313212,5.959398641277236,True,2022-07-11,NATURELS,1.0,871f91aa1ffffff
22BB039551,NATURELS,2022-07-11 20:45:05,2022-07-11 21:11:50,1.0,1.0,1.0,2022,POINT (5.121737314438451 46.32971072215658),46.32971072215658,5.121737314438451,True,2022-07-11,NATURELS,1.0,871f956ccffffff
22BB039734,NATURELS,2022-07-12 17:07:29,2022-07-13 00:17:32,1.0,1.0,1.0,2022,POINT (5.957285218155604 46.248180390917874),46.248180390917874,5.957285218155604,True,2022-07-12,NATURELS,1.0,871f91aa1ffffff
22BB039945,NATURELS,2022-07-13 14:44:49,2022-07-13 15:51:52,1.0,1.0,1.0,2022,POINT (4.992180946516459 46.22440495802274),46.22440495802274,4.992180946516459,True,2022-07-13,NATURELS,1.0,871f91d2effffff
22BB040082,NATURELS,2022-07-13 23:19:08,2022-07-14 00:45:06,1.0,1.0,1.0,2022,POINT (5.333758292390018 45.94958996896057),45.94958996896057,5.333758292390018,True,2022-07-13,NATURELS,1.0,871f91ccbffffff
22BB040087,NATURELS,2022-07-13 23:42:25,2022-07-14 00:31:05,1.0,1.0,1.0,2022,POINT (5.820484060384895 46.10499246359716),46.10499246359716,5.820484060384895,True,2022-07-13,NATURELS,1.0,871f91066ffffff
22BB040225,NATURELS,2022-07-14 15:58:47,2022-07-14 16:36:56,1.0,1.0,1.0,2022,POINT (5.657244525049704 46.2663265351955),46.2663265351955,5.657244525049704,True,2022-07-14,NATURELS,1.0,871f918ceffffff
22BB040259,NATURELS,2022-07-14 18:01:55,2022-07-14 19:57:45,1.0,1.0,1.0,2022,POINT (5.110182949697932 45.82593317860537),45.82593317860537,5.110182949697932,True,2022-07-14,FORET,1.0,871f91506ffffff
22BB040317,NATURELS,2022-07-14 20:50:16,2022-07-14 21:39:47,1.0,1.0,1.0,2022,POINT (5.957285218155604 46.248180390917874),46.248180390917874,5.957285218155604,True,2022-07-14,NATURELS,1.0,871f91aa1ffffff
22BB040346,NATURELS,2022-07-14 22:45:18,2022-07-14 23:45:26,1.0,2.0,1.0,2022,POINT (5.435583449657662 45.95207482049927),45.95207482049927,5.435583449657662,True,2022-07-14,NATURELS,1.0,871f91191ffffff
22BB040350,NATURELS,2022-07-14 23:14:42,2022-07-15 00:30:33,1.0,1.0,1.0,2022,POINT (5.128557054519885 45.86011978723855),45.86011978723855,5.128557054519885,True,2022-07-14,FORET,1.0,871f91523ffffff
22BB040367,NATURELS,2022-07-15 00:30:33,2022-07-15 01:33:01,1.0,1.0,1.0,2022,POINT (5.078046675140492 45.84897513492783),45.84897513492783,5.078046675140492,True,2022-07-15,NATURELS,1.0,871f91535ffffff
22BB040424,NATURELS,2022-07-15 08:18:31,2022-07-15 10:04:21,1.0,1.0,1.0,2022,POINT (5.957285218155604 46.248180390917874),46.248180390917874,5.957285218155604,True,2022-07-15,NATURELS,1.0,871f91aa1ffffff
22BB040643,NATURELS,2022-07-16 01:47:15,2022-07-16 08:02:10,1.0,2.0,1.0,2022,POINT (6.044648793263348 46.29938601427145),46.29938601427145,6.044648793263348,True,2022-07-16,NATURELS,1.0,871f91a1cffffff
22BB040646,NATURELS,2022-07-16 02:19:02,2022-07-16 03:17:33,1.0,1.0,1.0,2022,POINT (5.280901577101311 45.87889549882838),45.87889549882838,5.280901577101311,True,2022-07-16,NATURELS,1.0,871f91575ffffff
22BB040680,NATURELS,2022-07-16 08:58:56,2022-07-16 09:41:26,1.0,1.0,1.0,2022,POINT (5.116526646111311 45.826352620204986),45.826352620204986,5.116526646111311,True,2022-07-16,FORET,1.0,871f91506ffffff
22BB040685,NATURELS,2022-07-16 09:19:58,2022-07-16 10:13:00,1.0,2.0,1.0,2022,POINT (5.024903643466286 45.85280570584444),45.85280570584444,5.024903643466286,True,2022-07-16,NATURELS,1.0,871f90269ffffff
22BB040723,NATURELS,2022-07-16 11:39:20,2022-07-16 12:46:02,1.0,1.0,1.0,2022,POINT (6.044559666090451 46.307999613628404),46.3079996136284,6.044559666090451,True,2022-07-16,NATURELS,1.0,871f91a02ffffff
22BB040832,NATURELS,2022-07-16 18:28:00,2022-07-16 19:27:22,1.0,1.0,1.0,2022,POINT (6.048180030714362 46.32335516570003),46.32335516570003,6.048180030714362,True,2022-07-16,NATURELS,1.0,871f91a00ffffff
22BB041035,NATURELS,2022-07-17 12:50:31,2022-07-17 13:57:20,1.0,1.0,1.0,2022,POINT (6.044648793263348 46.29938601427145),46.29938601427145,6.044648793263348,True,2022-07-17,NATURELS,1.0,871f91a1cffffff
22BB041044,NATURELS,2022-07-17 13:23:53,2022-07-17 14:04:10,1.0,1.0,1.0,2022,POINT (5.324912774120708 46.17891772555366),46.17891772555366,5.324912774120708,True,2022-07-17,NATURELS,1.0,871f91892ffffff
22BB041054,NATURELS,2022-07-17 14:29:48,2022-07-17 15:48:15,1.0,1.0,1.0,2022,POINT (5.78240753233782 45.75205504819034),45.75205504819034,5.78240753233782,True,2022-07-17,NATURELS,1.0,871f91708ffffff
22BB041165,NATURELS,2022-07-18 00:16:09,2022-07-18 01:00:40,1.0,1.0,1.0,2022,POINT (5.302097078208648 45.9691457724951),45.9691457724951,5.302097078208648,True,2022-07-18,NATURELS,1.0,871f91cccffffff
22BB041319,NATURELS,2022-07-18 15:54:45,2022-07-18 17:29:27,1.0,1.0,1.0,2022,POINT (5.109404615571294 45.828626087072124),45.82862608707213,5.109404615571294,True,2022-07-18,FORET,1.0,871f91506ffffff
22BB041321,NATURELS,2022-07-18 15:57:03,2022-07-18 16:20:31,1.0,1.0,1.0,2022,POINT (5.683974070412606 45.763003439129214),45.763003439129214,5.683974070412606,True,2022-07-18,NATURELS,1.0,871f91706ffffff
22BB041342,NATURELS,2022-07-18 17:07:03,2022-07-18 17:40:06,1.0,1.0,1.0,2022,POINT (4.829339303313028 46.073821181093535),46.073821181093535,4.829339303313028,True,2022-07-18,NATURELS,1.0,871f91db5ffffff
22BB041475,NATURELS,2022-07-19 09:47:37,2022-07-19 11:29:27,1.0,3.0,1.0,2022,POINT (5.035750897080081 46.00744627700179),46.00744627700179,5.035750897080081,True,2022-07-19,NATURELS,1.0,871f91c12ffffff
22BB041493,NATURELS,2022-07-19 10:34:17,2022-07-19 12:01:57,1.0,1.0,1.0,2022,POINT (6.028666136182286 46.258584098731596),46.2585840987316,6.028666136182286,True,2022-07-19,NATURELS,1.0,871f91aadffffff
22BB041498,NATURELS,2022-07-19 11:04:49,2022-07-19 13:06:53,1.0,1.0,1.0,2022,POINT (5.805634112059534 45.981404944655196),45.9814049446552,5.805634112059534,True,2022-07-19,NATURELS,1.0,871f91052ffffff
22BB041516,NATURELS,2022-07-19 12:48:16,2022-07-19 17:40:28,1.0,12.0,1.0,2022,POINT (5.774786645444652 46.09375797368206),46.09375797368206,5.774786645444652,True,2022-07-19,FORET,1.0,871f9115bffffff
22BB041517,NATURELS,2022-07-19 12:50:18,2022-07-19 14:05:02,1.0,3.0,1.0,2022,POINT (5.035750897080081 46.00744627700179),46.00744627700179,5.035750897080081,True,2022-07-19,NATURELS,1.0,871f91c12ffffff
22BB041526,NATURELS,2022-07-19 13:17:58,2022-07-19 14:59:52,1.0,1.0,1.0,2022,POINT (6.044648793263348 46.29938601427145),46.29938601427145,6.044648793263348,True,2022-07-19,NATURELS,1.0,871f91a1cffffff
22BB041557,NATURELS,2022-07-19 15:21:11,2022-07-19 18:19:11,1.0,3.0,1.0,2022,POINT (5.200037040620497 46.23306825367753),46.23306825367753,5.200037040620497,True,2022-07-19,NATURELS,1.0,871f91d45ffffff
22BB041578,NATURELS,2022-07-19 16:41:08,2022-07-19 19:51:22,1.0,3.0,1.0,2022,POINT (4.997162661352471 46.12764110344795),46.12764110344795,4.997162661352471,True,2022-07-19,FORET,1.0,871f91d1affffff
22BB041587,NATURELS,2022-07-19 17:17:43,2022-07-19 22:05:48,1.0,5.0,1.0,2022,POINT (5.988527702855105 46.241313699687815),46.241313699687815,5.988527702855105,True,2022-07-19,NATURELS,1.0,871f91aaeffffff
22BB041605,NATURELS,2022-07-19 18:04:03,2022-07-19 18:15:46,1.0,1.0,1.0,2022,POINT (4.938446898941566 46.43350608369681),46.43350608369681,4.938446898941566,True,2022-07-19,NATURELS,1.0,871f95603ffffff
22BB041703,NATURELS,2022-07-20 01:52:16,2022-07-20 05:58:35,1.0,5.0,1.0,2022,POINT (5.143553453723738 46.09019596086063),46.09019596086063,5.143553453723738,True,2022-07-20,NATURELS,1.0,871f91c01ffffff
22BB041721,NATURELS,2022-07-20 07:07:05,2022-07-20 07:47:52,1.0,1.0,1.0,2022,POINT (5.622794612688373 46.22601685119015),46.22601685119015,5.622794612688373,True,2022-07-20,NATURELS,1.0,871f918deffffff
22BB041762,NATURELS,2022-07-20 10:28:41,2022-07-20 11:04:14,1.0,1.0,1.0,2022,POINT (5.134363271734742 46.09518639691056),46.09518639691056,5.134363271734742,True,2022-07-20,NATURELS,1.0,871f91c2affffff
22BB041764,NATURELS,2022-07-20 10:31:55,2022-07-20 11:08:58,1.0,1.0,1.0,2022,POINT (6.056428570308887 46.33504621215067),46.33504621215067,6.056428570308887,True,2022-07-20,NATURELS,1.0,871f91a00ffffff
22BB041817,NATURELS,2022-07-20 14:55:06,2022-07-20 15:25:34,1.0,1.0,1.0,2022,POINT (5.33025247875011 46.01774015943511),46.01774015943511,5.33025247875011,True,2022-07-20,NATURELS,1.0,871f91ce9ffffff
22BB041937,NATURELS,2022-07-20 22:35:17,2022-07-20 23:58:00,1.0,2.0,1.0,2022,POINT (4.949521369352887 45.92574163772736),45.92574163772736,4.949521369352887,True,2022-07-20,NATURELS,1.0,871f91cb3ffffff
22BB042036,NATURELS,2022-07-21 11:05:44,2022-07-21 12:13:09,1.0,1.0,1.0,2022,POINT (5.670302219796689 45.944309664163264),45.944309664163264,5.670302219796689,True,2022-07-21,NATURELS,1.0,871f9101affffff
22BB042063,NATURELS,2022-07-21 13:41:10,2022-07-21 18:26:19,1.0,3.0,1.0,2022,POINT (5.966577752714457 46.23975893441626),46.23975893441626,5.966577752714457,True,2022-07-21,FORET,1.0,871f91aa1ffffff
22BB042076,NATURELS,2022-07-21 14:51:14,2022-07-21 15:40:07,1.0,1.0,1.0,2022,POINT (5.151772266951943 46.475236294585606),46.475236294585606,5.151772266951943,True,2022-07-21,NATURELS,1.0,871f95640ffffff
22BB042100,NATURELS,2022-07-21 17:19:24,2022-07-21 18:04:35,1.0,1.0,1.0,2022,POINT (5.790141093793992 46.15054739929476),46.15054739929476,5.790141093793992,True,2022-07-21,NATURELS,1.0,871f9114effffff
22BB042243,NATURELS,2022-07-22 08:50:13,2022-07-22 10:33:18,1.0,1.0,1.0,2022,POINT (4.9359346828301645 46.49747647640475),46.49747647640475,4.9359346828301645,True,2022-07-22,NATURELS,1.0,871f95621ffffff
22BB042256,NATURELS,2022-07-22 09:19:23,2022-07-22 12:39:12,1.0,1.0,1.0,2022,POINT (4.932033099773092 46.22100162986724),46.22100162986724,4.932033099773092,True,2022-07-22,NATURELS,1.0,871f91d22ffffff
22BB042369,NATURELS,2022-07-22 17:06:35,2022-07-22 19:22:52,1.0,2.0,1.0,2022,POINT (4.922667016215678 45.90389320638804),45.90389320638804,4.922667016215678,True,2022-07-22,NATURELS,1.0,871f90349ffffff
22BB042380,NATURELS,2022-07-22 17:38:30,2022-07-22 18:41:58,1.0,1.0,1.0,2022,POINT (5.217806372855122 46.24452852165066),46.24452852165066,5.217806372855122,True,2022-07-22,NATURELS,1.0,871f91d6affffff
22BB042425,NATURELS,2022-07-22 21:08:43,2022-07-22 23:10:11,1.0,1.0,1.0,2022,POINT (5.658938841389928 46.31306692271841),46.31306692271841,5.658938841389928,True,2022-07-22,NATURELS,1.0,871f918eaffffff
22BB042541,NATURELS,2022-07-23 11:50:31,2022-07-23 12:31:41,1.0,1.0,1.0,2022,POINT (4.966237920488596 46.11135102367715),46.11135102367715,4.966237920488596,True,2022-07-23,FORET,1.0,871f91dadffffff
22BB042556,NATURELS,2022-07-23 12:36:16,2022-07-23 13:24:35,1.0,1.0,1.0,2022,POINT (4.798375599352179 46.17322760186997),46.17322760186997,4.798375599352179,True,2022-07-23,NATURELS,1.0,871f90a41ffffff
22BB042631,NATURELS,2022-07-23 18:17:03,2022-07-23 20:01:09,1.0,1.0,1.0,2022,POINT (5.654838339575137 46.30634320834169),46.30634320834169,5.654838339575137,True,2022-07-23,NATURELS,1.0,871f918eaffffff
22BB042632,NATURELS,2022-07-23 18:17:16,2022-07-23 18:47:04,1.0,1.0,1.0,2022,POINT (5.134363271734742 46.09518639691056),46.09518639691056,5.134363271734742,True,2022-07-23,FORET,1.0,871f91c2affffff
22BB042724,NATURELS,2022-07-24 05:33:16,2022-07-24 09:31:46,1.0,5.0,1.0,2022,POINT (5.128997721901455 46.11250521561763),46.11250521561763,5.128997721901455,True,2022-07-24,NATURELS,1.0,871f91c2effffff
22BB042783,NATURELS,2022-07-24 11:46:53,2022-07-24 12:17:18,1.0,1.0,1.0,2022,POINT (4.953932500511667 45.817347459696265),45.817347459696265,4.953932500511667,True,2022-07-24,NATURELS,1.0,871f90245ffffff
22BB042801,NATURELS,2022-07-24 13:14:55,2022-07-24 14:21:04,1.0,1.0,1.0,2022,POINT (5.281876689933896 46.153360659134066),46.15336065913407,5.281876689933896,True,2022-07-24,NATURELS,1.0,871f91c60ffffff
22BB042879,NATURELS,2022-07-24 20:37:41,2022-07-24 21:03:34,1.0,1.0,1.0,2022,POINT (5.046436034155414 45.84456508375367),45.84456508375367,5.046436034155414,True,2022-07-24,NATURELS,1.0,871f91534ffffff
22BB042998,NATURELS,2022-07-25 11:31:37,2022-07-25 14:38:00,1.0,1.0,1.0,2022,POINT (5.157274990415561 45.84778087639512),45.84778087639512,5.157274990415561,True,2022-07-25,NATURELS,1.0,871f91505ffffff
22BB043023,NATURELS,2022-07-25 12:44:38,2022-07-25 13:18:55,1.0,1.0,1.0,2022,POINT (6.12326757141581 46.37464646894675),46.37464646894675,6.12326757141581,True,2022-07-25,NATURELS,1.0,871f91a28ffffff
22BB043051,NATURELS,2022-07-25 14:32:16,2022-07-25 16:21:14,1.0,1.0,1.0,2022,POINT (5.059455128732179 46.27033966961293),46.27033966961293,5.059455128732179,True,2022-07-25,NATURELS,1.0,871f956deffffff
22BB043078,NATURELS,2022-07-25 16:56:39,2022-07-25 17:57:16,1.0,1.0,1.0,2022,POINT (5.067929775180375 46.08173331317737),46.08173331317737,5.067929775180375,True,2022-07-25,NATURELS,1.0,871f91c06ffffff
22BB043155,NATURELS,2022-07-26 02:26:35,2022-07-26 04:42:05,1.0,1.0,1.0,2022,POINT (5.238780441915332 46.23900528633963),46.23900528633963,5.238780441915332,True,2022-07-26,NATURELS,1.0,871f91d6affffff
22BB043190,NATURELS,2022-07-26 09:58:40,2022-07-26 11:53:17,1.0,1.0,1.0,2022,POINT (5.238780441915332 46.23900528633963),46.23900528633963,5.238780441915332,True,2022-07-26,NATURELS,1.0,871f91d6affffff
22BB043213,NATURELS,2022-07-26 11:57:11,2022-07-26 12:33:59,1.0,1.0,1.0,2022,POINT (4.853236659624277 46.25758059389275),46.25758059389275,4.853236659624277,True,2022-07-26,FORET,1.0,871f9569cffffff
22BB043260,NATURELS,2022-07-26 16:27:20,2022-07-26 17:34:11,1.0,1.0,1.0,2022,POINT (5.069889097141684 46.3295494201126),46.3295494201126,5.069889097141684,True,2022-07-26,NATURELS,1.0,871f956c0ffffff
22BB043401,NATURELS,2022-07-27 10:34:03,2022-07-27 11:35:15,1.0,1.0,1.0,2022,POINT (5.238780441915332 46.23900528633963),46.23900528633963,5.238780441915332,True,2022-07-27,NATURELS,1.0,871f91d6affffff
22BB043412,NATURELS,2022-07-27 11:36:11,2022-07-27 14:56:55,1.0,3.0,1.0,2022,POINT (5.71005101906796 45.833857815663805),45.833857815663805,5.71005101906796,True,2022-07-27,NATURELS,1.0,871f91721ffffff
22BB043466,NATURELS,2022-07-27 17:49:20,2022-07-27 18:00:17,1.0,1.0,1.0,2022,POINT (4.996372373710963 45.819627810445006),45.819627810445006,4.996372373710963,True,2022-07-27,NATURELS,1.0,871f9026bffffff
22BB043500,NATURELS,2022-07-27 20:50:52,2022-07-27 21:55:32,1.0,1.0,1.0,2022,POINT (5.805246237786837 46.1674209487682),46.1674209487682,5.805246237786837,True,2022-07-27,NATURELS,1.0,871f9114cffffff
22BB043632,NATURELS,2022-07-28 14:11:23,2022-07-28 17:15:51,1.0,2.0,1.0,2022,POINT (4.99865909467957 46.31036729455719),46.31036729455719,4.99865909467957,True,2022-07-28,NATURELS,1.0,871f956d4ffffff
22BB043638,NATURELS,2022-07-28 14:53:43,2022-07-28 18:18:45,1.0,2.0,1.0,2022,POINT (5.966577752714457 46.23975893441626),46.23975893441626,5.966577752714457,True,2022-07-28,NATURELS,1.0,871f91aa1ffffff
22BB043650,NATURELS,2022-07-28 16:06:02,2022-07-28 17:51:40,1.0,1.0,1.0,2022,POINT (5.345772945596914 46.16161807136002),46.16161807136002,5.345772945596914,True,2022-07-28,NATURELS,1.0,871f91c6cffffff
22BB043651,NATURELS,2022-07-28 16:08:36,2022-07-28 16:53:18,1.0,1.0,1.0,2022,POINT (5.218550338843369 45.95224512681681),45.95224512681681,5.218550338843369,True,2022-07-28,NATURELS,1.0,871f91cc2ffffff
22BB043852,NATURELS,2022-07-29 16:24:22,2022-07-29 17:01:19,1.0,2.0,1.0,2022,POINT (4.764061447409657 46.046061259438325),46.046061259438325,4.764061447409657,True,2022-07-29,NATURELS,1.0,871f91db6ffffff
22BB043935,NATURELS,2022-07-29 22:55:04,2022-07-29 23:49:52,1.0,1.0,1.0,2022,POINT (4.77193819239313 46.04093188401503),46.04093188401503,4.77193819239313,True,2022-07-29,NATURELS,1.0,871f90acdffffff
22BB044015,NATURELS,2022-07-30 11:50:54,2022-07-30 13:26:59,1.0,1.0,1.0,2022,POINT (6.007043935579626 46.34413988833556),46.34413988833556,6.007043935579626,True,2022-07-30,NATURELS,1.0,871f91a31ffffff
22BB044031,NATURELS,2022-07-30 12:43:08,2022-07-30 13:06:31,1.0,1.0,1.0,2022,POINT (5.825110745638064 46.10709210319893),46.10709210319893,5.825110745638064,True,2022-07-30,NATURELS,1.0,871f91066ffffff
22BB044054,NATURELS,2022-07-30 14:40:50,2022-07-30 15:11:45,1.0,1.0,1.0,2022,POINT (5.405373957055032 45.92272132352354),45.92272132352354,5.405373957055032,True,2022-07-30,NATURELS,1.0,871f9156cffffff
22BB044066,NATURELS,2022-07-30 15:33:50,2022-07-30 16:09:14,1.0,1.0,1.0,2022,POINT (5.907860466672574 46.13026374654337),46.13026374654337,5.907860466672574,True,2022-07-30,NATURELS,1.0,871f91a92ffffff
22BB044090,NATURELS,2022-07-30 17:09:00,2022-07-30 18:35:13,1.0,1.0,1.0,2022,POINT (5.463291249651983 46.075501934316165),46.075501934316165,5.463291249651983,True,2022-07-30,NATURELS,1.0,871f91112ffffff
22BB044106,NATURELS,2022-07-30 18:04:09,2022-07-30 19:14:22,1.0,1.0,1.0,2022,POINT (5.355781057919452 45.97120456061429),45.97120456061429,5.355781057919452,True,2022-07-30,NATURELS,1.0,871f91194ffffff
22BB044137,NATURELS,2022-07-30 19:27:16,2022-07-30 20:39:24,1.0,1.0,1.0,2022,POINT (5.341768110442826 46.04624515393826),46.04624515393826,5.341768110442826,True,2022-07-30,NATURELS,1.0,871f91c58ffffff
22BB044253,NATURELS,2022-07-31 10:28:19,2022-07-31 17:57:41,1.0,6.0,1.0,2022,POINT (5.690180210484573 46.147460568729464),46.14746056872946,5.690180210484573,True,2022-07-31,NATURELS,1.0,871f91173ffffff
22BB044394,NATURELS,2022-07-31 21:11:27,2022-07-31 22:43:09,1.0,1.0,1.0,2022,POINT (4.829339303313028 46.073821181093535),46.073821181093535,4.829339303313028,True,2022-07-31,NATURELS,1.0,871f91db5ffffff
22BB044505,NATURELS,2022-08-01 11:37:40,2022-08-01 12:31:44,1.0,1.0,1.0,2022,POINT (5.425535028550916 46.0321340389734),46.0321340389734,5.425535028550916,True,2022-08-01,NATURELS,1.0,871f911a3ffffff
22BB044508,NATURELS,2022-08-01 12:01:29,2022-08-01 23:04:21,1.0,11.0,1.0,2022,POINT (5.801340410123357 46.16428963137694),46.16428963137694,5.801340410123357,True,2022-08-01,FORET,1.0,871f9114cffffff
22BB044541,NATURELS,2022-08-01 15:09:57,2022-08-01 16:15:00,1.0,2.0,1.0,2022,POINT (5.219691010753528 46.18618590577982),46.18618590577982,5.219691010753528,True,2022-08-01,NATURELS,1.0,871f91d5dffffff
22BB044575,NATURELS,2022-08-01 18:41:06,2022-08-01 21:29:59,1.0,5.0,1.0,2022,POINT (5.914116043303747 46.183644345677585),46.18364434567759,5.914116043303747,True,2022-08-01,NATURELS,1.0,871f91ab3ffffff
22BB044581,NATURELS,2022-08-01 18:58:14,2022-08-01 19:30:02,1.0,1.0,1.0,2022,POINT (5.322919223831811 46.18488565666237),46.18488565666237,5.322919223831811,True,2022-08-01,NATURELS,1.0,871f91892ffffff
22BB044627,NATURELS,2022-08-01 22:17:57,2022-08-01 23:50:57,1.0,1.0,1.0,2022,POINT (5.659027079340058 45.87734026526222),45.87734026526222,5.659027079340058,True,2022-08-01,NATURELS,1.0,871f91088ffffff
22BB044743,NATURELS,2022-08-02 14:45:37,2022-08-02 15:51:19,1.0,1.0,1.0,2022,POINT (5.228059077938537 46.179229052629445),46.179229052629445,5.228059077938537,True,2022-08-02,NATURELS,1.0,871f91d5dffffff
22BB044750,NATURELS,2022-08-02 15:24:11,2022-08-02 18:30:03,1.0,2.0,1.0,2022,POINT (5.003601342881217 46.18528320151377),46.18528320151377,5.003601342881217,True,2022-08-02,NATURELS,1.0,871f91d01ffffff
22BB044752,NATURELS,2022-08-02 15:27:41,2022-08-02 16:50:30,1.0,2.0,1.0,2022,POINT (5.217966235021107 46.18936289874583),46.18936289874583,5.217966235021107,True,2022-08-02,NATURELS,1.0,871f91d5dffffff
22BB044788,NATURELS,2022-08-02 18:32:52,2022-08-02 19:35:54,1.0,1.0,1.0,2022,POINT (5.957522893742049 46.217172296867865),46.217172296867865,5.957522893742049,True,2022-08-02,NATURELS,1.0,871f91a84ffffff
22BB044804,NATURELS,2022-08-02 19:41:07,2022-08-02 20:57:32,1.0,1.0,1.0,2022,POINT (5.966577752714457 46.23975893441626),46.23975893441626,5.966577752714457,True,2022-08-02,NATURELS,1.0,871f91aa1ffffff
22BB044813,NATURELS,2022-08-02 20:14:16,2022-08-02 20:52:04,1.0,1.0,1.0,2022,POINT (5.697723766295042 45.75852233955838),45.75852233955838,5.697723766295042,True,2022-08-02,NATURELS,1.0,871f91700ffffff
22BB044909,NATURELS,2022-08-03 10:25:38,2022-08-03 11:07:44,1.0,1.0,1.0,2022,POINT (5.024903643466286 45.85280570584444),45.85280570584444,5.024903643466286,True,2022-08-03,NATURELS,1.0,871f90269ffffff
22BB044951,NATURELS,2022-08-03 13:43:23,2022-08-03 14:44:34,1.0,2.0,1.0,2022,POINT (5.997628518351716 46.22915788714947),46.22915788714947,5.997628518351716,True,2022-08-03,NATURELS,1.0,871f91aaeffffff
22BB044963,NATURELS,2022-08-03 14:40:14,2022-08-03 18:05:09,1.0,2.0,1.0,2022,POINT (5.79756530119118 46.165666049848134),46.16566604984813,5.79756530119118,True,2022-08-03,NATURELS,1.0,871f9114cffffff
22BB044984,NATURELS,2022-08-03 16:26:09,2022-08-03 18:03:01,1.0,1.0,1.0,2022,POINT (5.966577752714457 46.23975893441626),46.23975893441626,5.966577752714457,True,2022-08-03,NATURELS,1.0,871f91aa1ffffff
22BB044988,NATURELS,2022-08-03 16:56:12,2022-08-03 18:06:35,1.0,1.0,1.0,2022,POINT (5.263517960875413 46.42114261337813),46.42114261337813,5.263517960875413,True,2022-08-03,NATURELS,1.0,871f919a0ffffff
22BB045123,NATURELS,2022-08-04 10:45:43,2022-08-04 12:30:40,1.0,1.0,1.0,2022,POINT (5.599267875279907 46.093454371483624),46.09345437148362,5.599267875279907,True,2022-08-04,NATURELS,1.0,871f91119ffffff
22BB045129,NATURELS,2022-08-04 11:15:51,2022-08-04 14:21:50,1.0,2.0,1.0,2022,POINT (5.149147034848814 46.48719373898213),46.48719373898213,5.149147034848814,True,2022-08-04,FORET,1.0,871f95645ffffff
22BB045133,NATURELS,2022-08-04 11:41:51,2022-08-04 12:07:55,1.0,1.0,1.0,2022,POINT (5.01957499013769 45.86872255601284),45.86872255601284,5.01957499013769,True,2022-08-04,NATURELS,1.0,871f91c9affffff
22BB045136,NATURELS,2022-08-04 11:54:34,2022-08-04 15:18:22,1.0,6.0,1.0,2022,POINT (5.0272930333856225 45.86791707169149),45.86791707169149,5.027293033385623,True,2022-08-04,NATURELS,1.0,871f91c9affffff
22BB045151,NATURELS,2022-08-04 13:37:08,2022-08-04 22:12:23,1.0,5.0,1.0,2022,POINT (5.973601246690848 46.24561299010243),46.24561299010243,5.973601246690848,True,2022-08-04,FORET,1.0,871f91aa1ffffff
22BB045157,NATURELS,2022-08-04 13:58:37,2022-08-04 15:44:51,1.0,3.0,1.0,2022,POINT (5.22137628412545 46.36006359212906),46.36006359212906,5.22137628412545,True,2022-08-04,NATURELS,1.0,871f919b3ffffff
22BB045161,NATURELS,2022-08-04 14:31:57,2022-08-04 15:04:30,1.0,1.0,1.0,2022,POINT (5.182371403169463 45.87441773275749),45.87441773275749,5.182371403169463,True,2022-08-04,NATURELS,1.0,871f9152cffffff
22BB045180,NATURELS,2022-08-04 15:20:05,2022-08-04 17:34:34,1.0,1.0,1.0,2022,POINT (5.199098133552001 46.38769040447085),46.38769040447085,5.199098133552001,True,2022-08-04,NATURELS,1.0,871f919b5ffffff
22BB045184,NATURELS,2022-08-04 15:29:02,2022-08-04 17:36:02,1.0,2.0,1.0,2022,POINT (5.2568652441234205 46.351368279338736),46.351368279338736,5.2568652441234205,True,2022-08-04,NATURELS,1.0,871f91982ffffff
22BB045214,NATURELS,2022-08-04 17:25:43,2022-08-04 19:36:21,1.0,1.0,1.0,2022,POINT (5.266250683205926 46.36195722591858),46.36195722591858,5.266250683205926,True,2022-08-04,NATURELS,1.0,871f91980ffffff
22BB045215,NATURELS,2022-08-04 17:26:27,2022-08-04 20:36:47,1.0,1.0,1.0,2022,POINT (5.2705126221875815 46.37515389915779),46.37515389915779,5.2705126221875815,True,2022-08-04,NATURELS,1.0,871f91984ffffff
22BB045300,NATURELS,2022-08-04 22:51:52,2022-08-04 23:14:20,1.0,1.0,1.0,2022,POINT (5.243438282165042 46.217584402982766),46.217584402982766,5.243438282165042,True,2022-08-04,NATURELS,1.0,871f91d4effffff
22BB045314,NATURELS,2022-08-05 01:23:36,2022-08-05 03:24:06,1.0,2.0,1.0,2022,POINT (5.290771996041785 45.925768519932085),45.925768519932085,5.290771996041785,True,2022-08-05,NATURELS,1.0,871f91cd9ffffff
22BB045329,NATURELS,2022-08-05 04:22:13,2022-08-05 06:04:09,1.0,1.0,1.0,2022,POINT (5.005060118301232 46.03696539691552),46.03696539691552,5.005060118301232,True,2022-08-05,NATURELS,1.0,871f91c16ffffff
22BB045384,NATURELS,2022-08-05 11:00:35,2022-08-05 11:53:01,1.0,1.0,1.0,2022,POINT (5.309689674487353 45.99104891645898),45.99104891645898,5.309689674487353,True,2022-08-05,NATURELS,1.0,871f91cebffffff
22BB045409,NATURELS,2022-08-05 12:55:29,2022-08-05 16:28:01,1.0,2.0,1.0,2022,POINT (5.6950065733259345 46.1444085988044),46.1444085988044,5.695006573325935,True,2022-08-05,FORET,1.0,871f91155ffffff
22BB045427,NATURELS,2022-08-05 14:14:40,2022-08-05 16:19:40,1.0,1.0,1.0,2022,POINT (5.973601246690848 46.24561299010243),46.24561299010243,5.973601246690848,True,2022-08-05,FORET,1.0,871f91aa1ffffff
22BB045442,NATURELS,2022-08-05 15:41:09,2022-08-05 16:33:11,1.0,1.0,1.0,2022,POINT (5.27513679233271 46.233710143714376),46.233710143714376,5.27513679233271,True,2022-08-05,FORET,1.0,871f91d4dffffff
22BB045476,NATURELS,2022-08-05 17:50:59,2022-08-05 18:49:32,1.0,3.0,1.0,2022,POINT (5.053575396426986 45.87145336370242),45.87145336370242,5.053575396426986,True,2022-08-05,NATURELS,1.0,871f91c9bffffff
22BB045664,NATURELS,2022-08-06 13:15:54,2022-08-06 15:04:59,1.0,3.0,1.0,2022,POINT (5.154999568790481 46.474148072837714),46.474148072837714,5.154999568790481,True,2022-08-06,NATURELS,1.0,871f95640ffffff
22BB045669,NATURELS,2022-08-06 14:11:55,2022-08-06 15:54:48,1.0,2.0,1.0,2022,POINT (5.217966235021107 46.18936289874583),46.18936289874583,5.217966235021107,True,2022-08-06,NATURELS,1.0,871f91d5dffffff
22BB045746,NATURELS,2022-08-06 21:32:14,2022-08-06 22:43:35,1.0,6.0,1.0,2022,POINT (5.630746899055306 46.30181395612519),46.30181395612519,5.630746899055306,True,2022-08-06,NATURELS,1.0,871f918c5ffffff
22BB045751,NATURELS,2022-08-06 21:56:29,2022-08-06 22:50:33,1.0,1.0,1.0,2022,POINT (4.83328980130956 46.011893743887036),46.01189374388704,4.83328980130956,True,2022-08-06,NATURELS,1.0,871f91d90ffffff
22BB045771,NATURELS,2022-08-06 23:09:20,2022-08-07 11:19:56,1.0,2.0,1.0,2022,POINT (5.824074257767418 46.10505277170595),46.10505277170595,5.824074257767418,True,2022-08-06,NATURELS,1.0,871f91066ffffff
22BB045842,NATURELS,2022-08-07 09:29:26,2022-08-07 11:06:32,1.0,1.0,1.0,2022,POINT (5.272203520842473 46.390334637699574),46.39033463769957,5.272203520842473,True,2022-08-07,NATURELS,1.0,871f919a3ffffff
22BB045845,NATURELS,2022-08-07 09:54:59,2022-08-07 11:19:09,1.0,1.0,1.0,2022,POINT (5.282991553444408 46.35722931642715),46.35722931642715,5.282991553444408,True,2022-08-07,NATURELS,1.0,871f91980ffffff
22BB046134,NATURELS,2022-08-08 17:12:44,2022-08-08 18:58:30,1.0,5.0,1.0,2022,POINT (5.568065140762216 46.126768000514694),46.12676800051469,5.568065140762216,True,2022-08-08,NATURELS,1.0,871f9110effffff
22BB046158,NATURELS,2022-08-08 19:38:02,2022-08-08 22:05:09,1.0,1.0,1.0,2022,POINT (4.993964423653447 46.21495589472369),46.21495589472369,4.993964423653447,True,2022-08-08,FORET,1.0,871f91d05ffffff
22BB046171,NATURELS,2022-08-08 20:39:06,2022-08-08 22:42:44,1.0,1.0,1.0,2022,POINT (5.462053502598302 46.00993265618091),46.00993265618091,5.462053502598302,True,2022-08-08,NATURELS,1.0,871f91185ffffff
22BB046291,NATURELS,2022-08-09 14:13:32,2022-08-09 16:00:13,1.0,5.0,1.0,2022,POINT (5.625626068578056 45.633460637628815),45.633460637628815,5.625626068578056,True,2022-08-09,FORET,1.0,871f91780ffffff
22BB046490,NATURELS,2022-08-10 12:23:26,2022-08-10 21:56:24,1.0,4.0,1.0,2022,POINT (5.57805484072904 46.18272480195187),46.18272480195187,5.57805484072904,True,2022-08-10,FORET,1.0,871f91128ffffff
22BB046507,NATURELS,2022-08-10 14:03:56,2022-08-10 16:03:04,1.0,3.0,1.0,2022,POINT (5.167076183072261 46.31313068896738),46.31313068896738,5.167076183072261,True,2022-08-10,NATURELS,1.0,871f956cbffffff
22BB046526,NATURELS,2022-08-10 16:01:46,2022-08-10 17:41:13,1.0,2.0,1.0,2022,POINT (5.895172523275435 46.240710890874965),46.240710890874965,5.895172523275435,True,2022-08-10,NATURELS,1.0,871f91aa6ffffff
22BB046534,NATURELS,2022-08-10 16:30:09,2022-08-10 17:46:29,1.0,1.0,1.0,2022,POINT (5.181496711298466 46.297446965512314),46.29744696551232,5.181496711298466,True,2022-08-10,NATURELS,1.0,871f91d65ffffff
22BB046542,NATURELS,2022-08-10 17:08:38,2022-08-10 17:57:48,1.0,1.0,1.0,2022,POINT (5.65957096565278 46.24826627856041),46.24826627856041,5.65957096565278,True,2022-08-10,NATURELS,1.0,871f918ddffffff
22BB046602,NATURELS,2022-08-10 21:12:26,2022-08-10 22:11:25,1.0,1.0,1.0,2022,POINT (5.252639008838171 45.853279786493474),45.853279786493474,5.252639008838171,True,2022-08-10,NATURELS,1.0,871f91576ffffff
22BB046643,NATURELS,2022-08-11 06:01:03,2022-08-11 07:52:02,1.0,2.0,1.0,2022,POINT (5.329205104218826 46.070447223005544),46.07044722300554,5.329205104218826,True,2022-08-11,NATURELS,1.0,871f91c5cffffff
22BB046701,NATURELS,2022-08-11 12:26:39,2022-08-11 14:24:17,1.0,1.0,1.0,2022,POINT (4.994109120720478 45.956511383126795),45.9565113831268,4.994109120720478,True,2022-08-11,NATURELS,1.0,871f91c84ffffff
22BB046749,NATURELS,2022-08-11 16:14:45,2022-08-12 15:36:05,1.0,7.0,1.0,2022,POINT (5.190069520095303 45.84572906731392),45.84572906731392,5.190069520095303,True,2022-08-11,NATURELS,1.0,871f9152affffff
22BB046754,NATURELS,2022-08-11 16:26:16,2022-08-11 18:29:34,1.0,1.0,1.0,2022,POINT (5.062793198734498 46.45669833324651),46.45669833324651,5.062793198734498,True,2022-08-11,NATURELS,1.0,871f95672ffffff
22BB046781,NATURELS,2022-08-11 18:24:11,2022-08-11 22:40:14,1.0,6.0,1.0,2022,POINT (5.366972063833113 46.38201982158978),46.38201982158978,5.366972063833113,True,2022-08-11,FORET,1.0,871f9198dffffff
22BB046823,NATURELS,2022-08-11 23:28:04,2022-08-12 01:06:33,1.0,3.0,1.0,2022,POINT (5.203162927871913 45.90407632110268),45.90407632110268,5.203162927871913,True,2022-08-11,NATURELS,1.0,871f91cd3ffffff
22BB046849,NATURELS,2022-08-12 06:50:40,2022-08-12 08:18:23,1.0,1.0,1.0,2022,POINT (5.182371403169463 45.87441773275749),45.87441773275749,5.182371403169463,True,2022-08-12,NATURELS,1.0,871f9152cffffff
22BB046868,NATURELS,2022-08-12 09:47:27,2022-08-12 14:00:33,1.0,5.0,1.0,2022,POINT (5.957285218155604 46.248180390917874),46.248180390917874,5.957285218155604,True,2022-08-12,FORET,1.0,871f91aa1ffffff
22BB046915,NATURELS,2022-08-12 13:22:32,2022-08-12 15:12:13,1.0,5.0,1.0,2022,POINT (5.366323218489508 46.19314039926838),46.19314039926838,5.366323218489508,True,2022-08-12,NATURELS,1.0,871f91893ffffff
22BB046919,NATURELS,2022-08-12 13:49:31,2022-08-12 15:23:43,1.0,2.0,1.0,2022,POINT (5.180497479450627 46.25094521353141),46.25094521353141,5.180497479450627,True,2022-08-12,NATURELS,1.0,871f91d63ffffff
22BB046923,NATURELS,2022-08-12 14:16:57,2022-08-12 15:52:15,1.0,3.0,1.0,2022,POINT (5.043395732243457 45.82181794316471),45.82181794316471,5.043395732243457,True,2022-08-12,NATURELS,1.0,871f91536ffffff
22BB046944,NATURELS,2022-08-12 15:57:36,2022-08-12 17:27:04,1.0,1.0,1.0,2022,POINT (5.697682517876166 46.220513133869765),46.220513133869765,5.697682517876166,True,2022-08-12,NATURELS,1.0,871f91166ffffff
22BB046947,NATURELS,2022-08-12 16:19:03,2022-08-12 17:47:39,1.0,1.0,1.0,2022,POINT (5.080260025343808 46.45693539260965),46.45693539260965,5.080260025343808,True,2022-08-12,NATURELS,1.0,871f95673ffffff
22BB046967,NATURELS,2022-08-12 18:02:07,2022-08-12 18:51:47,1.0,2.0,1.0,2022,POINT (4.799221201491251 45.92366471571142),45.92366471571142,4.799221201491251,True,2022-08-12,NATURELS,1.0,871f90344ffffff
22BB046978,NATURELS,2022-08-12 19:06:23,2022-08-12 20:32:28,1.0,3.0,1.0,2022,POINT (5.156958129983369 46.34629686022895),46.34629686022895,5.156958129983369,True,2022-08-12,NATURELS,1.0,871f956cdffffff
22BB047036,NATURELS,2022-08-13 00:30:08,2022-08-13 02:45:06,1.0,5.0,1.0,2022,POINT (5.959398641277236 46.25126508313212),46.25126508313212,5.959398641277236,True,2022-08-13,NATURELS,1.0,871f91aa1ffffff
22BB047086,NATURELS,2022-08-13 10:08:58,2022-08-13 11:14:47,1.0,3.0,1.0,2022,POINT (4.747716092588589 46.03975974814796),46.03975974814796,4.747716092588589,True,2022-08-13,NATURELS,1.0,871f90aebffffff
22BB047090,NATURELS,2022-08-13 10:21:15,2022-08-13 11:51:40,1.0,1.0,1.0,2022,POINT (5.973601246690848 46.24561299010243),46.24561299010243,5.973601246690848,True,2022-08-13,NATURELS,1.0,871f91aa1ffffff
22BB047100,NATURELS,2022-08-13 11:22:21,2022-08-13 11:56:28,1.0,1.0,1.0,2022,POINT (4.996541969617076 45.82233337540454),45.82233337540454,4.996541969617076,True,2022-08-13,NATURELS,1.0,871f9026bffffff
22BB047129,NATURELS,2022-08-13 13:58:03,2022-08-13 14:32:44,1.0,1.0,1.0,2022,POINT (5.7685363529110445 45.787240530748164),45.78724053074816,5.7685363529110445,True,2022-08-13,NATURELS,1.0,871f9172bffffff
22BB047147,NATURELS,2022-08-13 15:11:40,2022-08-13 16:29:35,1.0,3.0,1.0,2022,POINT (4.8331025815627 46.23986995274014),46.23986995274014,4.8331025815627,True,2022-08-13,NATURELS,1.0,871f9569effffff
22BB047155,NATURELS,2022-08-13 15:37:41,2022-08-14 00:15:49,1.0,4.0,1.0,2022,POINT (5.252639008838171 45.853279786493474),45.853279786493474,5.252639008838171,True,2022-08-13,NATURELS,1.0,871f91576ffffff
22BB047203,NATURELS,2022-08-13 18:59:26,2022-08-14 00:55:53,1.0,10.0,1.0,2022,POINT (5.641152690337815 46.31356868860275),46.31356868860275,5.641152690337815,True,2022-08-13,NATURELS,1.0,871f918eeffffff
22BB047225,NATURELS,2022-08-13 20:06:44,2022-08-13 20:52:54,1.0,1.0,1.0,2022,POINT (5.822759852798957 46.11793565225896),46.11793565225896,5.822759852798957,True,2022-08-13,NATURELS,1.0,871f91064ffffff
22BB047263,NATURELS,2022-08-13 23:10:09,2022-08-14 02:26:00,1.0,4.0,1.0,2022,POINT (4.98699714015277 45.828383068778734),45.828383068778734,4.98699714015277,True,2022-08-13,NATURELS,1.0,871f9026affffff
22BB047278,NATURELS,2022-08-14 00:25:41,2022-08-17 16:18:09,1.0,20.0,1.0,2022,POINT (5.635136166610027 45.69950806484736),45.69950806484736,5.635136166610027,True,2022-08-14,FORET,1.0,871f91712ffffff
22BB047285,NATURELS,2022-08-14 00:57:24,2022-08-14 01:42:48,1.0,4.0,1.0,2022,POINT (5.704004908386302 45.756893275989306),45.756893275989306,5.704004908386302,True,2022-08-14,FORET,1.0,871f91700ffffff
22BB047312,NATURELS,2022-08-14 07:37:16,2022-08-14 10:07:04,1.0,3.0,1.0,2022,POINT (5.246237947628293 46.02692518151222),46.02692518151222,5.246237947628293,True,2022-08-14,NATURELS,1.0,871f91ce1ffffff
22BB047476,NATURELS,2022-08-14 21:30:02,2022-08-14 22:57:43,1.0,5.0,1.0,2022,POINT (5.32441468140831 46.13666855134403),46.13666855134403,5.32441468140831,True,2022-08-14,NATURELS,1.0,871f91c45ffffff
22BB047554,NATURELS,2022-08-15 10:46:06,2022-08-15 12:15:30,1.0,3.0,1.0,2022,POINT (4.889461963337956 46.05180105282483),46.05180105282483,4.889461963337956,True,2022-08-15,NATURELS,1.0,871f91d80ffffff
22BB047570,NATURELS,2022-08-15 12:18:15,2022-08-15 13:11:16,1.0,1.0,1.0,2022,POINT (5.724660301891767 45.907161795577856),45.907161795577856,5.724660301891767,True,2022-08-15,NATURELS,1.0,871f910f3ffffff
22BB047729,NATURELS,2022-08-16 09:44:17,2022-08-16 11:58:43,1.0,1.0,1.0,2022,POINT (4.825497620866314 46.14941930864002),46.14941930864002,4.825497620866314,True,2022-08-16,NATURELS,1.0,871f90a48ffffff
22BB047786,NATURELS,2022-08-16 12:40:50,2022-08-16 15:12:34,1.0,5.0,1.0,2022,POINT (4.896061956451605 45.95409128619351),45.95409128619351,4.896061956451605,True,2022-08-16,NATURELS,1.0,871f90369ffffff
22BB047793,NATURELS,2022-08-16 13:25:27,2022-08-16 14:08:38,1.0,1.0,1.0,2022,POINT (5.966577752714457 46.23975893441626),46.23975893441626,5.966577752714457,True,2022-08-16,NATURELS,1.0,871f91aa1ffffff
22BB047874,NATURELS,2022-08-16 19:28:10,2022-08-16 21:58:56,1.0,1.0,1.0,2022,POINT (5.352055214970506 46.159469928517375),46.159469928517375,5.352055214970506,True,2022-08-16,FORET,1.0,871f91c6cffffff
22BB047957,NATURELS,2022-08-17 11:28:07,2022-08-17 12:48:38,1.0,2.0,1.0,2022,POINT (5.678429705899648 45.90464488751188),45.90464488751188,5.678429705899648,True,2022-08-17,FORET,1.0,871f910f6ffffff
22BB048171,NATURELS,2022-08-17 18:38:32,2022-08-17 22:11:12,1.0,1.0,1.0,2022,POINT (5.988378260883958 46.233851966801),46.233851966801,5.988378260883958,True,2022-08-17,FORET,1.0,871f91aaeffffff
22BB048308,NATURELS,2022-08-18 12:14:09,2022-08-18 13:53:05,1.0,1.0,1.0,2022,POINT (5.867391146835792 46.129626296081376),46.129626296081376,5.867391146835792,True,2022-08-18,FORET,1.0,871f91065ffffff
22BB048363,NATURELS,2022-08-18 17:54:51,2022-08-18 18:36:57,1.0,1.0,1.0,2022,POINT (5.287123684581273 45.83398685261426),45.83398685261426,5.287123684581273,True,2022-08-18,NATURELS,1.0,871f91554ffffff
22BB048652,NATURELS,2022-08-20 07:50:35,2022-08-20 08:42:05,1.0,1.0,1.0,2022,POINT (5.970468599169628 46.20992132905222),46.20992132905222,5.970468599169628,True,2022-08-20,NATURELS,1.0,
22BB049344,NATURELS,2022-08-23 21:19:37,2022-08-23 21:45:46,1.0,1.0,1.0,2022,POINT (6.112058591340361 46.254645623847836),46.25464562384784,6.112058591340361,True,2022-08-23,NATURELS,1.0,871f91af5ffffff
22BB049382,NATURELS,2022-08-24 04:34:25,2022-08-24 05:30:19,1.0,1.0,1.0,2022,POINT (5.318866787639796 45.86875714913928),45.86875714913928,5.318866787639796,True,2022-08-24,NATURELS,1.0,871f91571ffffff
22BB049448,NATURELS,2022-08-24 12:36:06,2022-08-24 16:38:58,1.0,3.0,1.0,2022,POINT (5.957706150989076 46.248067858574984),46.24806785857498,5.957706150989076,True,2022-08-24,NATURELS,1.0,871f91aa1ffffff
22BB049479,NATURELS,2022-08-24 15:48:06,2022-08-24 17:10:15,1.0,1.0,1.0,2022,POINT (5.054497584793445 46.042870251294076),46.04287025129408,5.054497584793445,True,2022-08-24,NATURELS,1.0,871f91c10ffffff
22BB049564,NATURELS,2022-08-24 21:10:50,2022-08-24 23:24:42,1.0,5.0,1.0,2022,POINT (5.729386520776048 45.74083826755691),45.74083826755691,5.729386520776048,True,2022-08-24,FORET,1.0,871f9171dffffff
22BB049566,NATURELS,2022-08-24 21:36:40,2022-08-25 00:02:59,1.0,1.0,1.0,2022,POINT (5.740552813973156 46.20749789152838),46.20749789152838,5.740552813973156,True,2022-08-24,NATURELS,1.0,871f91163ffffff
22BB049722,NATURELS,2022-08-25 18:01:44,2022-08-25 19:11:19,1.0,1.0,1.0,2022,POINT (5.1901302307143 45.938131937754534),45.93813193775453,5.1901302307143,True,2022-08-25,NATURELS,1.0,871f91cd5ffffff
22BB049895,NATURELS,2022-08-26 16:56:01,2022-08-26 18:12:31,1.0,2.0,1.0,2022,POINT (5.082493033511938 46.15972854587979),46.15972854587979,5.082493033511938,True,2022-08-26,NATURELS,1.0,871f91c25ffffff
22BB050056,NATURELS,2022-08-27 12:39:03,2022-08-27 15:59:56,1.0,2.0,1.0,2022,POINT (6.111881826382733 46.367540700669664),46.367540700669664,6.111881826382733,True,2022-08-27,NATURELS,1.0,871f91a28ffffff
22BB050063,NATURELS,2022-08-27 13:13:10,2022-08-27 14:00:18,1.0,1.0,1.0,2022,POINT (5.85199802658861 46.22595693267494),46.22595693267494,5.85199802658861,True,2022-08-27,NATURELS,1.0,871f91b9affffff
22BB050119,NATURELS,2022-08-27 19:36:30,2022-08-27 21:04:11,1.0,1.0,1.0,2022,POINT (5.1459006073931866 46.341115510929754),46.34111551092976,5.1459006073931866,True,2022-08-27,NATURELS,1.0,871f956cdffffff
22BB050122,NATURELS,2022-08-27 19:47:08,2022-08-27 22:05:35,1.0,1.0,1.0,2022,POINT (5.293366074032585 46.28971359876612),46.28971359876612,5.293366074032585,True,2022-08-27,NATURELS,1.0,871f9199affffff
22BB050309,NATURELS,2022-08-28 18:04:31,2022-08-28 20:06:03,1.0,1.0,1.0,2022,POINT (5.332132143061343 46.075708663923734),46.07570866392373,5.332132143061343,True,2022-08-28,NATURELS,1.0,871f91c5cffffff
22BB050496,NATURELS,2022-08-29 19:25:06,2022-08-29 21:14:36,1.0,1.0,1.0,2022,POINT (5.138351006997509 46.34091506891373),46.34091506891373,5.138351006997509,True,2022-08-29,NATURELS,1.0,871f956cdffffff
22BB050871,NATURELS,2022-08-31 15:40:22,2022-08-31 18:23:22,1.0,5.0,1.0,2022,POINT (4.981132689641313 46.06608316294021),46.06608316294021,4.981132689641313,True,2022-08-31,NATURELS,1.0,871f91d8dffffff
22BB051059,NATURELS,2022-09-01 14:01:38,2022-09-01 16:53:20,1.0,1.0,1.0,2022,POINT (5.105547764240123 46.410256602216734),46.410256602216734,5.105547764240123,True,2022-09-01,NATURELS,1.0,871f95653ffffff
22BB051066,NATURELS,2022-09-01 14:51:30,2022-09-01 16:00:55,1.0,1.0,1.0,2022,POINT (5.957285218155604 46.248180390917874),46.248180390917874,5.957285218155604,True,2022-09-01,NATURELS,1.0,871f91aa1ffffff
22BB051287,NATURELS,2022-09-02 16:23:33,2022-09-02 17:24:10,1.0,1.0,1.0,2022,POINT (4.987952036142767 46.22919415702632),46.22919415702632,4.987952036142767,True,2022-09-02,NATURELS,1.0,871f91d2effffff
22BB051640,NATURELS,2022-09-03 16:46:22,2022-09-03 17:43:51,1.0,1.0,1.0,2022,POINT (4.952867154835461 46.21571507239238),46.21571507239238,4.952867154835461,True,2022-09-03,NATURELS,1.0,871f91d04ffffff
22BB051798,NATURELS,2022-09-04 10:28:29,2022-09-04 11:37:35,1.0,1.0,1.0,2022,POINT (5.338716763074723 46.04459770067154),46.04459770067154,5.338716763074723,True,2022-09-04,NATURELS,1.0,871f91c58ffffff
22BB051844,NATURELS,2022-09-04 14:51:39,2022-09-04 18:36:27,1.0,1.0,1.0,2022,POINT (5.99533439320833 46.322217554295506),46.32221755429551,5.99533439320833,True,2022-09-04,NATURELS,1.0,871f91a33ffffff
22BB051890,NATURELS,2022-09-04 18:04:08,2022-09-04 18:57:23,1.0,1.0,1.0,2022,POINT (5.433931389073751 45.94317040959946),45.94317040959946,5.433931389073751,True,2022-09-04,NATURELS,1.0,871f9119effffff
22BB052311,NATURELS,2022-09-06 16:55:30,2022-09-06 18:01:41,1.0,1.0,1.0,2022,POINT (4.9109222954398 45.87479898208551),45.87479898208551,4.9109222954398,True,2022-09-06,NATURELS,1.0,871f90265ffffff
22BB052455,NATURELS,2022-09-07 13:16:29,2022-09-07 14:05:53,1.0,1.0,1.0,2022,POINT (5.781863709366987 46.06557086486121),46.06557086486121,5.781863709366987,True,2022-09-07,FORET,1.0,871f91074ffffff
22BB052568,NATURELS,2022-09-08 01:06:44,2022-09-08 02:03:32,1.0,1.0,1.0,2022,POINT (5.706094847406734 45.75719975617427),45.75719975617427,5.706094847406734,True,2022-09-08,FORET,1.0,871f91703ffffff
22BB053076,NATURELS,2022-09-10 14:16:29,2022-09-10 15:13:07,1.0,1.0,1.0,2022,POINT (5.215476194422369 45.93352563804622),45.93352563804622,5.215476194422369,True,2022-09-10,NATURELS,1.0,871f91cd1ffffff
22BB053297,NATURELS,2022-09-11 17:26:57,2022-09-11 18:00:18,1.0,1.0,1.0,2022,POINT (5.07227324644459 45.84815249601782),45.84815249601782,5.07227324644459,True,2022-09-11,NATURELS,1.0,871f91535ffffff
22BB053472,NATURELS,2022-09-12 16:01:19,2022-09-12 19:22:07,1.0,2.0,1.0,2022,POINT (5.343547990906006 45.88476536260591),45.88476536260591,5.343547990906006,True,2022-09-12,NATURELS,1.0,871f91563ffffff
22BB053514,NATURELS,2022-09-12 19:57:18,2022-09-12 21:10:16,1.0,1.0,1.0,2022,POINT (5.173753810658098 46.36972662690897),46.36972662690897,5.173753810658098,True,2022-09-12,NATURELS,1.0,871f919b6ffffff
22BB053705,NATURELS,2022-09-13 19:54:00,2022-09-13 21:37:53,1.0,1.0,1.0,2022,POINT (5.957285218155604 46.248180390917874),46.248180390917874,5.957285218155604,True,2022-09-13,FORET,1.0,871f91aa1ffffff
22BB053918,NATURELS,2022-09-14 18:56:28,2022-09-14 20:20:17,1.0,1.0,1.0,2022,POINT (4.816840391054264 46.07712988282296),46.07712988282296,4.816840391054264,True,2022-09-14,FORET,1.0,871f91db5ffffff
22BB053925,NATURELS,2022-09-14 19:10:17,2022-09-14 21:07:23,1.0,1.0,1.0,2022,POINT (4.883018303251196 46.16198321021458),46.16198321021458,4.883018303251196,True,2022-09-14,FORET,1.0,871f90a49ffffff
22BB054968,NATURELS,2022-09-20 14:28:05,2022-09-20 15:35:23,1.0,1.0,1.0,2022,POINT (5.746723326287747 45.78918378978392),45.78918378978392,5.746723326287747,True,2022-09-20,NATURELS,1.0,871f9172affffff
22BB054971,NATURELS,2022-09-20 14:44:30,2022-09-20 15:45:06,1.0,1.0,1.0,2022,POINT (5.2563763950614195 46.30542865465567),46.30542865465567,5.25637639506142,True,2022-09-20,NATURELS,1.0,871f9199effffff
22BB055310,NATURELS,2022-09-22 10:48:15,2022-09-22 13:26:15,1.0,1.0,1.0,2022,POINT (5.268682670487398 46.41166414429129),46.41166414429129,5.268682670487398,True,2022-09-22,NATURELS,1.0,871f919a1ffffff
22BB055385,NATURELS,2022-09-22 17:01:05,2022-09-22 20:18:50,1.0,2.0,1.0,2022,POINT (5.126229135545986 46.04279427708326),46.04279427708326,5.126229135545986,True,2022-09-22,NATURELS,1.0,871f91c1dffffff
22BB055557,NATURELS,2022-09-23 15:46:50,2022-09-23 16:57:35,1.0,1.0,1.0,2022,POINT (5.126229135545986 46.04279427708326),46.04279427708326,5.126229135545986,True,2022-09-23,FORET,1.0,871f91c1dffffff
22BB055639,NATURELS,2022-09-24 00:30:32,2022-09-24 03:07:06,1.0,2.0,1.0,2022,POINT (4.828152886944553 46.26385092131038),46.26385092131038,4.828152886944553,True,2022-09-24,NATURELS,1.0,871f95691ffffff
22BB055864,NATURELS,2022-09-25 07:20:45,2022-09-25 08:40:10,1.0,1.0,1.0,2022,POINT (4.940396679646816 45.96150116074135),45.96150116074135,4.940396679646816,True,2022-09-25,NATURELS,1.0,871f91cb5ffffff
22BB058023,NATURELS,2022-10-05 20:13:48,2022-10-05 20:51:35,1.0,1.0,1.0,2022,POINT (5.804818618807128 46.12274759140102),46.12274759140102,5.804818618807128,True,2022-10-05,NATURELS,1.0,871f91159ffffff
22BB058124,NATURELS,2022-10-06 11:04:19,2022-10-06 12:03:20,1.0,1.0,1.0,2022,POINT (4.958981592153055 46.2493040584181),46.2493040584181,4.958981592153055,True,2022-10-06,FORET,1.0,871f91d20ffffff
22BB058419,NATURELS,2022-10-07 17:19:46,2022-10-07 18:17:02,1.0,1.0,1.0,2022,POINT (5.638567723284101 46.25916424108345),46.25916424108345,5.638567723284101,True,2022-10-07,NATURELS,1.0,871f918c3ffffff
22BB058431,NATURELS,2022-10-07 18:27:16,2022-10-07 22:39:05,1.0,1.0,1.0,2022,POINT (5.682268189546496 45.76224385962745),45.76224385962745,5.682268189546496,True,2022-10-07,NATURELS,1.0,871f91706ffffff
22BB058465,NATURELS,2022-10-07 20:42:53,2022-10-07 22:14:28,1.0,1.0,1.0,2022,POINT (5.483695054073165 45.820371351539734),45.82037135153973,5.483695054073165,True,2022-10-07,NATURELS,1.0,871f91465ffffff
22BB059124,NATURELS,2022-10-10 19:13:44,2022-10-10 19:59:10,1.0,1.0,1.0,2022,POINT (4.753392508196869 46.02049280551192),46.02049280551192,4.753392508196869,True,2022-10-10,NATURELS,1.0,871f90ac8ffffff
22BB059645,NATURELS,2022-10-13 15:39:05,2022-10-13 16:59:47,1.0,1.0,1.0,2022,POINT (5.977526673841869 46.22061949447215),46.22061949447215,5.977526673841869,True,2022-10-13,NATURELS,1.0,
22BB059678,NATURELS,2022-10-13 18:55:25,2022-10-13 19:26:14,1.0,1.0,1.0,2022,POINT (5.478490643715096 46.239162860818915),46.23916286081892,5.478490643715096,True,2022-10-13,NATURELS,1.0,871f91888ffffff
22BB060168,NATURELS,2022-10-15 23:59:48,2022-10-16 00:32:35,1.0,1.0,1.0,2022,POINT (5.5267777661912545 45.73022273853991),45.73022273853991,5.526777766191255,True,2022-10-15,FORET,1.0,871f9144effffff
22BB063311,NATURELS,2022-10-31 18:28:47,2022-10-31 20:00:30,1.0,1.0,1.0,2022,POINT (5.079566656325027 46.15640563671173),46.15640563671173,5.079566656325027,True,2022-10-31,NATURELS,1.0,871f91c25ffffff
22BB063672,NATURELS,2022-11-02 16:11:46,2022-11-02 17:34:04,1.0,1.0,1.0,2022,POINT (5.427893143767366 46.17480863537103),46.17480863537103,5.427893143767366,True,2022-11-02,NATURELS,1.0,871f9189affffff
22BB063710,NATURELS,2022-11-02 19:53:11,2022-11-02 20:51:51,1.0,1.0,1.0,2022,POINT (5.249635366499497 46.02664843574914),46.02664843574914,5.249635366499497,True,2022-11-02,NATURELS,1.0,871f91ce1ffffff
22BB063833,NATURELS,2022-11-03 16:43:25,2022-11-03 18:19:24,1.0,1.0,1.0,2022,POINT (5.321344677588858 46.142583904844116),46.14258390484412,5.321344677588858,True,2022-11-03,FORET,1.0,871f91c63ffffff
22BB064785,NATURELS,2022-11-08 16:08:54,2022-11-08 17:43:34,1.0,1.0,1.0,2022,POINT (5.263243305299433 45.9178354151879),45.9178354151879,5.263243305299433,True,2022-11-08,NATURELS,1.0,871f91cd8ffffff
22BB067747,NATURELS,2022-11-24 17:36:29,2022-11-24 20:31:56,1.0,1.0,1.0,2022,POINT (5.090686364524737 46.33579828453472),46.33579828453472,5.090686364524737,True,2022-11-24,FORET,1.0,871f956c1ffffff
22BB068837,NATURELS,2022-11-30 18:03:28,2022-11-30 19:09:20,1.0,1.0,1.0,2022,POINT (5.393645930198249 46.15158229790751),46.15158229790751,5.393645930198249,True,2022-11-30,NATURELS,1.0,871f91c69ffffff
22BB070383,NATURELS,2022-12-08 18:19:32,2022-12-08 18:58:19,1.0,1.0,1.0,2022,POINT (5.334423060537787 46.0679408637897),46.0679408637897,5.334423060537787,True,2022-12-08,NATURELS,1.0,871f91c5cffffff
22BB071301,NATURELS,2022-12-12 23:57:53,2022-12-13 01:45:08,1.0,1.0,1.0,2022,POINT (4.958133899818264 46.45619766179983),46.45619766179983,4.958133899818264,True,2022-12-12,NATURELS,1.0,871f95601ffffff
22BB073334,NATURELS,2022-12-22 09:27:00,2022-12-22 10:37:10,1.0,1.0,1.0,2022,POINT (5.1797033309250295 45.81245673088825),45.81245673088825,5.1797033309250295,True,2022-12-22,NATURELS,1.0,871f9150effffff
23BB000663,NATURELS,2023-01-04 12:42:40,2023-01-04 13:35:34,1.0,1.0,1.0,2023,POINT (6.031371693994893 46.29580254475153),46.29580254475153,6.031371693994893,True,2023-01-04,NATURELS,1.0,871f91a11ffffff
23BB001977,NATURELS,2023-01-12 17:13:44,2023-01-12 18:38:52,1.0,1.0,1.0,2023,POINT (5.2014171235670545 46.31119700162139),46.31119700162139,5.201417123567055,True,2023-01-12,NATURELS,1.0,871f91996ffffff
23BB002875,NATURELS,2023-01-17 20:56:00,2023-01-17 21:52:42,1.0,1.0,1.0,2023,POINT (4.758833323936093 46.08448278270571),46.08448278270571,4.758833323936093,True,2023-01-17,FORET,1.0,871f90a5affffff
23BB003355,NATURELS,2023-01-20 17:31:35,2023-01-20 22:02:40,1.0,1.0,1.0,2023,POINT (5.104848044137628 46.21915859750427),46.21915859750427,5.104848044137628,True,2023-01-20,NATURELS,1.0,871f91d70ffffff
23BB003628,NATURELS,2023-01-21 18:38:42,2023-01-21 19:47:34,1.0,1.0,1.0,2023,POINT (5.427893143767366 46.17480863537103),46.17480863537103,5.427893143767366,True,2023-01-21,NATURELS,1.0,871f9189affffff
23BB004802,NATURELS,2023-01-28 18:37:23,2023-01-28 19:59:13,1.0,1.0,1.0,2023,POINT (4.75714845096781 45.963704854563716),45.96370485456372,4.75714845096781,True,2023-01-28,FORET,1.0,871f90366ffffff
23BB005127,NATURELS,2023-01-30 16:04:09,2023-01-30 16:52:43,1.0,1.0,1.0,2023,POINT (5.350620016415206 45.92949443997979),45.92949443997979,5.350620016415206,True,2023-01-30,NATURELS,1.0,871f91565ffffff
23BB005339,NATURELS,2023-01-31 18:37:57,2023-01-31 19:35:42,1.0,1.0,1.0,2023,POINT (5.206634665525738 45.913990020480234),45.91399002048024,5.206634665525738,True,2023-01-31,NATURELS,1.0,871f91cd3ffffff
23BB005899,NATURELS,2023-02-04 03:25:24,2023-02-04 05:00:41,1.0,2.0,1.0,2023,POINT (5.710288759070491 45.75342675205355),45.75342675205355,5.710288759070491,True,2023-02-04,NATURELS,1.0,871f91703ffffff
23BB006104,NATURELS,2023-02-05 09:02:16,2023-02-05 10:02:44,1.0,1.0,1.0,2023,POINT (5.417618205844175 46.053851742000816),46.053851742000816,5.417618205844175,True,2023-02-05,NATURELS,1.0,871f911a0ffffff
23BB006476,NATURELS,2023-02-07 16:33:33,2023-02-07 18:56:07,1.0,1.0,1.0,2023,POINT (5.685219888129503 45.97001777982136),45.97001777982136,5.685219888129503,True,2023-02-07,NATURELS,1.0,871f91018ffffff
23BB007268,NATURELS,2023-02-12 16:56:12,2023-02-12 18:02:36,1.0,1.0,1.0,2023,POINT (5.278176783926535 45.89034673759136),45.89034673759136,5.278176783926535,True,2023-02-12,NATURELS,1.0,871f91cdbffffff
23BB007403,NATURELS,2023-02-13 14:42:45,2023-02-13 16:13:30,1.0,1.0,1.0,2023,POINT (5.330117896992719 46.24475780997828),46.24475780997828,5.330117896992719,True,2023-02-13,NATURELS,1.0,871f918b3ffffff
23BB007413,NATURELS,2023-02-13 15:26:04,2023-02-13 16:10:24,1.0,1.0,1.0,2023,POINT (5.4753449094175135 45.76866129415784),45.76866129415784,5.4753449094175135,True,2023-02-13,NATURELS,1.0,871f91463ffffff
23BB007578,NATURELS,2023-02-14 16:16:48,2023-02-14 17:46:42,1.0,1.0,1.0,2023,POINT (4.8774194330139995 45.89992770792679),45.89992770792679,4.877419433014,True,2023-02-14,NATURELS,1.0,871f90348ffffff
23BB007725,NATURELS,2023-02-15 14:30:19,2023-02-15 15:37:05,1.0,1.0,1.0,2023,POINT (5.552622672830702 46.169790881376564),46.16979088137656,5.552622672830702,True,2023-02-15,NATURELS,1.0,871f9112effffff
23BB007732,NATURELS,2023-02-15 14:45:02,2023-02-15 17:04:30,1.0,1.0,1.0,2023,POINT (5.575897823149641 46.21627479621646),46.21627479621646,5.575897823149641,True,2023-02-15,NATURELS,1.0,871f918d3ffffff
23BB007750,NATURELS,2023-02-15 16:56:52,2023-02-15 19:46:02,1.0,1.0,1.0,2023,POINT (5.490584717955584 45.96191144586011),45.96191144586011,5.490584717955584,True,2023-02-15,NATURELS,1.0,871f9119dffffff
23BB008052,NATURELS,2023-02-17 14:44:26,2023-02-17 15:35:38,1.0,1.0,1.0,2023,POINT (4.772904906353835 46.04580770605309),46.04580770605309,4.772904906353835,True,2023-02-17,NATURELS,1.0,871f91db6ffffff
23BB008242,NATURELS,2023-02-18 15:16:51,2023-02-18 15:58:11,1.0,1.0,1.0,2023,POINT (5.187928244187673 45.92382825182807),45.92382825182807,5.187928244187673,True,2023-02-18,NATURELS,1.0,871f91cd0ffffff
23BB008432,NATURELS,2023-02-19 14:13:22,2023-02-19 15:07:27,1.0,1.0,1.0,2023,POINT (5.195526165823973 46.1168373548971),46.1168373548971,5.195526165823973,True,2023-02-19,FORET,1.0,871f91c76ffffff
23BB008507,NATURELS,2023-02-19 20:19:00,2023-02-19 22:01:39,1.0,1.0,1.0,2023,POINT (5.351697371161438 46.29870215948414),46.29870215948414,5.351697371161438,True,2023-02-19,NATURELS,1.0,871f918a6ffffff
23BB008623,NATURELS,2023-02-20 13:47:23,2023-02-20 14:52:53,1.0,2.0,1.0,2023,POINT (5.6794385506440745 45.76056321488325),45.76056321488325,5.6794385506440745,True,2023-02-20,NATURELS,1.0,871f91706ffffff
23BB008962,NATURELS,2023-02-22 11:50:27,2023-02-22 13:54:51,1.0,1.0,1.0,2023,POINT (5.902922136163855 46.16850712368868),46.16850712368868,5.902922136163855,True,2023-02-22,NATURELS,1.0,871f91a94ffffff
23BB009639,NATURELS,2023-02-26 10:53:48,2023-02-26 11:36:06,1.0,1.0,1.0,2023,POINT (6.1428135104029264 46.3514017623023),46.3514017623023,6.1428135104029264,True,2023-02-26,NATURELS,1.0,871f91a0dffffff
23BB009662,NATURELS,2023-02-26 11:52:09,2023-02-26 13:05:41,1.0,1.0,1.0,2023,POINT (5.8180547513621175 46.13311143343891),46.13311143343891,5.8180547513621175,True,2023-02-26,NATURELS,1.0,871f9114affffff
23BB009734,NATURELS,2023-02-26 14:00:47,2023-02-26 15:20:30,1.0,1.0,1.0,2023,POINT (5.348922261183 46.143076871221005),46.143076871221005,5.348922261183,True,2023-02-26,FORET,1.0,871f91c6effffff
23BB009804,NATURELS,2023-02-26 15:49:46,2023-02-26 16:10:50,1.0,1.0,1.0,2023,POINT (5.824300178699502 46.10595538399449),46.10595538399449,5.824300178699502,True,2023-02-26,NATURELS,1.0,871f91066ffffff
23BB009919,NATURELS,2023-02-26 18:38:11,2023-02-26 20:20:41,1.0,1.0,1.0,2023,POINT (5.050264624411723 46.0550082034815),46.0550082034815,5.050264624411723,True,2023-02-26,NATURELS,1.0,871f91c15ffffff
23BB010459,NATURELS,2023-03-01 17:40:51,2023-03-01 18:40:13,1.0,1.0,1.0,2023,POINT (4.942123949977367 45.95819356998699),45.95819356998699,4.942123949977367,True,2023-03-01,NATURELS,1.0,871f91cb5ffffff
23BB010615,NATURELS,2023-03-02 16:46:37,2023-03-02 17:53:56,1.0,1.0,1.0,2023,POINT (5.3968497208514865 46.186790520807904),46.186790520807904,5.396849720851487,True,2023-03-02,NATURELS,1.0,871f9189effffff
23BB010635,NATURELS,2023-03-02 20:10:38,2023-03-03 01:51:55,1.0,2.0,1.0,2023,POINT (5.521303915575321 45.80247404210149),45.80247404210149,5.521303915575321,True,2023-03-02,NATURELS,1.0,871f9146cffffff
23BB010734,NATURELS,2023-03-03 14:12:30,2023-03-03 18:54:53,1.0,2.0,1.0,2023,POINT (5.515078435580158 45.810357878906906),45.810357878906906,5.515078435580158,True,2023-03-03,NATURELS,1.0,871f91092ffffff
23BB010788,NATURELS,2023-03-03 19:32:51,2023-03-03 21:58:52,1.0,1.0,1.0,2023,POINT (5.348392646575989 45.929581047465106),45.92958104746511,5.348392646575989,True,2023-03-03,NATURELS,1.0,871f91565ffffff
23BB010919,NATURELS,2023-03-04 14:51:19,2023-03-04 15:44:44,1.0,1.0,1.0,2023,POINT (5.676772583315364 46.294703842438885),46.294703842438885,5.676772583315364,True,2023-03-04,NATURELS,1.0,871f918ccffffff
23BB010943,NATURELS,2023-03-04 17:44:01,2023-03-04 18:25:14,1.0,1.0,1.0,2023,POINT (5.1714238006661715 45.99460142307525),45.99460142307525,5.171423800666172,True,2023-03-04,NATURELS,1.0,871f91cf5ffffff
23BB010953,NATURELS,2023-03-04 18:55:55,2023-03-04 20:44:14,1.0,1.0,1.0,2023,POINT (5.487177661890766 45.78274518358452),45.78274518358452,5.487177661890766,True,2023-03-04,NATURELS,1.0,871f91463ffffff
23BB010966,NATURELS,2023-03-04 20:23:27,2023-03-04 21:54:58,1.0,1.0,1.0,2023,POINT (4.874652518738068 46.242043083735695),46.242043083735695,4.874652518738068,True,2023-03-04,NATURELS,1.0,871f95698ffffff
23BB011049,NATURELS,2023-03-05 13:05:59,2023-03-05 14:29:00,1.0,1.0,1.0,2023,POINT (5.356770267707495 46.13883384639432),46.13883384639432,5.356770267707495,True,2023-03-05,FORET,1.0,871f91c6affffff
23BB011081,NATURELS,2023-03-05 15:59:01,2023-03-05 16:30:08,1.0,1.0,1.0,2023,POINT (5.1980078345814045 45.78694658424061),45.78694658424061,5.1980078345814045,True,2023-03-05,NATURELS,1.0,871f91519ffffff
23BB011239,NATURELS,2023-03-06 13:28:12,2023-03-06 18:21:39,1.0,3.0,1.0,2023,POINT (4.985280266804383 45.93005538003305),45.93005538003305,4.985280266804383,True,2023-03-06,NATURELS,1.0,871f91c86ffffff
23BB011277,NATURELS,2023-03-06 17:00:33,2023-03-06 19:08:33,1.0,6.0,1.0,2023,POINT (5.967900293065018 46.22609855785422),46.22609855785422,5.967900293065018,True,2023-03-06,NATURELS,1.0,871f91aa3ffffff
23BB011294,NATURELS,2023-03-06 18:48:08,2023-03-06 20:14:35,1.0,1.0,1.0,2023,POINT (4.942683309715624 45.89965083586523),45.89965083586523,4.942683309715624,True,2023-03-06,NATURELS,1.0,871f91c94ffffff
23BB011298,NATURELS,2023-03-06 19:24:32,2023-03-06 20:59:35,1.0,1.0,1.0,2023,POINT (4.971703868000052 46.104184104062014),46.104184104062014,4.971703868000052,True,2023-03-06,NATURELS,1.0,871f91da9ffffff
23BB011453,NATURELS,2023-03-07 19:28:43,2023-03-07 20:43:26,1.0,1.0,1.0,2023,POINT (6.002936177575255 46.271029718908245),46.271029718908245,6.002936177575255,True,2023-03-07,NATURELS,1.0,871f91a13ffffff
23BB011728,NATURELS,2023-03-09 13:15:21,2023-03-09 13:57:31,1.0,1.0,1.0,2023,POINT (4.775910964379553 45.94040120784767),45.94040120784767,4.775910964379553,True,2023-03-09,FORET,1.0,871f90362ffffff
23BB012096,NATURELS,2023-03-11 13:21:19,2023-03-11 15:58:12,1.0,1.0,1.0,2023,POINT (5.541020454636411 45.72774588449472),45.72774588449472,5.541020454636411,True,2023-03-11,NATURELS,1.0,871f9144effffff
23BB012264,NATURELS,2023-03-12 11:50:00,2023-03-12 12:52:27,1.0,1.0,1.0,2023,POINT (5.371509333420792 45.9497766630711),45.9497766630711,5.371509333420792,True,2023-03-12,NATURELS,1.0,871f91196ffffff
23BB013130,NATURELS,2023-03-16 17:20:41,2023-03-16 18:37:24,1.0,1.0,1.0,2023,POINT (4.888398364353771 46.11770853998377),46.11770853998377,4.888398364353771,True,2023-03-16,NATURELS,1.0,871f91da5ffffff
23BB013146,NATURELS,2023-03-16 18:30:09,2023-03-16 19:30:02,1.0,1.0,1.0,2023,POINT (6.118698568993265 46.31233261825074),46.31233261825074,6.118698568993265,True,2023-03-16,NATURELS,1.0,871f91a0affffff
23BB013329,NATURELS,2023-03-17 17:13:45,2023-03-17 18:35:48,1.0,1.0,1.0,2023,POINT (5.957285218155604 46.248180390917874),46.248180390917874,5.957285218155604,True,2023-03-17,FORET,1.0,871f91aa1ffffff
23BB013484,NATURELS,2023-03-18 14:35:10,2023-03-18 16:04:15,1.0,1.0,1.0,2023,POINT (5.326757204508741 46.0367941358164),46.0367941358164,5.326757204508741,True,2023-03-18,NATURELS,1.0,871f91c5affffff
23BB013507,NATURELS,2023-03-18 16:37:45,2023-03-18 18:29:11,1.0,1.0,1.0,2023,POINT (5.173129075108652 45.815782791410854),45.81578279141085,5.173129075108652,True,2023-03-18,NATURELS,1.0,871f91503ffffff
23BB013536,NATURELS,2023-03-18 18:51:04,2023-03-18 22:51:26,1.0,2.0,1.0,2023,POINT (5.198687889404884 46.04521109209005),46.04521109209005,5.198687889404884,True,2023-03-18,NATURELS,1.0,871f91c0bffffff
23BB014055,NATURELS,2023-03-21 18:38:53,2023-03-21 19:28:57,1.0,1.0,1.0,2023,POINT (5.341945051719144 46.20906958752553),46.20906958752553,5.341945051719144,True,2023-03-21,NATURELS,1.0,871f91890ffffff
23BB014411,NATURELS,2023-03-23 21:28:08,2023-03-23 22:10:28,1.0,2.0,1.0,2023,POINT (4.755259603620092 46.04257772811783),46.04257772811783,4.755259603620092,True,2023-03-23,NATURELS,1.0,871f90aebffffff
23BB014722,NATURELS,2023-03-25 15:46:31,2023-03-25 16:36:23,1.0,1.0,1.0,2023,POINT (5.065505014490059 46.065029507115476),46.06502950711548,5.065505014490059,True,2023-03-25,NATURELS,1.0,871f91c06ffffff
23BB014847,NATURELS,2023-03-26 13:46:22,2023-03-26 14:38:17,1.0,1.0,1.0,2023,POINT (5.347272893809505 46.34579136895305),46.34579136895305,5.347272893809505,True,2023-03-26,FORET,1.0,871f91988ffffff
23BB014866,NATURELS,2023-03-26 16:10:09,2023-03-26 17:13:23,1.0,1.0,1.0,2023,POINT (4.770574594237687 45.93993155641725),45.93993155641725,4.770574594237687,True,2023-03-26,FORET,1.0,871f90362ffffff
23BB015076,NATURELS,2023-03-28 01:04:08,2023-03-28 03:04:01,1.0,1.0,1.0,2023,POINT (5.170099716296862 45.91233171141312),45.91233171141312,5.170099716296862,True,2023-03-28,NATURELS,1.0,871f91cd0ffffff
23BB015322,NATURELS,2023-03-29 15:27:51,2023-03-29 16:56:06,1.0,1.0,1.0,2023,POINT (5.633278710671466 46.139328038834336),46.139328038834336,5.633278710671466,True,2023-03-29,NATURELS,1.0,871f91109ffffff
23BB015480,NATURELS,2023-03-30 16:22:53,2023-03-30 17:18:53,1.0,1.0,1.0,2023,POINT (4.887568550578388 46.24996249904648),46.24996249904648,4.887568550578388,True,2023-03-30,FORET,1.0,871f95699ffffff
23BB015863,NATURELS,2023-04-01 14:47:15,2023-04-01 16:53:28,1.0,1.0,1.0,2023,POINT (6.025617589943582 46.256134491505435),46.25613449150544,6.025617589943582,True,2023-04-01,NATURELS,1.0,871f91aadffffff
23BB016346,NATURELS,2023-04-04 13:06:07,2023-04-04 14:36:48,1.0,1.0,1.0,2023,POINT (4.949604772429682 46.12513177808044),46.12513177808044,4.949604772429682,True,2023-04-04,FORET,1.0,871f91dadffffff
23BB016746,NATURELS,2023-04-06 21:52:42,2023-04-06 22:58:18,1.0,1.0,1.0,2023,POINT (5.413169257938948 46.03935988508965),46.03935988508965,5.413169257938948,True,2023-04-06,NATURELS,1.0,871f911a0ffffff
23BB017012,NATURELS,2023-04-08 16:26:54,2023-04-08 16:49:43,1.0,1.0,1.0,2023,POINT (4.758833323936093 46.08448278270571),46.08448278270571,4.758833323936093,True,2023-04-08,FORET,1.0,871f90a5affffff
23BB017068,NATURELS,2023-04-09 01:42:12,2023-04-09 02:19:45,1.0,1.0,1.0,2023,POINT (5.535941832650878 45.743882159555206),45.743882159555206,5.535941832650878,True,2023-04-09,FORET,1.0,871f9144cffffff
23BB017488,NATURELS,2023-04-11 20:15:30,2023-04-11 22:17:19,1.0,1.0,1.0,2023,POINT (5.498525051747163 45.920071645698684),45.92007164569869,5.498525051747163,True,2023-04-11,NATURELS,1.0,871f9119bffffff
23BB017624,NATURELS,2023-04-12 19:42:33,2023-04-12 20:40:31,1.0,1.0,1.0,2023,POINT (4.995638936885967 46.16310931976859),46.16310931976859,4.995638936885967,True,2023-04-12,NATURELS,1.0,871f91d1dffffff
23BB017626,NATURELS,2023-04-12 19:43:48,2023-04-12 21:35:29,1.0,1.0,1.0,2023,POINT (4.876372882807895 46.316583386517294),46.316583386517294,4.876372882807895,True,2023-04-12,FORET,1.0,871f95681ffffff
23BB018387,NATURELS,2023-04-17 14:54:53,2023-04-17 15:33:17,1.0,1.0,1.0,2023,POINT (4.895101239739248 46.24623693447379),46.24623693447379,4.895101239739248,True,2023-04-17,NATURELS,1.0,871f95699ffffff
23BB018414,NATURELS,2023-04-17 17:49:58,2023-04-17 19:03:21,1.0,1.0,1.0,2023,POINT (5.36356904153784 46.21874848263123),46.21874848263123,5.36356904153784,True,2023-04-17,NATURELS,1.0,871f91895ffffff
23BB018886,NATURELS,2023-04-20 14:23:42,2023-04-20 15:20:52,1.0,1.0,1.0,2023,POINT (4.9321321621558925 45.89464660897143),45.89464660897143,4.9321321621558925,True,2023-04-20,FORET,1.0,871f91c96ffffff
23BB019540,NATURELS,2023-04-24 15:49:26,2023-04-24 16:18:12,1.0,1.0,1.0,2023,POINT (5.194903186230219 45.92424559606973),45.92424559606973,5.194903186230219,True,2023-04-24,FORET,1.0,871f91cd1ffffff
23BB019585,NATURELS,2023-04-24 20:17:03,2023-04-24 21:03:07,1.0,1.0,1.0,2023,POINT (4.954029615453423 45.919929769269835),45.91992976926984,4.954029615453423,True,2023-04-24,FORET,1.0,871f91cb3ffffff
23BB019703,NATURELS,2023-04-25 15:32:51,2023-04-25 16:11:54,1.0,1.0,1.0,2023,POINT (5.187257638123611 45.91613885120464),45.91613885120464,5.187257638123611,True,2023-04-25,NATURELS,1.0,871f91cd0ffffff
23BB019781,NATURELS,2023-04-25 21:54:09,2023-04-26 00:02:28,1.0,1.0,1.0,2023,POINT (5.363423185316308 46.08616466815881),46.08616466815881,5.363423185316308,True,2023-04-25,NATURELS,1.0,871f91c4effffff
23BB020439,NATURELS,2023-04-29 18:38:05,2023-04-29 19:26:11,1.0,1.0,1.0,2023,POINT (5.320192008273813 46.05105829978159),46.05105829978159,5.320192008273813,True,2023-04-29,NATURELS,1.0,871f91c5effffff
23BB020557,NATURELS,2023-04-30 12:27:40,2023-04-30 12:51:24,1.0,1.0,1.0,2023,POINT (5.977705518516869 46.24020318746792),46.24020318746792,5.977705518516869,True,2023-04-30,NATURELS,1.0,871f91aa1ffffff
23BB020677,NATURELS,2023-05-01 07:02:23,2023-05-01 08:27:35,1.0,1.0,1.0,2023,POINT (5.233756472625383 46.435040770798906),46.435040770798906,5.233756472625383,True,2023-05-01,FORET,1.0,871f919a4ffffff
23BB021925,NATURELS,2023-05-08 17:55:51,2023-05-08 18:40:49,1.0,1.0,1.0,2023,POINT (6.080492582732885 46.248974282505834),46.24897428250584,6.080492582732885,True,2023-05-08,FORET,1.0,
23BB022736,NATURELS,2023-05-13 15:55:06,2023-05-13 17:28:11,1.0,1.0,1.0,2023,POINT (5.711666256281273 45.7997701821764),45.7997701821764,5.711666256281273,True,2023-05-13,NATURELS,1.0,871f91705ffffff
23BB022772,NATURELS,2023-05-13 21:39:26,2023-05-13 23:24:48,1.0,1.0,1.0,2023,POINT (4.946625823658217 46.21780355547702),46.21780355547702,4.946625823658217,True,2023-05-13,FORET,1.0,871f91d22ffffff
23BB023420,NATURELS,2023-05-17 17:51:06,2023-05-17 18:54:51,1.0,1.0,1.0,2023,POINT (6.030364451225799 46.24513542518955),46.24513542518955,6.030364451225799,True,2023-05-17,NATURELS,1.0,871f91aa8ffffff
23BB023432,NATURELS,2023-05-17 18:37:36,2023-05-17 21:45:02,1.0,1.0,1.0,2023,POINT (4.757269699917426 45.978140120748265),45.978140120748265,4.757269699917426,True,2023-05-17,NATURELS,1.0,871f90364ffffff
23BB023912,NATURELS,2023-05-20 21:52:49,2023-05-20 23:00:14,1.0,1.0,1.0,2023,POINT (5.465733793849219 45.80753815280325),45.80753815280325,5.465733793849219,True,2023-05-20,NATURELS,1.0,871f91465ffffff
23BB024273,NATURELS,2023-05-22 21:41:03,2023-05-23 01:25:50,1.0,2.0,1.0,2023,POINT (4.91842208442182 46.05755162490348),46.05755162490348,4.91842208442182,True,2023-05-22,NATURELS,1.0,871f91d81ffffff
23BB024428,NATURELS,2023-05-23 20:31:55,2023-05-23 21:03:30,1.0,1.0,1.0,2023,POINT (5.234401917429751 46.21154992442185),46.21154992442185,5.234401917429751,True,2023-05-23,NATURELS,1.0,871f91d4effffff
23BB024567,NATURELS,2023-05-24 16:22:56,2023-05-24 16:50:25,1.0,1.0,1.0,2023,POINT (5.234879348863739 46.21077243703475),46.21077243703475,5.234879348863739,True,2023-05-24,NATURELS,1.0,871f91d4effffff
23BB024852,NATURELS,2023-05-26 07:36:59,2023-05-26 08:55:28,1.0,1.0,1.0,2023,POINT (5.633141297364835 46.27054239820688),46.27054239820688,5.633141297364835,True,2023-05-26,NATURELS,1.0,871f918c3ffffff
23BB024965,NATURELS,2023-05-26 16:13:28,2023-05-26 16:48:59,1.0,1.0,1.0,2023,POINT (5.554723126096678 46.214213484061396),46.2142134840614,5.554723126096678,True,2023-05-26,NATURELS,1.0,871f918d2ffffff
23BB024972,NATURELS,2023-05-26 16:39:44,2023-05-26 17:43:54,1.0,1.0,1.0,2023,POINT (5.590160837098694 46.012206970680296),46.012206970680296,5.590160837098694,True,2023-05-26,NATURELS,1.0,871f91033ffffff
23BB025090,NATURELS,2023-05-27 08:49:21,2023-05-27 10:18:56,1.0,1.0,1.0,2023,POINT (5.551246414227153 46.188676446434066),46.18867644643407,5.551246414227153,True,2023-05-27,NATURELS,1.0,871f91121ffffff
23BB025206,NATURELS,2023-05-27 19:16:32,2023-05-27 20:11:45,1.0,1.0,1.0,2023,POINT (5.109776498616164 45.85767663856744),45.85767663856744,5.109776498616164,True,2023-05-27,NATURELS,1.0,871f91522ffffff
23BB025339,NATURELS,2023-05-28 15:03:17,2023-05-28 15:57:32,1.0,1.0,1.0,2023,POINT (6.10397292390837 46.263904226335505),46.26390422633551,6.10397292390837,True,2023-05-28,NATURELS,1.0,871f91a1bffffff
23BB025402,NATURELS,2023-05-28 21:24:43,2023-05-28 22:51:50,1.0,1.0,1.0,2023,POINT (5.389250365523449 46.17677655428092),46.17677655428092,5.389250365523449,True,2023-05-28,NATURELS,1.0,871f91c6dffffff
23BB025520,NATURELS,2023-05-29 16:05:25,2023-05-29 16:52:03,1.0,1.0,1.0,2023,POINT (5.1964723590984 45.918714031937604),45.9187140319376,5.1964723590984,True,2023-05-29,NATURELS,1.0,871f91cd1ffffff
23BB025553,NATURELS,2023-05-29 18:41:03,2023-05-29 20:26:47,1.0,1.0,1.0,2023,POINT (5.943983961886166 46.221783676462536),46.221783676462536,5.943983961886166,True,2023-05-29,NATURELS,1.0,871f91aa3ffffff
23BB025873,NATURELS,2023-05-31 11:29:33,2023-05-31 12:32:53,1.0,1.0,1.0,2023,POINT (5.018844239156368 45.81525892001902),45.81525892001902,5.018844239156368,True,2023-05-31,NATURELS,1.0,871f9024dffffff
23BB025905,NATURELS,2023-05-31 14:39:40,2023-05-31 17:10:18,1.0,1.0,1.0,2023,POINT (5.455389109628307 46.21505830477525),46.21505830477525,5.455389109628307,True,2023-05-31,NATURELS,1.0,871f9189dffffff
23BB025910,NATURELS,2023-05-31 14:52:39,2023-05-31 17:30:25,1.0,1.0,1.0,2023,POINT (4.782132548396474 45.99253657910774),45.99253657910774,4.782132548396474,True,2023-05-31,FORET,1.0,871f90acbffffff
23BB025913,NATURELS,2023-05-31 15:08:21,2023-05-31 16:10:16,1.0,1.0,1.0,2023,POINT (5.193350954913535 45.935556511080236),45.93555651108024,5.193350954913535,True,2023-05-31,FORET,1.0,871f91cd5ffffff
23BB026097,NATURELS,2023-06-01 17:19:18,2023-06-01 17:44:51,1.0,1.0,1.0,2023,POINT (5.693522960138673 45.7560906641289),45.7560906641289,5.693522960138673,True,2023-06-01,NATURELS,1.0,871f91702ffffff
23BB026508,NATURELS,2023-06-03 17:11:28,2023-06-03 20:30:41,1.0,3.0,1.0,2023,POINT (4.925693221610313 46.43772208770357),46.43772208770357,4.925693221610313,True,2023-06-03,NATURELS,1.0,871f95600ffffff
23BB026850,NATURELS,2023-06-05 15:10:55,2023-06-05 15:19:43,1.0,1.0,1.0,2023,POINT (5.35502758397589 45.99620057680234),45.99620057680234,5.35502758397589,True,2023-06-05,NATURELS,1.0,871f911b0ffffff
23BB026875,NATURELS,2023-06-05 17:31:22,2023-06-05 19:07:10,1.0,2.0,1.0,2023,POINT (5.285827019243847 46.36036083946219),46.36036083946219,5.285827019243847,True,2023-06-05,NATURELS,1.0,871f91980ffffff
23BB027038,NATURELS,2023-06-06 15:31:56,2023-06-06 17:13:48,1.0,1.0,1.0,2023,POINT (6.114478316989438 46.26032964534197),46.26032964534197,6.114478316989438,True,2023-06-06,NATURELS,1.0,
23BB027249,NATURELS,2023-06-07 19:16:56,2023-06-07 21:47:27,1.0,1.0,1.0,2023,POINT (5.589902040181229 46.03307819025224),46.03307819025224,5.589902040181229,True,2023-06-07,NATURELS,1.0,871f91030ffffff
23BB027296,NATURELS,2023-06-08 05:25:10,2023-06-08 06:26:22,1.0,1.0,1.0,2023,POINT (4.836175944440665 46.09153804671313),46.09153804671313,4.836175944440665,True,2023-06-08,NATURELS,1.0,871f91da6ffffff
23BB027350,NATURELS,2023-06-08 12:32:52,2023-06-08 14:08:47,1.0,1.0,1.0,2023,POINT (5.200123599882899 45.825343303263374),45.825343303263374,5.200123599882899,True,2023-06-08,NATURELS,1.0,871f9150cffffff
23BB027365,NATURELS,2023-06-08 15:01:27,2023-06-08 16:53:31,1.0,1.0,1.0,2023,POINT (5.243515609251724 46.26186884266852),46.26186884266852,5.243515609251724,True,2023-06-08,NATURELS,1.0,871f91d68ffffff
23BB027402,NATURELS,2023-06-08 19:11:32,2023-06-08 20:25:44,1.0,1.0,1.0,2023,POINT (5.687886152147339 45.71699796392558),45.71699796392558,5.687886152147339,True,2023-06-08,NATURELS,1.0,871f9171effffff
23BB027481,NATURELS,2023-06-09 10:49:26,2023-06-09 12:25:18,1.0,1.0,1.0,2023,POINT (4.941983726097203 46.09290984288857),46.09290984288857,4.941983726097203,True,2023-06-09,NATURELS,1.0,871f91da8ffffff
23BB028550,NATURELS,2023-06-14 13:28:17,2023-06-14 15:00:07,1.0,1.0,1.0,2023,POINT (5.702920860250074 45.72384168155533),45.72384168155533,5.702920860250074,True,2023-06-14,NATURELS,1.0,871f9171cffffff
23BB028563,NATURELS,2023-06-14 14:25:00,2023-06-14 15:24:22,1.0,1.0,1.0,2023,POINT (5.341805394210735 46.05092599220618),46.05092599220618,5.341805394210735,True,2023-06-14,FORET,1.0,871f91c58ffffff
23BB028565,NATURELS,2023-06-14 14:36:41,2023-06-14 16:59:30,1.0,2.0,1.0,2023,POINT (5.149632654965496 45.85802818825928),45.85802818825928,5.149632654965496,True,2023-06-14,NATURELS,1.0,871f91523ffffff
23BB028571,NATURELS,2023-06-14 15:24:01,2023-06-14 16:40:10,1.0,1.0,1.0,2023,POINT (5.202143464297566 45.91714738748029),45.91714738748029,5.202143464297566,True,2023-06-14,NATURELS,1.0,871f91cd1ffffff
23BB028690,NATURELS,2023-06-15 10:50:08,2023-06-15 11:35:42,1.0,1.0,1.0,2023,POINT (5.991937105795984 46.24569802559726),46.24569802559726,5.991937105795984,True,2023-06-15,NATURELS,1.0,871f91aacffffff
23BB028713,NATURELS,2023-06-15 13:02:47,2023-06-15 14:11:46,1.0,1.0,,2023,POINT (5.1216135463882395 45.84846271277238),45.84846271277238,5.12161354638824,True,2023-06-15,NATURELS,1.0,871f91504ffffff
23BB028919,NATURELS,2023-06-16 16:30:53,2023-06-16 21:20:05,1.0,7.0,,2023,POINT (4.892358373216184 46.11519758858194),46.11519758858194,4.892358373216184,True,2023-06-16,NATURELS,1.0,871f91da1ffffff
23BB028925,NATURELS,2023-06-16 17:09:27,2023-06-16 18:17:01,1.0,1.0,,2023,POINT (5.379844478110407 46.029459238991926),46.029459238991926,5.379844478110407,True,2023-06-16,NATURELS,1.0,871f911b5ffffff
23BB028955,NATURELS,2023-06-16 19:42:32,2023-06-16 20:12:22,1.0,1.0,,2023,POINT (5.625615802223883 46.27149951673439),46.27149951673439,5.625615802223883,True,2023-06-16,NATURELS,1.0,871f918c0ffffff
23BB029113,NATURELS,2023-06-17 15:16:01,2023-06-17 19:06:22,1.0,3.0,,2023,POINT (5.125807382664374 45.91099811192401),45.91099811192401,5.125807382664374,True,2023-06-17,NATURELS,1.0,871f91c8bffffff
23BB029130,NATURELS,2023-06-17 16:42:01,2023-06-17 18:06:24,1.0,1.0,,2023,POINT (5.698324594439504 45.76182716581131),45.76182716581131,5.698324594439504,True,2023-06-17,NATURELS,1.0,871f91700ffffff
23BB029173,NATURELS,2023-06-17 20:18:30,2023-06-17 20:31:24,1.0,1.0,,2023,POINT (5.136969638420519 45.9070839620883),45.9070839620883,5.136969638420519,True,2023-06-17,FORET,1.0,871f91525ffffff
23BB029341,NATURELS,2023-06-18 18:19:47,2023-06-18 18:58:39,1.0,1.0,,2023,POINT (5.248493353483596 46.196387094924674),46.196387094924674,5.248493353483596,True,2023-06-18,NATURELS,1.0,871f91d4affffff
23BB029344,NATURELS,2023-06-18 18:28:51,2023-06-18 19:18:15,1.0,1.0,,2023,POINT (4.842748748903145 46.30580032532361),46.30580032532361,4.842748748903145,True,2023-06-18,NATURELS,1.0,871f95680ffffff
23BB029437,NATURELS,2023-06-19 10:53:15,2023-06-19 11:48:45,1.0,1.0,,2023,POINT (5.598985918513702 45.977914345929484),45.97791434592949,5.598985918513702,True,2023-06-19,FORET,1.0,871f91010ffffff
23BB029444,NATURELS,2023-06-19 12:23:34,2023-06-19 17:10:51,1.0,2.0,,2023,POINT (5.458425841190119 46.2615436933288),46.2615436933288,5.458425841190119,True,2023-06-19,NATURELS,1.0,871f9188cffffff
23BB029501,NATURELS,2023-06-19 18:43:54,2023-06-19 20:06:25,1.0,1.0,,2023,POINT (5.811613351815237 45.88670620947958),45.88670620947958,5.811613351815237,True,2023-06-19,NATURELS,1.0,871f910c3ffffff
23BB030042,NATURELS,2023-06-22 15:16:41,2023-06-22 16:27:27,1.0,1.0,,2023,POINT (5.335893539949581 45.92516085656996),45.92516085656996,5.335893539949581,True,2023-06-22,NATURELS,1.0,871f91565ffffff
23BB030059,NATURELS,2023-06-22 16:33:24,2023-06-22 18:05:06,1.0,1.0,,2023,POINT (5.252064226389673 45.87788189731527),45.87788189731527,5.252064226389673,True,2023-06-22,NATURELS,1.0,871f91574ffffff
23BB030060,NATURELS,2023-06-22 16:41:24,2023-06-22 17:17:16,1.0,1.0,,2023,POINT (5.302097078208648 45.9691457724951),45.9691457724951,5.302097078208648,True,2023-06-22,NATURELS,1.0,871f91cccffffff
23BB030195,NATURELS,2023-06-23 11:54:03,2023-06-23 12:34:37,1.0,1.0,,2023,POINT (5.165431146449582 45.894830881693665),45.89483088169367,5.165431146449582,True,2023-06-23,NATURELS,1.0,871f91cd2ffffff
23BB030202,NATURELS,2023-06-23 12:43:46,2023-06-23 13:39:59,1.0,1.0,,2023,POINT (4.946818848926137 46.28552971346468),46.28552971346468,4.946818848926137,True,2023-06-23,NATURELS,1.0,871f9568bffffff
23BB030235,NATURELS,2023-06-23 16:12:59,2023-06-23 17:37:49,1.0,1.0,,2023,POINT (5.034831306787374 46.372105149142605),46.372105149142605,5.034831306787374,True,2023-06-23,NATURELS,1.0,871f956e2ffffff
23BB031249,NATURELS,2023-06-28 17:08:17,2023-06-28 18:14:48,1.0,1.0,,2023,POINT (5.645015652521796 45.83974406259317),45.83974406259317,5.645015652521796,True,2023-06-28,NATURELS,1.0,871f91724ffffff
23BB031311,NATURELS,2023-06-28 22:38:32,2023-06-29 00:00:07,1.0,1.0,,2023,POINT (5.333735173597886 45.905734969284985),45.905734969284985,5.333735173597886,True,2023-06-28,NATURELS,1.0,871f91560ffffff
23BB031415,NATURELS,2023-06-29 11:25:18,2023-06-29 12:31:11,1.0,1.0,,2023,POINT (6.110517702558789 46.31545159350084),46.31545159350084,6.110517702558789,True,2023-06-29,FORET,1.0,871f91a0effffff
23BB031456,NATURELS,2023-06-29 14:49:13,2023-06-29 17:24:02,1.0,4.0,,2023,POINT (5.388155758337381 46.19243662379932),46.19243662379932,5.388155758337381,True,2023-06-29,NATURELS,1.0,871f9189effffff
23BB031468,NATURELS,2023-06-29 15:54:44,2023-06-29 16:48:10,1.0,1.0,,2023,POINT (5.210755271057772 45.81811278596275),45.81811278596275,5.210755271057772,True,2023-06-29,NATURELS,1.0,871f91508ffffff
23BB031514,NATURELS,2023-06-29 19:50:29,2023-06-29 20:38:52,1.0,1.0,,2023,POINT (5.2108983044393264 45.772114038419936),45.772114038419936,5.2108983044393264,True,2023-06-29,NATURELS,1.0,871f91519ffffff
23BB031816,NATURELS,2023-07-01 01:00:02,2023-07-01 02:30:43,1.0,1.0,,2023,POINT (6.039020708099188 46.26630729063221),46.26630729063221,6.039020708099188,True,2023-07-01,NATURELS,1.0,871f91aadffffff
23BB031884,NATURELS,2023-07-01 09:28:37,2023-07-01 10:32:26,1.0,1.0,,2023,POINT (6.039020708099188 46.26630729063221),46.26630729063221,6.039020708099188,True,2023-07-01,NATURELS,1.0,871f91aadffffff
23BB031937,NATURELS,2023-07-01 13:43:49,2023-07-01 17:37:38,1.0,1.0,,2023,POINT (5.26365769396374 45.926566656460125),45.926566656460125,5.26365769396374,True,2023-07-01,NATURELS,1.0,871f91cddffffff
23BB031973,NATURELS,2023-07-01 18:30:25,2023-07-01 19:02:40,1.0,1.0,,2023,POINT (5.225164868417214 46.18821601948642),46.18821601948642,5.225164868417214,True,2023-07-01,FORET,1.0,871f91d5dffffff
23BB031997,NATURELS,2023-07-01 21:05:29,2023-07-01 21:32:04,1.0,1.0,,2023,POINT (5.696633484914047 46.254232757678814),46.254232757678814,5.696633484914047,True,2023-07-01,NATURELS,1.0,871f918caffffff
23BB032372,NATURELS,2023-07-03 17:11:41,2023-07-03 18:06:08,1.0,1.0,,2023,POINT (5.144377747985386 46.15084473737198),46.15084473737198,5.144377747985386,True,2023-07-03,NATURELS,1.0,871f91d53ffffff
23BB032554,NATURELS,2023-07-04 17:32:47,2023-07-04 20:11:54,1.0,3.0,,2023,POINT (5.985060064821237 46.23120291629542),46.23120291629542,5.985060064821237,True,2023-07-04,NATURELS,1.0,871f91aaeffffff
23BB032581,NATURELS,2023-07-04 20:27:36,2023-07-04 21:04:00,1.0,1.0,,2023,POINT (4.983019378267416 46.05776607062104),46.05776607062104,4.983019378267416,True,2023-07-04,NATURELS,1.0,871f91d8dffffff
23BB032881,NATURELS,2023-07-06 14:20:27,2023-07-06 15:14:42,1.0,1.0,,2023,POINT (4.859668783898448 46.30290468428215),46.30290468428215,4.859668783898448,True,2023-07-06,NATURELS,1.0,871f95680ffffff
23BB033056,NATURELS,2023-07-07 11:54:28,2023-07-07 13:56:59,1.0,1.0,,2023,POINT (5.7207804328797565 45.739756419414846),45.739756419414846,5.7207804328797565,True,2023-07-07,NATURELS,1.0,871f91703ffffff
23BB033094,NATURELS,2023-07-07 16:42:59,2023-07-07 18:36:27,1.0,1.0,,2023,POINT (5.046496375780437 45.85127022773331),45.85127022773331,5.046496375780437,True,2023-07-07,FORET,1.0,871f91534ffffff
23BB033157,NATURELS,2023-07-07 23:08:07,2023-07-08 00:59:00,1.0,1.0,,2023,POINT (4.770926915295458 46.03388771835758),46.03388771835758,4.770926915295458,True,2023-07-07,NATURELS,1.0,871f90acdffffff
23BB033271,NATURELS,2023-07-08 12:45:25,2023-07-08 14:45:10,1.0,2.0,,2023,POINT (4.859049814268223 46.07162213876532),46.07162213876532,4.859049814268223,True,2023-07-08,NATURELS,1.0,871f91d84ffffff
23BB033316,NATURELS,2023-07-08 16:55:57,2023-07-08 19:24:01,1.0,1.0,,2023,POINT (5.45611402138656 45.79728918342343),45.79728918342343,5.45611402138656,True,2023-07-08,NATURELS,1.0,871f91460ffffff
23BB033318,NATURELS,2023-07-08 17:02:53,2023-07-08 17:14:56,1.0,1.0,,2023,POINT (5.458098589820247 45.79528922292109),45.79528922292109,5.458098589820247,True,2023-07-08,NATURELS,1.0,871f91460ffffff
23BB033341,NATURELS,2023-07-08 19:35:55,2023-07-08 20:46:51,1.0,1.0,,2023,POINT (4.825165492430776 46.09550776034624),46.09550776034624,4.825165492430776,True,2023-07-08,NATURELS,1.0,871f91da6ffffff
23BB033392,NATURELS,2023-07-09 00:40:27,2023-07-09 01:20:40,1.0,1.0,,2023,POINT (4.752010159680088 46.00087285204406),46.00087285204406,4.752010159680088,True,2023-07-09,NATURELS,1.0,871f90acaffffff
23BB033458,NATURELS,2023-07-09 11:33:55,2023-07-09 15:56:09,1.0,3.0,,2023,POINT (5.234385887765072 46.40411727790133),46.40411727790133,5.234385887765072,True,2023-07-09,NATURELS,1.0,871f919a2ffffff
23BB033471,NATURELS,2023-07-09 12:23:38,2023-07-09 14:55:51,1.0,3.0,,2023,POINT (4.923277267332455 45.86924962253135),45.86924962253135,4.923277267332455,True,2023-07-09,NATURELS,1.0,871f90265ffffff
23BB033501,NATURELS,2023-07-09 15:34:36,2023-07-09 19:41:15,1.0,3.0,,2023,POINT (5.6722018612708505 46.04233607795057),46.04233607795057,5.6722018612708505,True,2023-07-09,NATURELS,1.0,871f91005ffffff
23BB033502,NATURELS,2023-07-09 15:37:40,2023-07-09 18:15:45,1.0,2.0,,2023,POINT (6.126939165559022 46.34723140698219),46.34723140698219,6.126939165559022,True,2023-07-09,NATURELS,1.0,871f91a0cffffff
23BB033559,NATURELS,2023-07-09 19:55:11,2023-07-09 21:44:11,1.0,1.0,,2023,POINT (5.239260605433718 45.8658609106465),45.8658609106465,5.239260605433718,True,2023-07-09,NATURELS,1.0,871f91529ffffff
23BB033694,NATURELS,2023-07-10 13:34:20,2023-07-10 14:26:17,1.0,1.0,,2023,POINT (4.923277267332455 45.86924962253135),45.86924962253135,4.923277267332455,True,2023-07-10,NATURELS,1.0,871f90265ffffff
23BB033759,NATURELS,2023-07-10 18:55:52,2023-07-10 19:55:02,1.0,1.0,,2023,POINT (6.116237465976332 46.26397298546087),46.26397298546087,6.116237465976332,True,2023-07-10,NATURELS,1.0,
23BB033808,NATURELS,2023-07-10 22:25:26,2023-07-10 23:31:18,1.0,2.0,,2023,POINT (6.010170380085471 46.28162153142668),46.28162153142668,6.010170380085471,True,2023-07-10,NATURELS,1.0,871f91a13ffffff
23BB033908,NATURELS,2023-07-11 11:43:04,2023-07-11 15:08:34,1.0,3.0,,2023,POINT (5.00677445330675 46.27611230654762),46.27611230654762,5.00677445330675,True,2023-07-11,NATURELS,1.0,871f956d3ffffff
23BB033911,NATURELS,2023-07-11 11:53:04,2023-07-11 14:36:36,1.0,4.0,,2023,POINT (5.342140279418604 45.97510756723332),45.97510756723332,5.342140279418604,True,2023-07-11,NATURELS,1.0,871f911b2ffffff
23BB033933,NATURELS,2023-07-11 13:37:34,2023-07-11 15:43:48,1.0,2.0,,2023,POINT (5.125807382664374 45.91099811192401),45.91099811192401,5.125807382664374,True,2023-07-11,NATURELS,1.0,871f91c8bffffff
23BB033972,NATURELS,2023-07-11 16:51:13,2023-07-11 17:23:39,1.0,1.0,,2023,POINT (4.867098599678434 45.903697792190904),45.9036977921909,4.867098599678434,True,2023-07-11,NATURELS,1.0,871f90348ffffff
23BB033976,NATURELS,2023-07-11 17:00:56,2023-07-11 19:08:28,1.0,3.0,,2023,POINT (4.9405697575544245 45.832294631021405),45.832294631021405,4.9405697575544245,True,2023-07-11,NATURELS,1.0,871f9026effffff
23BB033982,NATURELS,2023-07-11 17:21:53,2023-07-11 19:33:53,1.0,1.0,,2023,POINT (5.147053803561387 46.25268919132225),46.25268919132225,5.147053803561387,True,2023-07-11,NATURELS,1.0,871f91d62ffffff
23BB033986,NATURELS,2023-07-11 17:59:48,2023-07-11 19:20:05,1.0,1.0,,2023,POINT (5.125807382664374 45.91099811192401),45.91099811192401,5.125807382664374,True,2023-07-11,FORET,1.0,871f91c8bffffff
23BB034318,NATURELS,2023-07-13 12:23:16,2023-07-13 13:04:13,1.0,1.0,,2023,POINT (4.923277267332455 45.86924962253135),45.86924962253135,4.923277267332455,True,2023-07-13,NATURELS,1.0,871f90265ffffff
23BB034354,NATURELS,2023-07-13 14:46:01,2023-07-13 16:09:09,1.0,1.0,,2023,POINT (4.965515545201592 45.837727271622185),45.837727271622185,4.965515545201592,True,2023-07-13,NATURELS,1.0,871f9026effffff
23BB034495,NATURELS,2023-07-14 08:43:28,2023-07-14 10:16:43,1.0,1.0,,2023,POINT (5.159688932433255 46.32075111889589),46.32075111889589,5.159688932433255,True,2023-07-14,NATURELS,1.0,871f956c9ffffff
23BB034523,NATURELS,2023-07-14 11:48:45,2023-07-14 13:26:55,1.0,2.0,,2023,POINT (6.016558062508031 46.27156975640085),46.27156975640085,6.016558062508031,True,2023-07-14,NATURELS,1.0,871f91a13ffffff
23BB034540,NATURELS,2023-07-14 13:20:44,2023-07-14 19:37:37,1.0,3.0,,2023,POINT (6.007759385147321 46.276881042299394),46.276881042299394,6.007759385147321,True,2023-07-14,NATURELS,1.0,871f91a13ffffff
23BB034581,NATURELS,2023-07-14 16:35:22,2023-07-14 18:39:23,1.0,2.0,,2023,POINT (5.335893539949581 45.92516085656996),45.92516085656996,5.335893539949581,True,2023-07-14,NATURELS,1.0,871f91565ffffff
23BB034811,NATURELS,2023-07-15 14:55:58,2023-07-15 17:57:23,1.0,4.0,,2023,POINT (5.039477817100734 45.95156122554098),45.95156122554098,5.039477817100734,True,2023-07-15,NATURELS,1.0,871f91c85ffffff
23BB034822,NATURELS,2023-07-15 15:36:47,2023-07-15 19:36:46,1.0,2.0,,2023,POINT (5.293269891884669 46.23195063614108),46.23195063614108,5.293269891884669,True,2023-07-15,NATURELS,1.0,871f91d4dffffff
23BB034859,NATURELS,2023-07-15 17:19:16,2023-07-15 20:23:43,1.0,2.0,,2023,POINT (5.249071572183218 45.9111175294852),45.9111175294852,5.249071572183218,True,2023-07-15,NATURELS,1.0,871f91cd8ffffff
23BB034995,NATURELS,2023-07-15 20:29:08,2023-07-15 21:54:46,1.0,2.0,,2023,POINT (4.81590006528926 45.915143540743),45.915143540743,4.81590006528926,True,2023-07-15,NATURELS,1.0,871f90340ffffff
23BB035402,NATURELS,2023-07-16 20:56:55,2023-07-16 21:29:47,1.0,1.0,,2023,POINT (5.635722152468241 46.23639269521727),46.23639269521727,5.635722152468241,True,2023-07-16,NATURELS,1.0,871f918dcffffff
23BB035635,NATURELS,2023-07-17 18:46:36,2023-07-17 19:18:34,1.0,1.0,,2023,POINT (5.795496394295991 45.85258563251204),45.85258563251204,5.795496394295991,True,2023-07-17,NATURELS,1.0,871f910deffffff
23BB035780,NATURELS,2023-07-18 12:08:16,2023-07-18 14:33:25,1.0,1.0,,2023,POINT (5.084704154432741 45.83270753817269),45.83270753817269,5.084704154432741,True,2023-07-18,NATURELS,1.0,871f91531ffffff
23BB035834,NATURELS,2023-07-18 17:02:53,2023-07-18 18:38:08,1.0,2.0,,2023,POINT (5.105010873852195 45.84825151897617),45.84825151897617,5.105010873852195,True,2023-07-18,NATURELS,1.0,871f91522ffffff
23BB035928,NATURELS,2023-07-19 07:43:55,2023-07-19 08:51:56,1.0,1.0,,2023,POINT (5.558574214745738 45.72914299739729),45.72914299739729,5.558574214745738,True,2023-07-19,NATURELS,1.0,871f91448ffffff
23BB035962,NATURELS,2023-07-19 11:09:53,2023-07-19 12:16:04,1.0,2.0,,2023,POINT (5.558574214745738 45.72914299739729),45.72914299739729,5.558574214745738,True,2023-07-19,FORET,1.0,871f91448ffffff
23BB035996,NATURELS,2023-07-19 15:36:13,2023-07-20 18:54:09,1.0,4.0,,2023,POINT (5.278176783926535 45.89034673759136),45.89034673759136,5.278176783926535,True,2023-07-19,NATURELS,1.0,871f91cdbffffff
23BB036039,NATURELS,2023-07-19 20:24:06,2023-07-19 20:55:00,1.0,1.0,,2023,POINT (4.758548716317169 45.982541227583546),45.982541227583546,4.758548716317169,True,2023-07-19,FORET,1.0,871f90364ffffff
23BB036050,NATURELS,2023-07-19 21:01:25,2023-07-19 22:39:11,1.0,1.0,,2023,POINT (4.940412207705172 46.43430725451344),46.43430725451344,4.940412207705172,True,2023-07-19,NATURELS,1.0,871f95603ffffff
23BB036153,NATURELS,2023-07-20 14:25:49,2023-07-20 15:28:53,1.0,1.0,,2023,POINT (5.8013848155659975 46.16049686066915),46.16049686066915,5.8013848155659975,True,2023-07-20,NATURELS,1.0,871f9114effffff
23BB036237,NATURELS,2023-07-20 22:30:46,2023-07-20 23:05:48,1.0,1.0,,2023,POINT (4.754605991241772 46.08132392328328),46.08132392328328,4.754605991241772,True,2023-07-20,NATURELS,1.0,871f90aedffffff
23BB036275,NATURELS,2023-07-21 09:02:36,2023-07-21 10:48:49,1.0,1.0,,2023,POINT (5.468437337299221 46.045177576589595),46.0451775765896,5.468437337299221,True,2023-07-21,NATURELS,1.0,871f911aeffffff
23BB036333,NATURELS,2023-07-21 14:44:36,2023-07-21 15:54:40,1.0,1.0,,2023,POINT (5.831252064160526 46.125175154459555),46.12517515445956,5.831252064160526,True,2023-07-21,NATURELS,1.0,871f91064ffffff
23BB036346,NATURELS,2023-07-21 16:31:47,2023-07-21 17:46:31,1.0,1.0,,2023,POINT (5.684192867441007 45.8720556039421),45.8720556039421,5.684192867441007,True,2023-07-21,FORET,1.0,871f91089ffffff
23BB036409,NATURELS,2023-07-21 22:40:24,2023-07-21 23:57:38,1.0,1.0,,2023,POINT (5.5258932147456425 46.00377799372514),46.00377799372514,5.5258932147456425,True,2023-07-21,NATURELS,1.0,871f9118dffffff
23BB036421,NATURELS,2023-07-22 00:39:55,2023-07-22 01:36:04,1.0,1.0,,2023,POINT (4.9498821720364115 45.82854986147419),45.82854986147419,4.949882172036412,True,2023-07-22,NATURELS,1.0,871f9026effffff
23BB036489,NATURELS,2023-07-22 11:16:10,2023-07-22 11:44:15,1.0,1.0,,2023,POINT (5.0669551400673 46.11921583636832),46.11921583636832,5.0669551400673,True,2023-07-22,NATURELS,1.0,871f91c22ffffff
23BB036502,NATURELS,2023-07-22 12:18:48,2023-07-22 14:26:20,1.0,1.0,,2023,POINT (6.081887448989606 46.32953355150288),46.32953355150288,6.081887448989606,True,2023-07-22,FORET,1.0,871f91a01ffffff
23BB036527,NATURELS,2023-07-22 14:50:44,2023-07-22 16:13:53,1.0,2.0,,2023,POINT (5.519208527742116 45.92789877588745),45.92789877588745,5.519208527742116,True,2023-07-22,NATURELS,1.0,871f910a6ffffff
23BB036541,NATURELS,2023-07-22 16:13:10,2023-07-22 17:20:47,1.0,1.0,,2023,POINT (5.421020268001121 45.86142829321387),45.86142829321387,5.421020268001121,True,2023-07-22,NATURELS,1.0,871f9154cffffff
23BB036638,NATURELS,2023-07-23 09:17:44,2023-07-23 10:07:15,1.0,1.0,,2023,POINT (5.194597254457149 45.822333007206836),45.82233300720684,5.194597254457149,True,2023-07-23,NATURELS,1.0,871f9150effffff
23BB036655,NATURELS,2023-07-23 11:23:41,2023-07-23 13:03:03,1.0,1.0,,2023,POINT (5.53231343236402 45.750270424263604),45.7502704242636,5.53231343236402,True,2023-07-23,NATURELS,1.0,871f9144cffffff
23BB036752,NATURELS,2023-07-23 21:12:24,2023-07-23 21:38:49,1.0,1.0,,2023,POINT (4.959100332369797 46.126064101533295),46.126064101533295,4.959100332369797,True,2023-07-23,NATURELS,1.0,871f91d1effffff
23BB036782,NATURELS,2023-07-24 03:38:59,2023-07-24 04:17:53,1.0,1.0,,2023,POINT (5.2853513086904185 45.93916332585594),45.93916332585594,5.2853513086904185,True,2023-07-24,NATURELS,1.0,871f91ccaffffff
23BB036783,NATURELS,2023-07-24 03:40:41,2023-07-24 06:25:35,1.0,1.0,,2023,POINT (4.965923440885296 46.211361682528505),46.211361682528505,4.965923440885296,True,2023-07-24,FORET,1.0,871f91d04ffffff
23BB036848,NATURELS,2023-07-24 09:14:27,2023-07-24 14:33:44,1.0,1.0,,2023,POINT (4.965923440885296 46.211361682528505),46.211361682528505,4.965923440885296,True,2023-07-24,FORET,1.0,871f91d04ffffff
23BB036882,NATURELS,2023-07-24 12:18:21,2023-07-24 13:56:48,1.0,4.0,,2023,POINT (5.5963803805899515 45.81476371358819),45.81476371358819,5.596380380589952,True,2023-07-24,FORET,1.0,871f9109affffff
23BB036999,NATURELS,2023-07-24 19:37:36,2023-07-24 21:00:35,1.0,1.0,,2023,POINT (5.634801110085888 46.031972444432014),46.031972444432014,5.634801110085888,True,2023-07-24,NATURELS,1.0,871f91004ffffff
23BB037498,NATURELS,2023-07-26 18:42:14,2023-07-26 19:41:26,1.0,1.0,,2023,POINT (6.033445636570362 46.23945956638549),46.23945956638549,6.033445636570362,True,2023-07-26,NATURELS,1.0,871f91aa8ffffff
23BB037628,NATURELS,2023-07-27 11:55:37,2023-07-27 12:55:23,1.0,1.0,,2023,POINT (5.12420794447951 46.386078426513805),46.386078426513805,5.12420794447951,True,2023-07-27,FORET,1.0,871f956e8ffffff
23BB037846,NATURELS,2023-07-28 12:02:53,2023-07-28 13:12:17,1.0,1.0,,2023,POINT (5.691057768612357 45.69437307544197),45.69437307544197,5.691057768612357,True,2023-07-28,NATURELS,1.0,871f917adffffff
23BB037869,NATURELS,2023-07-28 13:44:36,2023-07-28 13:57:26,1.0,1.0,,2023,POINT (5.532009458174857 45.95536855167792),45.95536855167792,5.532009458174857,True,2023-07-28,NATURELS,1.0,871f910a4ffffff
23BB037892,NATURELS,2023-07-28 15:21:19,2023-07-28 17:45:54,1.0,2.0,,2023,POINT (4.743460683049479 45.956509083878984),45.95650908387898,4.743460683049479,True,2023-07-28,NATURELS,1.0,871f90366ffffff
23BB037958,NATURELS,2023-07-28 21:26:10,2023-07-29 08:36:00,1.0,3.0,,2023,POINT (5.3544890659656375 45.967205585969005),45.967205585969005,5.3544890659656375,True,2023-07-28,NATURELS,1.0,871f91cc9ffffff
23BB037964,NATURELS,2023-07-28 23:10:48,2023-07-29 00:10:04,1.0,1.0,,2023,POINT (4.912483255434483 45.86577060655858),45.86577060655858,4.912483255434483,True,2023-07-28,NATURELS,1.0,871f90265ffffff
23BB038124,NATURELS,2023-07-29 21:44:59,2023-07-29 22:22:11,1.0,1.0,,2023,POINT (5.352276876896703 45.97697961555961),45.97697961555961,5.352276876896703,True,2023-07-29,NATURELS,1.0,871f911b2ffffff
23BB038138,NATURELS,2023-07-29 23:19:40,2023-07-30 00:02:12,1.0,1.0,,2023,POINT (5.341768110442826 46.04624515393826),46.04624515393826,5.341768110442826,True,2023-07-29,FORET,1.0,871f91c58ffffff
23BB038797,NATURELS,2023-08-02 15:23:50,2023-08-02 18:34:52,1.0,1.0,,2023,POINT (5.095743968111543 46.409162754461676),46.40916275446168,5.095743968111543,True,2023-08-02,NATURELS,1.0,871f95653ffffff
23BB038975,NATURELS,2023-08-03 15:36:57,2023-08-03 17:05:36,1.0,2.0,,2023,POINT (5.117858115214909 45.89843826511242),45.89843826511242,5.117858115214909,True,2023-08-03,NATURELS,1.0,871f91525ffffff
23BB039321,NATURELS,2023-08-05 14:32:13,2023-08-05 15:28:49,1.0,1.0,,2023,POINT (5.1061294238440365 46.18717714460895),46.18717714460895,5.1061294238440365,True,2023-08-05,NATURELS,1.0,871f91d54ffffff
23BB039358,NATURELS,2023-08-05 18:02:10,2023-08-05 19:22:41,1.0,1.0,,2023,POINT (4.760152002372094 45.95982380809918),45.95982380809918,4.760152002372094,True,2023-08-05,NATURELS,1.0,871f90366ffffff
23BB039360,NATURELS,2023-08-05 18:20:19,2023-08-05 19:54:35,1.0,1.0,,2023,POINT (5.824382449832155 46.14923488111115),46.14923488111115,5.824382449832155,True,2023-08-05,FORET,1.0,871f91148ffffff
23BB039565,NATURELS,2023-08-06 21:27:04,2023-08-06 22:12:45,1.0,1.0,,2023,POINT (5.187849419771101 45.94960525313562),45.94960525313562,5.187849419771101,True,2023-08-06,NATURELS,1.0,871f91cd5ffffff
23BB039578,NATURELS,2023-08-06 23:55:54,2023-08-07 03:58:50,1.0,2.0,,2023,POINT (5.031220126329298 45.84658713089106),45.84658713089106,5.031220126329298,True,2023-08-06,NATURELS,1.0,871f91534ffffff
23BB039663,NATURELS,2023-08-07 14:49:23,2023-08-07 18:44:29,1.0,1.0,,2023,POINT (5.008592710783567 46.12070986285322),46.12070986285322,5.008592710783567,True,2023-08-07,NATURELS,1.0,871f91d1bffffff
23BB039690,NATURELS,2023-08-07 17:59:07,2023-08-07 19:36:46,1.0,1.0,,2023,POINT (4.888577466906711 45.98931344829914),45.98931344829914,4.888577466906711,True,2023-08-07,NATURELS,1.0,871f91d9effffff
23BB039736,NATURELS,2023-08-07 22:47:07,2023-08-07 23:35:28,1.0,1.0,,2023,POINT (5.01957499013769 45.86872255601284),45.86872255601284,5.01957499013769,True,2023-08-07,NATURELS,1.0,871f91c9affffff
23BB039812,NATURELS,2023-08-08 14:05:52,2023-08-08 14:49:01,1.0,1.0,,2023,POINT (5.6540377236503145 45.79566088364516),45.79566088364516,5.6540377236503145,True,2023-08-08,NATURELS,1.0,871f91722ffffff
23BB039818,NATURELS,2023-08-08 14:38:19,2023-08-08 22:50:24,1.0,2.0,,2023,POINT (5.954211056151349 46.20871301552294),46.20871301552294,5.954211056151349,True,2023-08-08,FORET,1.0,871f91a84ffffff
23BB039892,NATURELS,2023-08-08 19:48:13,2023-08-08 21:09:43,1.0,1.0,,2023,POINT (4.85928521627941 46.31285099023637),46.31285099023637,4.85928521627941,True,2023-08-08,NATURELS,1.0,871f95685ffffff
23BB040167,NATURELS,2023-08-10 08:58:32,2023-08-10 10:04:42,1.0,1.0,,2023,POINT (4.904261592886572 46.36443896155179),46.36443896155179,4.904261592886572,True,2023-08-10,NATURELS,1.0,871f956adffffff
23BB040273,NATURELS,2023-08-10 17:19:14,2023-08-10 22:08:25,1.0,2.0,,2023,POINT (5.165517898108499 45.85950228820656),45.85950228820656,5.165517898108499,True,2023-08-10,NATURELS,1.0,871f9152effffff
23BB040284,NATURELS,2023-08-10 18:08:01,2023-08-11 00:09:04,1.0,10.0,,2023,POINT (5.391178808674313 46.08477802197719),46.08477802197719,5.391178808674313,True,2023-08-10,FORET,1.0,871f91c4affffff
23BB040312,NATURELS,2023-08-10 20:01:30,2023-08-10 20:44:37,1.0,1.0,,2023,POINT (5.230363770440887 46.25228413708192),46.25228413708192,5.230363770440887,True,2023-08-10,NATURELS,1.0,871f91d6affffff
23BB040370,NATURELS,2023-08-11 09:22:22,2023-08-11 10:43:46,1.0,1.0,,2023,POINT (5.35190956133602 46.05500519439674),46.05500519439674,5.35190956133602,True,2023-08-11,NATURELS,1.0,871f91c58ffffff
23BB040606,NATURELS,2023-08-12 10:12:12,2023-08-12 10:46:23,1.0,1.0,,2023,POINT (5.035465088231953 46.00374420010388),46.00374420010388,5.035465088231953,True,2023-08-12,FORET,1.0,871f91c12ffffff
23BB040660,NATURELS,2023-08-12 15:36:07,2023-08-12 18:25:28,1.0,2.0,,2023,POINT (4.781402760057188 46.07543626115744),46.07543626115744,4.781402760057188,True,2023-08-12,NATURELS,1.0,871f91db4ffffff
23BB040831,NATURELS,2023-08-13 13:30:45,2023-08-13 14:34:22,1.0,4.0,,2023,POINT (6.09968410085917 46.24167267531771),46.24167267531771,6.09968410085917,True,2023-08-13,NATURELS,1.0,871f91af5ffffff
23BB040853,NATURELS,2023-08-13 16:15:22,2023-08-13 17:25:37,1.0,2.0,,2023,POINT (4.7540207269611034 46.00253099386671),46.00253099386671,4.754020726961104,True,2023-08-13,NATURELS,1.0,871f90ac8ffffff
23BB040868,NATURELS,2023-08-13 18:55:52,2023-08-13 19:44:58,1.0,2.0,,2023,POINT (5.602300024796321 45.985193184161176),45.985193184161176,5.602300024796321,True,2023-08-13,NATURELS,1.0,871f91010ffffff
23BB040964,NATURELS,2023-08-14 10:19:12,2023-08-14 11:13:04,1.0,1.0,,2023,POINT (6.0983545788116444 46.24385158857014),46.24385158857014,6.0983545788116444,True,2023-08-14,NATURELS,1.0,871f91af5ffffff
23BB041053,NATURELS,2023-08-14 17:19:08,2023-08-14 18:20:27,1.0,1.0,,2023,POINT (5.117485726749742 46.24673897011321),46.24673897011321,5.117485726749742,True,2023-08-14,NATURELS,1.0,871f91d75ffffff
23BB041125,NATURELS,2023-08-14 22:39:14,2023-08-15 00:23:40,1.0,1.0,,2023,POINT (6.03123523368734 46.26947075022083),46.26947075022083,6.03123523368734,True,2023-08-14,NATURELS,1.0,871f91a1effffff
23BB041209,NATURELS,2023-08-15 12:55:43,2023-08-15 13:50:10,1.0,1.0,,2023,POINT (4.862604000164097 45.91501460499484),45.91501460499484,4.862604000164097,True,2023-08-15,NATURELS,1.0,871f9034cffffff
23BB041244,NATURELS,2023-08-15 17:14:50,2023-08-15 17:56:17,1.0,1.0,,2023,POINT (5.855747270259791 46.215690661146304),46.215690661146304,5.855747270259791,True,2023-08-15,NATURELS,1.0,871f91ab4ffffff
23BB041336,NATURELS,2023-08-16 09:21:59,2023-08-16 10:37:17,1.0,1.0,,2023,POINT (5.485195769237209 46.12742357705079),46.12742357705079,5.485195769237209,True,2023-08-16,NATURELS,1.0,871f91133ffffff
23BB041381,NATURELS,2023-08-16 14:22:39,2023-08-16 14:52:11,1.0,1.0,,2023,POINT (6.09504828297129 46.24297059608803),46.24297059608803,6.09504828297129,True,2023-08-16,NATURELS,1.0,
23BB041391,NATURELS,2023-08-16 15:27:38,2023-08-16 16:18:29,1.0,1.0,,2023,POINT (4.775957042142221 46.09891237732164),46.09891237732164,4.775957042142221,True,2023-08-16,NATURELS,1.0,871f90a5affffff
23BB041400,NATURELS,2023-08-16 16:20:39,2023-08-16 17:27:11,1.0,1.0,,2023,POINT (5.70443684441233 45.93515339219044),45.93515339219044,5.70443684441233,True,2023-08-16,NATURELS,1.0,871f910f4ffffff
23BB041446,NATURELS,2023-08-16 20:15:11,2023-08-16 21:00:43,1.0,1.0,,2023,POINT (6.022509505956935 46.24627408637306),46.24627408637306,6.022509505956935,True,2023-08-16,NATURELS,1.0,871f91aa8ffffff
23BB041459,NATURELS,2023-08-16 21:28:27,2023-08-16 22:53:41,1.0,1.0,,2023,POINT (4.832657122042507 46.29730943546484),46.29730943546484,4.832657122042507,True,2023-08-16,NATURELS,1.0,871f95680ffffff
23BB041480,NATURELS,2023-08-17 00:26:41,2023-08-17 01:36:24,1.0,1.0,,2023,POINT (5.58834968544888 46.00717159980887),46.00717159980887,5.58834968544888,True,2023-08-17,NATURELS,1.0,871f91033ffffff
23BB041499,NATURELS,2023-08-17 07:46:13,2023-08-17 18:58:15,1.0,3.0,,2023,POINT (5.660697179592018 46.04048741984384),46.04048741984384,5.660697179592018,True,2023-08-17,NATURELS,1.0,871f91005ffffff
23BB041555,NATURELS,2023-08-17 13:02:31,2023-08-17 13:57:19,1.0,1.0,,2023,POINT (5.194988385241695 46.11992095564096),46.11992095564096,5.194988385241695,True,2023-08-17,NATURELS,1.0,871f91c29ffffff
23BB041577,NATURELS,2023-08-17 14:40:02,2023-08-17 20:25:31,1.0,5.0,,2023,POINT (5.817429037968469 46.100934989069344),46.100934989069344,5.817429037968469,True,2023-08-17,NATURELS,1.0,871f91066ffffff
23BB041591,NATURELS,2023-08-17 15:36:38,2023-08-17 16:17:57,1.0,1.0,,2023,POINT (4.872309473941208 46.308833862323226),46.308833862323226,4.872309473941208,True,2023-08-17,NATURELS,1.0,871f95681ffffff
23BB041675,NATURELS,2023-08-17 20:45:22,2023-08-17 21:34:24,1.0,1.0,,2023,POINT (5.817429037968469 46.100934989069344),46.100934989069344,5.817429037968469,True,2023-08-17,FORET,1.0,871f91066ffffff
23BB041767,NATURELS,2023-08-18 11:56:04,2023-08-18 12:54:32,1.0,1.0,,2023,POINT (5.011481500864513 45.85098327040694),45.85098327040694,5.011481500864513,True,2023-08-18,NATURELS,1.0,871f90269ffffff
23BB041793,NATURELS,2023-08-18 15:22:07,2023-08-18 20:36:06,1.0,1.0,,2023,POINT (5.298257641322931 45.923195015818195),45.9231950158182,5.298257641322931,True,2023-08-18,NATURELS,1.0,871f91cd9ffffff
23BB041796,NATURELS,2023-08-18 15:37:04,2023-08-18 17:08:31,1.0,1.0,,2023,POINT (4.9057257951404765 45.990661325096994),45.990661325096994,4.9057257951404765,True,2023-08-18,NATURELS,1.0,871f91d98ffffff
23BB041848,NATURELS,2023-08-18 20:37:14,2023-08-19 00:29:46,1.0,1.0,,2023,POINT (5.197641506523641 46.12015091019008),46.12015091019008,5.197641506523641,True,2023-08-18,FORET,1.0,871f91c76ffffff
23BB041956,NATURELS,2023-08-19 11:36:07,2023-08-19 14:08:46,1.0,2.0,,2023,POINT (4.941952175310813 46.15117094639857),46.15117094639857,4.941952175310813,True,2023-08-19,NATURELS,1.0,871f91d11ffffff
23BB042010,NATURELS,2023-08-19 17:01:19,2023-08-19 18:57:32,1.0,2.0,,2023,POINT (5.032670596564522 45.84412179986053),45.84412179986053,5.032670596564522,True,2023-08-19,NATURELS,1.0,871f91534ffffff
23BB042055,NATURELS,2023-08-19 20:19:13,2023-08-19 20:33:17,1.0,2.0,,2023,POINT (5.686165560322091 45.747233577962476),45.74723357796248,5.686165560322091,True,2023-08-19,FORET,1.0,871f91702ffffff
23BB042060,NATURELS,2023-08-19 20:34:10,2023-08-19 21:32:26,1.0,1.0,,2023,POINT (5.328289666966044 46.07641377798534),46.07641377798534,5.328289666966044,True,2023-08-19,NATURELS,1.0,871f91c5cffffff
23BB042198,NATURELS,2023-08-20 16:12:51,2023-08-20 17:26:16,1.0,2.0,,2023,POINT (6.0459957526376344 46.33002877170794),46.33002877170794,6.045995752637634,True,2023-08-20,NATURELS,1.0,871f91a00ffffff
23BB042211,NATURELS,2023-08-20 17:15:36,2023-08-20 17:56:30,1.0,1.0,,2023,POINT (5.229384090965359 46.21939391279185),46.21939391279185,5.229384090965359,True,2023-08-20,NATURELS,1.0,871f91d41ffffff
23BB042228,NATURELS,2023-08-20 18:09:01,2023-08-20 19:50:38,1.0,2.0,,2023,POINT (5.256745555777304 45.96441506262386),45.96441506262386,5.256745555777304,True,2023-08-20,NATURELS,1.0,871f91cc1ffffff
23BB042402,NATURELS,2023-08-21 13:50:50,2023-08-21 15:17:58,1.0,2.0,,2023,POINT (5.326239024110397 46.011454176759024),46.011454176759024,5.326239024110397,True,2023-08-21,NATURELS,1.0,871f91ce9ffffff
23BB042491,NATURELS,2023-08-21 21:23:02,2023-08-21 23:17:03,1.0,1.0,,2023,POINT (4.996141914161068 45.85583005553551),45.85583005553551,4.996141914161068,True,2023-08-21,NATURELS,1.0,871f9026dffffff
23BB042493,NATURELS,2023-08-21 21:34:58,2023-08-22 00:06:22,1.0,2.0,,2023,POINT (4.994016130584045 45.86594448675466),45.86594448675466,4.994016130584045,True,2023-08-21,NATURELS,1.0,871f9026dffffff
23BB042494,NATURELS,2023-08-21 21:43:25,2023-08-21 22:47:02,1.0,1.0,,2023,POINT (4.946333128440975 45.85928327722877),45.85928327722877,4.946333128440975,True,2023-08-21,NATURELS,1.0,871f90261ffffff
23BB042506,NATURELS,2023-08-21 22:47:02,2023-08-22 00:31:55,1.0,1.0,,2023,POINT (4.9888229387211345 45.840330545433005),45.840330545433005,4.988822938721135,True,2023-08-21,FORET,1.0,871f90268ffffff
23BB042605,NATURELS,2023-08-22 12:35:01,2023-08-22 15:35:41,1.0,2.0,,2023,POINT (5.702990826468249 45.83426761536057),45.83426761536057,5.702990826468249,True,2023-08-22,NATURELS,1.0,871f91721ffffff
23BB042609,NATURELS,2023-08-22 12:54:18,2023-08-22 12:56:42,1.0,1.0,,2023,POINT (5.702990826468249 45.83426761536057),45.83426761536057,5.702990826468249,True,2023-08-22,NATURELS,1.0,871f91721ffffff
23BB042667,NATURELS,2023-08-22 17:12:14,2023-08-22 18:06:22,1.0,1.0,,2023,POINT (5.146645321536473 46.11359815640701),46.11359815640701,5.146645321536473,True,2023-08-22,NATURELS,1.0,871f91c2affffff
23BB042673,NATURELS,2023-08-22 17:34:26,2023-08-22 18:29:57,1.0,3.0,,2023,POINT (5.020570276578524 45.96340995056188),45.96340995056188,5.020570276578524,True,2023-08-22,NATURELS,1.0,871f91c85ffffff
23BB042845,NATURELS,2023-08-23 11:44:22,2023-08-23 13:51:52,1.0,1.0,,2023,POINT (5.803667457816227 46.132770277058704),46.132770277058704,5.803667457816227,True,2023-08-23,NATURELS,1.0,871f9114affffff
23BB042872,NATURELS,2023-08-23 14:03:50,2023-08-23 14:48:53,1.0,1.0,,2023,POINT (5.678683309004571 46.291756876753716),46.29175687675372,5.678683309004571,True,2023-08-23,NATURELS,1.0,871f918ccffffff
23BB042897,NATURELS,2023-08-23 16:31:31,2023-08-23 18:14:42,1.0,2.0,,2023,POINT (5.006479835828484 45.96378968204235),45.96378968204235,5.006479835828484,True,2023-08-23,NATURELS,1.0,871f91ca3ffffff
23BB042903,NATURELS,2023-08-23 16:51:40,2023-08-23 17:48:53,1.0,1.0,,2023,POINT (5.22387580304541 45.88599122853624),45.88599122853624,5.22387580304541,True,2023-08-23,NATURELS,1.0,871f9152dffffff
23BB042932,NATURELS,2023-08-23 19:09:24,2023-08-23 20:58:29,1.0,5.0,,2023,POINT (5.676274106998247 45.674139592519026),45.67413959251903,5.676274106998247,True,2023-08-23,NATURELS,1.0,871f917a8ffffff
23BB042966,NATURELS,2023-08-23 21:29:35,2023-08-24 01:28:12,1.0,7.0,,2023,POINT (5.011481500864513 45.85098327040694),45.85098327040694,5.011481500864513,True,2023-08-23,FORET,1.0,871f90269ffffff
23BB043044,NATURELS,2023-08-24 10:16:36,2023-08-24 11:11:45,1.0,2.0,,2023,POINT (5.431896034439916 45.935924237067354),45.93592423706736,5.431896034439916,True,2023-08-24,NATURELS,1.0,871f9119effffff
23BB043063,NATURELS,2023-08-24 11:35:57,2023-08-24 13:37:00,1.0,2.0,,2023,POINT (5.103171536329936 45.8324526267819),45.8324526267819,5.103171536329936,True,2023-08-24,NATURELS,1.0,871f91531ffffff
23BB043091,NATURELS,2023-08-24 14:03:33,2023-08-24 15:47:11,1.0,5.0,,2023,POINT (4.788510170056754 45.99480142212069),45.99480142212069,4.788510170056754,True,2023-08-24,NATURELS,1.0,871f91d96ffffff
23BB043137,NATURELS,2023-08-24 16:31:48,2023-08-24 18:18:32,1.0,2.0,,2023,POINT (5.081341650862495 46.28580003410575),46.28580003410575,5.081341650862495,True,2023-08-24,NATURELS,1.0,871f956d8ffffff
23BB043147,NATURELS,2023-08-24 17:00:22,2023-08-24 17:37:34,1.0,2.0,,2023,POINT (5.268827964649789 45.958114192675524),45.95811419267552,5.268827964649789,True,2023-08-24,NATURELS,1.0,871f91cceffffff
23BB043157,NATURELS,2023-08-24 17:43:58,2023-08-24 18:55:22,1.0,2.0,,2023,POINT (5.644045749860159 46.2955194754506),46.2955194754506,5.644045749860159,True,2023-08-24,NATURELS,1.0,871f918c5ffffff
23BB043175,NATURELS,2023-08-24 18:14:27,2023-08-24 19:04:36,1.0,2.0,,2023,POINT (5.809552332102836 46.131202677179004),46.131202677179004,5.809552332102836,True,2023-08-24,NATURELS,1.0,871f9114affffff
23BB043188,NATURELS,2023-08-24 18:51:47,2023-08-24 20:13:53,1.0,2.0,,2023,POINT (5.351318157638413 46.24069305814144),46.24069305814144,5.351318157638413,True,2023-08-24,NATURELS,1.0,871f918b3ffffff
23BB043242,NATURELS,2023-08-24 22:01:35,2023-08-25 00:23:52,1.0,4.0,,2023,POINT (5.3389997718319036 46.117617738541426),46.11761773854143,5.338999771831904,True,2023-08-24,NATURELS,1.0,871f91c41ffffff
23BB043280,NATURELS,2023-08-25 06:45:54,2023-08-25 08:46:40,1.0,2.0,,2023,POINT (5.007066986017633 46.28526062105923),46.28526062105923,5.007066986017633,True,2023-08-25,NATURELS,1.0,871f956d0ffffff
23BB043362,NATURELS,2023-08-25 13:22:46,2023-08-25 14:01:22,1.0,2.0,,2023,POINT (5.149623354889097 45.884252944413966),45.884252944413966,5.149623354889097,True,2023-08-25,NATURELS,1.0,871f91521ffffff
23BB044024,NATURELS,2023-08-28 17:57:52,2023-08-28 18:55:03,1.0,1.0,,2023,POINT (5.133689695230184 46.23529369014569),46.23529369014569,5.133689695230184,True,2023-08-28,NATURELS,1.0,871f91d71ffffff
23BB044086,NATURELS,2023-08-29 00:07:55,2023-08-29 00:44:58,1.0,1.0,,2023,POINT (5.246069816717586 46.197619843099716),46.19761984309972,5.246069816717586,True,2023-08-29,FORET,1.0,871f91d4affffff
23BB044330,NATURELS,2023-08-30 15:21:26,2023-08-30 16:40:42,1.0,1.0,,2023,POINT (4.889498855169988 46.339405104633215),46.339405104633215,4.889498855169988,True,2023-08-30,NATURELS,1.0,871f956a8ffffff
23BB044529,NATURELS,2023-08-31 17:25:49,2023-08-31 18:22:40,1.0,1.0,,2023,POINT (5.366740928981402 46.08065549616361),46.08065549616361,5.366740928981402,True,2023-08-31,NATURELS,1.0,871f91c5dffffff
23BB044587,NATURELS,2023-08-31 21:12:48,2023-09-01 01:29:15,1.0,3.0,,2023,POINT (5.654324434471264 45.684408454459145),45.684408454459145,5.654324434471264,True,2023-08-31,NATURELS,1.0,871f917acffffff
23BB044646,NATURELS,2023-09-01 09:51:10,2023-09-01 11:08:03,1.0,1.0,,2023,POINT (4.992482429045908 45.92320627739387),45.92320627739387,4.992482429045908,True,2023-09-01,NATURELS,1.0,871f91c82ffffff
23BB044726,NATURELS,2023-09-01 17:29:01,2023-09-01 18:02:31,1.0,1.0,,2023,POINT (4.797196158248045 45.9860519609885),45.9860519609885,4.797196158248045,True,2023-09-01,NATURELS,1.0,871f90365ffffff
23BB044727,NATURELS,2023-09-01 17:32:18,2023-09-01 18:40:57,1.0,1.0,,2023,POINT (5.923959888284555 46.19432930441991),46.19432930441991,5.923959888284555,True,2023-09-01,NATURELS,1.0,871f91a86ffffff
23BB044867,NATURELS,2023-09-02 12:41:03,2023-09-02 18:21:15,1.0,6.0,,2023,POINT (4.780624312381322 46.06785601209319),46.06785601209319,4.780624312381322,True,2023-09-02,NATURELS,1.0,871f91db4ffffff
23BB044869,NATURELS,2023-09-02 13:02:16,2023-09-02 13:32:44,1.0,1.0,,2023,POINT (5.415455765418902 45.85251403229805),45.85251403229805,5.415455765418902,True,2023-09-02,NATURELS,1.0,871f9154cffffff
23BB044893,NATURELS,2023-09-02 15:32:13,2023-09-02 17:20:19,1.0,2.0,,2023,POINT (5.477917984876765 46.09522016703865),46.09522016703865,5.477917984876765,True,2023-09-02,NATURELS,1.0,871f91110ffffff
23BB044895,NATURELS,2023-09-02 15:45:24,2023-09-02 16:32:35,1.0,1.0,,2023,POINT (5.689661719115108 45.87822322085016),45.87822322085016,5.689661719115108,True,2023-09-02,NATURELS,1.0,871f91089ffffff
23BB044939,NATURELS,2023-09-02 19:49:17,2023-09-02 21:09:30,1.0,1.0,,2023,POINT (5.053280706209299 45.84674948814852),45.84674948814852,5.053280706209299,True,2023-09-02,NATURELS,1.0,871f91534ffffff
23BB045480,NATURELS,2023-09-05 14:01:01,2023-09-05 14:42:10,1.0,2.0,,2023,POINT (5.095205082393717 46.058230992612536),46.058230992612536,5.095205082393717,True,2023-09-05,FORET,1.0,871f91c02ffffff
23BB045869,NATURELS,2023-09-07 12:17:24,2023-09-07 14:08:10,1.0,1.0,,2023,POINT (5.362422406090948 46.294175689674034),46.294175689674034,5.362422406090948,True,2023-09-07,FORET,1.0,871f918a6ffffff
23BB045903,NATURELS,2023-09-07 15:31:34,2023-09-07 17:15:54,1.0,1.0,,2023,POINT (5.425153412111001 46.20129200704327),46.20129200704327,5.425153412111001,True,2023-09-07,NATURELS,1.0,871f91898ffffff
23BB046030,NATURELS,2023-09-08 10:32:56,2023-09-08 11:20:26,1.0,1.0,,2023,POINT (5.239768207078667 46.21247478112236),46.21247478112236,5.239768207078667,True,2023-09-08,NATURELS,1.0,871f91d4effffff
23BB046318,NATURELS,2023-09-09 14:41:21,2023-09-09 19:56:33,1.0,4.0,,2023,POINT (4.951102311378535 46.087973133690596),46.0879731336906,4.951102311378535,True,2023-09-09,NATURELS,1.0,871f91da8ffffff
23BB046328,NATURELS,2023-09-09 15:48:36,2023-09-09 17:11:20,1.0,1.0,,2023,POINT (4.954686345644111 45.82290199141865),45.82290199141865,4.954686345644111,True,2023-09-09,NATURELS,1.0,871f90245ffffff
23BB046362,NATURELS,2023-09-09 18:02:34,2023-09-09 19:07:45,1.0,1.0,,2023,POINT (5.67819663444511 46.17139985191851),46.17139985191851,5.67819663444511,True,2023-09-09,NATURELS,1.0,871f91170ffffff
23BB046384,NATURELS,2023-09-09 19:22:25,2023-09-09 20:31:22,1.0,1.0,,2023,POINT (4.821506104862266 45.90936711142975),45.90936711142975,4.821506104862266,True,2023-09-09,NATURELS,1.0,871f90341ffffff
23BB046395,NATURELS,2023-09-09 20:18:50,2023-09-09 21:11:49,1.0,1.0,,2023,POINT (5.067699390291121 45.96703078857149),45.96703078857149,5.067699390291121,True,2023-09-09,NATURELS,1.0,871f91caaffffff
23BB046496,NATURELS,2023-09-10 10:26:49,2023-09-10 11:51:04,1.0,1.0,,2023,POINT (4.902240220461302 46.07616709869197),46.07616709869197,4.902240220461302,True,2023-09-10,NATURELS,1.0,871f91d85ffffff
23BB046569,NATURELS,2023-09-10 18:57:39,2023-09-10 20:09:14,1.0,1.0,,2023,POINT (4.809121178366555 45.93040581119289),45.93040581119289,4.809121178366555,True,2023-09-10,NATURELS,1.0,871f90345ffffff
23BB046607,NATURELS,2023-09-11 00:29:04,2023-09-11 04:41:27,1.0,1.0,,2023,POINT (4.902669672360691 46.07126038933066),46.07126038933066,4.902669672360691,True,2023-09-11,NATURELS,1.0,871f91d85ffffff
23BB046704,NATURELS,2023-09-11 12:35:22,2023-09-11 13:44:59,1.0,2.0,,2023,POINT (5.076385671091561 46.45217653101496),46.45217653101496,5.076385671091561,True,2023-09-11,NATURELS,1.0,871f95654ffffff
23BB046725,NATURELS,2023-09-11 15:33:03,2023-09-11 18:16:22,1.0,4.0,,2023,POINT (5.902990129492383 46.14217072099579),46.14217072099579,5.902990129492383,True,2023-09-11,NATURELS,1.0,871f91a90ffffff
23BB046781,NATURELS,2023-09-11 19:06:29,2023-09-11 20:25:44,1.0,1.0,,2023,POINT (4.799013593484118 46.028786634558834),46.028786634558834,4.799013593484118,True,2023-09-11,NATURELS,1.0,871f91db2ffffff
23BB046816,NATURELS,2023-09-11 22:16:52,2023-09-11 23:56:22,1.0,1.0,,2023,POINT (5.71085374044084 45.84063255554253),45.84063255554253,5.71085374044084,True,2023-09-11,NATURELS,1.0,871f910d2ffffff
23BB046950,FEU D ESPACES NATURELS AVEC RISQUE DE PROPAGATION,2023-09-12,2023-09-12,,,,2023,"POLYGON ((5.155332404705716 45.927487108269794, 5.168187030993366 45.92807247996038, 5.1669044548156124 45.94245124541367, 5.154046450562536 45.94186573440117, 5.155332404705716 45.927487108269794))",45.93496945667263,5.161117556084129,,2023-09-12,,,871f91cd4ffffff
23BB046971,FEU D ESPACES NATURELS,2023-09-12,2023-09-12,,,,2023,"POLYGON ((4.7757397646384385 45.981705965809866, 4.804038930948505 45.98309307414321, 4.803693630125784 45.986686365916434, 4.775392753305834 45.985299166037194, 4.7757397646384385 45.981705965809866))",45.98419616132973,4.789716273042607,,2023-09-12,,,871f90365ffffff
23BB047444,FEU D ESPACES NATURELS,2023-09-14,2023-09-14,,,,2023,"POLYGON ((5.5774412099859365 46.24168205033639, 5.5794104249510905 46.229575237155714, 5.572259595179648 46.22557334837974, 5.570948929606604 46.241475756300325, 5.573535413160658 46.24158300187505, 5.5734463758875 46.24266351059616, 5.5774412099859365 46.24168205033639))",46.234516227228205,5.574893049952368,,2023-09-14,,,871f918d0ffffff
23BB047562,FEU D ESPACES NATURELS,2023-09-15,2023-09-15,,,,2023,"POLYGON ((5.081262829242377 46.14605795515485, 5.0941685049946175 46.14665257593349, 5.093349688289379 46.155637474061514, 5.080441790212487 46.15504276286843, 5.081262829242377 46.14605795515485))",46.1508478207953,5.087305689997983,,2023-09-15,,,871f91c25ffffff
23BB047599,FEU D ESPACES NATURELS,2023-09-15,2023-09-15,,,,2023,"POLYGON ((5.810859074454666 45.92647548098623, 5.834006081002556 45.92738528660688, 5.833868009295882 45.9291837250688, 5.8107201243001985 45.92827398556799, 5.810859074454666 45.92647548098623))",45.927829620965205,5.8223632142070825,,2023-09-15,,,871f910eaffffff
23BB047767,FEU D ESPACES NATURELS,2023-09-16,2023-09-16,,,,2023,"POLYGON ((5.7770151083619 46.12897306243239, 5.78992255398999 46.12948339904765, 5.7892200247607475 46.138474398556085, 5.776310594960858 46.13796397153132, 5.7770151083619 46.12897306243239))",46.133723823169944,5.783117062928831,,2023-09-16,,,871f9115dffffff
23BB047799,FEU D ESPACES NATURELS,2023-09-16,2023-09-16,,,,2023,"POLYGON ((5.782640182629979 46.05704412599136, 5.81357638411144 46.058264813093366, 5.812181979483764 46.07624790282556, 5.781235509766988 46.07502673874498, 5.782640182629979 46.05704412599136))",46.06664639315649,5.797408485536123,,2023-09-16,,,871f91070ffffff
23BB047804,FEU D ESPACES NATURELS,2023-09-16,2023-09-16,,,,2023,"POLYGON ((4.853438482940267 45.98007970572472, 4.861157020894632 45.98045292897247, 4.860474120868856 45.98764004385559, 4.852754581123737 45.98726677218964, 4.853438482940267 45.98007970572472))",45.98385994041482,4.856956044063798,,2023-09-16,,,871f91d93ffffff
23BB047938,FEU D ESPACES NATURELS,2023-09-17,2023-09-17,,,,2023,"POLYGON ((5.155332404705716 45.927487108269794, 5.168187030993366 45.92807247996038, 5.1669044548156124 45.94245124541367, 5.154046450562536 45.94186573440117, 5.155332404705716 45.927487108269794))",45.934969456672626,5.161117556084129,,2023-09-17,,,871f91cd4ffffff
23BB047945,FEU D ESPACES NATURELS,2023-09-17,2023-09-17,,,,2023,"POLYGON ((5.146662905459789 45.851292358357725, 5.1517974664485156 45.85152703076378, 5.1516371092449855 45.85332446587137, 5.146502380190859 45.85308978605573, 5.146662905459789 45.851292358357725))",45.85230841516124,5.149149964834043,,2023-09-17,,,871f91505ffffff
23BB047946,FEU D ESPACES NATURELS,2023-09-17,2023-09-17,,,,2023,"POLYGON ((5.146532505428956 45.85275200512586, 5.146020607791812 45.85848198313176, 5.1456993335766805 45.86207684274296, 5.127725309689601 45.86125334938116, 5.127564128093299 45.86305066182703, 5.127402811779068 45.86484806748076, 5.132538562957205 45.865083619776286, 5.1323774097247 45.8668809710755, 5.1349453827141955 45.866998769879814, 5.134784292828684 45.868796096985974, 5.1344622145733805 45.87239083820127, 5.134365366156584 45.87238639830701, 5.136061164345142 45.873352415248775, 5.144884704618754 45.87118672879064, 5.14553861628325 45.86387427431432, 5.153213022472122 45.86422490223227, 5.154379223439686 45.857220990600034, 5.147179961468775 45.853120754515245, 5.146502380190859 45.85308978605573, 5.146532544840966 45.85275202757237, 5.146532505428956 45.85275200512586))",45.86395719376385,5.141976963164672,,2023-09-17,,,871f91523ffffff
23BB047974,FEU D ESPACES NATURELS,2023-09-17,2023-09-17,,,,2023,"POLYGON ((5.722610887809846 45.92617818083938, 5.726832688910043 45.92854309035382, 5.728138802794822 45.928595587186734, 5.728422218555298 45.92499896399117, 5.730993954139183 45.92510226226358, 5.738708961470317 45.925411812488015, 5.7380342972842024 45.93399452043059, 5.753366610030606 45.93016015494828, 5.755302802409305 45.91800116268354, 5.740894832808413 45.90993193042264, 5.724559777270912 45.9140183599154, 5.734414173454486 45.914415412947584, 5.733707045403979 45.92340709606942, 5.7231212676085965 45.92298049775938, 5.722610887809846 45.92617818083938))",45.921695444448176,5.742083358414821,,2023-09-17,,,871f910f1ffffff
23BB048015,FEU D ESPACES NATURELS,2023-09-17,2023-09-18,,,,2023,"POLYGON ((4.7644055300079 45.99197941148391, 4.772125277456115 45.99235909352565, 4.771777829745 45.99595219785513, 4.764057709371451 45.995572488849774, 4.7644055300079 45.99197941148391))",45.993965812500605,4.768091586778952,,2023-09-17,,,871f90acbffffff
23BB048541,FEU D ESPACES NATURELS,2023-09-20,2023-09-20,,,,2023,"POLYGON ((5.085470946278106 46.241890087538195, 5.1035703489899955 46.242721310760196, 5.102914560697929 46.24990889277782, 5.084812922817146 46.24907756584421, 5.085470946278106 46.241890087538195))",46.24589953820702,5.094192188157194,,2023-09-20,,,871f91d74ffffff
23BB048560,FEU D ESPACES NATURELS,2023-09-20,2023-09-20,,,,2023,"POLYGON ((5.022142792335033 46.11263527000008, 5.040198982412811 46.1134772604871, 5.039537241298606 46.12066489769414, 5.021478714876454 46.11982289117437, 5.022142792335033 46.11263527000008))",46.11665015615019,5.030839406241477,,2023-09-20,,,871f91c35ffffff
23BB048583,FEU D ESPACES NATURELS,2023-09-20,2023-09-20,,,,2023,"POLYGON ((5.390330822738258 46.138214515143105, 5.400655405440815 46.13866004838492, 5.399581379500435 46.15124308714903, 5.389253757439424 46.15079710637019, 5.390330822738258 46.138214515143105))",46.14472900156066,5.394955336218584,,2023-09-20,,,871f91c6bffffff
23BB048630,FEU D ESPACES NATURELS,2023-09-21,2023-09-21,,,,2023,"POLYGON ((5.660028724236553 46.26316976872488, 5.662616398676109 46.26327493443729, 5.662471138484012 46.26507274988432, 5.65988337864658 46.2649675812685, 5.660028724236553 46.26316976872488))",46.264121263517524,5.661249909543613,,2023-09-21,,,871f918ceffffff
23BB048704,FEU D ESPACES NATURELS,2023-09-21,2023-09-21,,,,2023,"POLYGON ((5.007212083813042 46.3573560969106, 5.030532621240571 46.358441856709774, 5.029363865276447 46.37101836276226, 5.0060380705149985 46.369932271024894, 5.007212083813042 46.3573560969106))",46.36418738407824,5.018286651585115,,2023-09-21,,,871f956e2ffffff
23BB048712,FEU D ESPACES NATURELS,2023-09-21,2023-09-21,,,,2023,"POLYGON ((5.5847331838720065 45.978664406611685, 5.589881142863883 45.97887794310492, 5.589148777333108 45.98786819642057, 5.583999971889883 45.98765453481963, 5.5847331838720065 45.978664406611685))",45.983266394654514,5.586940763143156,,2023-09-21,,,871f91014ffffff
23BB049413,FEU D ESPACES NATURELS,2023-09-25,2023-09-25,,,,2023,"POLYGON ((5.232871209244064 46.24857110185107, 5.248389242430544 46.24926257636604, 5.247593582277736 46.25824835479594, 5.232072879254309 46.25755667865443, 5.232871209244064 46.24857110185107))",46.25340980761633,5.240231728693817,,2023-09-25,,,871f91d68ffffff
23BB049515,FEU D ESPACES NATURELS,2023-09-25,2023-09-25,,,,2023,"POLYGON ((4.807516488654483 46.1890280786939, 4.825594861480829 46.189906406591746, 4.825076203913621 46.195295717565514, 4.806996031942299 46.19441731153989, 4.807516488654483 46.1890280786939))",46.19216192314258,4.816295889608519,,2023-09-25,,,871f90a68ffffff
23BB049834,FEU D ESPACES NATURELS,2023-09-27,2023-09-27,,,,2023,"POLYGON ((5.0901462725396485 46.020145116835145, 5.1055936468102585 46.02085655540184, 5.103639008452671 46.04242220920654, 5.088185288107061 46.04171052504314, 5.0901462725396485 46.020145116835145))",46.03128433914572,5.096890984235661,,2023-09-27,,,871f91c1effffff
23BB050321,FEU D ESPACES NATURELS,2023-09-30,2023-09-30,,,,2023,"POLYGON ((4.96831340153719 45.828547141695836, 4.970879246429976 45.828668880095314, 4.97071300923878 45.83046595174792, 4.968146956335335 45.83034430241372, 4.96831340153719 45.828547141695836))",45.82950658004066,4.969513140591105,,2023-09-30,,,871f9026affffff
23BB050364,FEU D ESPACES NATURELS AVEC RISQUE DE PROPAGATION,2023-09-30,2023-09-30,,,,2023,"POLYGON ((5.64854757884413 46.24466524642731, 5.651134349481667 46.24477067872068, 5.65098888828778 46.246568477670166, 5.648402037774399 46.2464631323586, 5.64854757884413 46.24466524642731))",46.24561688755943,5.649768202472658,,2023-09-30,,,871f918ddffffff
23BB050601,FEU D ESPACES NATURELS,2023-10-01,2023-10-01,,,,2023,"POLYGON ((5.528847608127036 46.06112481685695, 5.54431450378252 46.061773030479, 5.5437211019935155 46.068964480896554, 5.528252181490388 46.068316183252904, 5.528847608127036 46.06112481685695))",46.065044706312484,5.536283842214305,,2023-10-01,,,871f9111affffff
23BB050861,FEU D ESPACES NATURELS,2023-10-02,2023-10-02,,,,2023,"POLYGON ((5.272220706743107 45.88944134000002, 5.279928397549967 45.88978412715024, 5.279615732524501 45.89337937242857, 5.271907533549487 45.89303647437083, 5.272220706743107 45.88944134000002))",45.89141034923597,5.275918106562654,,2023-10-02,,,871f91cdbffffff
23BB051032,FEU D ESPACES NATURELS,2023-10-03,2023-10-03,,,,2023,"POLYGON ((6.06534841966921 46.29328624006196, 6.070527989083009 46.293476675221626, 6.070396246888472 46.29527517014109, 6.065216500818988 46.295084639156634, 6.06534841966921 46.29328624006196))",46.29428068723203,6.067872310108064,,2023-10-03,,,871f91a1cffffff
23BB051085,FEU D ESPACES NATURELS,2023-10-03,2023-10-03,,,,2023,"POLYGON ((5.153885099095911 45.88591230370433, 5.156454018022225 45.88602955008249, 5.156133130156092 45.889624272976604, 5.153564047567131 45.88950710910276, 5.153885099095911 45.88591230370433))",45.887768326874365,5.155009066753228,,2023-10-03,,,871f91521ffffff
23BB051093,FEU D ESPACES NATURELS,2023-10-03,2023-10-03,,,,2023,"POLYGON ((6.047557826616901 46.323285934293075, 6.050149065903682 46.32338158605778, 6.050016443494984 46.325179969151506, 6.04742524868237 46.325084310069506, 6.047557826616901 46.323285934293075))",46.32423294739847,6.048787147434143,,2023-10-03,,,871f91a00ffffff
23BB051359,FEU D ESPACES NATURELS,2023-10-05,2023-10-05,,,,2023,"POLYGON ((4.885620066706976 45.87641329979762, 4.88356159290795 45.888525390127235, 4.885258742622298 45.88949782930778, 4.885591676498126 45.88596482414141, 4.9035692785286145 45.88682855047148, 4.914982969888933 45.88737526633019, 4.916131356143876 45.880603666894615, 4.9145575872327365 45.87970210242536, 4.914348770178581 45.88193033015984, 4.8886679732180625 45.88069772099135, 4.889152495654431 45.875553971854764, 4.885620066706976 45.87641329979762))",45.8835145869213,4.898661085270757,,2023-10-05,,,871f9034bffffff
23BB051376,FEU D ESPACES NATURELS,2023-10-05,2023-10-05,,,,2023,"POLYGON ((5.049206624787188 46.26908659411812, 5.072489355535566 46.270162969508355, 5.071663965095482 46.27914702736658, 5.048377281834469 46.278070402560196, 5.049206624787188 46.26908659411812))",46.27411687633105,5.060434309432991,,2023-10-05,,,871f956deffffff
23BB051517,FEU DE FORETS,2023-10-06,2023-10-06,,,,2023,"POLYGON ((5.395730674375953 45.86238670409137, 5.4008675226756955 45.86260940514931, 5.400715426520845 45.86440727425252, 5.395578282295527 45.86418456936716, 5.395730674375953 45.86238670409137))",45.863396996731126,5.398222973602487,,2023-10-06,,,871f91541ffffff
23BB051575,FEU D ESPACES NATURELS,2023-10-06,2023-10-06,,,,2023,"POLYGON ((5.105806300077348 46.38897584178472, 5.118770614488211 46.38956785026063, 5.117786727274601 46.40034858304179, 5.104818932103513 46.399756211470134, 5.105806300077348 46.38897584178472))",46.394662365028985,5.11179564169217,,2023-10-06,,,871f956edffffff
23BB051594,FEU D ESPACES NATURELS,2023-10-06,2023-10-06,,,,2023,"POLYGON ((5.412965335377995 46.18907900117347, 5.4293474906928765 46.185066563897344, 5.431336336804785 46.17296097937034, 5.416947310309089 46.16486910865739, 5.400570208428859 46.16888160743728, 5.39857707491587 46.180985905744116, 5.412965335377995 46.18907900117347))",46.17697430867788,5.4149576331501175,,2023-10-06,,,871f9189affffff
23BB052008,FEU D ESPACES NATURELS,2023-10-08,2023-10-08,,,,2023,"POLYGON ((5.14553861628325 45.86387427431432, 5.153242108319204 45.86422623110509, 5.151797943995462 45.88040284728898, 5.144092048198897 45.88005070371246, 5.14553861628325 45.86387427431432))",45.872138936013705,5.148667644556073,,2023-10-08,,,871f91521ffffff
23BB052090,FEU D ESPACES NATURELS,2023-10-09,2023-10-09,,,,2023,"POLYGON ((4.95305533914459 46.2140579435953, 4.958223649046807 46.21430213150329, 4.957549162257097 46.22148881767086, 4.9523802976165685 46.2212445991898, 4.95305533914459 46.2140579435953))",46.21777343732744,4.955302106237025,,2023-10-09,,,871f91d04ffffff
23BB052161,FEU D ESPACES NATURELS,2023-10-09,2023-10-09,,,,2023,"POLYGON ((5.036239079553994 45.90941073698736, 5.038140487142457 45.91049551740551, 5.038236213581751 45.90945016715897, 5.040805999136755 45.90957015233729, 5.04059331526165 45.91189489046001, 5.040593357769445 45.911894914711276, 5.040641649601501 45.911367264789085, 5.043211535111225 45.91148728464951, 5.043047258988669 45.91328440065315, 5.043027217902079 45.9132834654604, 5.047952550799538 45.916093433317194, 5.048187356733198 45.91352417817761, 5.063973112114615 45.91425750278509, 5.066804579404697 45.9135657974299, 5.068470433508033 45.90363672689447, 5.059450638421255 45.903219657776745, 5.059934807772325 45.89787542960838, 5.0597755283493 45.89962427685101, 5.0520674784136546 45.89926544146465, 5.05255928328298 45.89387390082843, 5.052395274750196 45.8956711130377, 5.052231379749516 45.89746823227117, 5.047092904433865 45.89722872339902, 5.047256963318765 45.89543152208988, 5.047288155817827 45.89508982430439, 5.042011013907241 45.8963794207784, 5.041627997092803 45.90058387905614, 5.044197462169708 45.900704218515564, 5.043375924788038 45.909690075723034, 5.036248194834221 45.90935652543902, 5.036239079553994 45.90941073698736))",45.90651328377549,5.053740868888244,,2023-10-09,,,871f91c9dffffff
23BB052338,FEU D ESPACES NATURELS,2023-10-10,2023-10-10,,,,2023,"POLYGON ((5.981063010252318 46.28147465588563, 5.979150024685692 46.293597828800834, 5.99367750590645 46.30162984772294, 6.010118641103771 46.297537482402255, 6.011668704060932 46.287690876759825, 6.011232649407781 46.28767462653961, 6.011366392777382 46.285876193343015, 6.008777060494583 46.28577956836367, 6.00893163311906 46.28370186560834, 6.0089315697121135 46.28370183055849, 6.00810801693603 46.29477141882565, 5.982211862942014 46.293801267273594, 5.983174156780578 46.280949004952525, 5.981063010252318 46.28147465588563))",46.294580920027414,5.995371402034217,,2023-10-10,,,871f91a10ffffff
23BB052392,FEU D ESPACES NATURELS,2023-10-10,2023-10-10,,,,2023,"POLYGON ((5.329073931075596 46.09765822336921, 5.334232402168978 46.0978842508166, 5.333921709714888 46.101479776652575, 5.328762900960095 46.10125373395932, 5.329073931075596 46.09765822336921))",46.09956901581623,5.331497734337736,,2023-10-10,,,871f91c43ffffff
23BB052625,FEU DE FORETS,2023-10-12,2023-10-12,,,,2023,"POLYGON ((5.660319386544589 46.259574143067766, 5.6629068902052575 46.2596793029737, 5.66276164924954 46.261477118799824, 5.660174060202235 46.2613719559907, 5.660319386544589 46.259574143067766))",46.26052563514644,5.661540496083313,,2023-10-12,,,871f918ceffffff
23BB052636,FEU D ESPACES NATURELS,2023-10-12,2023-10-12,,,,2023,"POLYGON ((5.118669855029954 46.47616558342654, 5.142043813811402 46.477227505369136, 5.1412250379579145 46.48621107423616, 5.117847093217382 46.48514898700634, 5.118669855029954 46.47616558342654))",46.48118841496036,5.129946434933433,,2023-10-12,,,871f95644ffffff
23BB052739,FEU D ESPACES NATURELS,2023-10-12,2023-10-12,,,,2023,"POLYGON ((4.823887015433295 46.15372644541569, 4.8264679334333636 46.15385172901191, 4.826295334494623 46.15564819353727, 4.823714330936431 46.1555229062304, 4.823887015433295 46.15372644541569))",46.154687323506494,4.825091153045008,,2023-10-12,,,871f90a48ffffff
23BB052961,FEU D ESPACES NATURELS,2023-10-13,2023-10-13,,,,2023,"POLYGON ((5.240274756078759 46.223641642256084, 5.250615508214643 46.22410211249794, 5.249343741037204 46.23847961355253, 5.239000281735074 46.23801893084021, 5.240274756078759 46.223641642256084))",46.23106088959105,5.244808549399869,,2023-10-13,,,871f91d4cffffff
23BB052974,FEU D ESPACES NATURELS,2023-10-13,2023-10-13,,,,2023,"POLYGON ((5.0901462725396485 46.020145116835145, 5.1055936468102585 46.02085655540184, 5.103639008452671 46.04242220920654, 5.088185288107061 46.04171052504314, 5.0901462725396485 46.020145116835145))",46.03128433914572,5.096890984235661,,2023-10-13,,,871f91c1effffff
23BB053016,FEU D ESPACES NATURELS AVEC RISQUE DE PROPAGATION,2023-10-13,2023-10-13,,,,2023,"POLYGON ((5.42904765558543 46.091168112475884, 5.433164006553122 46.09134468711368, 5.432900256341409 46.094461074228505, 5.435371105466101 46.09585189032806, 5.435591007413088 46.09325284693914, 5.443328556236219 46.09358404369121, 5.442873026963719 46.09897701416552, 5.4407625462302605 46.09888667787018, 5.443256933117175 46.10029074515735, 5.4539990367679625 46.09764810560862, 5.453342387399821 46.09762009759252, 5.448183636160952 46.097399874672725, 5.448638628235693 46.0920068831478, 5.453796872237399 46.0922270853132, 5.456376074423698 46.092337096278975, 5.45596958084521 46.09716333685794, 5.4596221798071305 46.09626476987572, 5.461604365850579 46.08414548485454, 5.450032118618131 46.07763291155988, 5.444694465386517 46.07740495140239, 5.44475724541879 46.076660885538125, 5.436829202448059 46.078611876952536, 5.436655246461685 46.080669291340094, 5.430809768485543 46.080418676652684, 5.42904765558543 46.091168112475884), (5.4471212549185966 46.07931295239156, 5.446666347985815 46.08470593172936, 5.44150871334481 46.08448540750941, 5.441964251348025 46.07909235549702, 5.4471212549185966 46.07931295239156))",46.0875420744675,5.445492938750026,,2023-10-13,,,871f91116ffffff
23BB053031,FEU D ESPACES NATURELS,2023-10-13,2023-10-13,,,,2023,"POLYGON ((4.8264679334333636 46.15385172901191, 4.8290488593146215 46.15397686374722, 4.828876350039641 46.155773421906574, 4.826295334494623 46.15564819353727, 4.8264679334333636 46.15385172901191))",46.15481255826287,4.8276721294132345,,2023-10-13,,,871f90a48ffffff
23BB053055,FEU D ESPACES NATURELS,2023-10-14,2023-10-14,,,,2023,"POLYGON ((5.1620628759275835 46.313951142017025, 5.16724145615734 46.31418533855227, 5.166917282857529 46.31777927916251, 5.161738228206404 46.31754498086603, 5.1620628759275835 46.313951142017025))",46.315865213437114,5.164489967876775,,2023-10-14,,,871f956cbffffff
23BB053093,FEU D ESPACES NATURELS,2023-10-14,2023-10-14,,,,2023,"POLYGON ((5.363040412705787 46.015343477967946, 5.361045953722069 46.02746609059869, 5.366854905439484 46.030745352479116, 5.368468145706394 46.030815559415935, 5.368622173925389 46.02901798183447, 5.371198239300886 46.029130031009295, 5.370890356731499 46.03272528357372, 5.376042728005449 46.0329492231518, 5.3758277017205565 46.03546249442369, 5.386393236306469 46.032863190175995, 5.386501163250471 46.031598700586436, 5.386654595136281 46.0298010979817, 5.384078466442793 46.02968940167633, 5.384231972698585 46.027891802573365, 5.384539078944615 46.02429651087693, 5.387114825192013 46.02440820005817, 5.386961424899178 46.02620580282115, 5.389537393889082 46.02631743318551, 5.392113245648142 46.026429008292396, 5.3925822938152 46.026449299487375, 5.393735771170295 46.019422512877924, 5.379382801216 46.01132165075911, 5.372579387283882 46.01299595677168, 5.372429369346737 46.01474910933445, 5.366503956698719 46.01449110729653, 5.363040412705787 46.015343477967946), (5.383924950082264 46.031487000743404, 5.378772684439953 46.03126342113009, 5.379080044929454 46.027668237121716, 5.381656070207324 46.0277800225107, 5.38211676957545 46.02238708081574, 5.384692549881628 46.022498821774775, 5.384231972698585 46.027891802573365, 5.383924950082264 46.031487000743404))",46.02243910677292,5.376286767068296,,2023-10-14,,,871f911b5ffffff
23BB053148,FEU D ESPACES NATURELS,2023-10-14,2023-10-14,,,,2023,"POLYGON ((5.008413712165359 46.12101643091483, 5.023892530152221 46.12174024657685, 5.023726654661062 46.12353717529421, 5.008247201287711 46.1228132500162, 5.008413712165359 46.12101643091483))",46.12227678458905,5.016070081104441,,2023-10-14,,,871f91d1bffffff
23BB053535,FEU D ESPACES NATURELS,2023-10-16,2023-10-16,,,,2023,"POLYGON ((5.2584880691273845 45.92853021831558, 5.286770565475562 45.929788356785366, 5.285676022897959 45.94237132874893, 5.257387018934598 45.941112827618696, 5.2584880691273845 45.92853021831558))",45.93545092495053,5.272080411693739,,2023-10-16,,,871f91cddffffff
23BB053747,FEU D ESPACES NATURELS,2023-10-17,2023-10-17,,,,2023,"POLYGON ((4.944722515671441 46.275021027386344, 4.96024460562239 46.27575421901166, 4.959907001282198 46.279347480413115, 4.944383748735309 46.27861416044286, 4.944722515671441 46.275021027386344))",46.27718424561588,4.952314492021251,,2023-10-17,,,871f9568bffffff
23BB053774,FEU D ESPACES NATURELS,2023-10-17,2023-10-17,,,,2023,"POLYGON ((5.237492095293876 46.196452982526594, 5.242659743369291 46.19668345981283, 5.242500680068971 46.19848061606064, 5.237332862134465 46.19825013152336, 5.237492095293876 46.196452982526594))",46.197466802399155,5.239996344703308,,2023-10-17,,,871f91d4effffff
23BB053945,FEU D ESPACES NATURELS,2023-10-18,2023-10-18,,,,2023,"POLYGON ((5.106541006610719 46.03894640814137, 5.129726423722233 46.040009716816755, 5.128267042997312 46.056184207500436, 5.10507463203281 46.05512043763694, 5.106541006610719 46.03894640814137))",46.04756560054281,5.117402256214308,,2023-10-18,,,871f91c1cffffff
23BB053948,FEU D ESPACES NATURELS,2023-10-18,2023-10-18,,,,2023,"POLYGON ((5.404359094768946 46.06484709348634, 5.4095146025595495 46.065069407617614, 5.407985720744777 46.08304570229342, 5.40282838943907 46.082823231927954, 5.404359094768946 46.06484709348634))",46.073946890581,5.406171908480312,,2023-10-18,,,871f911a4ffffff
23BB054205,FEU D ESPACES NATURELS,2023-10-19,2023-10-20,,,,2023,"POLYGON ((4.92145209865898 46.400562381901715, 4.937847421819471 46.39664823553991, 4.939911660567801 46.38460096652144, 4.937119065344809 46.38301590797676, 4.936616323307093 46.38832359805908, 4.928838906641306 46.38795540033437, 4.9184692802562235 46.38746355354073, 4.918469280256051 46.38746355354252, 4.923654107575256 46.38770963735859, 4.923142110803893 46.393098845327145, 4.9179567154981845 46.39285282505087, 4.917785939928528 46.39464915705147, 4.913804770963594 46.39446008785646, 4.915193109395636 46.39452605569343, 4.920378656554701 46.39477229210805, 4.920037116893831 46.398365055524664, 4.917357557259985 46.39823786289567, 4.917357616449003 46.39823789649801, 4.917444103419232 46.39824200547986, 4.917440048002737 46.398284693878715, 4.92145209865898 46.400562381901715), (4.926246501229533 46.38783254843037, 4.925905394364625 46.391425331073556, 4.923312829600993 46.391302412146885, 4.923654107575256 46.38770963735859, 4.926246501229533 46.38783254843037))",46.39337774770458,4.929814705901623,,2023-10-19,,,871f9561effffff
23BB054862,FEU D ESPACES NATURELS,2023-10-22,2023-10-22,,,,2023,"POLYGON ((4.945659041728986 46.12708286054178, 4.953398688779947 46.1274496228465, 4.953062167080222 46.13104309404376, 4.945322017157035 46.130676308572966, 4.945659041728986 46.12708286054178))",46.12906299094926,4.949360476744777,,2023-10-22,,,871f91d13ffffff
23BB055978,FEU D ESPACES NATURELS,2023-10-28,2023-10-28,,,,2023,"POLYGON ((4.8104055191565465 46.23970405235802, 4.831086682207839 46.240707008489906, 4.8307407589824995 46.24429989121027, 4.810058240235264 46.24329677889259, 4.8104055191565465 46.23970405235802))",46.24200195458333,4.820572841421082,,2023-10-28,,,871f95693ffffff
23BB057623,FEU D ESPACES NATURELS,2023-11-05,2023-11-05,,,,2023,"POLYGON ((5.57331931079085 46.212711874836, 5.5914154430604235 46.21346052446805, 5.591120472351227 46.21705608581455, 5.573023149809053 46.21630738531185, 5.57331931079085 46.212711874836))",46.21488398734535,5.582219593063282,,2023-11-05,,,871f918d3ffffff
23BB057656,FEU D ESPACES NATURELS,2023-11-05,2023-11-05,,,,2023,"POLYGON ((5.337200123716657 46.17198840385614, 5.340759564236436 46.1721440374494, 5.340533450398427 46.174755591982965, 5.351439789156759 46.18090099566206, 5.367816409395567 46.176897506269796, 5.36981381241686 46.16479451141078, 5.360016953019077 46.159275399459844, 5.359459455941357 46.165742466984426, 5.346546952262157 46.165179897010994, 5.346702324225058 46.16338250656488, 5.344119994701032 46.16326980208104, 5.344430931752723 46.15967494073996, 5.34445626487426 46.159382037934556, 5.344456249367264 46.159382041726694, 5.344275465866546 46.161472326550594, 5.3416930774915725 46.161359658884486, 5.341808169464826 46.160029614119175, 5.341808168230111 46.16002961442113, 5.341226369416522 46.16675189397409, 5.3380889465483845 46.166614749821086, 5.337200123716657 46.17198840385614))",46.1708902183471,5.354524294908531,,2023-11-05,,,871f91c6cffffff
23BB058118,FEU D ESPACES NATURELS,2023-11-08,2023-11-08,,,,2023,"POLYGON ((5.190213847342452 46.289961590331856, 5.200566865601192 46.29042707971635, 5.200084135231033 46.29581812058452, 5.189730100325939 46.29535258738546, 5.190213847342452 46.289961590331856))",46.29288988859708,5.195148732869438,,2023-11-08,,,871f91992ffffff
23BB060674,FEU D ESPACES NATURELS,2023-11-21,2023-11-21,,,,2023,"POLYGON ((5.318064164511286 46.19460513030769, 5.328399642971242 46.19505807284584, 5.327775977355395 46.20224787860077, 5.317439018013348 46.20179487711604, 5.318064164511286 46.19460513030769))",46.19842657549724,5.322919692550192,,2023-11-21,,,871f91896ffffff
23BB061494,FEU D ESPACES NATURELS,2023-11-26,2023-11-26,,,,2023,"POLYGON ((5.369781375109886 45.9550895297086, 5.372353832483585 45.955201555248316, 5.372046717291848 45.958796969168716, 5.36947396255888 45.95868494006748, 5.369781375109886 45.9550895297086))",45.956943283062756,5.370913968351703,,2023-11-26,,,871f91194ffffff
23BB065336,FEU D ESPACES NATURELS,2023-12-16,2023-12-16,,,,2023,"POLYGON ((4.959180079357287 45.87143356752316, 4.9668838592909665 45.87179905115914, 4.966717231554613 45.873596128122266, 4.959013195841406 45.87323054295206, 4.959180079357287 45.87143356752316))",45.8725148290804,4.962948622832471,,2023-12-16,,,871f91c92ffffff
23BB065340,FEU D ESPACES NATURELS,2023-12-16,2023-12-16,,,,2023,"POLYGON ((5.11561953578981 45.80855876171977, 5.099336542803961 45.812559348682434, 5.097309965682562 45.824693041647826, 5.105851098073777 45.829564998288, 5.115067317124002 45.82998986252445, 5.114885422502953 45.83201332929767, 5.127858656543455 45.82882698916559, 5.129360052638617 45.81981791223103, 5.121167384503151 45.81944157983004, 5.121826043431586 45.81209828986064, 5.11561953578981 45.80855876171977))",45.82068250106528,5.112679163403447,,2023-12-16,,,871f91506ffffff
23BB065503,FEU D ESPACES NATURELS,2023-12-17,2023-12-17,,,,2023,"POLYGON ((5.1048025846532665 45.82951666221375, 5.115067317124002 45.82998986252445, 5.113936327003872 45.84257142762222, 5.103669376513933 45.84209820946303, 5.1048025846532665 45.82951666221375))",45.836044265949134,5.109368875295416,,2023-12-17,,,871f91531ffffff
23BB065523,FEU D ESPACES NATURELS,2023-12-17,2023-12-17,,,,2023,"POLYGON ((6.074392086107252 46.31165112907606, 6.076982689756873 46.31174617191131, 6.076719528342911 46.3153430840387, 6.0741287542661455 46.31524803510716, 6.074392086107252 46.31165112907606))",46.31349712475004,6.07555576316591,,2023-12-17,,,871f91a03ffffff
23BB065528,FEU D ESPACES NATURELS,2023-12-17,2023-12-17,,,,2023,"POLYGON ((4.885591676498126 45.88596482414141, 4.9035692785286145 45.88682855047148, 4.901544083356947 45.908392350405585, 4.883559680149517 45.90752703898209, 4.885591676498126 45.88596482414141))",45.89717888662964,4.893566201615433,,2023-12-17,,,871f90348ffffff
23BB067102,FEU D ESPACES NATURELS,2023-12-26,2023-12-26,,,,2023,"POLYGON ((5.919403009069773 46.197641783025745, 5.929742896167156 46.198036359713356, 5.9289269900738955 46.208825855878494, 5.918585056439852 46.20843111546136, 5.919403009069773 46.197641783025745))",46.20323395728361,5.924164481241134,,2023-12-26,,,871f91ab1ffffff
24BB005678,FEU D ESPACES NATURELS,2024-02-03,2024-02-03,,,,2024,"POLYGON ((5.990184951095028 46.36082368027177, 5.997963763554657 46.36111474652328, 5.99756041474883 46.366509519923696, 5.9897808340205545 46.366218425155964, 5.990184951095028 46.36082368027177))",46.36366663736524,5.993872487504495,,2024-02-03,,,871f91a35ffffff
24BB006129,FEU D ESPACES NATURELS,2024-02-06,2024-02-06,,,,2024,"POLYGON ((5.4607509422224165 46.00953125599418, 5.486503670403403 46.0106267075301, 5.484702427360283 46.03220050120382, 5.458939446422339 46.03110455062214, 5.4607509422224165 46.00953125599418))",46.02086647007069,5.472724067890537,,2024-02-06,,,871f911aeffffff
24BB006149,FEU D ESPACES NATURELS,2024-02-06,2024-02-06,,,,2024,"POLYGON ((5.594675997628655 46.015158895952425, 5.5972517081415445 46.01526551425005, 5.596959021431416 46.01886154603418, 5.59438314244067 46.018754920830766, 5.594675997628655 46.015158895952425))",46.01701023886682,5.59581746581077,,2024-02-06,,,871f91033ffffff
24BB006151,FEU D ESPACES NATURELS,2024-02-06,2024-02-06,,,,2024,"POLYGON ((5.9945845754822695 46.26721472961375, 6.004937427059216 46.2676024790121, 6.00466972506509 46.27119922849872, 5.994316192685626 46.27081145500608, 5.9945845754822695 46.26721472961375))",46.26920699272651,5.9996269782686005,,2024-02-06,,,871f91a13ffffff
24BB006306,FEU D ESPACES NATURELS,2024-02-07,2024-02-07,,,,2024,"POLYGON ((5.344044635056501 46.04418462334946, 5.346621370353464 46.04429732382144, 5.346311649905867 46.04789242504781, 5.34373474558574 46.047779717437024, 5.344044635056501 46.04418462334946))",46.04603854206206,5.345178098517068,,2024-02-07,,,871f91c58ffffff
24BB006374,FEU D ESPACES NATURELS,2024-02-07,2024-02-08,,,,2024,"POLYGON ((5.096589882877666 45.8634300748386, 5.1042927124327475 45.863784680042656, 5.103968658986874 45.86737933137766, 5.0962651953635 45.86702470556764, 5.096589882877666 45.8634300748386))",45.865404722513475,5.1002791086664265,,2024-02-07,,,871f91522ffffff
24BB006757,FEU D ESPACES NATURELS,2024-02-10,2024-02-10,,,,2024,"POLYGON ((5.355328574302928 46.00317793199944, 5.360478229716293 46.003402667504794, 5.360324010830531 46.0052002314494, 5.35517432060892 46.00497557527636, 5.355328574302928 46.00317793199944))",46.00418910152996,5.357826264565559,,2024-02-10,,,871f911b0ffffff
24BB007691,FEU D ESPACES NATURELS,2024-02-15,2024-02-15,,,,2024,"POLYGON ((4.946224048386438 46.45193311699031, 4.951415239510806 46.45217785554199, 4.951075133456805 46.455770610606024, 4.945883598742673 46.45552585591547, 4.946224048386438 46.45193311699031))",46.45385187957824,4.948649503140289,,2024-02-15,,,871f95601ffffff
24BB007824,FEU D ESPACES NATURELS,2024-02-16,2024-02-16,,,,2024,"POLYGON ((5.604211162141079 45.961430028611765, 5.609357595684184 45.96164267489302, 5.6084829429952245 45.97243121157068, 5.603335504643153 45.97221861317044, 5.604211162141079 45.961430028611765))",45.96693080616889,5.606346783688721,,2024-02-16,,,871f91010ffffff
24BB007869,FEU D ESPACES NATURELS,2024-02-16,2024-02-16,,,,2024,"POLYGON ((4.833732022092215 46.271285980391156, 4.81737037006574 46.27519640300539, 4.815291734917067 46.28725103444784, 4.818012873449301 46.28880243082116, 4.82641029352196 46.28920956375442, 4.826236835768382 46.291005803012816, 4.8314121044515845 46.29125626589012, 4.831046566336973 46.2950459350045, 4.841690465106928 46.29250292484567, 4.843211522667291 46.276689369934815, 4.833732022092215 46.271285980391156))",46.28250847511977,4.830271148009653,,2024-02-16,,,871f95682ffffff
24BB007936,FEU D ESPACES NATURELS,2024-02-17,2024-02-17,,,,2024,"POLYGON ((5.213867077012363 45.96983828096826, 5.223833684941408 45.97028768823723, 5.223326266195547 45.976035566991484, 5.228052249099005 45.97871641651371, 5.233542809388846 45.977369758248734, 5.233967545577106 45.972546976366175, 5.2416868982873455 45.97289249685037, 5.2420029329133095 45.96929775544023, 5.245251957352984 45.969443097171975, 5.24554891644835 45.96765182863399, 5.239587899283139 45.96738517941336, 5.239904053174858 45.96379030039575, 5.245049553429227 45.964020476706686, 5.2452327377497046 45.96193418676334, 5.2353924036508195 45.95635332647436, 5.234600355281934 45.96535725336866, 5.214759764647343 45.96446554305986, 5.213867077012363 45.96983828096826))",45.9684353399924,5.230961624106088,,2024-02-17,,,871f91cc0ffffff
24BB007946,FEU D ESPACES NATURELS,2024-02-17,2024-02-17,,,,2024,"POLYGON ((5.11561953578981 45.80855876171977, 5.099336542803961 45.812559348682434, 5.097309965682562 45.824693041647826, 5.105851098073777 45.829564998288, 5.115067317124002 45.82998986252445, 5.114885422502953 45.83201332929767, 5.127858656543455 45.82882698916559, 5.129360052638617 45.81981791223103, 5.121167384503151 45.81944157983004, 5.121826043431586 45.81209828986064, 5.11561953578981 45.80855876171977))",45.82068250106528,5.112679163403447,,2024-02-17,,,871f91506ffffff
24BB008038,FEU D ESPACES NATURELS,2024-02-17,2024-02-17,,,,2024,"POLYGON ((5.11561953578981 45.80855876171977, 5.099336542803961 45.812559348682434, 5.097309965682562 45.824693041647826, 5.105851098073777 45.829564998288, 5.115067317124002 45.82998986252445, 5.114885422502953 45.83201332929767, 5.127858656543455 45.82882698916559, 5.129360052638617 45.81981791223103, 5.121167384503151 45.81944157983004, 5.121826043431586 45.81209828986064, 5.11561953578981 45.80855876171977))",45.82068250106528,5.112679163403447,,2024-02-17,,,871f91506ffffff
24BB008298,FEU D ESPACES NATURELS,2024-02-19,2024-02-19,,,,2024,"POLYGON ((5.050208311562828 45.86308199489811, 5.06047891424516 45.86356048046892, 5.059661297529552 45.87254664739145, 5.04938888451373 45.8720680866207, 5.050208311562828 45.86308199489811))",45.86781443422631,5.054934339079587,,2024-02-19,,,871f91c9bffffff
24BB008647,FEU D ESPACES NATURELS,2024-02-21,2024-02-21,,,,2024,"POLYGON ((5.904730379295893 46.15199032987249, 5.922809847948448 46.15268274943121, 5.922401405756455 46.158077895747915, 5.904320152090301 46.15738541339639, 5.904730379295893 46.15199032987249))",46.155034141428914,5.913565441354695,,2024-02-21,,,871f91a90ffffff
24BB008650,FEU D ESPACES NATURELS,2024-02-21,2024-02-21,,,,2024,"POLYGON ((5.917235323344793 46.15788033752748, 5.93273367694418 46.15847221418698, 5.9323261741168745 46.16386739537078, 5.916826290142405 46.16327546504164, 5.917235323344793 46.15788033752748))",46.16087389737064,5.924780361638764,,2024-02-21,,,871f91a95ffffff
24BB008657,FEU D ESPACES NATURELS,2024-02-21,2024-02-21,,,,2024,"POLYGON ((4.882056925574939 45.950775632425206, 4.884628413075275 45.95089941456922, 4.884458560868798 45.9526962261805, 4.8818869941494425 45.95257252994457, 4.882056925574939 45.950775632425206))",45.95173595438847,4.88325771237586,,2024-02-21,,,871f90369ffffff
24BB008982,FEU D ESPACES NATURELS,2024-02-23,2024-02-23,,,,2024,"POLYGON ((4.9356036230529705 45.9858291418852, 4.971630763664862 45.98753838315549, 4.969794339920735 46.00730461610981, 4.933754657420913 46.005594694601925, 4.9356036230529705 45.9858291418852))",45.99656728322517,4.95269580541916,,2024-02-23,,,871f91d99ffffff
24BB009373,FEU D ESPACES NATURELS,2024-02-25,2024-02-25,,,,2024,"POLYGON ((5.324699407485825 46.15259856541674, 5.326238864755309 46.15346658642013, 5.329405611939459 46.153605338237156, 5.3292693819080705 46.15517533990321, 5.3366462368821415 46.15933477233789, 5.3418486170909185 46.15956218661824, 5.342159688487999 46.15596733222831, 5.344741827883456 46.15608007866772, 5.344456249367264 46.159382041726694, 5.34445626487426 46.159382037934556, 5.344586387408754 46.15787755474652, 5.347168447699773 46.15799024743743, 5.347479199141226 46.15439537955418, 5.3557592111620105 46.15475606398177, 5.357238006097369 46.14579959231429, 5.356000304534488 46.14574572532038, 5.355845340982247 46.147543211539066, 5.350681963247874 46.147318164776145, 5.351219933089681 46.14108628568082, 5.3430688308053575 46.136491239694976, 5.326702307806417 46.14049489704823, 5.326642775575563 46.14085465454432, 5.330496781213371 46.141023518603085, 5.33034091128785 46.14282088393197, 5.332922274496184 46.14293390237814, 5.338085164714982 46.14315975919748, 5.3379295420212705 46.144957225360635, 5.337462602623694 46.15034944301931, 5.33229916494566 46.15012355304261, 5.329717462123416 46.15001051967005, 5.33002914193087 46.14641570382921, 5.332610713185392 46.14652872232354, 5.3326107131855895 46.14652872232119, 5.325753543213091 46.14622834872991, 5.324699407485825 46.15259856541674), (5.329561544624525 46.151807973994345, 5.326979638519083 46.151694881400076, 5.327447618998178 46.14630261897333, 5.33002914193087 46.14641570382921, 5.329561544624525 46.151807973994345))",46.148461331167255,5.341721159815913,,2024-02-25,,,871f91c6effffff
24BB009412,FEU D ESPACES NATURELS,2024-02-25,2024-02-25,,,,2024,"POLYGON ((5.4679006831847525 46.07839481560041, 5.470479261066566 46.07850450454923, 5.47032832140435 46.080302227907126, 5.467749788199485 46.08019253192851, 5.4679006831847525 46.07839481560041))",46.079348517489315,5.469114514741689,,2024-02-25,,,871f91112ffffff
24BB009836,FEU D ESPACES NATURELS,2024-02-28,2024-02-28,,,,2024,"POLYGON ((5.028624341917463 46.09850052725837, 5.04151858369796 46.09910142484677, 5.040860283821281 46.10628944728481, 5.02796473961811 46.1056885598577, 5.028624341917463 46.09850052725837))",46.10239504952101,5.034741971197762,,2024-02-28,,,871f91c35ffffff
24BB009928,FEU D ESPACES NATURELS,2024-02-29,2024-02-29,,,,2024,"POLYGON ((4.928444331981809 45.807886901903764, 4.9142261245111385 45.799734378925386, 4.897958142536619 45.8037044387341, 4.897684749246196 45.80531732331999, 4.900892539358043 45.80547151389789, 4.903457287538205 45.805594877067755, 4.9060219144804895 45.80571809472875, 4.908586681504419 45.80584125092379, 4.911151331472888 45.80596435153509, 4.913716121512511 45.80608739067385, 4.916280794485578 45.80621037423401, 4.918845607519305 45.806333296314875, 4.92397513948161 45.80657896784359, 4.923807378844327 45.808376060624475, 4.926372239899346 45.80849880766118, 4.928325043815145 45.80859215701375, 4.928444331981809 45.807886901903764))",45.804039983410995,4.912518184167848,,2024-02-29,,,871f90244ffffff
24BB010164,FEU D ESPACES NATURELS,2024-03-01,2024-03-01,,,,2024,"POLYGON ((4.993230260058477 46.22858188725804, 4.995815062485749 46.228703048056396, 4.995647667090039 46.23049985983341, 4.993062774699987 46.230378605698604, 4.993230260058477 46.22858188725804))",46.22954085640059,4.994438951190656,,2024-03-01,,,871f91d2effffff
24BB010443,FEU D ESPACES NATURELS,2024-03-03,2024-03-03,,,,2024,"POLYGON ((5.541654419097699 45.78020133788314, 5.54934813037521 45.78052444719488, 5.548613212303843 45.78951554092976, 5.54091824621908 45.7891923831707, 5.541654419097699 45.78020133788314))",45.78485854943823,5.545133491703497,,2024-03-03,,,871f91468ffffff
24BB011185,FEU D ESPACES NATURELS,2024-03-07,2024-03-07,,,,2024,"POLYGON ((5.516355708615187 45.71236966721208, 5.526601081715499 45.712802755465056, 5.524536094029513 45.73797822519662, 5.5142860466557915 45.73754495514746, 5.516355708615187 45.71236966721208))",45.72517485740235,5.520444653661493,,2024-03-07,,,871f9144effffff
24BB011303,FEU D ESPACES NATURELS,2024-03-08,2024-03-08,,,,2024,"POLYGON ((5.42904765558543 46.091168112475884, 5.433164006553122 46.09134468711368, 5.432900256341409 46.094461074228505, 5.435371105466101 46.09585189032806, 5.435591007413088 46.09325284693914, 5.443328556236219 46.09358404369121, 5.442873026963719 46.09897701416552, 5.4407625462302605 46.09888667787018, 5.443256933117175 46.10029074515735, 5.4539990367679625 46.09764810560862, 5.453342387399821 46.09762009759252, 5.448183636160952 46.097399874672725, 5.448638628235693 46.0920068831478, 5.453796872237399 46.0922270853132, 5.456376074423698 46.092337096278975, 5.45596958084521 46.09716333685794, 5.4596221798071305 46.09626476987572, 5.461604365850579 46.08414548485454, 5.450032118618131 46.07763291155988, 5.444694465386517 46.07740495140239, 5.44475724541879 46.076660885538125, 5.436829202448059 46.078611876952536, 5.436655246461685 46.080669291340094, 5.430809768485543 46.080418676652684, 5.42904765558543 46.091168112475884), (5.4471212549185966 46.07931295239156, 5.446666347985815 46.08470593172936, 5.44150871334481 46.08448540750941, 5.441964251348025 46.07909235549702, 5.4471212549185966 46.07931295239156))",46.0875420744675,5.445492938750026,,2024-03-08,,,871f91116ffffff
24BB011542,FEU D ESPACES NATURELS,2024-03-09,2024-03-09,,,,2024,"POLYGON ((5.340385714315072 46.206407482061756, 5.366230872498724 46.207532580109465, 5.364835714645438 46.2237091781027, 5.338982793492584 46.22258366567128, 5.340385714315072 46.206407482061756))",46.21505863211156,5.352608748834805,,2024-03-09,,,871f91890ffffff
24BB020909,FEU D ESPACES NATURELS,2024-05-02,2024-05-02,,,,2024,"POLYGON ((5.593800254726512 45.86718136393122, 5.622057004833688 45.86835026496101, 5.620026937360242 45.893525303241816, 5.591757130359609 45.89235590146885, 5.593800254726512 45.86718136393122))",45.88035417718752,5.606910249763155,,2024-05-02,,,871f91081ffffff
24BB022250,FEU D ESPACES NATURELS,2024-05-10,2024-05-10,,,,2024,"POLYGON ((4.825396843739818 46.24584585608457, 4.8279822726894155 46.24597110181089, 4.827462818593768 46.25136036940839, 4.824877136151819 46.25123511126675, 4.825396843739818 46.24584585608457))",46.24860315367621,4.826429763553826,,2024-05-10,,,871f9569effffff
24BB022317,FEU D ESPACES NATURELS,2024-05-10,2024-05-11,,,,2024,"POLYGON ((4.870085208340884 45.995323886999955, 4.893247993569344 45.99643828973983, 4.892059969184203 46.00901527658072, 4.868892291835611 46.00790062037063, 4.870085208340884 45.995323886999955))",46.0021697399687,4.881071347540091,,2024-05-10,,,871f91d9effffff
24BB022782,FEU D ESPACES NATURELS,2024-05-13,2024-05-13,,,,2024,"POLYGON ((5.233635736716648 46.21071547333222, 5.236220157890572 46.21083087778312, 5.236060838033254 46.21262803266119, 5.233476332477181 46.212512624374405, 5.233635736716648 46.21071547333222))",46.211671756928155,5.234848265853893,,2024-05-13,,,871f91d4effffff
24BB022785,FEU D ESPACES NATURELS,2024-05-13,2024-05-13,,,,2024,"POLYGON ((4.791780507220518 45.96877522555159, 4.792456792027605 45.969163141006575, 4.792905733593782 45.96449682824215, 4.800620161701639 45.96487495201586, 4.800103753255313 45.970264424010615, 4.800276408347909 45.96846774225927, 4.800449052189109 45.96667106046181, 4.803019577335579 45.96679736941488, 4.805591593005051 45.966923044127086, 4.806109005137501 45.96153306612949, 4.808680955583556 45.96165866928295, 4.80764662579084 45.9724387186086, 4.8076466257911985 45.97243871860862, 4.807819039505201 45.97064204964841, 4.80833622042009 45.96525196760178, 4.810908220451823 45.96537752304429, 4.810391293059209 45.97076758325621, 4.810391293059316 45.97076758325622, 4.81073592146176 45.967174221173984, 4.8133081455682065 45.96729971916925, 4.812963680754995 45.97089312343198, 4.815535954467886 45.97101857370826, 4.815363788655632 45.97281527983612, 4.8179362864672814 45.97294067265002, 4.821757909292131 45.97312676715615, 4.822301919016873 45.97299530371505, 4.823806270857524 45.96420108693735, 4.8213685496354 45.964082437887406, 4.816224505526038 45.96383174874468, 4.816396609633633 45.96203504212539, 4.800965268345822 45.96128168095754, 4.793130894748957 45.960897702158576, 4.792824050163727 45.9626876878839, 4.793078605569526 45.96270015856711, 4.792559951746892 45.96809007756411, 4.791903470313039 45.96805791656573, 4.791780507220518 45.96877522555159))",45.96592170814879,4.8111081662409125,,2024-05-13,,,871f90361ffffff
24BB022895,FEU D ESPACES NATURELS,2024-05-14,2024-05-14,,,,2024,"POLYGON ((5.21860858909003 46.20463043589607, 5.221192691787647 46.20474618266537, 5.2210329018181145 46.206543405150754, 5.218448714757003 46.20642765453461, 5.21860858909003 46.20463043589607))",46.20558692445185,5.219820723936459,,2024-05-14,,,871f91d43ffffff
24BB024218,FEU D ESPACES NATURELS,2024-05-21,2024-05-21,,,,2024,"POLYGON ((5.272220706743107 45.88944134000002, 5.279928397549967 45.88978412715024, 5.279615732524501 45.89337937242857, 5.271907533549487 45.89303647437083, 5.272220706743107 45.88944134000002))",45.89141034923597,5.275918106562654,,2024-05-21,,,871f91cdbffffff
24BB024272,FEU D ESPACES NATURELS,2024-05-21,2024-05-21,,,,2024,"POLYGON ((5.214302466228008 45.77856477462889, 5.21492702200325 45.77859296440057, 5.2147691935996425 45.78038951365161, 5.245015682414208 45.781751200387944, 5.245890971955885 45.77644775254005, 5.231612948377521 45.76832432368691, 5.220740515933771 45.77101057675975, 5.220528154457016 45.77343130405203, 5.215191388184361 45.773190553820214, 5.215191378830994 45.77319061036851, 5.215400756736142 45.773200060813636, 5.215242853891498 45.774997665178255, 5.214895079611823 45.7749819681112, 5.214895078079785 45.774981977373535, 5.217806699616826 45.77511340797773, 5.217648741292271 45.776911019496076, 5.217490901146129 45.77870862791186, 5.21430246989218 45.77856475247613, 5.214302466228008 45.77856477462889))",45.77604652184551,5.230589866968951,,2024-05-21,,,871f91424ffffff
24BB024832,FEU DE FORETS,2024-05-25,2024-05-25,,,,2024,"POLYGON ((6.0556383605757365 46.30949502569887, 6.054002456010997 46.31991727718483, 6.055596066394658 46.31997603539797, 6.058187168607892 46.32007159335061, 6.058319373255549 46.31827311464264, 6.060910399314251 46.31836861035142, 6.061174624294198 46.31477182576782, 6.063765486964197 46.31486710995767, 6.063897497032629 46.313068770568556, 6.069078941147666 46.313259272274884, 6.061306847251387 46.31297333895458, 6.061672873626906 46.307990171416236, 6.06167285816857 46.30799017527113, 6.0615710199432575 46.309376552819835, 6.056816354826759 46.30920126385975, 6.0556383605757365 46.30949502569887))",46.314434840057295,6.0582059048755665,,2024-05-25,,,871f91a03ffffff
24BB026014,FEU D ESPACES NATURELS,2024-05-31,2024-05-31,,,,2024,"POLYGON ((4.9894466611338775 45.81622974272287, 4.988126241641933 45.824070086085236, 4.994469344015213 45.82436956809746, 4.994018656443634 45.82926276699299, 4.994138310604034 45.827963963047125, 4.996704309649892 45.82808501906625, 4.9992701914064925 45.82820601956949, 4.999600890015444 45.82461160924184, 5.00473075283867 45.824852496222256, 5.004565637884125 45.82664961677644, 5.0071314645560525 45.82677045387251, 5.0064709798461555 45.833959138725525, 5.006966426146913 45.82856766835826, 5.012098278841296 45.82880908499068, 5.011616271251715 45.83406117220457, 5.017924695333759 45.832517981529136, 5.019099332605996 45.82552808355243, 4.997035175656833 45.82449061642548, 4.997365874063729 45.820896307243714, 4.997531333433336 45.81909910484126, 5.015488333619308 45.81994345131445, 5.015653171472745 45.81814647491304, 5.016074001225799 45.818166242847674, 5.0126340452906755 45.816198928244795, 4.9932923948374155 45.815288643792634, 4.9894466611338775 45.81622974272287))",45.82261065945628,5.003494023191758,,2024-05-31,,,871f9026bffffff
24BB026706,FEU D ESPACES NATURELS,2024-06-04,2024-06-04,,,,2024,"POLYGON ((6.0682831875898335 46.329642220076, 6.0671866191739925 46.336632079849736, 6.067363650869531 46.33663858682899, 6.067495728827997 46.334840183935704, 6.070087422535226 46.33493538480936, 6.07527110274795 46.33512569028618, 6.075139274464603 46.33692401247405, 6.090690642043123 46.33749335948996, 6.090428254771894 46.3410902107228, 6.080430214699478 46.34072418151343, 6.085243960612369 46.340900687277696, 6.084981061513987 46.34449743964224, 6.0703692597390635 46.34396166920614, 6.077379122960483 46.34782518189007, 6.079533346611997 46.34790417060624, 6.079665026755204 46.34610607535856, 6.084849666929967 46.34629585818527, 6.087442017963413 46.34639065690045, 6.087704811254377 46.34279390075929, 6.090296918392529 46.342888640210774, 6.092889158091511 46.34298322629162, 6.092605034201203 46.346877122383795, 6.092605088440074 46.346877108866316, 6.092626759726917 46.34658008619298, 6.093647445552253 46.34661733099743, 6.097392052126324 46.34568409427211, 6.099189826890121 46.33419703435997, 6.098728473715519 46.334180221962455, 6.098793420140181 46.33328797380656, 6.098793386691483 46.33328795537488, 6.098597427843728 46.33597866168256, 6.093413727395845 46.33578959725458, 6.0936760218922945 46.332192733981024, 6.088492692354936 46.332003355037166, 6.088755293318089 46.32840650282007, 6.088800886680799 46.327781639430356, 6.086513657989927 46.326521274123785, 6.083703734037965 46.32641848097272, 6.081533339241007 46.32633898348938, 6.070516551071938 46.32908544700873, 6.070483218593142 46.329540169567856, 6.068922557800671 46.329482826357285, 6.0682831875898335 46.329642220076), (6.0726792550317965 46.33503052221362, 6.072811023987476 46.33323211720574, 6.075402786423592 46.333327282228666, 6.07527110274795 46.33512569028618, 6.0726792550317965 46.33503052221362))",46.3359451165295,6.084068362172584,,2024-06-04,,,871f91a01ffffff
24BB027255,FEU D ESPACES NATURELS,2024-06-07,2024-06-07,,,,2024,"POLYGON ((4.997365874063729 45.820896307243714, 5.020454816290535 45.8219819634466, 5.020125628685018 45.82557634138394, 4.997035175656833 45.82449061642548, 4.997365874063729 45.820896307243714))",45.82323632666371,5.008745370658235,,2024-06-07,,,871f9026bffffff
24BB027773,FEU D ESPACES NATURELS,2024-06-10,2024-06-10,,,,2024,"POLYGON ((5.004226365967263 46.27781967842389, 5.011988172803814 46.27818228909291, 5.011653986108388 46.28177568946468, 5.0038916701436476 46.28141305687769, 5.004226365967263 46.27781967842389))",46.27979769808391,5.007940046593716,,2024-06-10,,,871f956d0ffffff
24BB028160,FEU D ESPACES NATURELS,2024-06-12,2024-06-12,,,,2024,"POLYGON ((5.647382164691269 46.25904772236551, 5.649969618186321 46.25915317795345, 5.6498239503109815 46.260950979244186, 5.647236411434007 46.260845520743246, 5.647382164691269 46.25904772236551))",46.25999935501482,5.648603035687418,,2024-06-12,,,871f918c3ffffff
24BB028427,FEU D ESPACES NATURELS,2024-06-13,2024-06-13,,,,2024,"POLYGON ((5.521138111902146 46.1043767143545, 5.504767332861865 46.10841150621062, 5.503239496081115 46.117778187534206, 5.503433725205217 46.1177863872727, 5.503186286000605 46.12075230847187, 5.517188966357818 46.12861522669152, 5.533564783896811 46.12458048587453, 5.535537211480036 46.11246059554779, 5.530026783443455 46.109366955965534, 5.529984030919298 46.10988281144198, 5.524823832592667 46.1096662592882, 5.525079145437563 46.106589273863506, 5.521138111902146 46.1043767143545))",46.116620920167776,5.5190622146731,,2024-06-13,,,871f91102ffffff
24BB029017,FEU D ESPACES NATURELS,2024-06-16,2024-06-16,,,,2024,"POLYGON ((5.6916890524788855 45.73768723440731, 5.704503485214006 45.73820732482969, 5.70379507207843 45.747199837366985, 5.690978548763633 45.746679670162436, 5.6916890524788855 45.73768723440731))",45.74244363886041,5.697741529037333,,2024-06-16,,,871f91702ffffff
24BB029156,FEU D ESPACES NATURELS,2024-06-17,2024-06-17,,,,2024,"POLYGON ((5.146662905459789 45.851292358357725, 5.1517974664485156 45.85152703076378, 5.1516371092449855 45.85332446587137, 5.146502380190859 45.85308978605573, 5.146662905459789 45.851292358357725))",45.85230841516124,5.149149964834043,,2024-06-17,,,871f91505ffffff
24BB029215,FEU D ESPACES NATURELS,2024-06-18,2024-06-18,,,,2024,"POLYGON ((6.003227266787588 46.240997669791646, 6.009232608455422 46.2443188919747, 6.009263643739576 46.24432005150166, 6.011850993066357 46.244416665556535, 6.012251564641496 46.23902138630093, 6.01483861631925 46.23911793931607, 6.017425677153555 46.23921443323664, 6.020012747138841 46.23931086806247, 6.020279274868849 46.23571399147512, 6.030626953528813 46.236098936005774, 6.030361235814355 46.239695832441036, 6.032948474884089 46.239791877684354, 6.032682762757673 46.24338878363285, 6.0344125813172145 46.24345301911607, 6.036085032929604 46.232794955494974, 6.021561886366438 46.22476459779071, 6.005225458376589 46.22884350214121, 6.00489152105404 46.23333621015125, 6.0044350538352695 46.23331910242445, 6.003227266787588 46.240997669791646))",46.233877713330166,6.018144191646197,,2024-06-18,,,871f91aa8ffffff
24BB029305,FEU D ESPACES NATURELS,2024-06-18,2024-06-18,,,,2024,"POLYGON ((4.9894466611338775 45.81622974272287, 4.988126241641933 45.824070086085236, 4.994469344015213 45.82436956809746, 4.994018656443634 45.82926276699299, 4.994138310604034 45.827963963047125, 4.996704309649892 45.82808501906625, 4.9992701914064925 45.82820601956949, 4.999600890015444 45.82461160924184, 5.00473075283867 45.824852496222256, 5.004565637884125 45.82664961677644, 5.0071314645560525 45.82677045387251, 5.0064709798461555 45.833959138725525, 5.006966426146913 45.82856766835826, 5.012098278841296 45.82880908499068, 5.011616271251715 45.83406117220457, 5.017924695333759 45.832517981529136, 5.019099332605996 45.82552808355243, 4.997035175656833 45.82449061642548, 4.997365874063729 45.820896307243714, 4.997531333433336 45.81909910484126, 5.015488333619308 45.81994345131445, 5.015653171472745 45.81814647491304, 5.016074001225799 45.818166242847674, 5.0126340452906755 45.816198928244795, 4.9932923948374155 45.815288643792634, 4.9894466611338775 45.81622974272287))",45.82261065945628,5.003494023191758,,2024-06-18,,,871f9026bffffff
24BB029375,FEU D ESPACES NATURELS,2024-06-18,2024-06-18,,,,2024,"POLYGON ((5.686280381300534 45.870978110453365, 5.691418494380935 45.871186643052134, 5.691275765938704 45.87298498665932, 5.686137484879745 45.872776447635815, 5.686280381300534 45.870978110453365))",45.87198155184477,5.68877803114277,,2024-06-18,,,871f91089ffffff
24BB030625,FEU D ESPACES NATURELS,2024-06-24,2024-06-24,,,,2024,"POLYGON ((5.146532505428956 45.85275200512586, 5.146020607791812 45.85848198313176, 5.1456993335766805 45.86207684274296, 5.127725309689601 45.86125334938116, 5.127564128093299 45.86305066182703, 5.127402811779068 45.86484806748076, 5.132538562957205 45.865083619776286, 5.1323774097247 45.8668809710755, 5.1349453827141955 45.866998769879814, 5.134784292828684 45.868796096985974, 5.1344622145733805 45.87239083820127, 5.134365366156584 45.87238639830701, 5.136061164345142 45.873352415248775, 5.144884704618754 45.87118672879064, 5.14553861628325 45.86387427431432, 5.153213022472122 45.86422490223227, 5.154379223439686 45.857220990600034, 5.147179961468775 45.853120754515245, 5.146502380190859 45.85308978605573, 5.146532544840966 45.85275202757237, 5.146532505428956 45.85275200512586))",45.86395719376385,5.141976963164672,,2024-06-24,,,871f91523ffffff
24BB030788,FEU D ESPACES NATURELS,2024-06-25,2024-06-25,,,,2024,"POLYGON ((5.146532505428956 45.85275200512586, 5.146020607791812 45.85848198313176, 5.1456993335766805 45.86207684274296, 5.127725309689601 45.86125334938116, 5.127564128093299 45.86305066182703, 5.127402811779068 45.86484806748076, 5.132538562957205 45.865083619776286, 5.1323774097247 45.8668809710755, 5.1349453827141955 45.866998769879814, 5.134784292828684 45.868796096985974, 5.1344622145733805 45.87239083820127, 5.134365366156584 45.87238639830701, 5.136061164345142 45.873352415248775, 5.144884704618754 45.87118672879064, 5.14553861628325 45.86387427431432, 5.153213022472122 45.86422490223227, 5.154379223439686 45.857220990600034, 5.147179961468775 45.853120754515245, 5.146502380190859 45.85308978605573, 5.146532544840966 45.85275202757237, 5.146532505428956 45.85275200512586))",45.86395719376385,5.141976963164672,,2024-06-25,,,871f91523ffffff
24BB031003,FEU D ESPACES NATURELS,2024-06-26,2024-06-26,,,,2024,"POLYGON ((5.146532505428956 45.85275200512586, 5.146020607791812 45.85848198313176, 5.1456993335766805 45.86207684274296, 5.127725309689601 45.86125334938116, 5.127564128093299 45.86305066182703, 5.127402811779068 45.86484806748076, 5.132538562957205 45.865083619776286, 5.1323774097247 45.8668809710755, 5.1349453827141955 45.866998769879814, 5.134784292828684 45.868796096985974, 5.1344622145733805 45.87239083820127, 5.134365366156584 45.87238639830701, 5.136061164345142 45.873352415248775, 5.144884704618754 45.87118672879064, 5.14553861628325 45.86387427431432, 5.153213022472122 45.86422490223227, 5.154379223439686 45.857220990600034, 5.147179961468775 45.853120754515245, 5.146502380190859 45.85308978605573, 5.146532544840966 45.85275202757237, 5.146532505428956 45.85275200512586))",45.86395719376385,5.141976963164672,,2024-06-26,,,871f91523ffffff
24BB031228,FEU D ESPACES NATURELS,2024-06-27,2024-06-27,,,,2024,"POLYGON ((5.103861240925337 46.26799629728592, 5.121970513032441 46.26882477195759, 5.121480230080762 46.27421547159874, 5.10336905184836 46.27338691988725, 5.103861240925337 46.26799629728592))",46.271105912311064,5.112670251831949,,2024-06-27,,,871f956dbffffff
24BB031272,FEU D ESPACES NATURELS,2024-06-27,2024-06-27,,,,2024,"POLYGON ((4.787031859988423 46.17838086920048, 4.78495171476922 46.19044660572306, 4.799214755501709 46.198598383520974, 4.814736351955742 46.19488015089917, 4.814744678902085 46.194794123529924, 4.8150363317960405 46.19480828996565, 4.815037542060097 46.19480800004378, 4.806996031942299 46.19441731153989, 4.8071695205618 46.1926208704829, 4.791670918602058 46.191865392606694, 4.792888773495837 46.17929065621665, 4.79306268726608 46.177494238853264, 4.798226779871353 46.17774626427111, 4.791130510791026 46.17739871033857, 4.787031859988423 46.17838086920048))",46.189774418421486,4.794736280606081,,2024-06-27,,,871f90a6affffff
