{"vertices": [], "faces": [], "order_0_vertices": [[0.688122300756697, 0.07181787686670167, 0.7220317803003335], [0.6880366598284583, 0.059691309196687053, 0.7232167740992211], [0.68996168419463, 0.06588792016536221, 0.7208409369060503], [0.6932056825200101, 0.06515454666482975, 0.7177888037374693], [0.6924295787052965, 0.0593075618609475, 0.7190437341637264], [0.6887041260064763, 0.06934567277324233, 0.7217186463500038], [0.6912166284277806, 0.06135204308784971, 0.720038540214257], [0.6926160493851253, 0.06777461777524608, 0.7181153175636632], [0.6946578617342944, 0.06851248899382954, 0.716070173923344], [0.6868120452876211, 0.06180835830237862, 0.7242022792644328], [0.6881166050374475, 0.064571988795477, 0.7227212437272993], [0.6713080161350791, 0.07989787323697005, 0.7368594691832313], [0.6750103883578193, 0.07153685617064721, 0.7343319779352157], [0.6771364707853952, 0.07744062503239289, 0.7317712412543226], [0.6805547133172962, 0.07494217689069192, 0.7288545481126512], [0.6730144382774735, 0.07991894206475013, 0.7352989382348569], [0.6722410832231807, 0.07545747720540273, 0.7364768123713882], [0.674685329116897, 0.07645301362516964, 0.7341353031846745], [0.6753848362544406, 0.07280762049440534, 0.7338626392966909], [0.6768386718578895, 0.06966001824397458, 0.7328280112931664], [0.6780466941508215, 0.07386110267403864, 0.7312983099002195], [0.6824803848541772, 0.0733456303531629, 0.7272145094794186], [0.6932065690310103, 0.0567061296454895, 0.7185047442521755], [0.6929538228963787, 0.05356493389656837, 0.7189894277316952], [0.6965220098682439, 0.058113840304988874, 0.715178209493346], [0.6909959218911044, 0.05455090642077521, 0.720797360246647], [0.6955199325199957, 0.056568306068754015, 0.716276517984425], [0.6563435843254496, 0.022241780019053598, 0.7541342072445762], [0.6584409667073328, 0.02301526309993189, 0.7522803938864511], [0.6557336442249391, 0.018582800036284312, 0.7547635837626856], [0.6577613197987963, 0.020073412215579543, 0.7529588994749774], [0.659959095576059, 0.020073405056574158, 0.7510333218811698], [0.6611865266614634, 0.022189764665395118, 0.7498933199498742]], "order_0_faces": [0.0, 1.0, 2.0, 3.0, 4.0, 5.0, 6.0, 7.0, 8.0, 9.0, 10.0, 11.0, 12.0, 13.0, 14.0, 15.0, 16.0, 17.0, 18.0, 19.0, 20.0, 21.0, 22.0, 23.0, 24.0, 25.0, 26.0, 27.0, 28.0, 29.0, 30.0, 31.0, 32.0], "order_0_face_centroid": [0.0, 1.0, 2.0, 3.0, 4.0, 5.0, 6.0, 7.0, 8.0, 9.0, 10.0, 11.0, 12.0, 13.0, 14.0, 15.0, 16.0, 17.0, 18.0, 19.0, 20.0, 21.0, 22.0, 23.0, 24.0, 25.0, 26.0, 27.0, 28.0, 29.0, 30.0, 31.0, 32.0], "order_1_vertices": [[0.6884499710674992, 0.07048597571119877, 0.7218506525349963], [0.6896667767864321, 0.06373224870198957, 0.7213168079785757], [0.6932056825200101, 0.06515454666482975, 0.7177888037374693], [0.6924295787052965, 0.0593075618609475, 0.7190437341637264], [0.6872469512142744, 0.06224354374559607, 0.7237522844928885], [0.690948068862996, 0.06119082684237276, 0.7203099671980413], [0.6885824850368452, 0.06911683867772266, 0.7218566505281229], [0.6933167959236801, 0.06786928214685696, 0.7174298439784843], [0.6716331928023677, 0.07935451767146044, 0.7366218262115423], [0.6750103883578193, 0.07153685617064721, 0.7343319779352157], [0.677809737188952, 0.07700544327829305, 0.731193628170649], [0.6740082290540305, 0.07529397547789776, 0.7348766729351146], [0.6737582659864072, 0.08002776202764351, 0.7346055787426587], [0.6768355789272499, 0.07137015313232652, 0.7326662953487644], [0.6801526085509078, 0.07392528941512522, 0.7293335866846429], [0.6933631926575242, 0.055602179217041886, 0.7184398936125979], [0.6931349023329437, 0.05579646795555804, 0.7186450871825292], [0.6965220098682439, 0.058113840304988874, 0.715178209493346], [0.6571021617753512, 0.022520773396642824, 0.7534650381774706], [0.6568369683835336, 0.019392042309565847, 0.7537832219277587], [0.6606519925331409, 0.02126529078493317, 0.7503910528316706]], "order_1_faces": [0.0, 1.0, 2.0, 3.0, 4.0, 5.0, 6.0, 7.0, 8.0, 9.0, 10.0, 11.0, 12.0, 13.0, 14.0, 15.0, 16.0, 17.0, 18.0, 19.0, 20.0], "order_1_face_centroid": [0.0, 1.0, 2.0, 3.0, 4.0, 5.0, 6.0, 7.0, 8.0, 9.0, 10.0, 11.0, 12.0, 13.0, 14.0, 15.0, 16.0, 17.0, 18.0, 19.0, 20.0], "order_2_vertices": [[0.6885143907819647, 0.06659412515623542, 0.7221586779793036], [0.6925709352328688, 0.06647051091589126, 0.7182807047730363], [0.6921168829995954, 0.05986347891175858, 0.7192986752104482], [0.6882356678765289, 0.06231050461937511, 0.7228063824265991], [0.6911915426654728, 0.06852749677453517, 0.7194152024620691], [0.6717769694473185, 0.07912015634708422, 0.7365159225568647], [0.6747808112792782, 0.07205213407705006, 0.7344925777053312], [0.6792787419523205, 0.07557914436292715, 0.7299782076672157], [0.6753147649189591, 0.07862952413996069, 0.7333262345068355], [0.6736897148261156, 0.07491037536854928, 0.735207864348342], [0.6768525998736212, 0.0713367358235666, 0.7326538256000295], [0.680475692931185, 0.0737209512002011, 0.7290528462902817], [0.6922713941440225, 0.055034376507243084, 0.7195356379307077], [0.6928826741976534, 0.055610208515309685, 0.7189027086508941], [0.6963577277729879, 0.05780372020336316, 0.7153632957466385], [0.6571021617753512, 0.022520773396642824, 0.7534650381774706], [0.6568369683835336, 0.019392042309565847, 0.7537832219277587], [0.6606519925331409, 0.02126529078493317, 0.7503910528316706]], "order_2_faces": [0.0, 1.0, 2.0, 3.0, 4.0, 5.0, 6.0, 7.0, 8.0, 9.0, 10.0, 11.0, 12.0, 13.0, 14.0, 15.0, 16.0, 17.0], "order_2_face_centroid": [0.0, 1.0, 2.0, 3.0, 4.0, 5.0, 6.0, 7.0, 8.0, 9.0, 10.0, 11.0, 12.0, 13.0, 14.0, 15.0, 16.0, 17.0], "order_3_vertices": [[0.6891392773575685, 0.06651869786895685, 0.7215693447180989], [0.6930389042015173, 0.06311473982858394, 0.7181320260784436], [0.69121270690804, 0.06834423519321615, 0.7194123013437526], [0.689022416434723, 0.06169880594823732, 0.7221089716898808], [0.6730569578970167, 0.07613830686155666, 0.7356611241969151], [0.6792787419523205, 0.07557914436292715, 0.7299782076672157], [0.6746777004268788, 0.07719358991666414, 0.7340648133662835], [0.6782586188256309, 0.07227420527180606, 0.7312603402626704], [0.6933631926575242, 0.055602179217041886, 0.7184398936125979], [0.6943879970398383, 0.05664963580767506, 0.717367498796718], [0.6587737692214303, 0.020339161907437384, 0.7520661137683926], [0.6571021617753512, 0.022520773396642824, 0.7534650381774706]], "order_3_faces": [0.0, 1.0, 2.0, 3.0, 4.0, 5.0, 6.0, 7.0, 8.0, 9.0, 10.0, 11.0], "order_3_face_centroid": [0.0, 1.0, 2.0, 3.0, 4.0, 5.0, 6.0, 7.0, 8.0, 9.0, 10.0, 11.0], "order_4_vertices": [[0.6903991836030254, 0.06465301362256153, 0.720533798728274], [0.6756494136917339, 0.07520146513444242, 0.7333775353933671], [0.6940229023329081, 0.05627577219764945, 0.7177501295722385], [0.6581661515154464, 0.021135000823861536, 0.7525759953250712]], "order_4_faces": [0.0, 1.0, 2.0, 3.0], "order_4_face_centroid": [0.0, 1.0, 2.0, 3.0]}