{
"type": "FeatureCollection",
"crs": { "type": "name", "properties": { "name": "urn:ogc:def:crs:OGC:1.3:CRS84" } },
"features": [
{ "type": "Feature", "properties": { "hex_id": "871fb409bffffff", "scale0": 3019, "NDVI": 0.49451074004173279, "NDMI": 0.096141733229160309, "NDBI": -0.096141733229160309, "NDSI": -0.40041840076446533, "NDWI": -0.46216526627540588, "osmnx": null, "PasDeRoute": 95.55130656469089, "motorway": 0.0, "primary": 0.0, "secondary": 2.2689611217335885, "tertiary": 0.77756532823454427, "path": 1.4021669853409815, "population": 1286.9971637648894, "elevation": 12.580414772033691, "foret_encoder": 0.0, "highway_encoder": 0.0, "foret": null, "PasDeforet": 86.322498406628426, "Châtaignier": 0.0, "Chênes décidus": 0.0, "Conifères": 0.0, "Douglas": 0.0, "Feuillus": 13.677501593371574, "Hêtre": 0.0, "Mixte": 0.0, "Mélèze": 0.0, "NC": 0.0, "NR": 0.0, "Peuplier": 0.0, "Pin autre": 0.0, "Pin laricio, pin noir": 0.0, "Pin maritime": 0.0, "Pin sylvestre": 0.0, "Pins mélangés": 0.0, "Robinier": 0.0, "Sapin, épicéa": 0.0, "dynamic_world": null, "water": 0.076481835564053538, "tree": 13.601019757807521, "grass": 0.66284257488846399, "crops": 0.59910771191841938, "shrub": 5.6596558317399621, "flooded": 0.4843849585723391, "built": 59.273422562141484, "bare": 1.2619502868068833, "snow": 0.0, "sinister": 9.0 }, "geometry": { "type": "Polygon", "coordinates": [ [ [ 1.963962970331291, 49.005656985223752 ], [ 1.949963464965972, 48.998816079805636 ], [ 1.952394902537386, 48.986440814738529 ], [ 1.968818931148711, 48.980907745318724 ], [ 1.982813848349711, 48.987747814394552 ], [ 1.980389324761267, 49.000121788834278 ], [ 1.963962970331291, 49.005656985223752 ] ] ] } },
{ "type": "Feature", "properties": { "hex_id": "871fb6b21ffffff", "scale0": 3020, "NDVI": 0.82431453466415405, "NDMI": 0.34841188788414001, "NDBI": -0.34841188788414001, "NDSI": -0.57169836759567261, "NDWI": -0.76672625541687012, "osmnx": null, "PasDeRoute": 96.634799235181646, "motorway": 0.0, "primary": 0.0, "secondary": 0.0, "tertiary": 0.0, "path": 3.3652007648183555, "population": 1.0000565362480585, "elevation": 36.043415069580078, "foret_encoder": 15.0, "highway_encoder": 0.0, "foret": null, "PasDeforet": 9.037603569152326, "Châtaignier": 0.0, "Chênes décidus": 9.343530911408541, "Conifères": 0.84130019120458888, "Douglas": 0.0, "Feuillus": 22.600382409177822, "Hêtre": 0.0, "Mixte": 22.931803696622051, "Mélèze": 1.2237093690248566, "NC": 0.0, "NR": 1.0707456978967493, "Peuplier": 0.0, "Pin autre": 0.0, "Pin laricio, pin noir": 0.0, "Pin maritime": 0.0, "Pin sylvestre": 32.950924155513064, "Pins mélangés": 0.0, "Robinier": 0.0, "Sapin, épicéa": 0.0, "dynamic_world": null, "water": 0.0, "tree": 95.321861057998731, "grass": 0.58636073932441046, "crops": 0.0, "shrub": 0.012746972594008922, "flooded": 0.0, "built": 0.22944550669216063, "bare": 0.0, "snow": 0.0, "sinister": 2.0 }, "geometry": { "type": "Polygon", "coordinates": [ [ [ 1.681149512456401, 48.730465918773895 ], [ 1.667207430320229, 48.723549717273436 ], [ 1.669692328986327, 48.711143249397225 ], [ 1.686112436859333, 48.70565425579457 ], [ 1.700050015218757, 48.712569596128553 ], [ 1.69757198917324, 48.724974790833421 ], [ 1.681149512456401, 48.730465918773895 ] ] ] } },
{ "type": "Feature", "properties": { "hex_id": "871fb44eaffffff", "scale0": 3021, "NDVI": 0.37098938226699829, "NDMI": -0.014092239551246166, "NDBI": 0.014092239551246166, "NDSI": -0.4529300332069397, "NDWI": -0.43254035711288452, "osmnx": null, "PasDeRoute": 95.788667687595705, "motorway": 0.0, "primary": 0.0, "secondary": 2.5523226135783563, "tertiary": 0.93159775395610012, "path": 0.72741194486983152, "population": 192.99951001918353, "elevation": 11.63792896270752, "foret_encoder": 0.0, "highway_encoder": 0.0, "foret": null, "PasDeforet": 96.681980602348133, "Châtaignier": 0.0, "Chênes décidus": 0.0, "Conifères": 0.0, "Douglas": 0.0, "Feuillus": 1.4293006636038794, "Hêtre": 0.0, "Mixte": 0.0, "Mélèze": 0.0, "NC": 0.0, "NR": 0.52322613578356303, "Peuplier": 1.3654925982644206, "Pin autre": 0.0, "Pin laricio, pin noir": 0.0, "Pin maritime": 0.0, "Pin sylvestre": 0.0, "Pins mélangés": 0.0, "Robinier": 0.0, "Sapin, épicéa": 0.0, "dynamic_world": null, "water": 0.0, "tree": 2.9224093925472183, "grass": 0.62531904032669727, "crops": 2.9351710056151097, "shrub": 68.74680959673303, "flooded": 0.30627871362940279, "built": 11.625829504849412, "bare": 0.0, "snow": 0.0, "sinister": 5.0 }, "geometry": { "type": "Polygon", "coordinates": [ [ [ 1.799312434534071, 48.829762633919408 ], [ 1.785350009755296, 48.822876045694777 ], [ 1.78781197670903, 48.810481388276813 ], [ 1.804229481778932, 48.804974599691427 ], [ 1.818187369957844, 48.811860337036457 ], [ 1.815732289344272, 48.82425371344857 ], [ 1.799312434534071, 48.829762633919408 ] ] ] } },
{ "type": "Feature", "properties": { "hex_id": "871fb4451ffffff", "scale0": 3022, "NDVI": 0.38047581911087036, "NDMI": -0.023379446938633919, "NDBI": 0.023379446938633919, "NDSI": -0.48115363717079163, "NDWI": -0.44951218366622925, "osmnx": null, "PasDeRoute": 98.610402855685876, "motorway": 0.0, "primary": 0.0, "secondary": 1.0836308006119326, "tertiary": 0.30596634370219278, "path": 0.0, "population": 37.999865726410867, "elevation": 16.017515182495117, "foret_encoder": 0.0, "highway_encoder": 0.0, "foret": null, "PasDeforet": 99.834268230494644, "Châtaignier": 0.0, "Chênes décidus": 0.0, "Conifères": 0.0, "Douglas": 0.0, "Feuillus": 0.16573176950535443, "Hêtre": 0.0, "Mixte": 0.0, "Mélèze": 0.0, "NC": 0.0, "NR": 0.0, "Peuplier": 0.0, "Pin autre": 0.0, "Pin laricio, pin noir": 0.0, "Pin maritime": 0.0, "Pin sylvestre": 0.0, "Pins mélangés": 0.0, "Robinier": 0.0, "Sapin, épicéa": 0.0, "dynamic_world": null, "water": 0.0, "tree": 0.0, "grass": 0.38245792962774094, "crops": 0.29321774604793471, "shrub": 72.501274859765431, "flooded": 0.025497195308516064, "built": 7.8786333503314641, "bare": 0.0, "snow": 0.0, "sinister": 0.0 }, "geometry": { "type": "Polygon", "coordinates": [ [ [ 1.814959014670145, 48.90547233181011 ], [ 1.800979440390898, 48.898596874952268 ], [ 1.803440914501123, 48.886208389125258 ], [ 1.819875060147568, 48.880696639878195 ], [ 1.833850084071171, 48.887571247592568 ], [ 1.831395512378681, 48.899958453298417 ], [ 1.814959014670145, 48.90547233181011 ] ] ] } },
{ "type": "Feature", "properties": { "hex_id": "871fb6a1dffffff", "scale0": 3023, "NDVI": null, "NDMI": null, "NDBI": null, "NDSI": null, "NDWI": null, "osmnx": null, "PasDeRoute": null, "motorway": null, "primary": null, "secondary": null, "tertiary": null, "path": null, "population": null, "elevation": null, "foret_encoder": null, "highway_encoder": null, "foret": null, "PasDeforet": null, "Châtaignier": null, "Chênes décidus": null, "Conifères": null, "Douglas": null, "Feuillus": null, "Hêtre": null, "Mixte": null, "Mélèze": null, "NC": null, "NR": null, "Peuplier": null, "Pin autre": null, "Pin laricio, pin noir": null, "Pin maritime": null, "Pin sylvestre": null, "Pins mélangés": null, "Robinier": null, "Sapin, épicéa": null, "dynamic_world": null, "water": null, "tree": null, "grass": null, "crops": null, "shrub": null, "flooded": null, "built": null, "bare": null, "snow": null, "sinister": null }, "geometry": { "type": "Polygon", "coordinates": [ [ [ 1.846580889543465, 48.512768754772843 ], [ 1.832692154829118, 48.505853165164183 ], [ 1.835130551782781, 48.493437522879603 ], [ 1.851450871799158, 48.487938764617603 ], [ 1.865335109900654, 48.49485350503064 ], [ 1.862903524276383, 48.507267852510132 ], [ 1.846580889543465, 48.512768754772843 ] ] ] } },
{ "type": "Feature", "properties": { "hex_id": "871fb4466ffffff", "scale0": 3024, "NDVI": 0.4487394392490387, "NDMI": 0.046578340232372284, "NDBI": -0.046578340232372284, "NDSI": -0.41541364789009094, "NDWI": -0.43948403000831604, "osmnx": null, "PasDeRoute": 91.688939798905437, "motorway": 2.3164057528318698, "primary": 1.7054855542828051, "secondary": 2.0364006618302151, "tertiary": 0.76365024818633065, "path": 1.4891179839633446, "population": 2183.990242785856, "elevation": 10.889616012573242, "foret_encoder": 0.0, "highway_encoder": 0.0, "foret": null, "PasDeforet": 95.418098510882018, "Châtaignier": 0.0, "Chênes décidus": 0.0, "Conifères": 0.0, "Douglas": 0.0, "Feuillus": 3.907343769886725, "Hêtre": 0.0, "Mixte": 0.0, "Mélèze": 0.0, "NC": 0.67455771923125873, "NR": 0.0, "Peuplier": 0.0, "Pin autre": 0.0, "Pin laricio, pin noir": 0.0, "Pin maritime": 0.0, "Pin sylvestre": 0.0, "Pins mélangés": 0.0, "Robinier": 0.0, "Sapin, épicéa": 0.0, "dynamic_world": null, "water": 11.098383606974673, "tree": 1.858215603920071, "grass": 1.3618429425989562, "crops": 0.57273768613974796, "shrub": 20.491281659666537, "flooded": 1.2600229095074456, "built": 32.531500572737684, "bare": 0.2036400661830215, "snow": 0.0, "sinister": 5.0 }, "geometry": { "type": "Polygon", "coordinates": [ [ [ 1.781249142568427, 48.997675177366496 ], [ 1.767247474832005, 48.990805168636555 ], [ 1.769720438818688, 48.978422217305685 ], [ 1.786188144141984, 48.972910548487945 ], [ 1.800185252764052, 48.979779705831234 ], [ 1.797719214853893, 48.992161382977457 ], [ 1.781249142568427, 48.997675177366496 ] ] ] } },
{ "type": "Feature", "properties": { "hex_id": "871fb4421ffffff", "scale0": 3025, "NDVI": 0.48744970560073853, "NDMI": 0.036789983510971069, "NDBI": -0.036789983510971069, "NDSI": -0.49988639354705811, "NDWI": -0.51219207048416138, "osmnx": null, "PasDeRoute": 98.564167725540031, "motorway": 0.0, "primary": 1.4358322744599745, "secondary": 0.0, "tertiary": 0.0, "path": 0.0, "population": 108.00077501773382, "elevation": 31.822977066040039, "foret_encoder": 0.0, "highway_encoder": 0.0, "foret": null, "PasDeforet": 96.823379923761124, "Châtaignier": 0.0, "Chênes décidus": 0.0, "Conifères": 0.0, "Douglas": 0.0, "Feuillus": 2.2744599745870393, "Hêtre": 0.0, "Mixte": 0.0, "Mélèze": 0.0, "NC": 0.0, "NR": 0.0, "Peuplier": 0.0, "Pin autre": 0.0, "Pin laricio, pin noir": 0.0, "Pin maritime": 0.0, "Pin sylvestre": 0.0, "Pins mélangés": 0.0, "Robinier": 0.90216010165184246, "Sapin, épicéa": 0.0, "dynamic_world": null, "water": 0.0, "tree": 1.880559085133418, "grass": 0.15247776365946633, "crops": 0.12706480304955528, "shrub": 71.651842439644213, "flooded": 0.11435832274459974, "built": 9.3265565438373574, "bare": 0.0, "snow": 0.0, "sinister": 2.0 }, "geometry": { "type": "Polygon", "coordinates": [ [ [ 1.628778360796738, 48.990791683690617 ], [ 1.614775116257991, 48.983897372625847 ], [ 1.617282740070904, 48.971508091680946 ], [ 1.633786672260834, 48.966014381802374 ], [ 1.647785382218407, 48.972907828974272 ], [ 1.645284694260028, 48.985295849513513 ], [ 1.628778360796738, 48.990791683690617 ] ] ] } },
{ "type": "Feature", "properties": { "hex_id": "871fb4473ffffff", "scale0": 3026, "NDVI": 0.45093962550163269, "NDMI": 0.020589947700500488, "NDBI": -0.020589947700500488, "NDSI": -0.50105470418930054, "NDWI": -0.49748450517654419, "osmnx": null, "PasDeRoute": 97.056949929927384, "motorway": 0.0, "primary": 0.0, "secondary": 0.0, "tertiary": 0.5988023952095809, "path": 2.3442476748630399, "population": 241.99922733794324, "elevation": 24.895915985107422, "foret_encoder": 0.0, "highway_encoder": 0.0, "foret": null, "PasDeforet": 65.549751560708373, "Châtaignier": 0.0, "Chênes décidus": 2.5480952987641738, "Conifères": 0.0, "Douglas": 0.0, "Feuillus": 31.902153140527457, "Hêtre": 0.0, "Mixte": 0.0, "Mélèze": 0.0, "NC": 0.0, "NR": 0.0, "Peuplier": 0.0, "Pin autre": 0.0, "Pin laricio, pin noir": 0.0, "Pin maritime": 0.0, "Pin sylvestre": 0.0, "Pins mélangés": 0.0, "Robinier": 0.0, "Sapin, épicéa": 0.0, "dynamic_world": null, "water": 0.0, "tree": 33.431010319785962, "grass": 0.43317620078990959, "crops": 0.31851191234552173, "shrub": 47.101541597655753, "flooded": 0.17836667091349218, "built": 9.5426168938718305, "bare": 0.0, "snow": 0.0, "sinister": 3.0 }, "geometry": { "type": "Polygon", "coordinates": [ [ [ 1.777132889760569, 48.941268406747191 ], [ 1.763144215343774, 48.934391247264912 ], [ 1.765615808901777, 48.92200394665408 ], [ 1.782069163101978, 48.916495080679965 ], [ 1.796053287548112, 48.923371388126299 ], [ 1.793588607442782, 48.935757413182259 ], [ 1.777132889760569, 48.941268406747191 ] ] ] } },
{ "type": "Feature", "properties": { "hex_id": "871fb6a18ffffff", "scale0": 3027, "NDVI": 0.35343313217163086, "NDMI": -0.02369791641831398, "NDBI": 0.02369791641831398, "NDSI": -0.46108546853065491, "NDWI": -0.42973533272743225, "osmnx": null, "PasDeRoute": 97.451658342937648, "motorway": 0.0, "primary": 0.97323600973236013, "secondary": 1.2933794339864257, "tertiary": 0.0, "path": 0.28172621334357795, "population": 55.999971731875981, "elevation": 9.6633062362670898, "foret_encoder": 0.0, "highway_encoder": 0.0, "foret": null, "PasDeforet": 93.866051991292096, "Châtaignier": 0.0, "Chênes décidus": 0.0, "Conifères": 0.0, "Douglas": 0.0, "Feuillus": 4.0978358304520421, "Hêtre": 0.0, "Mixte": 0.0, "Mélèze": 0.0, "NC": 0.0, "NR": 0.0, "Peuplier": 0.0, "Pin autre": 0.0, "Pin laricio, pin noir": 0.0, "Pin maritime": 0.0, "Pin sylvestre": 0.0, "Pins mélangés": 0.0, "Robinier": 2.0361121782558587, "Sapin, épicéa": 0.0, "dynamic_world": null, "water": 0.0, "tree": 5.9162504802151368, "grass": 0.29453195031374058, "crops": 0.58906390062748115, "shrub": 82.379305929056216, "flooded": 0.1536688436419516, "built": 4.2002817262133441, "bare": 0.0, "snow": 0.0, "sinister": 1.0 }, "geometry": { "type": "Polygon", "coordinates": [ [ [ 1.835130551782781, 48.493437522879603 ], [ 1.821245965145441, 48.486517967998005 ], [ 1.823686190893533, 48.474100505524611 ], [ 1.840004195083742, 48.468603891864205 ], [ 1.853884289672823, 48.475522596466654 ], [ 1.851450871799158, 48.487938764617603 ], [ 1.835130551782781, 48.493437522879603 ] ] ] } },
{ "type": "Feature", "properties": { "hex_id": "871fb44e8ffffff", "scale0": 3028, "NDVI": 0.42408493161201477, "NDMI": 0.012071636505424976, "NDBI": -0.012071636505424976, "NDSI": -0.47582295536994934, "NDWI": -0.47137075662612915, "osmnx": null, "PasDeRoute": 97.602346639459242, "motorway": 0.0, "primary": 0.0, "secondary": 0.86723632189771727, "tertiary": 1.5304170386430302, "path": 0.0, "population": 134.00047584675451, "elevation": 17.356700897216797, "foret_encoder": 0.0, "highway_encoder": 0.0, "foret": null, "PasDeforet": 93.980359648004082, "Châtaignier": 0.0, "Chênes décidus": 0.0, "Conifères": 0.0, "Douglas": 0.0, "Feuillus": 4.2979211835225097, "Hêtre": 0.0, "Mixte": 0.0, "Mélèze": 0.0, "NC": 0.16579517918632827, "NR": 0.62492029077923728, "Peuplier": 0.93100369850784348, "Pin autre": 0.0, "Pin laricio, pin noir": 0.0, "Pin maritime": 0.0, "Pin sylvestre": 0.0, "Pins mélangés": 0.0, "Robinier": 0.0, "Sapin, épicéa": 0.0, "dynamic_world": null, "water": 0.0, "tree": 9.8584364239255198, "grass": 0.35709730901670705, "crops": 0.089274327254176764, "shrub": 78.306338477235045, "flooded": 0.17854865450835353, "built": 5.0886366534880754, "bare": 0.0, "snow": 0.0, "sinister": 1.0 }, "geometry": { "type": "Polygon", "coordinates": [ [ [ 1.810818935811699, 48.849038028439317 ], [ 1.796852312675707, 48.842155431951497 ], [ 1.799312434534071, 48.829762633919408 ], [ 1.815732289344272, 48.82425371344857 ], [ 1.829694371239084, 48.831135460117046 ], [ 1.827241139240903, 48.84352697667763 ], [ 1.810818935811699, 48.849038028439317 ] ] ] } },
{ "type": "Feature", "properties": { "hex_id": "871fb6b53ffffff", "scale0": 3029, "NDVI": 0.7123945951461792, "NDMI": 0.21485066413879395, "NDBI": -0.21485066413879395, "NDSI": -0.57323509454727173, "NDWI": -0.68126887083053589, "osmnx": null, "PasDeRoute": 92.62996551283689, "motorway": 0.0, "primary": 0.0, "secondary": 0.0, "tertiary": 1.6732660620768935, "path": 5.6967684250862174, "population": 10.999988221614991, "elevation": 24.094766616821289, "foret_encoder": 2.0, "highway_encoder": 0.0, "foret": null, "PasDeforet": 45.689104611061438, "Châtaignier": 0.0, "Chênes décidus": 52.675948396985561, "Conifères": 0.0, "Douglas": 0.0, "Feuillus": 1.545535828330566, "Hêtre": 0.0, "Mixte": 0.089411163622429429, "Mélèze": 0.0, "NC": 0.0, "NR": 0.0, "Peuplier": 0.0, "Pin autre": 0.0, "Pin laricio, pin noir": 0.0, "Pin maritime": 0.0, "Pin sylvestre": 0.0, "Pins mélangés": 0.0, "Robinier": 0.0, "Sapin, épicéa": 0.0, "dynamic_world": null, "water": 0.0, "tree": 52.446033976242177, "grass": 3.3082130540298889, "crops": 0.37041767786435048, "shrub": 29.658960275897307, "flooded": 0.0, "built": 0.88133861284966153, "bare": 0.0, "snow": 0.0, "sinister": 2.0 }, "geometry": { "type": "Polygon", "coordinates": [ [ [ 1.854886376689649, 48.625863005436166 ], [ 1.840972007024714, 48.618961601005303 ], [ 1.843413050028137, 48.606554343177002 ], [ 1.859761626325844, 48.601049781614442 ], [ 1.873671481396789, 48.607950338360531 ], [ 1.87123727443912, 48.620356303960861 ], [ 1.854886376689649, 48.625863005436166 ] ] ] } },
{ "type": "Feature", "properties": { "hex_id": "871fb6b09ffffff", "scale0": 3030, "NDVI": null, "NDMI": null, "NDBI": null, "NDSI": null, "NDWI": null, "osmnx": null, "PasDeRoute": null, "motorway": null, "primary": null, "secondary": null, "tertiary": null, "path": null, "population": null, "elevation": null, "foret_encoder": null, "highway_encoder": null, "foret": null, "PasDeforet": null, "Châtaignier": null, "Chênes décidus": null, "Conifères": null, "Douglas": null, "Feuillus": null, "Hêtre": null, "Mixte": null, "Mélèze": null, "NC": null, "NR": null, "Peuplier": null, "Pin autre": null, "Pin laricio, pin noir": null, "Pin maritime": null, "Pin sylvestre": null, "Pins mélangés": null, "Robinier": null, "Sapin, épicéa": null, "dynamic_world": null, "water": null, "tree": null, "grass": null, "crops": null, "shrub": null, "flooded": null, "built": null, "bare": null, "snow": null, "sinister": null }, "geometry": { "type": "Polygon", "coordinates": [ [ [ 1.78697208396801, 48.66027977915688 ], [ 1.773048347939014, 48.653371845333737 ], [ 1.775506251345135, 48.640964398832089 ], [ 1.791881041563671, 48.635466170743356 ], [ 1.805800268135983, 48.642373251568706 ], [ 1.80334921362797, 48.654779413085585 ], [ 1.78697208396801, 48.66027977915688 ] ] ] } },
{ "type": "Feature", "properties": { "hex_id": "871fb4754ffffff", "scale0": 3031, "NDVI": 0.27986630797386169, "NDMI": 0.019746474921703339, "NDBI": -0.019746474921703339, "NDSI": -0.26776885986328125, "NDWI": -0.27884358167648315, "osmnx": null, "PasDeRoute": 96.030221539249581, "motorway": 0.0, "primary": 1.7671917018824435, "secondary": 0.0, "tertiary": 0.58906390062748115, "path": 1.6135228582404917, "population": 4552.9885254973224, "elevation": 5.1058778762817383, "foret_encoder": 0.0, "highway_encoder": 0.0, "foret": null, "PasDeforet": 99.743885260596741, "Châtaignier": 0.0, "Chênes décidus": 0.0, "Conifères": 0.0, "Douglas": 0.0, "Feuillus": 0.0, "Hêtre": 0.0, "Mixte": 0.0, "Mélèze": 0.0, "NC": 0.25611473940325263, "NR": 0.0, "Peuplier": 0.0, "Pin autre": 0.0, "Pin laricio, pin noir": 0.0, "Pin maritime": 0.0, "Pin sylvestre": 0.0, "Pins mélangés": 0.0, "Robinier": 0.0, "Sapin, épicéa": 0.0, "dynamic_world": null, "water": 3.688052247406838, "tree": 1.0244589576130105, "grass": 0.98604174670252276, "crops": 0.23050326546292738, "shrub": 3.9057497758996029, "flooded": 0.39697784607504161, "built": 82.98117556665386, "bare": 0.0, "snow": 0.0, "sinister": 5.0 }, "geometry": { "type": "Polygon", "coordinates": [ [ [ 2.19104437966835, 48.940384082565643 ], [ 2.177065349005709, 48.933570665964972 ], [ 2.179442234428027, 48.921199595737995 ], [ 2.195791268875717, 48.915643255000532 ], [ 2.209765687274193, 48.922455853611446 ], [ 2.207395683124446, 48.934825610556913 ], [ 2.19104437966835, 48.940384082565643 ] ] ] } },
{ "type": "Feature", "properties": { "hex_id": "871fb478bffffff", "scale0": 3032, "NDVI": 0.5237734317779541, "NDMI": 0.10329950600862503, "NDBI": -0.10329950600862503, "NDSI": -0.45450302958488464, "NDWI": -0.5154951810836792, "osmnx": null, "PasDeRoute": 83.843297913199336, "motorway": 0.0, "primary": 1.805146588144924, "secondary": 1.2930482652669313, "tertiary": 5.2746127256433235, "path": 7.7838945077454866, "population": 2221.9959341014942, "elevation": 28.7139892578125, "foret_encoder": 0.0, "highway_encoder": 0.0, "foret": null, "PasDeforet": 91.409550633721665, "Châtaignier": 0.0, "Chênes décidus": 0.0, "Conifères": 0.0, "Douglas": 0.0, "Feuillus": 8.5136346178466269, "Hêtre": 0.0, "Mixte": 0.076814748431698887, "Mélèze": 0.0, "NC": 0.0, "NR": 0.0, "Peuplier": 0.0, "Pin autre": 0.0, "Pin laricio, pin noir": 0.0, "Pin maritime": 0.0, "Pin sylvestre": 0.0, "Pins mélangés": 0.0, "Robinier": 0.0, "Sapin, épicéa": 0.0, "dynamic_world": null, "water": 1.2546408910510818, "tree": 8.1295608756881332, "grass": 0.064012290359749063, "crops": 0.12802458071949813, "shrub": 0.25604916143899625, "flooded": 0.076814748431698887, "built": 80.94994238893868, "bare": 0.0, "snow": 0.0, "sinister": 30.0 }, "geometry": { "type": "Polygon", "coordinates": [ [ [ 2.068110579492292, 48.785436248270294 ], [ 2.05416443567306, 48.778586009025844 ], [ 2.05656325471781, 48.766198706662145 ], [ 2.072901361532766, 48.760662950029634 ], [ 2.086842934939882, 48.767512360179552 ], [ 2.084450971594834, 48.779898355664464 ], [ 2.068110579492292, 48.785436248270294 ] ] ] } },
{ "type": "Feature", "properties": { "hex_id": "871fb4442ffffff", "scale0": 3033, "NDVI": 0.43061712384223938, "NDMI": 0.0028679182287305593, "NDBI": -0.0028679182287305593, "NDSI": -0.49238055944442749, "NDWI": -0.48152780532836914, "osmnx": null, "PasDeRoute": 98.597833014659017, "motorway": 0.0, "primary": 0.0, "secondary": 1.18546845124283, "tertiary": 0.0, "path": 0.21669853409815171, "population": 77.000150763328165, "elevation": 25.884803771972656, "foret_encoder": 0.0, "highway_encoder": 0.0, "foret": null, "PasDeforet": 91.841937539834291, "Châtaignier": 0.0, "Chênes décidus": 0.0, "Conifères": 0.0, "Douglas": 0.0, "Feuillus": 8.158062460165711, "Hêtre": 0.0, "Mixte": 0.0, "Mélèze": 0.0, "NC": 0.0, "NR": 0.0, "Peuplier": 0.0, "Pin autre": 0.0, "Pin laricio, pin noir": 0.0, "Pin maritime": 0.0, "Pin sylvestre": 0.0, "Pins mélangés": 0.0, "Robinier": 0.0, "Sapin, épicéa": 0.0, "dynamic_world": null, "water": 0.0, "tree": 8.9738687061822819, "grass": 1.9375398342893564, "crops": 0.89228808158062467, "shrub": 61.695347355003186, "flooded": 0.012746972594008922, "built": 2.9190567240280436, "bare": 0.0, "snow": 0.0, "sinister": 3.0 }, "geometry": { "type": "Polygon", "coordinates": [ [ [ 1.826483173421092, 48.924730408049491 ], [ 1.812499392054016, 48.917858949277438 ], [ 1.814959014670145, 48.90547233181011 ], [ 1.831395512378681, 48.899958453298417 ], [ 1.845374738731444, 48.906829063983174 ], [ 1.842922022063185, 48.919214400867695 ], [ 1.826483173421092, 48.924730408049491 ] ] ] } },
{ "type": "Feature", "properties": { "hex_id": "871fb4513ffffff", "scale0": 3034, "NDVI": 0.41079580783843994, "NDMI": -0.02438686229288578, "NDBI": 0.02438686229288578, "NDSI": -0.50480175018310547, "NDWI": -0.47021967172622681, "osmnx": null, "PasDeRoute": 100.0, "motorway": 0.0, "primary": 0.0, "secondary": 0.0, "tertiary": 0.0, "path": 0.0, "population": 53.999832746932839, "elevation": 17.116806030273438, "foret_encoder": 0.0, "highway_encoder": 0.0, "foret": null, "PasDeforet": 96.039979757085021, "Châtaignier": 0.0, "Chênes décidus": 0.0, "Conifères": 0.0, "Douglas": 0.0, "Feuillus": 3.2262145748987856, "Hêtre": 0.0, "Mixte": 0.0, "Mélèze": 0.0, "NC": 0.0, "NR": 0.0, "Peuplier": 0.73380566801619429, "Pin autre": 0.0, "Pin laricio, pin noir": 0.0, "Pin maritime": 0.0, "Pin sylvestre": 0.0, "Pins mélangés": 0.0, "Robinier": 0.0, "Sapin, épicéa": 0.0, "dynamic_world": null, "water": 0.0, "tree": 0.21508097165991902, "grass": 0.41751012145748989, "crops": 0.18977732793522267, "shrub": 73.14018218623481, "flooded": 0.037955465587044532, "built": 2.4038461538461542, "bare": 0.0, "snow": 0.0, "sinister": 0.0 }, "geometry": { "type": "Polygon", "coordinates": [ [ [ 1.457026676006514, 49.001566369283239 ], [ 1.443017550828041, 48.99464683370423 ], [ 1.445565015917074, 48.982251922136307 ], [ 1.462114655051876, 48.976777789980446 ], [ 1.476119270799236, 48.983696447730537 ], [ 1.473578756553677, 48.996090115057996 ], [ 1.457026676006514, 49.001566369283239 ] ] ] } },
{ "type": "Feature", "properties": { "hex_id": "871fb6b45ffffff", "scale0": 3035, "NDVI": null, "NDMI": null, "NDBI": null, "NDSI": null, "NDWI": null, "osmnx": null, "PasDeRoute": null, "motorway": null, "primary": null, "secondary": null, "tertiary": null, "path": null, "population": null, "elevation": null, "foret_encoder": null, "highway_encoder": null, "foret": null, "PasDeforet": null, "Châtaignier": null, "Chênes décidus": null, "Conifères": null, "Douglas": null, "Feuillus": null, "Hêtre": null, "Mixte": null, "Mélèze": null, "NC": null, "NR": null, "Peuplier": null, "Pin autre": null, "Pin laricio, pin noir": null, "Pin maritime": null, "Pin sylvestre": null, "Pins mélangés": null, "Robinier": null, "Sapin, épicéa": null, "dynamic_world": null, "water": null, "tree": null, "grass": null, "crops": null, "shrub": null, "flooded": null, "built": null, "bare": null, "snow": null, "sinister": null }, "geometry": { "type": "Polygon", "coordinates": [ [ [ 1.900839750053334, 48.703039487932806 ], [ 1.886908716764743, 48.696153999954333 ], [ 1.889342389120656, 48.683754100636733 ], [ 1.905700244488195, 48.678240983027678 ], [ 1.919626744780043, 48.685125627621552 ], [ 1.917199922370225, 48.697524232815418 ], [ 1.900839750053334, 48.703039487932806 ] ] ] } },
{ "type": "Feature", "properties": { "hex_id": "871fb6b6cffffff", "scale0": 3036, "NDVI": 0.62946087121963501, "NDMI": 0.14025989174842834, "NDBI": -0.14025989174842834, "NDSI": -0.55531823635101318, "NDWI": -0.62135320901870728, "osmnx": null, "PasDeRoute": 98.199233716475092, "motorway": 0.0, "primary": 0.0, "secondary": 0.0, "tertiary": 0.0, "path": 1.8007662835249041, "population": 94.001163704439207, "elevation": 44.540668487548828, "foret_encoder": 0.0, "highway_encoder": 0.0, "foret": null, "PasDeforet": 53.58876117496807, "Châtaignier": 2.5031928480204342, "Chênes décidus": 2.9629629629629632, "Conifères": 0.0, "Douglas": 0.0, "Feuillus": 40.945083014048535, "Hêtre": 0.0, "Mixte": 0.0, "Mélèze": 0.0, "NC": 0.0, "NR": 0.0, "Peuplier": 0.0, "Pin autre": 0.0, "Pin laricio, pin noir": 0.0, "Pin maritime": 0.0, "Pin sylvestre": 0.0, "Pins mélangés": 0.0, "Robinier": 0.0, "Sapin, épicéa": 0.0, "dynamic_world": null, "water": 0.19157088122605362, "tree": 48.96551724137931, "grass": 3.6781609195402298, "crops": 1.6091954022988506, "shrub": 8.7228607918263084, "flooded": 0.01277139208173691, "built": 4.1123882503192846, "bare": 0.0, "snow": 0.0, "sinister": 3.0 }, "geometry": { "type": "Polygon", "coordinates": [ [ [ 1.923852529875869, 48.741592770896524 ], [ 1.909913156773187, 48.734715251830934 ], [ 1.91234312903902, 48.722319046070687 ], [ 1.928705617171456, 48.716801654047103 ], [ 1.942640448050339, 48.723678331874126 ], [ 1.940217332686732, 48.736073242569333 ], [ 1.923852529875869, 48.741592770896524 ] ] ] } },
{ "type": "Feature", "properties": { "hex_id": "871fb440effffff", "scale0": 3037, "NDVI": 0.4932023286819458, "NDMI": 0.04658108577132225, "NDBI": -0.04658108577132225, "NDSI": -0.51945215463638306, "NDWI": -0.52619731426239014, "osmnx": null, "PasDeRoute": 98.236935565702694, "motorway": 0.0, "primary": 1.5981735159817352, "secondary": 0.0, "tertiary": 0.16489091831557584, "path": 0.0, "population": 9.0002237893152319, "elevation": 35.653072357177734, "foret_encoder": 0.0, "highway_encoder": 0.0, "foret": null, "PasDeforet": 66.374936580416033, "Châtaignier": 4.7818366311516991, "Chênes décidus": 10.514967021816336, "Conifères": 0.0, "Douglas": 0.0, "Feuillus": 16.489091831557584, "Hêtre": 0.0, "Mixte": 1.2176560121765601, "Mélèze": 0.0, "NC": 0.025367833587011668, "NR": 0.0, "Peuplier": 0.0, "Pin autre": 0.0, "Pin laricio, pin noir": 0.59614408929477425, "Pin maritime": 0.0, "Pin sylvestre": 0.0, "Pins mélangés": 0.0, "Robinier": 0.0, "Sapin, épicéa": 0.0, "dynamic_world": null, "water": 0.0, "tree": 36.123795027904613, "grass": 1.8011161846778285, "crops": 0.22831050228310501, "shrub": 38.242009132420094, "flooded": 1.445966514459665, "built": 13.609842719431761, "bare": 0.0, "snow": 0.0, "sinister": 6.0 }, "geometry": { "type": "Polygon", "coordinates": [ [ [ 1.674257959881618, 48.917851029642563 ], [ 1.660272544753074, 48.910955309605093 ], [ 1.662766726685542, 48.898562330427097 ], [ 1.679239407665068, 48.893066337723766 ], [ 1.693220292133814, 48.899961197179124 ], [ 1.690733025971984, 48.912352909518027 ], [ 1.674257959881618, 48.917851029642563 ] ] ] } },
{ "type": "Feature", "properties": { "hex_id": "871fb4701ffffff", "scale0": 3038, "NDVI": 0.79985880851745605, "NDMI": 0.27684450149536133, "NDBI": -0.27684450149536133, "NDSI": -0.60021853446960449, "NDWI": -0.74296802282333374, "osmnx": null, "PasDeRoute": 93.929712460063897, "motorway": 0.0, "primary": 1.2651757188498403, "secondary": 0.33226837060702874, "tertiary": 1.1501597444089458, "path": 3.3226837060702876, "population": 411.99912604383218, "elevation": 8.3175067901611328, "foret_encoder": 2.0, "highway_encoder": 0.0, "foret": null, "PasDeforet": 6.8753993610223647, "Châtaignier": 0.0, "Chênes décidus": 69.329073482428115, "Conifères": 0.0, "Douglas": 0.0, "Feuillus": 19.054313099041533, "Hêtre": 4.7412140575079871, "Mixte": 0.0, "Mélèze": 0.0, "NC": 0.0, "NR": 0.0, "Peuplier": 0.0, "Pin autre": 0.0, "Pin laricio, pin noir": 0.0, "Pin maritime": 0.0, "Pin sylvestre": 0.0, "Pins mélangés": 0.0, "Robinier": 0.0, "Sapin, épicéa": 0.0, "dynamic_world": null, "water": 0.0, "tree": 73.66134185303514, "grass": 1.5846645367412142, "crops": 0.012779552715654952, "shrub": 0.089456869009584661, "flooded": 0.063897763578274758, "built": 3.7060702875399358, "bare": 0.0, "snow": 0.0, "sinister": 1.0 }, "geometry": { "type": "Polygon", "coordinates": [ [ [ 2.081229583594852, 48.954503305501831 ], [ 2.067244657842987, 48.947674576186259 ], [ 2.069647207336259, 48.935300154341952 ], [ 2.08602778907541, 48.929755764303188 ], [ 2.100008116794789, 48.936583666646605 ], [ 2.097612460453826, 48.948956785605894 ], [ 2.081229583594852, 48.954503305501831 ] ] ] } },
{ "type": "Feature", "properties": { "hex_id": "871fb6b23ffffff", "scale0": 3039, "NDVI": 0.80942851305007935, "NDMI": 0.3168189525604248, "NDBI": -0.3168189525604248, "NDSI": -0.58305460214614868, "NDWI": -0.75593352317810059, "osmnx": null, "PasDeRoute": 98.181818181818187, "motorway": 0.0, "primary": 0.0, "secondary": 0.0, "tertiary": 0.0, "path": 1.8181818181818181, "population": 25.999924618335925, "elevation": 36.976268768310547, "foret_encoder": 5.0, "highway_encoder": 0.0, "foret": null, "PasDeforet": 6.6751430387794022, "Châtaignier": 0.25429116338207247, "Chênes décidus": 27.183725365543548, "Conifères": 0.0, "Douglas": 0.0, "Feuillus": 36.999364272091547, "Hêtre": 0.0, "Mixte": 12.549268912905276, "Mélèze": 0.0, "NC": 0.0, "NR": 0.0, "Peuplier": 0.0, "Pin autre": 0.0, "Pin laricio, pin noir": 5.2765416401780039, "Pin maritime": 0.0, "Pin sylvestre": 11.061665607120153, "Pins mélangés": 0.0, "Robinier": 0.0, "Sapin, épicéa": 0.0, "dynamic_world": null, "water": 0.0, "tree": 97.393515575333751, "grass": 0.0, "crops": 0.0, "shrub": 0.012714558169103624, "flooded": 0.0, "built": 0.0, "bare": 0.0, "snow": 0.0, "sinister": 0.0 }, "geometry": { "type": "Polygon", "coordinates": [ [ [ 1.669692328986327, 48.711143249397225 ], [ 1.655754443548175, 48.704223068302696 ], [ 1.658241165451865, 48.691814756231615 ], [ 1.674658903391476, 48.686327897555486 ], [ 1.688592289668014, 48.693247216422037 ], [ 1.686112436859333, 48.70565425579457 ], [ 1.669692328986327, 48.711143249397225 ] ] ] } },
{ "type": "Feature", "properties": { "hex_id": "871fb4463ffffff", "scale0": 3040, "NDVI": 0.50388538837432861, "NDMI": 0.072187997400760651, "NDBI": -0.072187997400760651, "NDSI": -0.47905150055885315, "NDWI": -0.51448708772659302, "osmnx": null, "PasDeRoute": 95.568572520056023, "motorway": 0.0, "primary": 1.4007385712466573, "secondary": 0.0, "tertiary": 1.4262065452693238, "path": 1.6044823634279892, "population": 664.99719438869022, "elevation": 25.225959777832031, "foret_encoder": 0.0, "highway_encoder": 0.0, "foret": null, "PasDeforet": 80.708009677830134, "Châtaignier": 0.0, "Chênes décidus": 0.0, "Conifères": 0.0, "Douglas": 0.0, "Feuillus": 17.305488348401884, "Hêtre": 0.0, "Mixte": 1.4007385712466573, "Mélèze": 0.0, "NC": 0.20374379218133198, "NR": 0.19100980516999871, "Peuplier": 0.19100980516999871, "Pin autre": 0.0, "Pin laricio, pin noir": 0.0, "Pin maritime": 0.0, "Pin sylvestre": 0.0, "Pins mélangés": 0.0, "Robinier": 0.0, "Sapin, épicéa": 0.0, "dynamic_world": null, "water": 0.050935948045332996, "tree": 21.660511906277854, "grass": 0.94231503883866041, "crops": 0.49662549344199663, "shrub": 42.582452565898379, "flooded": 1.1587928180313256, "built": 24.220043295555836, "bare": 0.53482745447599644, "snow": 0.0, "sinister": 4.0 }, "geometry": { "type": "Polygon", "coordinates": [ [ [ 1.830642457829757, 48.981128763623005 ], [ 1.816645694037484, 48.974264458860603 ], [ 1.819106665781421, 48.961882181354163 ], [ 1.835557482440925, 48.95636548742899 ], [ 1.8495496820643, 48.963228944763102 ], [ 1.847095628868932, 48.975609943050479 ], [ 1.830642457829757, 48.981128763623005 ] ] ] } },
{ "type": "Feature", "properties": { "hex_id": "871fb44c9ffffff", "scale0": 3041, "NDVI": 0.63240784406661987, "NDMI": 0.13808269798755646, "NDBI": -0.13808269798755646, "NDSI": -0.54088389873504639, "NDWI": -0.61492407321929932, "osmnx": null, "PasDeRoute": 95.518958253542706, "motorway": 0.0, "primary": 0.0, "secondary": 2.2852036256861994, "tertiary": 1.468147580748117, "path": 0.72769054002297973, "population": 361.00099880704909, "elevation": 42.563858032226562, "foret_encoder": 0.0, "highway_encoder": 0.0, "foret": null, "PasDeforet": 82.790757053491632, "Châtaignier": 3.0894931699221244, "Chênes décidus": 0.0, "Conifères": 0.0, "Douglas": 0.0, "Feuillus": 13.85165326184093, "Hêtre": 0.0, "Mixte": 0.11489850631941785, "Mélèze": 0.0, "NC": 0.0, "NR": 0.0, "Peuplier": 0.15319800842589046, "Pin autre": 0.0, "Pin laricio, pin noir": 0.0, "Pin maritime": 0.0, "Pin sylvestre": 0.0, "Pins mélangés": 0.0, "Robinier": 0.0, "Sapin, épicéa": 0.0, "dynamic_world": null, "water": 0.012766500702157539, "tree": 32.337546278565043, "grass": 3.9193157155623646, "crops": 0.5489595301927741, "shrub": 27.307545001914974, "flooded": 1.327716073024384, "built": 18.013532490744286, "bare": 0.0, "snow": 0.0, "sinister": 3.0 }, "geometry": { "type": "Polygon", "coordinates": [ [ [ 1.867401399737304, 48.795324324641626 ], [ 1.853448400864394, 48.788444273305899 ], [ 1.855893418585756, 48.776049752650032 ], [ 1.872284561479427, 48.77053657121661 ], [ 1.886233018586484, 48.777415777034157 ], [ 1.883794874236784, 48.789809009407307 ], [ 1.867401399737304, 48.795324324641626 ] ] ] } },
{ "type": "Feature", "properties": { "hex_id": "871fb450effffff", "scale0": 3042, "NDVI": 0.70042037963867188, "NDMI": 0.19947648048400879, "NDBI": -0.19947648048400879, "NDSI": -0.55052292346954346, "NDWI": -0.6575930118560791, "osmnx": null, "PasDeRoute": 96.206065220149725, "motorway": 2.1063316837964723, "primary": 0.0, "secondary": 0.0, "tertiary": 0.0, "path": 1.6876030960538004, "population": 419.00187040754003, "elevation": 37.612911224365234, "foret_encoder": 0.0, "highway_encoder": 0.0, "foret": null, "PasDeforet": 56.45222687476209, "Châtaignier": 0.0, "Chênes décidus": 32.54663113818043, "Conifères": 0.0, "Douglas": 0.0, "Feuillus": 9.4784925770841255, "Hêtre": 0.0, "Mixte": 0.67250348940489779, "Mélèze": 0.0, "NC": 0.85014592056845573, "NR": 0.0, "Peuplier": 0.0, "Pin autre": 0.0, "Pin laricio, pin noir": 0.0, "Pin maritime": 0.0, "Pin sylvestre": 0.0, "Pins mélangés": 0.0, "Robinier": 0.0, "Sapin, épicéa": 0.0, "dynamic_world": null, "water": 0.0, "tree": 51.681258723512244, "grass": 1.0277883517320137, "crops": 0.62174850907245283, "shrub": 17.205938332698896, "flooded": 0.1903311762466692, "built": 1.4972719198071309, "bare": 0.0, "snow": 0.0, "sinister": 2.0 }, "geometry": { "type": "Polygon", "coordinates": [ [ [ 1.54110944369405, 49.043021457960236 ], [ 1.527092321199306, 49.036119673154943 ], [ 1.529622236862466, 49.02373100907004 ], [ 1.546162320418838, 49.018245380093489 ], [ 1.560174914120701, 49.025146294126827 ], [ 1.557651952760314, 49.037533707501979 ], [ 1.54110944369405, 49.043021457960236 ] ] ] } },
{ "type": "Feature", "properties": { "hex_id": "871fb6af4ffffff", "scale0": 3043, "NDVI": 0.54592257738113403, "NDMI": 0.096593759953975677, "NDBI": -0.096593759953975677, "NDSI": -0.50342428684234619, "NDWI": -0.54979950189590454, "osmnx": null, "PasDeRoute": 99.705957555612372, "motorway": 0.0, "primary": 0.0, "secondary": 0.0, "tertiary": 0.29404244438762467, "path": 0.0, "population": 59.999783277715792, "elevation": 12.800074577331543, "foret_encoder": 0.0, "highway_encoder": 0.0, "foret": null, "PasDeforet": 99.539759652262845, "Châtaignier": 0.0, "Chênes décidus": 0.0, "Conifères": 0.0, "Douglas": 0.0, "Feuillus": 0.46024034773715161, "Hêtre": 0.0, "Mixte": 0.0, "Mélèze": 0.0, "NC": 0.0, "NR": 0.0, "Peuplier": 0.0, "Pin autre": 0.0, "Pin laricio, pin noir": 0.0, "Pin maritime": 0.0, "Pin sylvestre": 0.0, "Pins mélangés": 0.0, "Robinier": 0.0, "Sapin, épicéa": 0.0, "dynamic_world": null, "water": 0.0, "tree": 0.6520071592942982, "grass": 0.025568908207619537, "crops": 0.0, "shrub": 93.262592687292255, "flooded": 0.012784454103809769, "built": 1.3040143185885964, "bare": 0.0, "snow": 0.0, "sinister": 0.0 }, "geometry": { "type": "Polygon", "coordinates": [ [ [ 1.842439442770059, 48.456185905453886 ], [ 1.828563490367338, 48.449263238474337 ], [ 1.831000565432244, 48.436843436219817 ], [ 1.847306793557816, 48.431347596632222 ], [ 1.861178258298523, 48.438269413640839 ], [ 1.858747982254738, 48.450687919817753 ], [ 1.842439442770059, 48.456185905453886 ] ] ] } },
{ "type": "Feature", "properties": { "hex_id": "871fb4546ffffff", "scale0": 3044, "NDVI": 0.75145500898361206, "NDMI": 0.23829160630702972, "NDBI": -0.23829160630702972, "NDSI": -0.55834001302719116, "NDWI": -0.6898195743560791, "osmnx": null, "PasDeRoute": 98.539311571192684, "motorway": 0.0, "primary": 0.0, "secondary": 0.45725898640924678, "tertiary": 0.0, "path": 1.0034294423980694, "population": 59.000421666183442, "elevation": 34.523715972900391, "foret_encoder": 0.0, "highway_encoder": 0.0, "foret": null, "PasDeforet": 61.336212371395916, "Châtaignier": 0.0, "Chênes décidus": 13.603454845675092, "Conifères": 0.0, "Douglas": 0.0, "Feuillus": 20.817985520132094, "Hêtre": 0.0, "Mixte": 2.0576654388416102, "Mélèze": 0.0, "NC": 1.0796392734662772, "NR": 0.0, "Peuplier": 0.0, "Pin autre": 0.0, "Pin laricio, pin noir": 0.0, "Pin maritime": 0.0, "Pin sylvestre": 1.1050425504890131, "Pins mélangés": 0.0, "Robinier": 0.0, "Sapin, épicéa": 0.0, "dynamic_world": null, "water": 0.0, "tree": 40.569033405309284, "grass": 5.37279309030865, "crops": 1.6893179220119396, "shrub": 4.6742029721834122, "flooded": 0.6604852025911343, "built": 10.148609170583004, "bare": 0.0, "snow": 0.0, "sinister": 3.0 }, "geometry": { "type": "Polygon", "coordinates": [ [ [ 1.674821640465064, 49.067867234561049 ], [ 1.660801426258429, 49.060988938793095 ], [ 1.663301693248101, 49.048607177619431 ], [ 1.679815223937913, 49.043104974043665 ], [ 1.693830884817785, 49.049982410080347 ], [ 1.691337568021409, 49.062362909019349 ], [ 1.674821640465064, 49.067867234561049 ] ] ] } },
{ "type": "Feature", "properties": { "hex_id": "871fb4782ffffff", "scale0": 3045, "NDVI": 0.51840472221374512, "NDMI": 0.080069035291671753, "NDBI": -0.080069035291671753, "NDSI": -0.46075978875160217, "NDWI": -0.50641477108001709, "osmnx": null, "PasDeRoute": 77.686900958466452, "motorway": 0.0, "primary": 0.94568690095846641, "secondary": 1.1757188498402555, "tertiary": 5.0095846645367414, "path": 15.182108626198081, "population": 2482.9946573245588, "elevation": 30.707448959350586, "foret_encoder": 0.0, "highway_encoder": 0.0, "foret": null, "PasDeforet": 67.552715654952081, "Châtaignier": 0.0, "Chênes décidus": 3.4632587859424921, "Conifères": 0.0, "Douglas": 0.0, "Feuillus": 28.178913738019169, "Hêtre": 0.0, "Mixte": 0.0, "Mélèze": 0.0, "NC": 0.805111821086262, "NR": 0.0, "Peuplier": 0.0, "Pin autre": 0.0, "Pin laricio, pin noir": 0.0, "Pin maritime": 0.0, "Pin sylvestre": 0.0, "Pins mélangés": 0.0, "Robinier": 0.0, "Sapin, épicéa": 0.0, "dynamic_world": null, "water": 0.10223642172523961, "tree": 33.08626198083067, "grass": 1.3035143769968052, "crops": 0.51118210862619806, "shrub": 1.3929712460063897, "flooded": 0.17891373801916932, "built": 50.658146964856229, "bare": 0.012779552715654952, "snow": 0.0, "sinister": 15.0 }, "geometry": { "type": "Polygon", "coordinates": [ [ [ 1.958416901505517, 48.79937890406206 ], [ 1.944465008693012, 48.792513351645567 ], [ 1.94688941230587, 48.780122704029623 ], [ 1.963258841049096, 48.774598904904622 ], [ 1.977206177765116, 48.781463619296609 ], [ 1.974788641496031, 48.793852970443687 ], [ 1.958416901505517, 48.79937890406206 ] ] ] } },
{ "type": "Feature", "properties": { "hex_id": "871fb46b5ffffff", "scale0": 3046, "NDVI": 0.70191472768783569, "NDMI": 0.20301975309848785, "NDBI": -0.20301975309848785, "NDSI": -0.54855543375015259, "NDWI": -0.66132080554962158, "osmnx": null, "PasDeRoute": 90.487773652541293, "motorway": 0.0, "primary": 1.024196645755985, "secondary": 0.35846882601459479, "tertiary": 3.5846882601459482, "path": 4.5448726155421841, "population": 14.000025912447029, "elevation": 49.019817352294922, "foret_encoder": 0.0, "highway_encoder": 0.0, "foret": null, "PasDeforet": 51.683523236461404, "Châtaignier": 0.0, "Chênes décidus": 18.320317500960183, "Conifères": 0.0, "Douglas": 0.0, "Feuillus": 27.486877480476252, "Hêtre": 0.0, "Mixte": 1.7923441300729741, "Mélèze": 0.0, "NC": 0.0, "NR": 0.71693765202918958, "Peuplier": 0.0, "Pin autre": 0.0, "Pin laricio, pin noir": 0.0, "Pin maritime": 0.0, "Pin sylvestre": 0.0, "Pins mélangés": 0.0, "Robinier": 0.0, "Sapin, épicéa": 0.0, "dynamic_world": null, "water": 0.0, "tree": 39.777237229548071, "grass": 0.05120983228779926, "crops": 0.23044424529509666, "shrub": 13.698630136986301, "flooded": 0.02560491614389963, "built": 23.428498271668161, "bare": 0.0, "snow": 0.0, "sinister": 9.0 }, "geometry": { "type": "Polygon", "coordinates": [ [ [ 2.033486691741649, 48.727706088907937 ], [ 2.019553024035969, 48.720843880031474 ], [ 2.021957445969163, 48.70845102101859 ], [ 2.038288689931019, 48.702921675966394 ], [ 2.05221780108397, 48.709783052515697 ], [ 2.04982022448293, 48.722174606052668 ], [ 2.033486691741649, 48.727706088907937 ] ] ] } },
{ "type": "Feature", "properties": { "hex_id": "871fb4452ffffff", "scale0": 3047, "NDVI": 0.6021873950958252, "NDMI": 0.12886662781238556, "NDBI": -0.12886662781238556, "NDSI": -0.52777701616287231, "NDWI": -0.59409791231155396, "osmnx": null, "PasDeRoute": 94.193876254605513, "motorway": 0.0, "primary": 1.7532715029856434, "secondary": 1.041799009020455, "tertiary": 0.9020454834201499, "path": 2.1090077499682378, "population": 274.99900119295103, "elevation": 29.820074081420898, "foret_encoder": 0.0, "highway_encoder": 0.0, "foret": null, "PasDeforet": 84.245966205056533, "Châtaignier": 0.0, "Chênes décidus": 1.0545038749841189, "Conifères": 0.0, "Douglas": 0.0, "Feuillus": 14.064286621776139, "Hêtre": 0.0, "Mixte": 0.63524329818320413, "Mélèze": 0.0, "NC": 0.0, "NR": 0.0, "Peuplier": 0.0, "Pin autre": 0.0, "Pin laricio, pin noir": 0.0, "Pin maritime": 0.0, "Pin sylvestre": 0.0, "Pins mélangés": 0.0, "Robinier": 0.0, "Sapin, épicéa": 0.0, "dynamic_world": null, "water": 0.050819463854656327, "tree": 39.893279125905224, "grass": 4.319654427645788, "crops": 1.8930250285859485, "shrub": 17.812222081057044, "flooded": 1.3721255240757209, "built": 19.222462203023756, "bare": 0.025409731927328164, "snow": 0.0, "sinister": 8.0 }, "geometry": { "type": "Polygon", "coordinates": [ [ [ 1.773024158099768, 48.884837117341547 ], [ 1.759048453058329, 48.877952816897235 ], [ 1.761518677040463, 48.865561188151226 ], [ 1.777957704880369, 48.8600551363647 ], [ 1.791928869067731, 48.866938584110336 ], [ 1.789465545948639, 48.879328935941714 ], [ 1.773024158099768, 48.884837117341547 ] ] ] } },
{ "type": "Feature", "properties": { "hex_id": "871fb6b01ffffff", "scale0": 3048, "NDVI": 0.70717114210128784, "NDMI": 0.21714760363101959, "NDBI": -0.21714760363101959, "NDSI": -0.57098019123077393, "NDWI": -0.67936980724334717, "osmnx": null, "PasDeRoute": 92.343032159264922, "motorway": 0.0, "primary": 0.0, "secondary": 1.237876467585503, "tertiary": 0.0, "path": 6.4190913731495662, "population": 5.0000659589560685, "elevation": 24.154811859130859, "foret_encoder": 2.0, "highway_encoder": 0.0, "foret": null, "PasDeforet": 7.6952526799387435, "Châtaignier": 0.0, "Chênes décidus": 54.1985706993364, "Conifères": 0.0, "Douglas": 0.0, "Feuillus": 15.939254721796836, "Hêtre": 0.0, "Mixte": 3.7263910158244005, "Mélèze": 0.0, "NC": 0.9443593670239917, "NR": 0.0, "Peuplier": 0.0, "Pin autre": 0.0, "Pin laricio, pin noir": 6.7253700867789687, "Pin maritime": 0.0, "Pin sylvestre": 10.770801429300663, "Pins mélangés": 0.0, "Robinier": 0.0, "Sapin, épicéa": 0.0, "dynamic_world": null, "water": 0.22970903522205208, "tree": 89.841755997958145, "grass": 0.025523226135783564, "crops": 0.025523226135783564, "shrub": 3.5094435936702397, "flooded": 0.0, "built": 0.012761613067891782, "bare": 0.0, "snow": 0.0, "sinister": 1.0 }, "geometry": { "type": "Polygon", "coordinates": [ [ [ 1.707477666810658, 48.675349185749027 ], [ 1.693548779931162, 48.668430727688339 ], [ 1.696025418756476, 48.656021280639223 ], [ 1.71242408593381, 48.65053156849585 ], [ 1.726348473188295, 48.657449167170462 ], [ 1.723878692579899, 48.669857336977763 ], [ 1.707477666810658, 48.675349185749027 ] ] ] } },
{ "type": "Feature", "properties": { "hex_id": "871fb4559ffffff", "scale0": 3049, "NDVI": 0.55035817623138428, "NDMI": 0.10521750897169113, "NDBI": -0.10521750897169113, "NDSI": -0.47855344414710999, "NDWI": -0.53898519277572632, "osmnx": null, "PasDeRoute": 94.656488549618317, "motorway": 0.0, "primary": 1.7557251908396947, "secondary": 0.0, "tertiary": 0.0, "path": 3.5877862595419847, "population": 24.000428733214445, "elevation": 27.318174362182617, "foret_encoder": 0.0, "highway_encoder": 0.0, "foret": null, "PasDeforet": 70.585241730279904, "Châtaignier": 0.0, "Chênes décidus": 0.0, "Conifères": 0.0, "Douglas": 0.0, "Feuillus": 23.715012722646311, "Hêtre": 0.0, "Mixte": 0.0, "Mélèze": 0.0, "NC": 5.6997455470737917, "NR": 0.0, "Peuplier": 0.0, "Pin autre": 0.0, "Pin laricio, pin noir": 0.0, "Pin maritime": 0.0, "Pin sylvestre": 0.0, "Pins mélangés": 0.0, "Robinier": 0.0, "Sapin, épicéa": 0.0, "dynamic_world": null, "water": 0.0, "tree": 29.465648854961835, "grass": 1.1704834605597965, "crops": 0.94147582697201004, "shrub": 28.511450381679388, "flooded": 0.43256997455470736, "built": 17.671755725190842, "bare": 0.39440203562340964, "snow": 0.0, "sinister": 2.0 }, "geometry": { "type": "Polygon", "coordinates": [ [ [ 1.762298322205403, 49.01556858615433 ], [ 1.748292095557435, 49.008697724581353 ], [ 1.750770137838128, 48.996315380077547 ], [ 1.767247474832005, 48.990805168636555 ], [ 1.781249142568427, 48.997675177366496 ], [ 1.778778031900932, 49.010056249978312 ], [ 1.762298322205403, 49.01556858615433 ] ] ] } },
{ "type": "Feature", "properties": { "hex_id": "871fb461dffffff", "scale0": 3050, "NDVI": 0.46291619539260864, "NDMI": 0.095432251691818237, "NDBI": -0.095432251691818237, "NDSI": -0.39282113313674927, "NDWI": -0.4437638521194458, "osmnx": null, "PasDeRoute": 93.01848049281314, "motorway": 2.0277207392197125, "primary": 0.0, "secondary": 1.5657084188911703, "tertiary": 1.8095482546201234, "path": 1.5785420944558524, "population": 2321.9912345258745, "elevation": 31.250808715820312, "foret_encoder": 0.0, "highway_encoder": 0.0, "foret": null, "PasDeforet": 97.471765913757707, "Châtaignier": 0.75718685831622179, "Chênes décidus": 1.7710472279260778, "Conifères": 0.0, "Douglas": 0.0, "Feuillus": 0.0, "Hêtre": 0.0, "Mixte": 0.0, "Mélèze": 0.0, "NC": 0.0, "NR": 0.0, "Peuplier": 0.0, "Pin autre": 0.0, "Pin laricio, pin noir": 0.0, "Pin maritime": 0.0, "Pin sylvestre": 0.0, "Pins mélangés": 0.0, "Robinier": 0.0, "Sapin, épicéa": 0.0, "dynamic_world": null, "water": 2.9517453798767965, "tree": 13.821868583162217, "grass": 7.5077002053388089, "crops": 0.97535934291581117, "shrub": 0.68018480492813138, "flooded": 0.39784394250513344, "built": 46.637577002053391, "bare": 1.6683778234086244, "snow": 0.0, "sinister": 9.0 }, "geometry": { "type": "Polygon", "coordinates": [ [ [ 2.219464092291543, 48.791890622208342 ], [ 2.205520097257686, 48.78506447165298 ], [ 2.207884658581031, 48.772683730776222 ], [ 2.224186369314854, 48.767130460476551 ], [ 2.238125770519397, 48.773955794460932 ], [ 2.235768054454541, 48.786335214926659 ], [ 2.219464092291543, 48.791890622208342 ] ] ] } },
{ "type": "Feature", "properties": { "hex_id": "871fb478cffffff", "scale0": 3051, "NDVI": 0.49093616008758545, "NDMI": 0.095990695059299469, "NDBI": -0.095990695059299469, "NDSI": -0.42074990272521973, "NDWI": -0.47754141688346863, "osmnx": null, "PasDeRoute": 83.614735226400612, "motorway": 1.1128165771297005, "primary": 0.94653364031721665, "secondary": 3.2744947556919932, "tertiary": 2.6221540035814788, "path": 8.4292657968789975, "population": 3199.9882687285285, "elevation": 36.7301025390625, "foret_encoder": 0.0, "highway_encoder": 0.0, "foret": null, "PasDeforet": 74.392427730877458, "Châtaignier": 2.9930928626247124, "Chênes décidus": 4.3745203376822719, "Conifères": 0.0, "Douglas": 0.0, "Feuillus": 17.728319263238678, "Hêtre": 0.0, "Mixte": 0.15349194167306215, "Mélèze": 0.0, "NC": 0.0, "NR": 0.3581478639038117, "Peuplier": 0.0, "Pin autre": 0.0, "Pin laricio, pin noir": 0.0, "Pin maritime": 0.0, "Pin sylvestre": 0.0, "Pins mélangés": 0.0, "Robinier": 0.0, "Sapin, épicéa": 0.0, "dynamic_world": null, "water": 0.58838577641340495, "tree": 24.200562803786134, "grass": 1.0488616014325916, "crops": 0.57559478127398311, "shrub": 3.4407776925044771, "flooded": 0.21744691737017141, "built": 56.766436428754155, "bare": 0.0, "snow": 0.0, "sinister": 21.0 }, "geometry": { "type": "Polygon", "coordinates": [ [ [ 2.030602229158954, 48.821278220270372 ], [ 2.016646944793182, 48.814426318553835 ], [ 2.019055747623695, 48.802040124981211 ], [ 2.035412967731389, 48.796507135108968 ], [ 2.049363681872604, 48.803358204874826 ], [ 2.046961745784531, 48.815743096070157 ], [ 2.030602229158954, 48.821278220270372 ] ] ] } },
{ "type": "Feature", "properties": { "hex_id": "871fb4488ffffff", "scale0": 3052, "NDVI": 0.57557833194732666, "NDMI": 0.1000448614358902, "NDBI": -0.1000448614358902, "NDSI": -0.52466261386871338, "NDWI": -0.57578659057617188, "osmnx": null, "PasDeRoute": 97.373454035445619, "motorway": 0.0, "primary": 1.3132729822771898, "secondary": 1.3132729822771898, "tertiary": 0.0, "path": 0.0, "population": 31.99990812859691, "elevation": 24.368711471557617, "foret_encoder": 0.0, "highway_encoder": 0.0, "foret": null, "PasDeforet": 77.049598367971441, "Châtaignier": 2.1547877087849039, "Chênes décidus": 2.5245441795231418, "Conifères": 0.0, "Douglas": 0.0, "Feuillus": 14.701007267627183, "Hêtre": 0.0, "Mixte": 0.0, "Mélèze": 0.0, "NC": 0.0, "NR": 0.0, "Peuplier": 1.9635343618513323, "Pin autre": 0.0, "Pin laricio, pin noir": 1.6065281142419994, "Pin maritime": 0.0, "Pin sylvestre": 0.0, "Pins mélangés": 0.0, "Robinier": 0.0, "Sapin, épicéa": 0.0, "dynamic_world": null, "water": 0.012750223128904755, "tree": 23.600663011602705, "grass": 1.9762845849802373, "crops": 0.2932551319648094, "shrub": 38.518424072421269, "flooded": 0.0, "built": 3.2895575672574271, "bare": 0.0, "snow": 0.0, "sinister": 1.0 }, "geometry": { "type": "Polygon", "coordinates": [ [ [ 1.624360334509968, 48.784142785935444 ], [ 1.610404742506342, 48.777223992366821 ], [ 1.612904817861071, 48.764819264118927 ], [ 1.629353595942623, 48.759334595369516 ], [ 1.643304684908426, 48.766252523484937 ], [ 1.640811498526922, 48.778655985402679 ], [ 1.624360334509968, 48.784142785935444 ] ] ] } },
{ "type": "Feature", "properties": { "hex_id": "871fb6a20ffffff", "scale0": 3053, "NDVI": 0.60008573532104492, "NDMI": 0.11437065899372101, "NDBI": -0.11437065899372101, "NDSI": -0.54297065734863281, "NDWI": -0.59752136468887329, "osmnx": null, "PasDeRoute": 98.967495219885279, "motorway": 0.0, "primary": 0.93052899936265143, "secondary": 0.0, "tertiary": 0.0, "path": 0.10197578075207138, "population": 11.000143696297151, "elevation": 24.138809204101562, "foret_encoder": 0.0, "highway_encoder": 0.0, "foret": null, "PasDeforet": 54.085404716379855, "Châtaignier": 0.0, "Chênes décidus": 41.810070108349265, "Conifères": 0.0, "Douglas": 0.0, "Feuillus": 4.0152963671128106, "Hêtre": 0.0, "Mixte": 0.0, "Mélèze": 0.0, "NC": 0.0, "NR": 0.0, "Peuplier": 0.089228808158062459, "Pin autre": 0.0, "Pin laricio, pin noir": 0.0, "Pin maritime": 0.0, "Pin sylvestre": 0.0, "Pins mélangés": 0.0, "Robinier": 0.0, "Sapin, épicéa": 0.0, "dynamic_world": null, "water": 0.0, "tree": 51.752708731676222, "grass": 1.5678776290630976, "crops": 0.94327597195666035, "shrub": 32.071383046526449, "flooded": 0.26768642447418733, "built": 4.1810070108349269, "bare": 0.0, "snow": 0.0, "sinister": 0.0 }, "geometry": { "type": "Polygon", "coordinates": [ [ [ 1.782873595365483, 48.603737281829048 ], [ 1.768962708279195, 48.596822252817631 ], [ 1.771419258826522, 48.584410586026941 ], [ 1.787779859658105, 48.578915234143487 ], [ 1.801686246281996, 48.585829409424335 ], [ 1.799236532219517, 48.598239789925181 ], [ 1.782873595365483, 48.603737281829048 ] ] ] } },
{ "type": "Feature", "properties": { "hex_id": "871fb45a9ffffff", "scale0": 3054, "NDVI": 0.54080599546432495, "NDMI": 0.069085627794265747, "NDBI": -0.069085627794265747, "NDSI": -0.5243985652923584, "NDWI": -0.55229693651199341, "osmnx": null, "PasDeRoute": 96.570922434518536, "motorway": 0.0, "primary": 0.0, "secondary": 1.8347462988738454, "tertiary": 1.303302543337973, "path": 0.29102872326964441, "population": 2.0001460519741512, "elevation": 23.070266723632812, "foret_encoder": 0.0, "highway_encoder": 0.0, "foret": null, "PasDeforet": 90.320131595596607, "Châtaignier": 0.0, "Chênes décidus": 2.5180311274199672, "Conifères": 0.0, "Douglas": 0.29102872326964441, "Feuillus": 6.5165127166898653, "Hêtre": 0.0, "Mixte": 0.11388080475768696, "Mélèze": 0.0, "NC": 0.24041503226622801, "NR": 0.0, "Peuplier": 0.0, "Pin autre": 0.0, "Pin laricio, pin noir": 0.0, "Pin maritime": 0.0, "Pin sylvestre": 0.0, "Pins mélangés": 0.0, "Robinier": 0.0, "Sapin, épicéa": 0.0, "dynamic_world": null, "water": 0.0, "tree": 12.514235100594712, "grass": 1.9992407946349489, "crops": 1.69555864861445, "shrub": 42.211818296849295, "flooded": 3.2645830697203593, "built": 20.89080096166013, "bare": 0.0, "snow": 0.0, "sinister": 1.0 }, "geometry": { "type": "Polygon", "coordinates": [ [ [ 1.495197094554394, 48.965824392348495 ], [ 1.481196988560445, 48.958906610968306 ], [ 1.483734193493977, 48.946510443832551 ], [ 1.50026456425539, 48.941033306542494 ], [ 1.514260160181428, 48.947950213009442 ], [ 1.511729895121223, 48.96034513127362 ], [ 1.495197094554394, 48.965824392348495 ] ] ] } },
{ "type": "Feature", "properties": { "hex_id": "871fb4454ffffff", "scale0": 3055, "NDVI": 0.33271124958992004, "NDMI": -0.057552043348550797, "NDBI": 0.057552043348550797, "NDSI": -0.47891008853912354, "NDWI": -0.42283007502555847, "osmnx": null, "PasDeRoute": 99.592096876991704, "motorway": 0.0, "primary": 0.0, "secondary": 0.0, "tertiary": 0.40790312300828552, "path": 0.0, "population": 17.000030623801035, "elevation": 16.646003723144531, "foret_encoder": 0.0, "highway_encoder": 0.0, "foret": null, "PasDeforet": 99.094964945825367, "Châtaignier": 0.0, "Chênes décidus": 0.0, "Conifères": 0.0, "Douglas": 0.0, "Feuillus": 0.90503505417463359, "Hêtre": 0.0, "Mixte": 0.0, "Mélèze": 0.0, "NC": 0.0, "NR": 0.0, "Peuplier": 0.0, "Pin autre": 0.0, "Pin laricio, pin noir": 0.0, "Pin maritime": 0.0, "Pin sylvestre": 0.0, "Pins mélangés": 0.0, "Robinier": 0.0, "Sapin, épicéa": 0.0, "dynamic_world": null, "water": 0.0, "tree": 1.8738049713193115, "grass": 0.089228808158062459, "crops": 0.22944550669216063, "shrub": 83.683875079668582, "flooded": 0.0, "built": 0.6118546845124283, "bare": 0.0, "snow": 0.0, "sinister": 3.0 }, "geometry": { "type": "Polygon", "coordinates": [ [ [ 1.765615808901777, 48.92200394665408 ], [ 1.75163134953326, 48.915122788738699 ], [ 1.754104789993108, 48.902733618338075 ], [ 1.770555779591468, 48.897226880546228 ], [ 1.78453569365224, 48.904107185373007 ], [ 1.782069163101978, 48.916495080679965 ], [ 1.765615808901777, 48.92200394665408 ] ] ] } },
{ "type": "Feature", "properties": { "hex_id": "871fb441bffffff", "scale0": 3056, "NDVI": 0.56157231330871582, "NDMI": 0.094735115766525269, "NDBI": -0.094735115766525269, "NDSI": -0.5100138783454895, "NDWI": -0.56011980772018433, "osmnx": null, "PasDeRoute": 95.32662676684069, "motorway": 0.0, "primary": 0.0, "secondary": 2.2539157010059849, "tertiary": 1.9483000127339871, "path": 0.47115751941933021, "population": 524.99782335444991, "elevation": 20.79401969909668, "foret_encoder": 0.0, "highway_encoder": 0.0, "foret": null, "PasDeforet": 80.669807716796129, "Châtaignier": 0.40748758436266397, "Chênes décidus": 7.5130523366866164, "Conifères": 0.0, "Douglas": 0.0, "Feuillus": 11.40965236215459, "Hêtre": 0.0, "Mixte": 0.0, "Mélèze": 0.0, "NC": 0.0, "NR": 0.0, "Peuplier": 0.0, "Pin autre": 0.0, "Pin laricio, pin noir": 0.0, "Pin maritime": 0.0, "Pin sylvestre": 0.0, "Pins mélangés": 0.0, "Robinier": 0.0, "Sapin, épicéa": 0.0, "dynamic_world": null, "water": 0.0, "tree": 22.169871386731185, "grass": 4.3932255189099703, "crops": 2.3557875970966511, "shrub": 24.538392970839169, "flooded": 0.21647777919266525, "built": 23.608811919011842, "bare": 0.0, "snow": 0.0, "sinister": 2.0 }, "geometry": { "type": "Polygon", "coordinates": [ [ [ 1.670242783848185, 48.861378462952935 ], [ 1.656270335731253, 48.854475618337112 ], [ 1.658763106395278, 48.842078313550509 ], [ 1.675221421697319, 48.836585121180178 ], [ 1.689189348221877, 48.843487104557042 ], [ 1.68670348072725, 48.855883141142293 ], [ 1.670242783848185, 48.861378462952935 ] ] ] } },
{ "type": "Feature", "properties": { "hex_id": "871fb450cffffff", "scale0": 3057, "NDVI": 0.59371721744537354, "NDMI": 0.14333343505859375, "NDBI": -0.14333343505859375, "NDSI": -0.46430575847625732, "NDWI": -0.55046147108078003, "osmnx": null, "PasDeRoute": 95.521255060728748, "motorway": 0.0, "primary": 1.568825910931174, "secondary": 0.60728744939271251, "tertiary": 0.708502024291498, "path": 1.5941295546558705, "population": 30.000292103948308, "elevation": 25.883365631103516, "foret_encoder": 0.0, "highway_encoder": 0.0, "foret": null, "PasDeforet": 76.821862348178144, "Châtaignier": 0.0, "Chênes décidus": 0.0, "Conifères": 0.0, "Douglas": 0.0, "Feuillus": 19.319331983805668, "Hêtre": 0.0, "Mixte": 0.0, "Mélèze": 0.0, "NC": 3.8588056680161942, "NR": 0.0, "Peuplier": 0.0, "Pin autre": 0.0, "Pin laricio, pin noir": 0.0, "Pin maritime": 0.0, "Pin sylvestre": 0.0, "Pins mélangés": 0.0, "Robinier": 0.0, "Sapin, épicéa": 0.0, "dynamic_world": null, "water": 7.3254048582995948, "tree": 27.479757085020246, "grass": 1.9863360323886641, "crops": 0.37955465587044535, "shrub": 1.8092105263157896, "flooded": 0.31629554655870445, "built": 28.896761133603238, "bare": 0.0, "snow": 0.0, "sinister": 5.0 }, "geometry": { "type": "Polygon", "coordinates": [ [ [ 1.552602736738809, 49.062306021654287 ], [ 1.538581356576695, 49.055408240416284 ], [ 1.54110944369405, 49.043021457960236 ], [ 1.557651952760314, 49.037533707501979 ], [ 1.571668799437241, 49.04443061900168 ], [ 1.569147670232842, 49.056816150291077 ], [ 1.552602736738809, 49.062306021654287 ] ] ] } },
{ "type": "Feature", "properties": { "hex_id": "871fb4721ffffff", "scale0": 3058, "NDVI": 0.50364261865615845, "NDMI": 0.09727776050567627, "NDBI": -0.09727776050567627, "NDSI": -0.41831690073013306, "NDWI": -0.47639065980911255, "osmnx": null, "PasDeRoute": 95.364576682416029, "motorway": 0.0, "primary": 0.0, "secondary": 1.0598901800536331, "tertiary": 1.8643851359979571, "path": 1.7111480015323712, "population": 44.001453452710514, "elevation": 6.1262812614440918, "foret_encoder": 0.0, "highway_encoder": 0.0, "foret": null, "PasDeforet": 84.229344911250166, "Châtaignier": 1.1365087472864257, "Chênes décidus": 2.0048525092580767, "Conifères": 0.0, "Douglas": 0.0, "Feuillus": 12.629293832205338, "Hêtre": 0.0, "Mixte": 0.0, "Mélèze": 0.0, "NC": 0.0, "NR": 0.0, "Peuplier": 0.0, "Pin autre": 0.0, "Pin laricio, pin noir": 0.0, "Pin maritime": 0.0, "Pin sylvestre": 0.0, "Pins mélangés": 0.0, "Robinier": 0.0, "Sapin, épicéa": 0.0, "dynamic_world": null, "water": 11.18631081598774, "tree": 10.369046098837952, "grass": 1.5323713446558549, "crops": 0.76618567232792745, "shrub": 5.0568254373643216, "flooded": 0.95773209040990925, "built": 50.159622015068315, "bare": 0.26816498531477462, "snow": 0.0, "sinister": 11.0 }, "geometry": { "type": "Polygon", "coordinates": [ [ [ 2.055216254087238, 49.009534406144468 ], [ 2.041217940019759, 49.002708027710014 ], [ 2.043628641813634, 48.990336642714112 ], [ 2.060030749532986, 48.984792934566876 ], [ 2.074024461071021, 48.991618484195669 ], [ 2.071620667067207, 49.003988570380805 ], [ 2.055216254087238, 49.009534406144468 ] ] ] } },
{ "type": "Feature", "properties": { "hex_id": "871fb442bffffff", "scale0": 3059, "NDVI": 0.5502590537071228, "NDMI": 0.086314305663108826, "NDBI": -0.086314305663108826, "NDSI": -0.51363980770111084, "NDWI": -0.55363947153091431, "osmnx": null, "PasDeRoute": 98.701298701298697, "motorway": 0.0, "primary": 0.0, "secondary": 1.2987012987012987, "tertiary": 0.0, "path": 0.0, "population": 194.00035099587339, "elevation": 29.612873077392578, "foret_encoder": 0.0, "highway_encoder": 0.0, "foret": null, "PasDeforet": 81.448943213649088, "Châtaignier": 0.0, "Chênes décidus": 4.9528902470078942, "Conifères": 0.0, "Douglas": 0.0, "Feuillus": 13.305322128851541, "Hêtre": 0.0, "Mixte": 0.0, "Mélèze": 0.0, "NC": 0.29284441049146931, "NR": 0.0, "Peuplier": 0.0, "Pin autre": 0.0, "Pin laricio, pin noir": 0.0, "Pin maritime": 0.0, "Pin sylvestre": 0.0, "Pins mélangés": 0.0, "Robinier": 0.0, "Sapin, épicéa": 0.0, "dynamic_world": null, "water": 0.0, "tree": 25.120957473898653, "grass": 2.024446142093201, "crops": 0.42016806722689076, "shrub": 54.774637127578309, "flooded": 0.063661828367710727, "built": 0.57295645530939654, "bare": 0.0, "snow": 0.0, "sinister": 8.0 }, "geometry": { "type": "Polygon", "coordinates": [ [ [ 1.697258613585605, 48.956410829876937 ], [ 1.68326474725187, 48.949523104181509 ], [ 1.685755254224928, 48.937133864166412 ], [ 1.702232704324425, 48.931633617206877 ], [ 1.716222030668796, 48.938520484416308 ], [ 1.7137384465892, 48.950908456669048 ], [ 1.697258613585605, 48.956410829876937 ] ] ] } },
{ "type": "Feature", "properties": { "hex_id": "871fb4696ffffff", "scale0": 3060, "NDVI": 0.62086737155914307, "NDMI": 0.13730545341968536, "NDBI": -0.13730545341968536, "NDSI": -0.54831236600875854, "NDWI": -0.61577558517456055, "osmnx": null, "PasDeRoute": 99.75665983606558, "motorway": 0.0, "primary": 0.0, "secondary": 0.0, "tertiary": 0.0, "path": 0.24334016393442623, "population": 12.000508826232528, "elevation": 35.694068908691406, "foret_encoder": 0.0, "highway_encoder": 0.0, "foret": null, "PasDeforet": 91.188524590163937, "Châtaignier": 0.0, "Chênes décidus": 6.4549180327868854, "Conifères": 0.0, "Douglas": 0.0, "Feuillus": 2.3565573770491803, "Hêtre": 0.0, "Mixte": 0.0, "Mélèze": 0.0, "NC": 0.0, "NR": 0.0, "Peuplier": 0.0, "Pin autre": 0.0, "Pin laricio, pin noir": 0.0, "Pin maritime": 0.0, "Pin sylvestre": 0.0, "Pins mélangés": 0.0, "Robinier": 0.0, "Sapin, épicéa": 0.0, "dynamic_world": null, "water": 0.0, "tree": 10.97592213114754, "grass": 1.9467213114754098, "crops": 3.1378073770491803, "shrub": 71.644467213114751, "flooded": 0.012807377049180328, "built": 1.3831967213114753, "bare": 0.0, "snow": 0.0, "sinister": 0.0 }, "geometry": { "type": "Polygon", "coordinates": [ [ [ 2.017646837501833, 48.652001230055774 ], [ 2.003730176824324, 48.645127902989238 ], [ 2.006135203194395, 48.63272897195364 ], [ 2.022450060403664, 48.627204673898717 ], [ 2.0363621782407, 48.634077166811586 ], [ 2.033963981367011, 48.646474791542488 ], [ 2.017646837501833, 48.652001230055774 ] ] ] } },
{ "type": "Feature", "properties": { "hex_id": "871fb44a8ffffff", "scale0": 3061, "NDVI": 0.42774403095245361, "NDMI": -0.010147626511752605, "NDBI": 0.010147626511752605, "NDSI": -0.49149316549301147, "NDWI": -0.46873670816421509, "osmnx": null, "PasDeRoute": 95.79885423297263, "motorway": 0.0, "primary": 1.2094207511139401, "secondary": 1.3621896880967537, "tertiary": 1.0566518141311267, "path": 0.57288351368555057, "population": 22.000002355677008, "elevation": 18.114654541015625, "foret_encoder": 0.0, "highway_encoder": 0.0, "foret": null, "PasDeforet": 93.430935709739018, "Châtaignier": 0.0, "Chênes décidus": 1.7950350095480585, "Conifères": 0.0, "Douglas": 0.0, "Feuillus": 4.5703373647358374, "Hêtre": 0.0, "Mixte": 0.0, "Mélèze": 0.0, "NC": 0.20369191597708466, "NR": 0.0, "Peuplier": 0.0, "Pin autre": 0.0, "Pin laricio, pin noir": 0.0, "Pin maritime": 0.0, "Pin sylvestre": 0.0, "Pins mélangés": 0.0, "Robinier": 0.0, "Sapin, épicéa": 0.0, "dynamic_world": null, "water": 0.0, "tree": 5.0286441756842777, "grass": 0.92934436664544873, "crops": 2.1387651177593887, "shrub": 60.089115213239971, "flooded": 0.71292170591979631, "built": 9.5480585614258437, "bare": 0.0, "snow": 0.0, "sinister": 3.0 }, "geometry": { "type": "Polygon", "coordinates": [ [ [ 1.597888109369235, 48.839235415467485 ], [ 1.583919290852025, 48.832318873350509 ], [ 1.586427696379372, 48.819917181941342 ], [ 1.602898016676124, 48.814433294468571 ], [ 1.616862328045512, 48.821348969313121 ], [ 1.61436082596431, 48.833749398501048 ], [ 1.597888109369235, 48.839235415467485 ] ] ] } },
{ "type": "Feature", "properties": { "hex_id": "871fb6a24ffffff", "scale0": 3062, "NDVI": 0.53824573755264282, "NDMI": 0.075635820627212524, "NDBI": -0.075635820627212524, "NDSI": -0.51727896928787231, "NDWI": -0.5522046685218811, "osmnx": null, "PasDeRoute": 100.0, "motorway": 0.0, "primary": 0.0, "secondary": 0.0, "tertiary": 0.0, "path": 0.0, "population": 6.0001931655142, "elevation": 14.708633422851562, "foret_encoder": 2.0, "highway_encoder": 0.0, "foret": null, "PasDeforet": 43.892154357270634, "Châtaignier": 0.0, "Chênes décidus": 51.558906210068997, "Conifères": 0.0, "Douglas": 0.0, "Feuillus": 0.62611806797853309, "Hêtre": 0.0, "Mixte": 3.92282136468183, "Mélèze": 0.0, "NC": 0.0, "NR": 0.0, "Peuplier": 0.0, "Pin autre": 0.0, "Pin laricio, pin noir": 0.0, "Pin maritime": 0.0, "Pin sylvestre": 0.0, "Pins mélangés": 0.0, "Robinier": 0.0, "Sapin, épicéa": 0.0, "dynamic_world": null, "water": 0.0, "tree": 59.033989266547401, "grass": 1.4439049322770252, "crops": 4.8939432660362892, "shrub": 18.987988755430614, "flooded": 0.80500894454382832, "built": 0.40889343214924612, "bare": 0.0, "snow": 0.0, "sinister": 1.0 }, "geometry": { "type": "Polygon", "coordinates": [ [ [ 1.764046424709344, 48.621643205434005 ], [ 1.750131037358902, 48.614727321281691 ], [ 1.752592600259015, 48.602316203154523 ], [ 1.768962708279195, 48.596822252817631 ], [ 1.782873595365483, 48.603737281829048 ], [ 1.780418874380202, 48.616147115923553 ], [ 1.764046424709344, 48.621643205434005 ] ] ] } },
{ "type": "Feature", "properties": { "hex_id": "871fb4531ffffff", "scale0": 3063, "NDVI": null, "NDMI": null, "NDBI": null, "NDSI": null, "NDWI": null, "osmnx": null, "PasDeRoute": null, "motorway": null, "primary": null, "secondary": null, "tertiary": null, "path": null, "population": null, "elevation": null, "foret_encoder": null, "highway_encoder": null, "foret": null, "PasDeforet": null, "Châtaignier": null, "Chênes décidus": null, "Conifères": null, "Douglas": null, "Feuillus": null, "Hêtre": null, "Mixte": null, "Mélèze": null, "NC": null, "NR": null, "Peuplier": null, "Pin autre": null, "Pin laricio, pin noir": null, "Pin maritime": null, "Pin sylvestre": null, "Pins mélangés": null, "Robinier": null, "Sapin, épicéa": null, "dynamic_world": null, "water": null, "tree": null, "grass": null, "crops": null, "shrub": null, "flooded": null, "built": null, "bare": null, "snow": null, "sinister": null }, "geometry": { "type": "Polygon", "coordinates": [ [ [ 1.441736162552193, 49.075911995602695 ], [ 1.427709476595702, 49.068998702966617 ], [ 1.430263597737764, 49.056608825753095 ], [ 1.446837435457586, 49.051133481278178 ], [ 1.460859603263781, 49.058045895215272 ], [ 1.458312451211772, 49.070434531917115 ], [ 1.441736162552193, 49.075911995602695 ] ] ] } },
{ "type": "Feature", "properties": { "hex_id": "871fb4686ffffff", "scale0": 3064, "NDVI": 0.56744098663330078, "NDMI": 0.12331943213939667, "NDBI": -0.12331943213939667, "NDSI": -0.51175123453140259, "NDWI": -0.57676136493682861, "osmnx": null, "PasDeRoute": 99.192514739810306, "motorway": 0.0, "primary": 0.0, "secondary": 0.0, "tertiary": 0.076903358113304288, "path": 0.73058190207639073, "population": 84.000946982154986, "elevation": 25.959953308105469, "foret_encoder": 0.0, "highway_encoder": 0.0, "foret": null, "PasDeforet": 94.257882594206606, "Châtaignier": 0.0, "Chênes décidus": 2.7300692130223023, "Conifères": 0.0, "Douglas": 0.0, "Feuillus": 2.6018969495001283, "Hêtre": 0.0, "Mixte": 0.0, "Mélèze": 0.0, "NC": 0.0, "NR": 0.0, "Peuplier": 0.0, "Pin autre": 0.0, "Pin laricio, pin noir": 0.0, "Pin maritime": 0.0, "Pin sylvestre": 0.41015124327095615, "Pins mélangés": 0.0, "Robinier": 0.0, "Sapin, épicéa": 0.0, "dynamic_world": null, "water": 0.0, "tree": 41.168931043322225, "grass": 1.2176365034606511, "crops": 0.16662394257882593, "shrub": 21.481671366316331, "flooded": 0.16662394257882593, "built": 13.137657011022815, "bare": 0.0, "snow": 0.0, "sinister": 0.0 }, "geometry": { "type": "Polygon", "coordinates": [ [ [ 2.070934400891372, 48.691858102526936 ], [ 2.057009846387044, 48.684997556886493 ], [ 2.059404316414934, 48.672603617090843 ], [ 2.075716506259456, 48.667071532505489 ], [ 2.089636504026548, 48.673931248652998 ], [ 2.087248868338328, 48.686323878488508 ], [ 2.070934400891372, 48.691858102526936 ] ] ] } },
{ "type": "Feature", "properties": { "hex_id": "871fb4430ffffff", "scale0": 3065, "NDVI": 0.41639268398284912, "NDMI": -0.027822267264127731, "NDBI": 0.027822267264127731, "NDSI": -0.5080220103263855, "NDWI": -0.47167637944221497, "osmnx": null, "PasDeRoute": 95.346773171040951, "motorway": 0.0, "primary": 1.5088119690630151, "secondary": 1.5595283377710156, "tertiary": 1.2425510333460126, "path": 0.34233548877900344, "population": 6.0004098877984244, "elevation": 14.37760066986084, "foret_encoder": 0.0, "highway_encoder": 0.0, "foret": null, "PasDeforet": 95.638392291111956, "Châtaignier": 0.0, "Chênes décidus": 0.0, "Conifères": 0.0, "Douglas": 0.0, "Feuillus": 4.2474958792950428, "Hêtre": 0.0, "Mixte": 0.11411182959300115, "Mélèze": 0.0, "NC": 0.0, "NR": 0.0, "Peuplier": 0.0, "Pin autre": 0.0, "Pin laricio, pin noir": 0.0, "Pin maritime": 0.0, "Pin sylvestre": 0.0, "Pins mélangés": 0.0, "Robinier": 0.0, "Sapin, épicéa": 0.0, "dynamic_world": null, "water": 0.0, "tree": 3.537466717383035, "grass": 0.31697730442500321, "crops": 1.3313046785850133, "shrub": 77.989095980727782, "flooded": 0.26626093571700266, "built": 7.176366172182072, "bare": 0.0, "snow": 0.0, "sinister": 5.0 }, "geometry": { "type": "Polygon", "coordinates": [ [ [ 1.544778658411325, 48.949381495604833 ], [ 1.530783330206143, 48.942469457004634 ], [ 1.533308480582898, 48.930073919579542 ], [ 1.549822026364754, 48.924591674302313 ], [ 1.563812839230138, 48.931502841936116 ], [ 1.561294621355717, 48.943897125408682 ], [ 1.544778658411325, 48.949381495604833 ] ] ] } },
{ "type": "Feature", "properties": { "hex_id": "871fb44f1ffffff", "scale0": 3066, "NDVI": null, "NDMI": null, "NDBI": null, "NDSI": null, "NDWI": null, "osmnx": null, "PasDeRoute": null, "motorway": null, "primary": null, "secondary": null, "tertiary": null, "path": null, "population": null, "elevation": null, "foret_encoder": null, "highway_encoder": null, "foret": null, "PasDeforet": null, "Châtaignier": null, "Chênes décidus": null, "Conifères": null, "Douglas": null, "Feuillus": null, "Hêtre": null, "Mixte": null, "Mélèze": null, "NC": null, "NR": null, "Peuplier": null, "Pin autre": null, "Pin laricio, pin noir": null, "Pin maritime": null, "Pin sylvestre": null, "Pins mélangés": null, "Robinier": null, "Sapin, épicéa": null, "dynamic_world": null, "water": null, "tree": null, "grass": null, "crops": null, "shrub": null, "flooded": null, "built": null, "bare": null, "snow": null, "sinister": null }, "geometry": { "type": "Polygon", "coordinates": [ [ [ 1.708121256766312, 48.825593705275942 ], [ 1.694157852071095, 48.818692581698421 ], [ 1.696640489806648, 48.806294097726173 ], [ 1.713079639714452, 48.800798009703321 ], [ 1.727038522350898, 48.807698274918771 ], [ 1.724562776825389, 48.820095486119591 ], [ 1.708121256766312, 48.825593705275942 ] ] ] } },
{ "type": "Feature", "properties": { "hex_id": "871fb6b2affffff", "scale0": 3067, "NDVI": 0.80212336778640747, "NDMI": 0.31689700484275818, "NDBI": -0.31689700484275818, "NDSI": -0.57096552848815918, "NDWI": -0.74471950531005859, "osmnx": null, "PasDeRoute": 96.29299363057325, "motorway": 0.0, "primary": 0.0, "secondary": 1.2993630573248407, "tertiary": 0.66242038216560506, "path": 1.7452229299363058, "population": 3.0000235567700249, "elevation": 40.784259796142578, "foret_encoder": 2.0, "highway_encoder": 0.0, "foret": null, "PasDeforet": 6.5095541401273884, "Châtaignier": 0.0, "Chênes décidus": 55.324840764331206, "Conifères": 0.0, "Douglas": 0.0, "Feuillus": 2.5859872611464967, "Hêtre": 0.0, "Mixte": 1.5796178343949043, "Mélèze": 0.0, "NC": 1.4012738853503186, "NR": 0.0, "Peuplier": 0.0, "Pin autre": 0.0, "Pin laricio, pin noir": 1.0191082802547771, "Pin maritime": 0.0, "Pin sylvestre": 31.579617834394902, "Pins mélangés": 0.0, "Robinier": 0.0, "Sapin, épicéa": 0.0, "dynamic_world": null, "water": 0.0, "tree": 95.630573248407643, "grass": 0.40764331210191079, "crops": 0.0, "shrub": 0.0, "flooded": 0.0, "built": 1.4522292993630572, "bare": 0.0, "snow": 0.0, "sinister": 0.0 }, "geometry": { "type": "Polygon", "coordinates": [ [ [ 1.718935927703561, 48.694671273023005 ], [ 1.705002853352137, 48.68775679243128 ], [ 1.707477666810658, 48.675349185749027 ], [ 1.723878692579899, 48.669857336977763 ], [ 1.737807262699614, 48.676770959249097 ], [ 1.73533931096976, 48.689177288215191 ], [ 1.718935927703561, 48.694671273023005 ] ] ] } },
{ "type": "Feature", "properties": { "hex_id": "871fb4540ffffff", "scale0": 3068, "NDVI": 0.67690277099609375, "NDMI": 0.18231901526451111, "NDBI": -0.18231901526451111, "NDSI": -0.5644223690032959, "NDWI": -0.65209668874740601, "osmnx": null, "PasDeRoute": 98.285496570993146, "motorway": 0.0, "primary": 0.49530099060198118, "secondary": 0.95250190500380993, "tertiary": 0.0, "path": 0.26670053340106681, "population": 128.99972203011373, "elevation": 34.013126373291016, "foret_encoder": 5.0, "highway_encoder": 0.0, "foret": null, "PasDeforet": 13.512827025654051, "Châtaignier": 0.0, "Chênes décidus": 6.0071120142240284, "Conifères": 0.0, "Douglas": 0.0, "Feuillus": 76.289052578105156, "Hêtre": 0.0, "Mixte": 0.13970027940055882, "Mélèze": 0.0, "NC": 0.10160020320040639, "NR": 0.0, "Peuplier": 0.0, "Pin autre": 0.0, "Pin laricio, pin noir": 0.0, "Pin maritime": 0.0, "Pin sylvestre": 3.9497078994157988, "Pins mélangés": 0.0, "Robinier": 0.0, "Sapin, épicéa": 0.0, "dynamic_world": null, "water": 0.0, "tree": 96.278892557785113, "grass": 0.025400050800101596, "crops": 0.48260096520193041, "shrub": 1.0414020828041655, "flooded": 0.025400050800101596, "built": 0.1143002286004572, "bare": 0.0, "snow": 0.0, "sinister": 1.0 }, "geometry": { "type": "Polygon", "coordinates": [ [ [ 1.705357470111317, 49.069236337883815 ], [ 1.691337568021409, 49.062362909019349 ], [ 1.693830884817785, 49.049982410080347 ], [ 1.710337155151861, 49.044476604596348 ], [ 1.724352498984218, 49.051349176234183 ], [ 1.72186613042361, 49.063728410178449 ], [ 1.705357470111317, 49.069236337883815 ] ] ] } },
{ "type": "Feature", "properties": { "hex_id": "871fb6b03ffffff", "scale0": 3069, "NDVI": 0.63614189624786377, "NDMI": 0.13472343981266022, "NDBI": -0.13472343981266022, "NDSI": -0.55628210306167603, "NDWI": -0.62430858612060547, "osmnx": null, "PasDeRoute": 97.874236252545828, "motorway": 0.0, "primary": 0.0, "secondary": 1.8329938900203666, "tertiary": 0.0, "path": 0.29276985743380857, "population": 11.000082448695087, "elevation": 31.365936279296875, "foret_encoder": 0.0, "highway_encoder": 0.0, "foret": null, "PasDeforet": 73.574338085539708, "Châtaignier": 0.0, "Chênes décidus": 21.283095723014256, "Conifères": 0.0, "Douglas": 0.0, "Feuillus": 4.6715885947046845, "Hêtre": 0.0, "Mixte": 0.40733197556008144, "Mélèze": 0.0, "NC": 0.063645621181262726, "NR": 0.0, "Peuplier": 0.0, "Pin autre": 0.0, "Pin laricio, pin noir": 0.0, "Pin maritime": 0.0, "Pin sylvestre": 0.0, "Pins mélangés": 0.0, "Robinier": 0.0, "Sapin, épicéa": 0.0, "dynamic_world": null, "water": 0.0, "tree": 29.18788187372709, "grass": 0.49643584521384926, "crops": 0.10183299389002036, "shrub": 55.804480651731161, "flooded": 0.29276985743380857, "built": 3.1186354378818737, "bare": 0.0, "snow": 0.0, "sinister": 2.0 }, "geometry": { "type": "Polygon", "coordinates": [ [ [ 1.696025418756476, 48.656021280639223 ], [ 1.682100717985598, 48.649098846908807 ], [ 1.684579179723701, 48.636687561884045 ], [ 1.700975487217368, 48.631199986959508 ], [ 1.714895692965663, 48.638121560237494 ], [ 1.71242408593381, 48.65053156849585 ], [ 1.696025418756476, 48.656021280639223 ] ] ] } },
{ "type": "Feature", "properties": { "hex_id": "871fb4410ffffff", "scale0": 3070, "NDVI": 0.5101240873336792, "NDMI": 0.033793922513723373, "NDBI": -0.033793922513723373, "NDSI": -0.53906828165054321, "NDWI": -0.53771048784255981, "osmnx": null, "PasDeRoute": 98.297115262422167, "motorway": 0.0, "primary": 0.0, "secondary": 0.0, "tertiary": 1.5630956919557757, "path": 0.13978904562206124, "population": 88.999620736002626, "elevation": 20.658916473388672, "foret_encoder": 0.0, "highway_encoder": 0.0, "foret": null, "PasDeforet": 80.137247426610742, "Châtaignier": 0.0, "Chênes décidus": 0.15249714067861228, "Conifères": 0.0, "Douglas": 0.0, "Feuillus": 19.710255432710635, "Hêtre": 0.0, "Mixte": 0.0, "Mélèze": 0.0, "NC": 0.0, "NR": 0.0, "Peuplier": 0.0, "Pin autre": 0.0, "Pin laricio, pin noir": 0.0, "Pin maritime": 0.0, "Pin sylvestre": 0.0, "Pins mélangés": 0.0, "Robinier": 0.0, "Sapin, épicéa": 0.0, "dynamic_world": null, "water": 0.0, "tree": 22.417079679756004, "grass": 2.7449485322150209, "crops": 1.0166476045240818, "shrub": 56.678103952217562, "flooded": 0.10166476045240819, "built": 0.76248570339306143, "bare": 0.0, "snow": 0.0, "sinister": 2.0 }, "geometry": { "type": "Polygon", "coordinates": [ [ [ 1.57136093728478, 48.894315029880595 ], [ 1.557378873372039, 48.887400739436984 ], [ 1.55989563720317, 48.875002111640342 ], [ 1.576387546691491, 48.869519031979301 ], [ 1.59036509935567, 48.876432453312752 ], [ 1.587855253480372, 48.888829823014056 ], [ 1.57136093728478, 48.894315029880595 ] ] ] } },
{ "type": "Feature", "properties": { "hex_id": "871fb4714ffffff", "scale0": 3071, "NDVI": 0.61270290613174438, "NDMI": 0.1430526077747345, "NDBI": -0.1430526077747345, "NDSI": -0.50497502088546753, "NDWI": -0.58779740333557129, "osmnx": null, "PasDeRoute": 99.144644452955447, "motorway": 0.0, "primary": 0.0, "secondary": 0.0, "tertiary": 0.0, "path": 0.85535554704455519, "population": 141.01007994189345, "elevation": 38.925281524658203, "foret_encoder": 0.0, "highway_encoder": 0.0, "foret": null, "PasDeforet": 64.662326056427929, "Châtaignier": 11.515383633346101, "Chênes décidus": 0.0, "Conifères": 0.0, "Douglas": 0.0, "Feuillus": 23.822290310225966, "Hêtre": 0.0, "Mixte": 0.0, "Mélèze": 0.0, "NC": 0.0, "NR": 0.0, "Peuplier": 0.0, "Pin autre": 0.0, "Pin laricio, pin noir": 0.0, "Pin maritime": 0.0, "Pin sylvestre": 0.0, "Pins mélangés": 0.0, "Robinier": 0.0, "Sapin, épicéa": 0.0, "dynamic_world": null, "water": 0.19149751053236308, "tree": 44.452955444912554, "grass": 2.9618281629005492, "crops": 1.0723860589812333, "shrub": 24.741478360781311, "flooded": 0.11489850631941785, "built": 3.906549214860207, "bare": 0.2297970126388357, "snow": 0.0, "sinister": 9.0 }, "geometry": { "type": "Polygon", "coordinates": [ [ [ 1.978518210854367, 48.931399406671247 ], [ 1.964536266997384, 48.924552164163075 ], [ 1.966961379953516, 48.912171976985547 ], [ 1.983361540569681, 48.906640326176337 ], [ 1.997338905351892, 48.913486733119534 ], [ 1.994920688250038, 48.925865626040398 ], [ 1.978518210854367, 48.931399406671247 ] ] ] } },
{ "type": "Feature", "properties": { "hex_id": "871fb6b19ffffff", "scale0": 3072, "NDVI": null, "NDMI": null, "NDBI": null, "NDSI": null, "NDWI": null, "osmnx": null, "PasDeRoute": null, "motorway": null, "primary": null, "secondary": null, "tertiary": null, "path": null, "population": null, "elevation": null, "foret_encoder": null, "highway_encoder": null, "foret": null, "PasDeforet": null, "Châtaignier": null, "Chênes décidus": null, "Conifères": null, "Douglas": null, "Feuillus": null, "Hêtre": null, "Mixte": null, "Mélèze": null, "NC": null, "NR": null, "Peuplier": null, "Pin autre": null, "Pin laricio, pin noir": null, "Pin maritime": null, "Pin sylvestre": null, "Pins mélangés": null, "Robinier": null, "Sapin, épicéa": null, "dynamic_world": null, "water": null, "tree": null, "grass": null, "crops": null, "shrub": null, "flooded": null, "built": null, "bare": null, "snow": null, "sinister": null }, "geometry": { "type": "Polygon", "coordinates": [ [ [ 1.733751415884758, 48.6202198644826 ], [ 1.719835705383739, 48.613299150241716 ], [ 1.722304112133759, 48.600886750819257 ], [ 1.738681385222489, 48.595396346537747 ], [ 1.752592600259015, 48.602316203154523 ], [ 1.750131037358902, 48.614727321281691 ], [ 1.733751415884758, 48.6202198644826 ] ] ] } },
{ "type": "Feature", "properties": { "hex_id": "871fb6a1bffffff", "scale0": 3073, "NDVI": 0.54592257738113403, "NDMI": 0.096593759953975677, "NDBI": -0.096593759953975677, "NDSI": -0.50342428684234619, "NDWI": -0.54979950189590454, "osmnx": null, "PasDeRoute": 98.786097623306929, "motorway": 0.0, "primary": 1.2139023766930743, "secondary": 0.0, "tertiary": 0.0, "path": 0.0, "population": 29.000167253067175, "elevation": 9.4814414978027344, "foret_encoder": 0.0, "highway_encoder": 0.0, "foret": null, "PasDeforet": 94.69716330181447, "Châtaignier": 0.0, "Chênes décidus": 3.7950421671351902, "Conifères": 0.0, "Douglas": 0.0, "Feuillus": 1.2522361359570662, "Hêtre": 0.0, "Mixte": 0.0, "Mélèze": 0.0, "NC": 0.25555839509327882, "NR": 0.0, "Peuplier": 0.0, "Pin autre": 0.0, "Pin laricio, pin noir": 0.0, "Pin maritime": 0.0, "Pin sylvestre": 0.0, "Pins mélangés": 0.0, "Robinier": 0.0, "Sapin, épicéa": 0.0, "dynamic_world": null, "water": 0.0, "tree": 4.8683874265269615, "grass": 0.30667007411193459, "crops": 0.35778175313059035, "shrub": 83.529261436238173, "flooded": 0.14055711730130335, "built": 1.5972399693329926, "bare": 0.0, "snow": 0.0, "sinister": 0.0 }, "geometry": { "type": "Polygon", "coordinates": [ [ [ 1.853884289672823, 48.475522596466654 ], [ 1.840004195083742, 48.468603891864205 ], [ 1.842439442770059, 48.456185905453886 ], [ 1.858747982254738, 48.450687919817753 ], [ 1.872623584625616, 48.457605775535498 ], [ 1.870195139407614, 48.470022465383721 ], [ 1.853884289672823, 48.475522596466654 ] ] ] } },
{ "type": "Feature", "properties": { "hex_id": "871fb442dffffff", "scale0": 3074, "NDVI": 0.48125892877578735, "NDMI": 0.076316356658935547, "NDBI": -0.076316356658935547, "NDSI": -0.43283140659332275, "NDWI": -0.47908374667167664, "osmnx": null, "PasDeRoute": 93.77224199288257, "motorway": 0.15251652262328419, "primary": 2.0971021860701575, "secondary": 0.77529232333502796, "tertiary": 1.677681748856126, "path": 1.5251652262328419, "population": 2382.9932533410656, "elevation": 23.295181274414062, "foret_encoder": 0.0, "highway_encoder": 0.0, "foret": null, "PasDeforet": 85.460091509913568, "Châtaignier": 0.0, "Chênes décidus": 0.0, "Conifères": 0.0, "Douglas": 0.0, "Feuillus": 12.747839349262838, "Hêtre": 0.0, "Mixte": 1.4234875444839856, "Mélèze": 0.0, "NC": 0.36858159633960347, "NR": 0.0, "Peuplier": 0.0, "Pin autre": 0.0, "Pin laricio, pin noir": 0.0, "Pin maritime": 0.0, "Pin sylvestre": 0.0, "Pins mélangés": 0.0, "Robinier": 0.0, "Sapin, épicéa": 0.0, "dynamic_world": null, "water": 0.0, "tree": 19.306049822064058, "grass": 1.8556176919166243, "crops": 0.73716319267920694, "shrub": 22.852058973055414, "flooded": 1.1692933401118455, "built": 42.844433146924246, "bare": 0.0, "snow": 0.0, "sinister": 38.0 }, "geometry": { "type": "Polygon", "coordinates": [ [ [ 1.689789372037826, 48.993570446003915 ], [ 1.67578673359519, 48.986685861233013 ], [ 1.678280487632701, 48.974299103860766 ], [ 1.694769947823022, 48.968798196781961 ], [ 1.708768041835858, 48.975681922659057 ], [ 1.706281219774554, 48.988067414105721 ], [ 1.689789372037826, 48.993570446003915 ] ] ] } },
{ "type": "Feature", "properties": { "hex_id": "871fb6b6affffff", "scale0": 3075, "NDVI": null, "NDMI": null, "NDBI": null, "NDSI": null, "NDWI": null, "osmnx": null, "PasDeRoute": null, "motorway": null, "primary": null, "secondary": null, "tertiary": null, "path": null, "population": null, "elevation": null, "foret_encoder": null, "highway_encoder": null, "foret": null, "PasDeforet": null, "Châtaignier": null, "Chênes décidus": null, "Conifères": null, "Douglas": null, "Feuillus": null, "Hêtre": null, "Mixte": null, "Mélèze": null, "NC": null, "NR": null, "Peuplier": null, "Pin autre": null, "Pin laricio, pin noir": null, "Pin maritime": null, "Pin sylvestre": null, "Pins mélangés": null, "Robinier": null, "Sapin, épicéa": null, "dynamic_world": null, "water": null, "tree": null, "grass": null, "crops": null, "shrub": null, "flooded": null, "built": null, "bare": null, "snow": null, "sinister": null }, "geometry": { "type": "Polygon", "coordinates": [ [ [ 1.931130587291397, 48.70440489491385 ], [ 1.917199922370225, 48.697524232815418 ], [ 1.919626744780043, 48.685125627621552 ], [ 1.935977383832007, 48.679608980981534 ], [ 1.949903511002842, 48.686488802188435 ], [ 1.947483536538055, 48.698886110533749 ], [ 1.931130587291397, 48.70440489491385 ] ] ] } },
{ "type": "Feature", "properties": { "hex_id": "871fb6b58ffffff", "scale0": 3076, "NDVI": 0.82618993520736694, "NDMI": 0.29985278844833374, "NDBI": -0.29985278844833374, "NDSI": -0.60801184177398682, "NDWI": -0.76509809494018555, "osmnx": null, "PasDeRoute": 95.272169690774348, "motorway": 0.0, "primary": 0.0, "secondary": 0.90723230258113985, "tertiary": 0.0, "path": 3.8205980066445182, "population": 20.000082448695089, "elevation": 33.313957214355469, "foret_encoder": 5.0, "highway_encoder": 0.0, "foret": null, "PasDeforet": 15.882954255047279, "Châtaignier": 0.0, "Chênes décidus": 16.981855353948376, "Conifères": 0.0, "Douglas": 0.0, "Feuillus": 46.383848709430104, "Hêtre": 0.0, "Mixte": 18.464094045489393, "Mélèze": 0.0, "NC": 0.0, "NR": 0.063889598773319706, "Peuplier": 0.0, "Pin autre": 0.0, "Pin laricio, pin noir": 0.0, "Pin maritime": 0.0, "Pin sylvestre": 0.0, "Pins mélangés": 2.2233580373115256, "Robinier": 0.0, "Sapin, épicéa": 0.0, "dynamic_world": null, "water": 0.15333503705596729, "tree": 90.531561461794013, "grass": 0.38333759263991823, "crops": 0.076667518527983647, "shrub": 0.16611295681063123, "flooded": 0.025555839509327882, "built": 4.4594939943777154, "bare": 0.0, "snow": 0.0, "sinister": 4.0 }, "geometry": { "type": "Polygon", "coordinates": [ [ [ 1.915408641561182, 48.628634415672749 ], [ 1.90149499048216, 48.621742655549674 ], [ 1.90392236337166, 48.609337984903512 ], [ 1.920256554929071, 48.603826371665981 ], [ 1.934165681918573, 48.610717289080412 ], [ 1.931745141109048, 48.623120662048997 ], [ 1.915408641561182, 48.628634415672749 ] ] ] } },
{ "type": "Feature", "properties": { "hex_id": "871fb6b6bffffff", "scale0": 3077, "NDVI": 0.74850767850875854, "NDMI": 0.23003432154655457, "NDBI": -0.23003432154655457, "NDSI": -0.57345157861709595, "NDWI": -0.70036828517913818, "osmnx": null, "PasDeRoute": 88.441375783147933, "motorway": 0.0, "primary": 0.0, "secondary": 1.8028385116992711, "tertiary": 1.2786088735455825, "path": 8.4771768316072116, "population": 26.000391042382407, "elevation": 44.352157592773438, "foret_encoder": 2.0, "highway_encoder": 0.0, "foret": null, "PasDeforet": 38.153688786600185, "Châtaignier": 0.0, "Chênes décidus": 41.375783147935046, "Conifères": 0.0, "Douglas": 0.0, "Feuillus": 18.322465157908198, "Hêtre": 0.0, "Mixte": 0.49865746068277716, "Mélèze": 0.0, "NC": 0.0, "NR": 0.0, "Peuplier": 0.0, "Pin autre": 0.0, "Pin laricio, pin noir": 0.0, "Pin maritime": 0.0, "Pin sylvestre": 1.6494054468738015, "Pins mélangés": 0.0, "Robinier": 0.0, "Sapin, épicéa": 0.0, "dynamic_world": null, "water": 0.0, "tree": 72.254187444060861, "grass": 4.5390615010868176, "crops": 0.12786088735455822, "shrub": 6.8277713847334098, "flooded": 0.012786088735455826, "built": 5.5619485999232836, "bare": 0.0, "snow": 0.0, "sinister": 3.0 }, "geometry": { "type": "Polygon", "coordinates": [ [ [ 1.961413825055229, 48.705761948543987 ], [ 1.947483536538055, 48.698886110533749 ], [ 1.949903511002842, 48.686488802188435 ], [ 1.96624692771435, 48.68096863103132 ], [ 1.980172673739169, 48.687843630644146 ], [ 1.977759545207736, 48.700239639418903 ], [ 1.961413825055229, 48.705761948543987 ] ] ] } },
{ "type": "Feature", "properties": { "hex_id": "871fb6a11ffffff", "scale0": 3078, "NDVI": 0.32673832774162292, "NDMI": -0.064215444028377533, "NDBI": 0.064215444028377533, "NDSI": -0.47407478094100952, "NDWI": -0.41407540440559387, "osmnx": null, "PasDeRoute": 97.018172510877903, "motorway": 0.0, "primary": 1.7276682876887637, "secondary": 0.72945994369081135, "tertiary": 0.0, "path": 0.52469925774251347, "population": 69.001747912335816, "elevation": 11.082248687744141, "foret_encoder": 0.0, "highway_encoder": 0.0, "foret": null, "PasDeforet": 98.182748912208851, "Châtaignier": 0.0, "Chênes décidus": 0.0, "Conifères": 0.0, "Douglas": 0.0, "Feuillus": 1.8172510877911441, "Hêtre": 0.0, "Mixte": 0.0, "Mélèze": 0.0, "NC": 0.0, "NR": 0.0, "Peuplier": 0.0, "Pin autre": 0.0, "Pin laricio, pin noir": 0.0, "Pin maritime": 0.0, "Pin sylvestre": 0.0, "Pins mélangés": 0.0, "Robinier": 0.0, "Sapin, épicéa": 0.0, "dynamic_world": null, "water": 0.0, "tree": 2.3035577169183514, "grass": 0.72945994369081135, "crops": 0.47350908625543897, "shrub": 90.107499360122858, "flooded": 0.012797542871768619, "built": 0.87023291528026614, "bare": 0.0, "snow": 0.0, "sinister": 0.0 }, "geometry": { "type": "Polygon", "coordinates": [ [ [ 1.786136327423688, 48.509923991487703 ], [ 1.772246913108813, 48.502998766231528 ], [ 1.774698938570363, 48.490580542516014 ], [ 1.791033562805452, 48.48508883301578 ], [ 1.804918490002554, 48.492013204116745 ], [ 1.802473279766279, 48.504430138480906 ], [ 1.786136327423688, 48.509923991487703 ] ] ] } },
{ "type": "Feature", "properties": { "hex_id": "871fb4423ffffff", "scale0": 3079, "NDVI": null, "NDMI": null, "NDBI": null, "NDSI": null, "NDWI": null, "osmnx": null, "PasDeRoute": null, "motorway": null, "primary": null, "secondary": null, "tertiary": null, "path": null, "population": null, "elevation": null, "foret_encoder": null, "highway_encoder": null, "foret": null, "PasDeforet": null, "Châtaignier": null, "Chênes décidus": null, "Conifères": null, "Douglas": null, "Feuillus": null, "Hêtre": null, "Mixte": null, "Mélèze": null, "NC": null, "NR": null, "Peuplier": null, "Pin autre": null, "Pin laricio, pin noir": null, "Pin maritime": null, "Pin sylvestre": null, "Pins mélangés": null, "Robinier": null, "Sapin, épicéa": null, "dynamic_world": null, "water": null, "tree": null, "grass": null, "crops": null, "shrub": null, "flooded": null, "built": null, "bare": null, "snow": null, "sinister": null }, "geometry": { "type": "Polygon", "coordinates": [ [ [ 1.617282740070904, 48.971508091680946 ], [ 1.60328373445565, 48.964609781196117 ], [ 1.605793191241821, 48.95221862617165 ], [ 1.622294721064971, 48.946727041173801 ], [ 1.636289196774428, 48.953624486723648 ], [ 1.633786672260834, 48.966014381802374 ], [ 1.617282740070904, 48.971508091680946 ] ] ] } },
{ "type": "Feature", "properties": { "hex_id": "871fb6b52ffffff", "scale0": 3080, "NDVI": 0.57285153865814209, "NDMI": 0.10564763098955154, "NDBI": -0.10564763098955154, "NDSI": -0.51569342613220215, "NDWI": -0.57004106044769287, "osmnx": null, "PasDeRoute": 96.184277692700363, "motorway": 0.0, "primary": 0.063808065339458903, "secondary": 1.5952016334864725, "tertiary": 0.93159775395610012, "path": 1.2251148545176112, "population": 16.000169608744176, "elevation": 13.315149307250977, "foret_encoder": 0.0, "highway_encoder": 0.0, "foret": null, "PasDeforet": 85.043389484430833, "Châtaignier": 0.0, "Chênes décidus": 12.608473711077082, "Conifères": 0.0, "Douglas": 0.0, "Feuillus": 2.3481368044920878, "Hêtre": 0.0, "Mixte": 0.0, "Mélèze": 0.0, "NC": 0.0, "NR": 0.0, "Peuplier": 0.0, "Pin autre": 0.0, "Pin laricio, pin noir": 0.0, "Pin maritime": 0.0, "Pin sylvestre": 0.0, "Pins mélangés": 0.0, "Robinier": 0.0, "Sapin, épicéa": 0.0, "dynamic_world": null, "water": 0.0, "tree": 16.60285860132721, "grass": 1.8759571209800918, "crops": 1.748340990301174, "shrub": 57.120980091883609, "flooded": 0.38284839203675347, "built": 5.6533945890760595, "bare": 0.0, "snow": 0.0, "sinister": 1.0 }, "geometry": { "type": "Polygon", "coordinates": [ [ [ 1.8246139192334, 48.624464769655454 ], [ 1.810699202307576, 48.617558540413441 ], [ 1.813147083323739, 48.605149993086151 ], [ 1.829502842931209, 48.599648964106223 ], [ 1.843413050028137, 48.606554343177002 ], [ 1.840972007024714, 48.618961601005303 ], [ 1.8246139192334, 48.624464769655454 ] ] ] } },
{ "type": "Feature", "properties": { "hex_id": "871fb6b4dffffff", "scale0": 3081, "NDVI": 0.57898378372192383, "NDMI": 0.11778323352336884, "NDBI": -0.11778323352336884, "NDSI": -0.5180288553237915, "NDWI": -0.58231890201568604, "osmnx": null, "PasDeRoute": 92.472154653693508, "motorway": 0.0, "primary": 1.38266547177058, "secondary": 2.6117014466777619, "tertiary": 0.0, "path": 3.5334784278581486, "population": 10.001366292661412, "elevation": 24.227441787719727, "foret_encoder": 0.0, "highway_encoder": 0.0, "foret": null, "PasDeforet": 74.228651901165023, "Châtaignier": 0.0, "Chênes décidus": 7.0669568557162972, "Conifères": 0.0, "Douglas": 0.0, "Feuillus": 18.704391243118678, "Hêtre": 0.0, "Mixte": 0.0, "Mélèze": 0.0, "NC": 0.0, "NR": 0.0, "Peuplier": 0.0, "Pin autre": 0.0, "Pin laricio, pin noir": 0.0, "Pin maritime": 0.0, "Pin sylvestre": 0.0, "Pins mélangés": 0.0, "Robinier": 0.0, "Sapin, épicéa": 0.0, "dynamic_world": null, "water": 0.0, "tree": 24.823966201510689, "grass": 2.3940596594546153, "crops": 0.35846882601459479, "shrub": 39.380361029317626, "flooded": 0.02560491614389963, "built": 12.315964665215722, "bare": 0.0, "snow": 0.0, "sinister": 1.0 }, "geometry": { "type": "Polygon", "coordinates": [ [ [ 1.980172673739169, 48.687843630644146 ], [ 1.96624692771435, 48.68096863103132 ], [ 1.968661913007326, 48.668570777632915 ], [ 1.984995803534256, 48.663049225273909 ], [ 1.998917006943448, 48.669923387906287 ], [ 1.996508862102637, 48.68231993948622 ], [ 1.980172673739169, 48.687843630644146 ] ] ] } },
{ "type": "Feature", "properties": { "hex_id": "871fb409affffff", "scale0": 3082, "NDVI": 0.55942082405090332, "NDMI": 0.093404173851013184, "NDBI": -0.093404173851013184, "NDSI": -0.50022077560424805, "NDWI": -0.54925656318664551, "osmnx": null, "PasDeRoute": 95.434838051517474, "motorway": 0.0, "primary": 0.0, "secondary": 0.0, "tertiary": 0.0, "path": 4.5651619484825305, "population": 2221.9928905668071, "elevation": 12.780961990356445, "foret_encoder": 5.0, "highway_encoder": 0.0, "foret": null, "PasDeforet": 34.455496046926804, "Châtaignier": 0.58658505483295076, "Chênes décidus": 0.0, "Conifères": 0.0, "Douglas": 0.0, "Feuillus": 55.279265493496553, "Hêtre": 0.0, "Mixte": 3.8000510073960729, "Mélèze": 0.0, "NC": 0.0, "NR": 5.8786023973476151, "Peuplier": 0.0, "Pin autre": 0.0, "Pin laricio, pin noir": 0.0, "Pin maritime": 0.0, "Pin sylvestre": 0.0, "Pins mélangés": 0.0, "Robinier": 0.0, "Sapin, épicéa": 0.0, "dynamic_world": null, "water": 0.038255547054322873, "tree": 59.755164498852331, "grass": 1.0839071665391482, "crops": 1.160418260647794, "shrub": 18.311655190002551, "flooded": 0.063759245090538125, "built": 7.9061463912267271, "bare": 0.0, "snow": 0.0, "sinister": 16.0 }, "geometry": { "type": "Polygon", "coordinates": [ [ [ 1.933529808885923, 49.004347720599021 ], [ 1.919529922711456, 48.997501969180213 ], [ 1.921968276308544, 48.985125416219169 ], [ 1.938399599715164, 48.979595902172122 ], [ 1.952394902537386, 48.986440814738529 ], [ 1.949963464965972, 48.998816079805636 ], [ 1.933529808885923, 49.004347720599021 ] ] ] } },
{ "type": "Feature", "properties": { "hex_id": "871fb47a5ffffff", "scale0": 3083, "NDVI": 0.57112598419189453, "NDMI": 0.11567949503660202, "NDBI": -0.11567949503660202, "NDSI": -0.50216037034988403, "NDWI": -0.56737136840820312, "osmnx": null, "PasDeRoute": 95.531724754244863, "motorway": 0.0, "primary": 3.7278182050300015, "secondary": 0.0, "tertiary": 0.74045704072513729, "path": 0.0, "population": 43.000080093018092, "elevation": 33.377792358398438, "foret_encoder": 0.0, "highway_encoder": 0.0, "foret": null, "PasDeforet": 82.318396527511808, "Châtaignier": 2.6937316481552407, "Chênes décidus": 2.6426656453466104, "Conifères": 0.0, "Douglas": 0.0, "Feuillus": 11.515383633346101, "Hêtre": 0.0, "Mixte": 0.48512702668198643, "Mélèze": 0.0, "NC": 0.0, "NR": 0.34469551895825351, "Peuplier": 0.0, "Pin autre": 0.0, "Pin laricio, pin noir": 0.0, "Pin maritime": 0.0, "Pin sylvestre": 0.0, "Pins mélangés": 0.0, "Robinier": 0.0, "Sapin, épicéa": 0.0, "dynamic_world": null, "water": 0.0, "tree": 14.643176305374697, "grass": 1.3660155751308567, "crops": 1.3532490744286991, "shrub": 47.121154091663477, "flooded": 0.15319800842589046, "built": 15.090003829950211, "bare": 0.0, "snow": 0.0, "sinister": 1.0 }, "geometry": { "type": "Polygon", "coordinates": [ [ [ 1.955410608662586, 48.892938675086128 ], [ 1.941437044519094, 48.886083431225593 ], [ 1.943865893155087, 48.873699505068892 ], [ 1.960261416740243, 48.868172115712142 ], [ 1.97423041112208, 48.87502652188067 ], [ 1.971808451340795, 48.887409154701722 ], [ 1.955410608662586, 48.892938675086128 ] ] ] } },
{ "type": "Feature", "properties": { "hex_id": "871fb6b24ffffff", "scale0": 3084, "NDVI": 0.65774977207183838, "NDMI": 0.13926990330219269, "NDBI": -0.13926990330219269, "NDSI": -0.55679386854171753, "NDWI": -0.63221818208694458, "osmnx": null, "PasDeRoute": 96.92307692307692, "motorway": 0.0, "primary": 0.0, "secondary": 2.0216147488874761, "tertiary": 0.52129688493324855, "path": 0.53401144310235216, "population": 87.99983510260985, "elevation": 23.118906021118164, "foret_encoder": 0.0, "highway_encoder": 0.0, "foret": null, "PasDeforet": 79.910998092816271, "Châtaignier": 0.0, "Chênes décidus": 6.916719643992371, "Conifères": 0.0, "Douglas": 0.0, "Feuillus": 12.383979656706929, "Hêtre": 0.0, "Mixte": 0.78830260648442463, "Mélèze": 0.0, "NC": 0.0, "NR": 0.0, "Peuplier": 0.0, "Pin autre": 0.0, "Pin laricio, pin noir": 0.0, "Pin maritime": 0.0, "Pin sylvestre": 0.0, "Pins mélangés": 0.0, "Robinier": 0.0, "Sapin, épicéa": 0.0, "dynamic_world": null, "water": 0.29243483788938335, "tree": 33.006993006993007, "grass": 8.9256198347107443, "crops": 0.025429116338207249, "shrub": 15.117609663064208, "flooded": 0.0, "built": 7.3490146217418948, "bare": 0.0, "snow": 0.0, "sinister": 2.0 }, "geometry": { "type": "Polygon", "coordinates": [ [ [ 1.631848605874454, 48.74692928305366 ], [ 1.617901722849528, 48.7400073732274 ], [ 1.620398553868564, 48.727600212893577 ], [ 1.636835387627727, 48.722116230129075 ], [ 1.650777771984489, 48.729037274876042 ], [ 1.648287820946452, 48.741443167067366 ], [ 1.631848605874454, 48.74692928305366 ] ] ] } },
{ "type": "Feature", "properties": { "hex_id": "871fb6b4cffffff", "scale0": 3085, "NDVI": 0.66957277059555054, "NDMI": 0.17856438457965851, "NDBI": -0.17856438457965851, "NDSI": -0.55183279514312744, "NDWI": -0.64602124691009521, "osmnx": null, "PasDeRoute": 84.001023934468193, "motorway": 0.0, "primary": 1.5615000639959042, "secondary": 3.0974017662869575, "tertiary": 0.089594265966978115, "path": 11.250479969281967, "population": 26.001279132612321, "elevation": 41.195816040039062, "foret_encoder": 0.0, "highway_encoder": 0.0, "foret": null, "PasDeforet": 34.353001407909893, "Châtaignier": 0.0, "Chênes décidus": 28.478177396646615, "Conifères": 0.0, "Douglas": 0.0, "Feuillus": 29.80929220529886, "Hêtre": 0.0, "Mixte": 1.8558812236016895, "Mélèze": 0.0, "NC": 2.2654550108793035, "NR": 0.0, "Peuplier": 0.0, "Pin autre": 0.0, "Pin laricio, pin noir": 0.0, "Pin maritime": 0.0, "Pin sylvestre": 3.2381927556636372, "Pins mélangés": 0.0, "Robinier": 0.0, "Sapin, épicéa": 0.0, "dynamic_world": null, "water": 0.0, "tree": 68.539613464738252, "grass": 1.1263279150134391, "crops": 1.4207090746192244, "shrub": 1.5359017022910533, "flooded": 0.025598361704850889, "built": 1.4591066171765006, "bare": 0.0, "snow": 0.0, "sinister": 1.0 }, "geometry": { "type": "Polygon", "coordinates": [ [ [ 1.949903511002842, 48.686488802188435 ], [ 1.935977383832007, 48.679608980981534 ], [ 1.938399211593533, 48.667209828484189 ], [ 1.954740323721727, 48.661691795900225 ], [ 1.968661913007326, 48.668570777632915 ], [ 1.96624692771435, 48.68096863103132 ], [ 1.949903511002842, 48.686488802188435 ] ] ] } },
{ "type": "Feature", "properties": { "hex_id": "871fb6b1cffffff", "scale0": 3086, "NDVI": 0.6743808388710022, "NDMI": 0.17172627151012421, "NDBI": -0.17172627151012421, "NDSI": -0.55770593881607056, "NDWI": -0.65005826950073242, "osmnx": null, "PasDeRoute": 99.974544991727115, "motorway": 0.0, "primary": 0.0, "secondary": 0.025455008272877687, "tertiary": 0.0, "path": 0.0, "population": 248.0001531190052, "elevation": 45.418807983398438, "foret_encoder": 0.0, "highway_encoder": 0.0, "foret": null, "PasDeforet": 44.444444444444443, "Châtaignier": 0.0, "Chênes décidus": 37.126129565992109, "Conifères": 0.0, "Douglas": 0.0, "Feuillus": 13.363879343260788, "Hêtre": 0.0, "Mixte": 3.5891561664757541, "Mélèze": 0.0, "NC": 0.0, "NR": 0.0, "Peuplier": 0.0, "Pin autre": 0.0, "Pin laricio, pin noir": 0.0, "Pin maritime": 0.0, "Pin sylvestre": 1.4763904798269061, "Pins mélangés": 0.0, "Robinier": 0.0, "Sapin, épicéa": 0.0, "dynamic_world": null, "water": 0.0, "tree": 60.17563955708286, "grass": 8.1328751431844211, "crops": 0.42000763650248191, "shrub": 17.233040600738196, "flooded": 0.076365024818633068, "built": 1.629120529464172, "bare": 0.0, "snow": 0.0, "sinister": 4.0 }, "geometry": { "type": "Polygon", "coordinates": [ [ [ 1.684579179723701, 48.636687561884045 ], [ 1.670658663697507, 48.629761154286662 ], [ 1.673138945897053, 48.617348033680628 ], [ 1.689532892618588, 48.61186259656543 ], [ 1.703448918220327, 48.618788142643368 ], [ 1.700975487217368, 48.631199986959508 ], [ 1.684579179723701, 48.636687561884045 ] ] ] } },
{ "type": "Feature", "properties": { "hex_id": "871fb4471ffffff", "scale0": 3087, "NDVI": 0.48552536964416504, "NDMI": 0.056145068258047104, "NDBI": -0.056145068258047104, "NDSI": -0.49380016326904297, "NDWI": -0.51645791530609131, "osmnx": null, "PasDeRoute": 98.752545824847246, "motorway": 0.0, "primary": 0.0, "secondary": 0.0, "tertiary": 0.85285132382892059, "path": 0.39460285132382894, "population": 594.00105063194314, "elevation": 24.723461151123047, "foret_encoder": 0.0, "highway_encoder": 0.0, "foret": null, "PasDeforet": 90.007637474541752, "Châtaignier": 0.0, "Chênes décidus": 0.11456211812627291, "Conifères": 0.0, "Douglas": 0.0, "Feuillus": 9.877800407331975, "Hêtre": 0.0, "Mixte": 0.0, "Mélèze": 0.0, "NC": 0.0, "NR": 0.0, "Peuplier": 0.0, "Pin autre": 0.0, "Pin laricio, pin noir": 0.0, "Pin maritime": 0.0, "Pin sylvestre": 0.0, "Pins mélangés": 0.0, "Robinier": 0.0, "Sapin, épicéa": 0.0, "dynamic_world": null, "water": 0.0, "tree": 12.181771894093686, "grass": 0.14002036659877801, "crops": 0.14002036659877801, "shrub": 79.747963340122197, "flooded": 0.11456211812627291, "built": 4.4042769857433806, "bare": 0.0, "snow": 0.0, "sinister": 4.0 }, "geometry": { "type": "Polygon", "coordinates": [ [ [ 1.788656036427847, 48.960526994507383 ], [ 1.774663145593005, 48.953653835216976 ], [ 1.777132889760569, 48.941268406747191 ], [ 1.793588607442782, 48.935757413182259 ], [ 1.807576943639704, 48.942629721488736 ], [ 1.805114116468902, 48.955013873943486 ], [ 1.788656036427847, 48.960526994507383 ] ] ] } },
{ "type": "Feature", "properties": { "hex_id": "871fb4571ffffff", "scale0": 3088, "NDVI": 0.54592257738113403, "NDMI": 0.096593759953975677, "NDBI": -0.096593759953975677, "NDSI": -0.50342428684234619, "NDWI": -0.54979950189590454, "osmnx": null, "PasDeRoute": 97.486990734864833, "motorway": 0.0, "primary": 0.0, "secondary": 0.44421880949359049, "tertiary": 0.29191521766721662, "path": 1.776875237974362, "population": 323.9989093215479, "elevation": 14.632497787475586, "foret_encoder": 0.0, "highway_encoder": 0.0, "foret": null, "PasDeforet": 61.327579642086562, "Châtaignier": 0.0, "Chênes décidus": 15.585734230232262, "Conifères": 0.0, "Douglas": 0.0, "Feuillus": 7.5644117273765703, "Hêtre": 0.0, "Mixte": 1.4215001903794897, "Mélèze": 0.0, "NC": 11.854296230486103, "NR": 0.0, "Peuplier": 0.0, "Pin autre": 0.0, "Pin laricio, pin noir": 2.2464779794390153, "Pin maritime": 0.0, "Pin sylvestre": 0.0, "Pins mélangés": 0.0, "Robinier": 0.0, "Sapin, épicéa": 0.0, "dynamic_world": null, "water": 33.887549181368193, "tree": 22.794770910013963, "grass": 10.762787155730424, "crops": 0.44421880949359049, "shrub": 1.0534331767990861, "flooded": 0.58383043533443324, "built": 1.2184287346109912, "bare": 0.1523035918263739, "snow": 0.0, "sinister": 1.0 }, "geometry": { "type": "Polygon", "coordinates": [ [ [ 1.655797627761454, 49.085749949891436 ], [ 1.641772860473331, 49.078870792925926 ], [ 1.644278237744157, 49.066489657616117 ], [ 1.660801426258429, 49.060988938793095 ], [ 1.674821640465064, 49.067867234561049 ], [ 1.672323218927446, 49.080247109944175 ], [ 1.655797627761454, 49.085749949891436 ] ] ] } },
{ "type": "Feature", "properties": { "hex_id": "871fb6b46ffffff", "scale0": 3089, "NDVI": 0.65805399417877197, "NDMI": 0.12451433390378952, "NDBI": -0.12451433390378952, "NDSI": -0.57031434774398804, "NDWI": -0.63441354036331177, "osmnx": null, "PasDeRoute": 93.889526725347622, "motorway": 0.0, "primary": 0.0, "secondary": 0.0, "tertiary": 1.518050771782115, "path": 4.5924225028702645, "population": 49.000000000000007, "elevation": 10.073019981384277, "foret_encoder": 2.0, "highway_encoder": 0.0, "foret": null, "PasDeforet": 43.832121444061741, "Châtaignier": 0.0, "Chênes décidus": 53.718586554407452, "Conifères": 0.0, "Douglas": 0.0, "Feuillus": 2.4492920015308077, "Hêtre": 0.0, "Mixte": 0.0, "Mélèze": 0.0, "NC": 0.0, "NR": 0.0, "Peuplier": 0.0, "Pin autre": 0.0, "Pin laricio, pin noir": 0.0, "Pin maritime": 0.0, "Pin sylvestre": 0.0, "Pins mélangés": 0.0, "Robinier": 0.0, "Sapin, épicéa": 0.0, "dynamic_world": null, "water": 0.33167495854063017, "tree": 57.851766806990689, "grass": 9.5803036101543562, "crops": 0.66334991708126034, "shrub": 7.7305778798316114, "flooded": 0.59956627120806227, "built": 9.4654930475825996, "bare": 0.0, "snow": 0.0, "sinister": 2.0 }, "geometry": { "type": "Polygon", "coordinates": [ [ [ 1.859050458098546, 48.682374214934953 ], [ 1.845123235666411, 48.675479918209483 ], [ 1.847565602825887, 48.663076884760599 ], [ 1.863928343637181, 48.657569438566625 ], [ 1.877851042444867, 48.664462888342868 ], [ 1.875415523739482, 48.676864630868245 ], [ 1.859050458098546, 48.682374214934953 ] ] ] } },
{ "type": "Feature", "properties": { "hex_id": "871fb471effffff", "scale0": 3090, "NDVI": 0.79033529758453369, "NDMI": 0.28653696179389954, "NDBI": -0.28653696179389954, "NDSI": -0.57568639516830444, "NDWI": -0.73211443424224854, "osmnx": null, "PasDeRoute": 77.019427402862988, "motorway": 0.0, "primary": 1.4698364008179958, "secondary": 0.0, "tertiary": 1.5848670756646217, "path": 19.925869120654397, "population": 23.005255515392431, "elevation": 54.126796722412109, "foret_encoder": 1.0, "highway_encoder": 0.0, "foret": null, "PasDeforet": 11.707566462167689, "Châtaignier": 32.898773006134967, "Chênes décidus": 3.6298568507157465, "Conifères": 0.0, "Douglas": 0.0, "Feuillus": 29.089979550102253, "Hêtre": 22.009202453987729, "Mixte": 0.0, "Mélèze": 0.0, "NC": 0.0, "NR": 0.66462167689161555, "Peuplier": 0.0, "Pin autre": 0.0, "Pin laricio, pin noir": 0.0, "Pin maritime": 0.0, "Pin sylvestre": 0.0, "Pins mélangés": 0.0, "Robinier": 0.0, "Sapin, épicéa": 0.0, "dynamic_world": null, "water": 0.0, "tree": 90.695296523517371, "grass": 0.21728016359918201, "crops": 0.0, "shrub": 0.0, "flooded": 0.0, "built": 7.0935582822085896, "bare": 0.0, "snow": 0.0, "sinister": 6.0 }, "geometry": { "type": "Polygon", "coordinates": [ [ [ 2.046500642738136, 48.896876217006344 ], [ 2.03252825856797, 48.890035476964222 ], [ 2.034936446767709, 48.877655438992683 ], [ 2.051310136083074, 48.872117442176886 ], [ 2.065277936196426, 48.878957352044758 ], [ 2.062876630702146, 48.891336088508083 ], [ 2.046500642738136, 48.896876217006344 ] ] ] } },
{ "type": "Feature", "properties": { "hex_id": "871fb4693ffffff", "scale0": 3091, "NDVI": 0.68710029125213623, "NDMI": 0.18621918559074402, "NDBI": -0.18621918559074402, "NDSI": -0.56093156337738037, "NDWI": -0.65723669528961182, "osmnx": null, "PasDeRoute": 100.0, "motorway": 0.0, "primary": 0.0, "secondary": 0.0, "tertiary": 0.0, "path": 0.0, "population": 336.99848058833351, "elevation": 36.077655792236328, "foret_encoder": 0.0, "highway_encoder": 0.0, "foret": null, "PasDeforet": 94.178740864213367, "Châtaignier": 0.0, "Chênes décidus": 4.7185536607257346, "Conifères": 0.0, "Douglas": 0.0, "Feuillus": 0.076932940120528273, "Hêtre": 0.0, "Mixte": 0.0, "Mélèze": 0.0, "NC": 0.0, "NR": 1.025772534940377, "Peuplier": 0.0, "Pin autre": 0.0, "Pin laricio, pin noir": 0.0, "Pin maritime": 0.0, "Pin sylvestre": 0.0, "Pins mélangés": 0.0, "Robinier": 0.0, "Sapin, épicéa": 0.0, "dynamic_world": null, "water": 0.0, "tree": 48.583151686113609, "grass": 3.0773176048211308, "crops": 0.7693294012052827, "shrub": 29.721759199897424, "flooded": 0.076932940120528273, "built": 7.7445826387998462, "bare": 0.0, "snow": 0.0, "sinister": 0.0 }, "geometry": { "type": "Polygon", "coordinates": [ [ [ 2.06658152394747, 48.635417043567358 ], [ 2.052669809396445, 48.628549362967036 ], [ 2.05506304197892, 48.616151207886318 ], [ 2.071361166784892, 48.610622044268908 ], [ 2.085268333709686, 48.617488894619129 ], [ 2.082881923108119, 48.629885738447562 ], [ 2.06658152394747, 48.635417043567358 ] ] ] } },
{ "type": "Feature", "properties": { "hex_id": "871fb442cffffff", "scale0": 3092, "NDVI": 0.48288679122924805, "NDMI": 0.059472113847732544, "NDBI": -0.059472113847732544, "NDSI": -0.46223124861717224, "NDWI": -0.49354246258735657, "osmnx": null, "PasDeRoute": 98.605653441500834, "motorway": 0.0, "primary": 1.1661807580174928, "secondary": 0.0, "tertiary": 0.0, "path": 0.22816580048168339, "population": 544.00160892739268, "elevation": 24.652984619140625, "foret_encoder": 0.0, "highway_encoder": 0.0, "foret": null, "PasDeforet": 83.54671060970972, "Châtaignier": 0.0, "Chênes décidus": 0.0, "Conifères": 0.0, "Douglas": 0.0, "Feuillus": 16.453289390290276, "Hêtre": 0.0, "Mixte": 0.0, "Mélèze": 0.0, "NC": 0.0, "NR": 0.0, "Peuplier": 0.0, "Pin autre": 0.0, "Pin laricio, pin noir": 0.0, "Pin maritime": 0.0, "Pin sylvestre": 0.0, "Pins mélangés": 0.0, "Robinier": 0.0, "Sapin, épicéa": 0.0, "dynamic_world": null, "water": 0.0, "tree": 5.7675244010647742, "grass": 0.2788693116998352, "crops": 1.0901254911902649, "shrub": 35.936113575865129, "flooded": 0.050703511218151857, "built": 28.875649638737482, "bare": 0.0, "snow": 0.0, "sinister": 8.0 }, "geometry": { "type": "Polygon", "coordinates": [ [ [ 1.659287639859319, 48.992185296541628 ], [ 1.645284694260028, 48.985295849513513 ], [ 1.647785382218407, 48.972907828974272 ], [ 1.664282081544794, 48.967410518226572 ], [ 1.678280487632701, 48.974299103860766 ], [ 1.67578673359519, 48.986685861233013 ], [ 1.659287639859319, 48.992185296541628 ] ] ] } },
{ "type": "Feature", "properties": { "hex_id": "871fb4633ffffff", "scale0": 3093, "NDVI": 0.48871153593063354, "NDMI": 0.10359978675842285, "NDBI": -0.10359978675842285, "NDSI": -0.4135119616985321, "NDWI": -0.47754034399986267, "osmnx": null, "PasDeRoute": 90.090897452310841, "motorway": 0.0, "primary": 4.2760209960312379, "secondary": 0.98578927154013563, "tertiary": 1.1906286006913327, "path": 3.45666367942645, "population": 5692.9960259728978, "elevation": 29.075946807861328, "foret_encoder": 0.0, "highway_encoder": 0.0, "foret": null, "PasDeforet": 99.897580335424394, "Châtaignier": 0.0, "Chênes décidus": 0.0, "Conifères": 0.0, "Douglas": 0.0, "Feuillus": 0.10241966457559852, "Hêtre": 0.0, "Mixte": 0.0, "Mélèze": 0.0, "NC": 0.0, "NR": 0.0, "Peuplier": 0.0, "Pin autre": 0.0, "Pin laricio, pin noir": 0.0, "Pin maritime": 0.0, "Pin sylvestre": 0.0, "Pins mélangés": 0.0, "Robinier": 0.0, "Sapin, épicéa": 0.0, "dynamic_world": null, "water": 4.8777365254128791, "tree": 32.031750096018435, "grass": 6.6188708231980549, "crops": 0.23044424529509666, "shrub": 0.076814748431698887, "flooded": 0.14082703879144795, "built": 32.415823838176934, "bare": 0.43528357444629368, "snow": 0.0, "sinister": 1.0 }, "geometry": { "type": "Polygon", "coordinates": [ [ [ 2.121522341140836, 48.825189041599032 ], [ 2.107568293718583, 48.818351613636366 ], [ 2.10995650250598, 48.805969335344038 ], [ 2.126291897823076, 48.800425795142644 ], [ 2.140241360865695, 48.807262398668037 ], [ 2.137860012615348, 48.81964336644031 ], [ 2.121522341140836, 48.825189041599032 ] ] ] } },
{ "type": "Feature", "properties": { "hex_id": "871fb4603ffffff", "scale0": 3094, "NDVI": 0.55822956562042236, "NDMI": 0.18858146667480469, "NDBI": -0.18858146667480469, "NDSI": -0.41822570562362671, "NDWI": -0.52157533168792725, "osmnx": null, "PasDeRoute": 85.137214670428321, "motorway": 0.0, "primary": 0.0, "secondary": 1.3080276994101052, "tertiary": 2.4493459861502953, "path": 11.105411644011284, "population": 3582.986881234774, "elevation": 31.981908798217773, "foret_encoder": 0.0, "highway_encoder": 0.0, "foret": null, "PasDeforet": 38.086688894588356, "Châtaignier": 24.211336240061556, "Chênes décidus": 35.804052321107974, "Conifères": 0.0, "Douglas": 0.0, "Feuillus": 0.82072326237496784, "Hêtre": 0.0, "Mixte": 0.0, "Mélèze": 0.0, "NC": 0.0, "NR": 1.0771992818671454, "Peuplier": 0.0, "Pin autre": 0.0, "Pin laricio, pin noir": 0.0, "Pin maritime": 0.0, "Pin sylvestre": 0.0, "Pins mélangés": 0.0, "Robinier": 0.0, "Sapin, épicéa": 0.0, "dynamic_world": null, "water": 0.33341882533983069, "tree": 58.784303667607077, "grass": 0.038471402923826621, "crops": 0.0, "shrub": 0.0, "flooded": 0.0, "built": 31.213131572197998, "bare": 0.0, "snow": 0.0, "sinister": 2.0 }, "geometry": { "type": "Polygon", "coordinates": [ [ [ 2.20078790379195, 48.809823553422497 ], [ 2.186839314961, 48.802996584871202 ], [ 2.189208837276337, 48.790616385094296 ], [ 2.205520097257686, 48.78506447165298 ], [ 2.219464092291543, 48.791890622208342 ], [ 2.217101420777832, 48.804269503810936 ], [ 2.20078790379195, 48.809823553422497 ] ] ] } },
{ "type": "Feature", "properties": { "hex_id": "871fb454affffff", "scale0": 3095, "NDVI": 0.6050490140914917, "NDMI": 0.15678681433200836, "NDBI": -0.15678681433200836, "NDSI": -0.51179307699203491, "NDWI": -0.59087252616882324, "osmnx": null, "PasDeRoute": 97.126509853782579, "motorway": 0.0, "primary": 0.0, "secondary": 0.78830260648442463, "tertiary": 0.0, "path": 2.0851875397329942, "population": 234.99896585779595, "elevation": 53.712661743164062, "foret_encoder": 0.0, "highway_encoder": 0.0, "foret": null, "PasDeforet": 72.333121424030509, "Châtaignier": 2.4030514939605849, "Chênes décidus": 0.0, "Conifères": 0.0, "Douglas": 0.0, "Feuillus": 14.952320406865862, "Hêtre": 0.0, "Mixte": 0.0, "Mélèze": 0.0, "NC": 10.311506675143038, "NR": 0.0, "Peuplier": 0.0, "Pin autre": 0.0, "Pin laricio, pin noir": 0.0, "Pin maritime": 0.0, "Pin sylvestre": 0.0, "Pins mélangés": 0.0, "Robinier": 0.0, "Sapin, épicéa": 0.0, "dynamic_world": null, "water": 0.77558804831532102, "tree": 29.523204068658615, "grass": 2.5556261919898282, "crops": 0.5975842339478703, "shrub": 25.200254291163382, "flooded": 0.94087730451366813, "built": 12.129688493324856, "bare": 5.2765416401780039, "snow": 0.0, "sinister": 2.0 }, "geometry": { "type": "Polygon", "coordinates": [ [ [ 1.773832587350801, 49.034815905834741 ], [ 1.759822132182053, 49.027949050055653 ], [ 1.762298322205403, 49.01556858615433 ], [ 1.778778031900932, 49.010056249978312 ], [ 1.792783923473472, 49.016922253960821 ], [ 1.790314668623592, 49.029301445513632 ], [ 1.773832587350801, 49.034815905834741 ] ] ] } },
{ "type": "Feature", "properties": { "hex_id": "871fb448cffffff", "scale0": 3096, "NDVI": 0.4400867223739624, "NDMI": -0.0060704797506332397, "NDBI": 0.0060704797506332397, "NDSI": -0.50463157892227173, "NDWI": -0.48238131403923035, "osmnx": null, "PasDeRoute": 96.925813008130078, "motorway": 0.0, "primary": 1.7403455284552845, "secondary": 0.0, "tertiary": 0.26676829268292684, "path": 1.0670731707317074, "population": 27.000233212023247, "elevation": 23.408302307128906, "foret_encoder": 0.0, "highway_encoder": 0.0, "foret": null, "PasDeforet": 91.412601626016269, "Châtaignier": 0.0, "Chênes décidus": 0.025406504065040653, "Conifères": 0.0, "Douglas": 0.0, "Feuillus": 1.7657520325203253, "Hêtre": 0.0, "Mixte": 0.0, "Mélèze": 0.0, "NC": 0.0, "NR": 1.8165650406504066, "Peuplier": 4.9796747967479673, "Pin autre": 0.0, "Pin laricio, pin noir": 0.0, "Pin maritime": 0.0, "Pin sylvestre": 0.0, "Pins mélangés": 0.0, "Robinier": 0.0, "Sapin, épicéa": 0.0, "dynamic_world": null, "water": 0.0, "tree": 1.092479674796748, "grass": 1.4608739837398375, "crops": 0.8892276422764227, "shrub": 32.914126016260163, "flooded": 0.44461382113821135, "built": 9.4385162601626025, "bare": 0.0, "snow": 0.0, "sinister": 7.0 }, "geometry": { "type": "Polygon", "coordinates": [ [ [ 1.605401342608269, 48.802031008695344 ], [ 1.591441247828259, 48.795111348239885 ], [ 1.593946395142265, 48.782707208254429 ], [ 1.610404742506342, 48.777223992366821 ], [ 1.624360334509968, 48.784142785935444 ], [ 1.62186208162401, 48.796545661877538 ], [ 1.605401342608269, 48.802031008695344 ] ] ] } },
{ "type": "Feature", "properties": { "hex_id": "871fb4433ffffff", "scale0": 3097, "NDVI": 0.43159717321395874, "NDMI": -0.013366837054491043, "NDBI": 0.013366837054491043, "NDSI": -0.50968253612518311, "NDWI": -0.48120176792144775, "osmnx": null, "PasDeRoute": 97.23033921992122, "motorway": 0.0, "primary": 0.0, "secondary": 1.5499936475670182, "tertiary": 1.2196671325117521, "path": 0.0, "population": 503.99803300970302, "elevation": 18.371313095092773, "foret_encoder": 0.0, "highway_encoder": 0.0, "foret": null, "PasDeforet": 83.14064286621776, "Châtaignier": 0.0, "Chênes décidus": 0.0, "Conifères": 0.0, "Douglas": 0.0, "Feuillus": 16.17329437174438, "Hêtre": 0.0, "Mixte": 0.0, "Mélèze": 0.0, "NC": 0.68606276203786043, "NR": 0.0, "Peuplier": 0.0, "Pin autre": 0.0, "Pin laricio, pin noir": 0.0, "Pin maritime": 0.0, "Pin sylvestre": 0.0, "Pins mélangés": 0.0, "Robinier": 0.0, "Sapin, épicéa": 0.0, "dynamic_world": null, "water": 0.0, "tree": 16.973700927455216, "grass": 2.42662939905984, "crops": 1.0036844111294625, "shrub": 53.360437047389155, "flooded": 0.20327785541862531, "built": 5.4885020963028834, "bare": 0.0, "snow": 0.0, "sinister": 0.0 }, "geometry": { "type": "Polygon", "coordinates": [ [ [ 1.563812839230138, 48.931502841936116 ], [ 1.549822026364754, 48.924591674302313 ], [ 1.552342068654433, 48.912195521918683 ], [ 1.568845996493135, 48.906711793022325 ], [ 1.582832293731638, 48.91362209114142 ], [ 1.580319178458832, 48.92601698726741 ], [ 1.563812839230138, 48.931502841936116 ] ] ] } },
{ "type": "Feature", "properties": { "hex_id": "871fb6a02ffffff", "scale0": 3098, "NDVI": 0.37734740972518921, "NDMI": -0.023788705468177795, "NDBI": 0.023788705468177795, "NDSI": -0.46977055072784424, "NDWI": -0.4407515823841095, "osmnx": null, "PasDeRoute": 95.574315681760041, "motorway": 2.1360961882834486, "primary": 0.61396776669224862, "secondary": 0.31977487848554614, "tertiary": 1.3558454847787158, "path": 0.0, "population": 6.0001154281731202, "elevation": 18.881290435791016, "foret_encoder": 0.0, "highway_encoder": 0.0, "foret": null, "PasDeforet": 92.044001023279606, "Châtaignier": 0.0, "Chênes décidus": 3.7349705807111793, "Conifères": 0.0, "Douglas": 0.0, "Feuillus": 2.3919160910718853, "Hêtre": 0.0, "Mixte": 0.0, "Mélèze": 0.0, "NC": 0.0, "NR": 0.0, "Peuplier": 1.8291123049373241, "Pin autre": 0.0, "Pin laricio, pin noir": 0.0, "Pin maritime": 0.0, "Pin sylvestre": 0.0, "Pins mélangés": 0.0, "Robinier": 0.0, "Sapin, épicéa": 0.0, "dynamic_world": null, "water": 0.0, "tree": 9.9513942184701971, "grass": 5.7815298030186746, "crops": 0.84420567920184197, "shrub": 65.003837298541825, "flooded": 0.025581990278843697, "built": 1.8802762854950115, "bare": 0.012790995139421849, "snow": 0.0, "sinister": 1.0 }, "geometry": { "type": "Polygon", "coordinates": [ [ [ 1.797579696460425, 48.529261653200955 ], [ 1.78368612626558, 48.522340393568292 ], [ 1.786136327423688, 48.509923991487703 ], [ 1.802473279766279, 48.504430138480906 ], [ 1.816362358274647, 48.511350545038461 ], [ 1.813918975809365, 48.523765657285502 ], [ 1.797579696460425, 48.529261653200955 ] ] ] } },
{ "type": "Feature", "properties": { "hex_id": "871fb4429ffffff", "scale0": 3099, "NDVI": 0.52275323867797852, "NDMI": 0.075702302157878876, "NDBI": -0.075702302157878876, "NDSI": -0.47989767789840698, "NDWI": -0.51907968521118164, "osmnx": null, "PasDeRoute": 95.761421319796952, "motorway": 0.0, "primary": 0.0, "secondary": 0.0, "tertiary": 1.4467005076142132, "path": 2.7918781725888326, "population": 239.00772897624503, "elevation": 40.456066131591797, "foret_encoder": 0.0, "highway_encoder": 0.0, "foret": null, "PasDeforet": 77.715736040609144, "Châtaignier": 0.0, "Chênes décidus": 0.0, "Conifères": 0.0, "Douglas": 0.0, "Feuillus": 20.964467005076141, "Hêtre": 0.0, "Mixte": 0.0, "Mélèze": 0.0, "NC": 1.3197969543147208, "NR": 0.0, "Peuplier": 0.0, "Pin autre": 0.0, "Pin laricio, pin noir": 0.0, "Pin maritime": 0.0, "Pin sylvestre": 0.0, "Pins mélangés": 0.0, "Robinier": 0.0, "Sapin, épicéa": 0.0, "dynamic_world": null, "water": 0.0, "tree": 22.195431472081218, "grass": 0.46954314720812185, "crops": 0.34263959390862947, "shrub": 40.913705583756347, "flooded": 0.52030456852791873, "built": 17.411167512690355, "bare": 0.0, "snow": 0.0, "sinister": 17.0 }, "geometry": { "type": "Polygon", "coordinates": [ [ [ 1.708768041835858, 48.975681922659057 ], [ 1.694769947823022, 48.968798196781961 ], [ 1.697258613585605, 48.956410829876937 ], [ 1.7137384465892, 48.950908456669048 ], [ 1.727731995941331, 48.957791325107202 ], [ 1.725250256635246, 48.970177423789814 ], [ 1.708768041835858, 48.975681922659057 ] ] ] } },
{ "type": "Feature", "properties": { "hex_id": "871fb471affffff", "scale0": 3100, "NDVI": 0.68876862525939941, "NDMI": 0.20516030490398407, "NDBI": -0.20516030490398407, "NDSI": -0.54393190145492554, "NDWI": -0.65642386674880981, "osmnx": null, "PasDeRoute": 88.627350646027892, "motorway": 1.8677241908660613, "primary": 0.0, "secondary": 0.0, "tertiary": 1.8037610336446206, "path": 7.7011641294614295, "population": 918.99630629846035, "elevation": 47.141185760498047, "foret_encoder": 1.0, "highway_encoder": 0.0, "foret": null, "PasDeforet": 30.16502494563132, "Châtaignier": 47.243187923755919, "Chênes décidus": 13.112447230395292, "Conifères": 0.0, "Douglas": 0.0, "Feuillus": 7.9314314954586154, "Hêtre": 0.0, "Mixte": 0.0, "Mélèze": 0.0, "NC": 0.0, "NR": 1.5479084047588587, "Peuplier": 0.0, "Pin autre": 0.0, "Pin laricio, pin noir": 0.0, "Pin maritime": 0.0, "Pin sylvestre": 0.0, "Pins mélangés": 0.0, "Robinier": 0.0, "Sapin, épicéa": 0.0, "dynamic_world": null, "water": 0.0, "tree": 74.708967634642448, "grass": 0.0, "crops": 0.0, "shrub": 0.0, "flooded": 0.0, "built": 22.642957656389921, "bare": 0.0, "snow": 0.0, "sinister": 4.0 }, "geometry": { "type": "Polygon", "coordinates": [ [ [ 2.065277936196426, 48.878957352044758 ], [ 2.051310136083074, 48.872117442176886 ], [ 2.053713319641941, 48.859736837905501 ], [ 2.07007742580353, 48.854197446874096 ], [ 2.08404064176844, 48.861036528005592 ], [ 2.081644335369486, 48.873415828510971 ], [ 2.065277936196426, 48.878957352044758 ] ] ] } },
{ "type": "Feature", "properties": { "hex_id": "871fb445affffff", "scale0": 3101, "NDVI": 0.56097894906997681, "NDMI": 0.085630327463150024, "NDBI": -0.085630327463150024, "NDSI": -0.50550824403762817, "NDWI": -0.55184406042098999, "osmnx": null, "PasDeRoute": 93.129381771829188, "motorway": 0.0, "primary": 1.4404079031230084, "secondary": 0.73932441045251751, "tertiary": 0.77756532823454427, "path": 3.9133205863607392, "population": 799.9964711958504, "elevation": 36.524684906005859, "foret_encoder": 2.0, "highway_encoder": 0.0, "foret": null, "PasDeforet": 26.921606118546844, "Châtaignier": 0.0, "Chênes décidus": 35.640535372848944, "Conifères": 0.0, "Douglas": 0.0, "Feuillus": 27.380497131931165, "Hêtre": 0.0, "Mixte": 2.6258763543658379, "Mélèze": 0.0, "NC": 0.21669853409815171, "NR": 6.0803059273422564, "Peuplier": 0.0, "Pin autre": 0.0, "Pin laricio, pin noir": 1.1344805608667943, "Pin maritime": 0.0, "Pin sylvestre": 0.0, "Pins mélangés": 0.0, "Robinier": 0.0, "Sapin, épicéa": 0.0, "dynamic_world": null, "water": 0.038240917782026769, "tree": 74.659018483110259, "grass": 3.2249840662842573, "crops": 0.53537284894837467, "shrub": 5.4302103250478009, "flooded": 0.42065009560229444, "built": 8.9866156787762907, "bare": 0.0, "snow": 0.0, "sinister": 7.0 }, "geometry": { "type": "Polygon", "coordinates": [ [ [ 1.852726508688405, 48.869668145261386 ], [ 1.838756035301675, 48.862794385247817 ], [ 1.841207416205218, 48.850404730901147 ], [ 1.857622378775617, 48.844890120844951 ], [ 1.871588301451734, 48.851763034597973 ], [ 1.869143811939419, 48.864151404270039 ], [ 1.852726508688405, 48.869668145261386 ] ] ] } },
{ "type": "Feature", "properties": { "hex_id": "871fb455cffffff", "scale0": 3102, "NDVI": 0.48892694711685181, "NDMI": 0.092605553567409515, "NDBI": -0.092605553567409515, "NDSI": -0.41274866461753845, "NDWI": -0.47122198343276978, "osmnx": null, "PasDeRoute": 94.157988315976638, "motorway": 0.0, "primary": 1.7145034290068579, "secondary": 1.3208026416052832, "tertiary": 1.0033020066040133, "path": 1.8034036068072135, "population": 392.9984876553645, "elevation": 18.218338012695312, "foret_encoder": 0.0, "highway_encoder": 0.0, "foret": null, "PasDeforet": 61.125222250444502, "Châtaignier": 0.0, "Chênes décidus": 2.794005588011176, "Conifères": 0.0, "Douglas": 0.0, "Feuillus": 30.657861315722627, "Hêtre": 0.0, "Mixte": 3.1496062992125982, "Mélèze": 0.0, "NC": 2.2733045466090935, "NR": 0.0, "Peuplier": 0.0, "Pin autre": 0.0, "Pin laricio, pin noir": 0.0, "Pin maritime": 0.0, "Pin sylvestre": 0.0, "Pins mélangés": 0.0, "Robinier": 0.0, "Sapin, épicéa": 0.0, "dynamic_world": null, "water": 2.9464058928117853, "tree": 29.38785877571755, "grass": 0.9779019558039117, "crops": 0.39370078740157477, "shrub": 7.8994157988315976, "flooded": 0.99060198120396237, "built": 46.177292354584708, "bare": 0.0, "snow": 0.0, "sinister": 3.0 }, "geometry": { "type": "Polygon", "coordinates": [ [ [ 1.712825373829979, 49.032095486286558 ], [ 1.698814266514473, 49.025218908517296 ], [ 1.701304332809406, 49.012835908178914 ], [ 1.717798566983625, 49.00733075204738 ], [ 1.731805120504786, 49.014206473010674 ], [ 1.729321993329414, 49.026588206508109 ], [ 1.712825373829979, 49.032095486286558 ] ] ] } },
{ "type": "Feature", "properties": { "hex_id": "871fb4455ffffff", "scale0": 3103, "NDVI": 0.34934711456298828, "NDMI": -0.05355486273765564, "NDBI": 0.05355486273765564, "NDSI": -0.48615604639053345, "NDWI": -0.4330977201461792, "osmnx": null, "PasDeRoute": 99.286987522281649, "motorway": 0.0, "primary": 0.0, "secondary": 0.0, "tertiary": 0.71301247771836007, "path": 0.0, "population": 37.999865726410867, "elevation": 16.019571304321289, "foret_encoder": 0.0, "highway_encoder": 0.0, "foret": null, "PasDeforet": 92.755283931754519, "Châtaignier": 0.0, "Chênes décidus": 0.98039215686274506, "Conifères": 0.0, "Douglas": 0.0, "Feuillus": 6.2643239113827356, "Hêtre": 0.0, "Mixte": 0.0, "Mélèze": 0.0, "NC": 0.0, "NR": 0.0, "Peuplier": 0.0, "Pin autre": 0.0, "Pin laricio, pin noir": 0.0, "Pin maritime": 0.0, "Pin sylvestre": 0.0, "Pins mélangés": 0.0, "Robinier": 0.0, "Sapin, épicéa": 0.0, "dynamic_world": null, "water": 0.0, "tree": 6.875477463712758, "grass": 0.31830914183855363, "crops": 0.012732365673542143, "shrub": 84.071810542398779, "flooded": 0.025464731347084286, "built": 0.38197097020626436, "bare": 0.0, "snow": 0.0, "sinister": 3.0 }, "geometry": { "type": "Polygon", "coordinates": [ [ [ 1.796053287548112, 48.923371388126299 ], [ 1.782069163101978, 48.916495080679965 ], [ 1.78453569365224, 48.904107185373007 ], [ 1.800979440390898, 48.898596874952268 ], [ 1.814959014670145, 48.90547233181011 ], [ 1.812499392054016, 48.917858949277438 ], [ 1.796053287548112, 48.923371388126299 ] ] ] } },
{ "type": "Feature", "properties": { "hex_id": "871fb4620ffffff", "scale0": 3104, "NDVI": 0.68647980690002441, "NDMI": 0.2229706197977066, "NDBI": -0.2229706197977066, "NDSI": -0.50788646936416626, "NDWI": -0.64226067066192627, "osmnx": null, "PasDeRoute": 93.582682208274619, "motorway": 0.0, "primary": 0.81977712309465856, "secondary": 0.8069681055463046, "tertiary": 2.5489944921224543, "path": 2.2415780709619573, "population": 3269.0077383989537, "elevation": 48.453590393066406, "foret_encoder": 0.0, "highway_encoder": 0.0, "foret": null, "PasDeforet": 86.191879082874351, "Châtaignier": 0.0, "Chênes décidus": 3.4071986678621746, "Conifères": 0.0, "Douglas": 0.0, "Feuillus": 10.400922249263482, "Hêtre": 0.0, "Mixte": 0.0, "Mélèze": 0.0, "NC": 0.0, "NR": 0.0, "Peuplier": 0.0, "Pin autre": 0.0, "Pin laricio, pin noir": 0.0, "Pin maritime": 0.0, "Pin sylvestre": 0.0, "Pins mélangés": 0.0, "Robinier": 0.0, "Sapin, épicéa": 0.0, "dynamic_world": null, "water": 1.6651722812860252, "tree": 34.968617907006532, "grass": 0.26898936851543487, "crops": 0.05123607019341616, "shrub": 0.064045087741770201, "flooded": 0.02561803509670808, "built": 49.429998719098243, "bare": 0.0, "snow": 0.0, "sinister": 3.0 }, "geometry": { "type": "Polygon", "coordinates": [ [ [ 2.156256121919202, 48.882812985856667 ], [ 2.142289588739007, 48.875987555775062 ], [ 2.144672147056102, 48.863610870947028 ], [ 2.161014367292666, 48.858060927713943 ], [ 2.174976302170196, 48.864885536585014 ], [ 2.172600614753769, 48.877260909507434 ], [ 2.156256121919202, 48.882812985856667 ] ] ] } },
{ "type": "Feature", "properties": { "hex_id": "871fb4735ffffff", "scale0": 3105, "NDVI": 0.54735332727432251, "NDMI": 0.11948667466640472, "NDBI": -0.11948667466640472, "NDSI": -0.44162565469741821, "NDWI": -0.51504725217819214, "osmnx": null, "PasDeRoute": 93.478815722307303, "motorway": 0.0, "primary": 1.9908116385911179, "secondary": 0.4466564573762124, "tertiary": 2.1567126084737112, "path": 1.9270035732516591, "population": 1286.9971637648894, "elevation": 24.826553344726562, "foret_encoder": 0.0, "highway_encoder": 0.0, "foret": null, "PasDeforet": 78.611536498213368, "Châtaignier": 0.0, "Chênes décidus": 8.74170495150587, "Conifères": 0.0, "Douglas": 0.0, "Feuillus": 12.646758550280756, "Hêtre": 0.0, "Mixte": 0.0, "Mélèze": 0.0, "NC": 0.0, "NR": 0.0, "Peuplier": 0.0, "Pin autre": 0.0, "Pin laricio, pin noir": 0.0, "Pin maritime": 0.0, "Pin sylvestre": 0.0, "Pins mélangés": 0.0, "Robinier": 0.0, "Sapin, épicéa": 0.0, "dynamic_world": null, "water": 3.662582950484941, "tree": 17.993874425727412, "grass": 1.3782542113323124, "crops": 0.75293517100561513, "shrub": 20.022970903522204, "flooded": 0.29351710056151098, "built": 23.392036753445637, "bare": 0.0, "snow": 0.0, "sinister": 28.0 }, "geometry": { "type": "Polygon", "coordinates": [ [ [ 1.982813848349711, 48.987747814394552 ], [ 1.968818931148711, 48.980907745318724 ], [ 1.971245330300169, 48.968531891301595 ], [ 1.987659737889299, 48.962997398864772 ], [ 2.001650066801839, 48.969836633050356 ], [ 1.999230576069639, 48.982211194165508 ], [ 1.982813848349711, 48.987747814394552 ] ] ] } },
{ "type": "Feature", "properties": { "hex_id": "871fb4436ffffff", "scale0": 3106, "NDVI": 0.39870840311050415, "NDMI": -0.043611526489257812, "NDBI": 0.043611526489257812, "NDSI": -0.5096975564956665, "NDWI": -0.46102544665336609, "osmnx": null, "PasDeRoute": 99.707676664972027, "motorway": 0.0, "primary": 0.0, "secondary": 0.26690391459074736, "tertiary": 0.02541942043721403, "path": 0.0, "population": 41.999952886459958, "elevation": 13.42192554473877, "foret_encoder": 0.0, "highway_encoder": 0.0, "foret": null, "PasDeforet": 95.653279105236393, "Châtaignier": 0.0, "Chênes décidus": 0.0, "Conifères": 0.0, "Douglas": 0.0, "Feuillus": 4.1814946619217075, "Hêtre": 0.0, "Mixte": 0.0, "Mélèze": 0.0, "NC": 0.0, "NR": 0.0, "Peuplier": 0.16522623284189122, "Pin autre": 0.0, "Pin laricio, pin noir": 0.0, "Pin maritime": 0.0, "Pin sylvestre": 0.0, "Pins mélangés": 0.0, "Robinier": 0.0, "Sapin, épicéa": 0.0, "dynamic_world": null, "water": 0.0, "tree": 4.397559735638028, "grass": 1.0803253685815963, "crops": 1.4870360955770208, "shrub": 68.784951703101171, "flooded": 2.1225216065073713, "built": 4.1814946619217075, "bare": 0.0, "snow": 0.0, "sinister": 4.0 }, "geometry": { "type": "Polygon", "coordinates": [ [ [ 1.514260160181428, 48.947950213009442 ], [ 1.50026456425539, 48.941033306542494 ], [ 1.502796649023233, 48.928636517935075 ], [ 1.519317395031517, 48.923157886571538 ], [ 1.533308480582898, 48.930073919579542 ], [ 1.530783330206143, 48.942469457004634 ], [ 1.514260160181428, 48.947950213009442 ] ] ] } },
{ "type": "Feature", "properties": { "hex_id": "871fb6ae0ffffff", "scale0": 3107, "NDVI": 0.54592257738113403, "NDMI": 0.096593759953975677, "NDBI": -0.096593759953975677, "NDSI": -0.50342428684234619, "NDWI": -0.54979950189590454, "osmnx": null, "PasDeRoute": 98.695485356183653, "motorway": 0.076736155518608518, "primary": 0.0, "secondary": 0.0, "tertiary": 1.2277784882977363, "path": 0.0, "population": 51.000527671648555, "elevation": 10.067469596862793, "foret_encoder": 0.0, "highway_encoder": 0.0, "foret": null, "PasDeforet": 99.782580892697283, "Châtaignier": 0.0, "Chênes décidus": 0.0, "Conifères": 0.0, "Douglas": 0.0, "Feuillus": 0.21741910730272412, "Hêtre": 0.0, "Mixte": 0.0, "Mélèze": 0.0, "NC": 0.0, "NR": 0.0, "Peuplier": 0.0, "Pin autre": 0.0, "Pin laricio, pin noir": 0.0, "Pin maritime": 0.0, "Pin sylvestre": 0.0, "Pins mélangés": 0.0, "Robinier": 0.0, "Sapin, épicéa": 0.0, "dynamic_world": null, "water": 0.0, "tree": 0.076736155518608518, "grass": 0.038368077759304259, "crops": 0.063946796265507103, "shrub": 88.272157564905996, "flooded": 0.17905102954341987, "built": 2.5450824913671828, "bare": 0.0, "snow": 0.0, "sinister": 0.0 }, "geometry": { "type": "Polygon", "coordinates": [ [ [ 1.914257950107431, 48.478341796350961 ], [ 1.900378570008793, 48.471432713968454 ], [ 1.902800214721119, 48.459017323402904 ], [ 1.919094440670972, 48.453512316831038 ], [ 1.932969319125026, 48.460420555289268 ], [ 1.930554472945243, 48.472834643854362 ], [ 1.914257950107431, 48.478341796350961 ] ] ] } },
{ "type": "Feature", "properties": { "hex_id": "871fb440dffffff", "scale0": 3108, "NDVI": 0.40053969621658325, "NDMI": -0.016708474606275558, "NDBI": 0.016708474606275558, "NDSI": -0.48874828219413757, "NDWI": -0.45951151847839355, "osmnx": null, "PasDeRoute": 97.767064196904343, "motorway": 0.0, "primary": 0.0, "secondary": 0.68510530322253238, "tertiary": 1.5478304998731287, "path": 0.0, "population": 127.99941814778042, "elevation": 19.661386489868164, "foret_encoder": 0.0, "highway_encoder": 0.0, "foret": null, "PasDeforet": 99.441766049226089, "Châtaignier": 0.0, "Chênes décidus": 0.0, "Conifères": 0.0, "Douglas": 0.0, "Feuillus": 0.55823395077391524, "Hêtre": 0.0, "Mixte": 0.0, "Mélèze": 0.0, "NC": 0.0, "NR": 0.0, "Peuplier": 0.0, "Pin autre": 0.0, "Pin laricio, pin noir": 0.0, "Pin maritime": 0.0, "Pin sylvestre": 0.0, "Pins mélangés": 0.0, "Robinier": 0.0, "Sapin, épicéa": 0.0, "dynamic_world": null, "water": 0.0, "tree": 0.63435676224308546, "grass": 0.06343567622430854, "crops": 0.012687135244861711, "shrub": 74.689165186500887, "flooded": 0.27911697538695762, "built": 14.273027150469424, "bare": 0.0, "snow": 0.0, "sinister": 2.0 }, "geometry": { "type": "Polygon", "coordinates": [ [ [ 1.716222030668796, 48.938520484416308 ], [ 1.702232704324425, 48.931633617206877 ], [ 1.704718130688356, 48.919243773734344 ], [ 1.721185965698353, 48.913742067124979 ], [ 1.735170751825827, 48.920628077298794 ], [ 1.732692242844687, 48.933016650716084 ], [ 1.716222030668796, 48.938520484416308 ] ] ] } },
{ "type": "Feature", "properties": { "hex_id": "871fb478dffffff", "scale0": 3109, "NDVI": 0.5823785662651062, "NDMI": 0.13814099133014679, "NDBI": -0.13814099133014679, "NDSI": -0.48206043243408203, "NDWI": -0.56044924259185791, "osmnx": null, "PasDeRoute": 88.421187308085976, "motorway": 1.1770726714431934, "primary": 3.3520982599795293, "secondary": 2.3157625383828044, "tertiary": 2.5460593654042989, "path": 2.1878198567041962, "population": 854.99944406022757, "elevation": 39.061561584472656, "foret_encoder": 0.0, "highway_encoder": 0.0, "foret": null, "PasDeforet": 89.866939611054249, "Châtaignier": 3.0578300921187309, "Chênes décidus": 0.089559877175025587, "Conifères": 0.0, "Douglas": 0.0, "Feuillus": 6.6146366427840331, "Hêtre": 0.0, "Mixte": 0.0, "Mélèze": 0.0, "NC": 0.0, "NR": 0.37103377686796313, "Peuplier": 0.0, "Pin autre": 0.0, "Pin laricio, pin noir": 0.0, "Pin maritime": 0.0, "Pin sylvestre": 0.0, "Pins mélangés": 0.0, "Robinier": 0.0, "Sapin, épicéa": 0.0, "dynamic_world": null, "water": 0.39662231320368474, "tree": 12.487205731832139, "grass": 1.2282497441146365, "crops": 0.26867963152507679, "shrub": 1.573694984646878, "flooded": 0.19191402251791195, "built": 72.658648925281483, "bare": 0.0, "snow": 0.0, "sinister": 36.0 }, "geometry": { "type": "Polygon", "coordinates": [ [ [ 2.060916625885881, 48.822590171372781 ], [ 2.046961745784531, 48.815743096070157 ], [ 2.049363681872604, 48.803358204874826 ], [ 2.065713633028165, 48.797821693683581 ], [ 2.079663938174863, 48.804667939538959 ], [ 2.077268866771393, 48.817051525639933 ], [ 2.060916625885881, 48.822590171372781 ] ] ] } },
{ "type": "Feature", "properties": { "hex_id": "871fb409effffff", "scale0": 3110, "NDVI": 0.58523786067962646, "NDMI": 0.13961206376552582, "NDBI": -0.13961206376552582, "NDSI": -0.46016088128089905, "NDWI": -0.54256212711334229, "osmnx": null, "PasDeRoute": 92.461479689290712, "motorway": 0.0, "primary": 0.30561568827199798, "secondary": 1.6172163504393224, "tertiary": 0.012733987011333249, "path": 5.6029542849866294, "population": 425.00509297367933, "elevation": 8.344818115234375, "foret_encoder": 0.0, "highway_encoder": 0.0, "foret": null, "PasDeforet": 82.694511651598106, "Châtaignier": 0.0, "Chênes décidus": 0.0, "Conifères": 0.0, "Douglas": 0.0, "Feuillus": 17.305488348401884, "Hêtre": 0.0, "Mixte": 0.0, "Mélèze": 0.0, "NC": 0.0, "NR": 0.0, "Peuplier": 0.0, "Pin autre": 0.0, "Pin laricio, pin noir": 0.0, "Pin maritime": 0.0, "Pin sylvestre": 0.0, "Pins mélangés": 0.0, "Robinier": 0.0, "Sapin, épicéa": 0.0, "dynamic_world": null, "water": 6.4943333757799566, "tree": 18.604355023557876, "grass": 3.9220679994906407, "crops": 0.063669935056666238, "shrub": 0.10187189609066599, "flooded": 0.24194575321533174, "built": 61.836240927034261, "bare": 0.0, "snow": 0.0, "sinister": 21.0 }, "geometry": { "type": "Polygon", "coordinates": [ [ [ 1.914650036318828, 49.022252599111205 ], [ 1.900645566935588, 49.015406007385202 ], [ 1.903088971094076, 49.003030049812587 ], [ 1.919529922711456, 48.997501969180213 ], [ 1.933529808885923, 49.004347720599021 ], [ 1.931093326314214, 49.016722392557973 ], [ 1.914650036318828, 49.022252599111205 ] ] ] } },
{ "type": "Feature", "properties": { "hex_id": "871fb442effffff", "scale0": 3111, "NDVI": null, "NDMI": null, "NDBI": null, "NDSI": null, "NDWI": null, "osmnx": null, "PasDeRoute": null, "motorway": null, "primary": null, "secondary": null, "tertiary": null, "path": null, "population": null, "elevation": null, "foret_encoder": null, "highway_encoder": null, "foret": null, "PasDeforet": null, "Châtaignier": null, "Chênes décidus": null, "Conifères": null, "Douglas": null, "Feuillus": null, "Hêtre": null, "Mixte": null, "Mélèze": null, "NC": null, "NR": null, "Peuplier": null, "Pin autre": null, "Pin laricio, pin noir": null, "Pin maritime": null, "Pin sylvestre": null, "Pins mélangés": null, "Robinier": null, "Sapin, épicéa": null, "dynamic_world": null, "water": null, "tree": null, "grass": null, "crops": null, "shrub": null, "flooded": null, "built": null, "bare": null, "snow": null, "sinister": null }, "geometry": { "type": "Polygon", "coordinates": [ [ [ 1.647785382218407, 48.972907828974272 ], [ 1.633786672260834, 48.966014381802374 ], [ 1.636289196774428, 48.953624486723648 ], [ 1.652783500591829, 48.948129301120801 ], [ 1.666777675713516, 48.955021885855246 ], [ 1.664282081544794, 48.967410518226572 ], [ 1.647785382218407, 48.972907828974272 ] ] ] } },
{ "type": "Feature", "properties": { "hex_id": "871fb4626ffffff", "scale0": 3112, "NDVI": 0.66063088178634644, "NDMI": 0.2011265903711319, "NDBI": -0.2011265903711319, "NDSI": -0.49542659521102905, "NDWI": -0.61737900972366333, "osmnx": null, "PasDeRoute": 91.679467485919091, "motorway": 0.0, "primary": 0.46082949308755761, "secondary": 0.15360983102918588, "tertiary": 1.5232974910394266, "path": 6.182795698924731, "population": 2179.0011448590235, "elevation": 53.945575714111328, "foret_encoder": 0.0, "highway_encoder": 0.0, "foret": null, "PasDeforet": 65.232974910394276, "Châtaignier": 8.5765488991295449, "Chênes décidus": 0.0, "Conifères": 0.0, "Douglas": 0.0, "Feuillus": 26.190476190476193, "Hêtre": 0.0, "Mixte": 0.0, "Mélèze": 0.0, "NC": 0.0, "NR": 0.0, "Peuplier": 0.0, "Pin autre": 0.0, "Pin laricio, pin noir": 0.0, "Pin maritime": 0.0, "Pin sylvestre": 0.0, "Pins mélangés": 0.0, "Robinier": 0.0, "Sapin, épicéa": 0.0, "dynamic_world": null, "water": 2.0609318996415773, "tree": 36.674347158218126, "grass": 0.012800819252432157, "crops": 0.012800819252432157, "shrub": 0.025601638504864313, "flooded": 0.025601638504864313, "built": 51.868919610855087, "bare": 0.0, "snow": 0.0, "sinister": 2.0 }, "geometry": { "type": "Polygon", "coordinates": [ [ [ 2.125937787823892, 48.881536119077936 ], [ 2.111970824270267, 48.874705864244568 ], [ 2.114360255585081, 48.862327870221243 ], [ 2.130709777098847, 48.856781439833775 ], [ 2.144672147056102, 48.863610870947028 ], [ 2.142289588739007, 48.875987555775062 ], [ 2.125937787823892, 48.881536119077936 ] ] ] } },
{ "type": "Feature", "properties": { "hex_id": "871fb6b1effffff", "scale0": 3113, "NDVI": null, "NDMI": null, "NDBI": null, "NDSI": null, "NDWI": null, "osmnx": null, "PasDeRoute": null, "motorway": null, "primary": null, "secondary": null, "tertiary": null, "path": null, "population": null, "elevation": null, "foret_encoder": null, "highway_encoder": null, "foret": null, "PasDeforet": null, "Châtaignier": null, "Chênes décidus": null, "Conifères": null, "Douglas": null, "Feuillus": null, "Hêtre": null, "Mixte": null, "Mélèze": null, "NC": null, "NR": null, "Peuplier": null, "Pin autre": null, "Pin laricio, pin noir": null, "Pin maritime": null, "Pin sylvestre": null, "Pins mélangés": null, "Robinier": null, "Sapin, épicéa": null, "dynamic_world": null, "water": null, "tree": null, "grass": null, "crops": null, "shrub": null, "flooded": null, "built": null, "bare": null, "snow": null, "sinister": null }, "geometry": { "type": "Polygon", "coordinates": [ [ [ 1.673138945897053, 48.617348033680628 ], [ 1.659222613251028, 48.610417654022456 ], [ 1.661704713463349, 48.598002700232563 ], [ 1.678096298327556, 48.592519401516796 ], [ 1.692008145142915, 48.59944891858779 ], [ 1.689532892618588, 48.61186259656543 ], [ 1.673138945897053, 48.617348033680628 ] ] ] } },
{ "type": "Feature", "properties": { "hex_id": "871fb451effffff", "scale0": 3114, "NDVI": 0.47340106964111328, "NDMI": 0.019795471802353859, "NDBI": -0.019795471802353859, "NDSI": -0.5238267183303833, "NDWI": -0.51341181993484497, "osmnx": null, "PasDeRoute": 97.832424895424012, "motorway": 0.0, "primary": 0.0, "secondary": 1.7365952592217011, "tertiary": 0.43097984535429079, "path": 0.0, "population": 4.0001578303591634, "elevation": 20.836431503295898, "foret_encoder": 0.0, "highway_encoder": 0.0, "foret": null, "PasDeforet": 77.005957662568136, "Châtaignier": 0.0, "Chênes décidus": 0.0, "Conifères": 0.0, "Douglas": 0.0, "Feuillus": 21.992647990873369, "Hêtre": 0.0, "Mixte": 0.0, "Mélèze": 0.0, "NC": 0.0, "NR": 0.49435923437698059, "Peuplier": 0.50703511218151853, "Pin autre": 0.0, "Pin laricio, pin noir": 0.0, "Pin maritime": 0.0, "Pin sylvestre": 0.0, "Pins mélangés": 0.0, "Robinier": 0.0, "Sapin, épicéa": 0.0, "dynamic_world": null, "water": 0.0, "tree": 9.3674736975535549, "grass": 1.1028013689948029, "crops": 0.38027633413613893, "shrub": 43.085308657624537, "flooded": 0.038027633413613891, "built": 0.32957282291798706, "bare": 0.0, "snow": 0.0, "sinister": 5.0 }, "geometry": { "type": "Polygon", "coordinates": [ [ [ 1.487587628978552, 49.003004775291252 ], [ 1.473578756553677, 48.996090115057996 ], [ 1.476119270799236, 48.983696447730537 ], [ 1.492661708207034, 48.978218687247441 ], [ 1.506666066199727, 48.985132472144997 ], [ 1.504132500924324, 48.997524892454464 ], [ 1.487587628978552, 49.003004775291252 ] ] ] } },
{ "type": "Feature", "properties": { "hex_id": "871fb454dffffff", "scale0": 3115, "NDVI": 0.57048380374908447, "NDMI": 0.091367706656455994, "NDBI": -0.091367706656455994, "NDSI": -0.5290074348449707, "NDWI": -0.57075631618499756, "osmnx": null, "PasDeRoute": 97.355708110856852, "motorway": 0.0, "primary": 0.0, "secondary": 1.4874141876430207, "tertiary": 1.004322400203407, "path": 0.15255530129672007, "population": 223.99920142549621, "elevation": 45.893115997314453, "foret_encoder": 0.0, "highway_encoder": 0.0, "foret": null, "PasDeforet": 81.413679125349603, "Châtaignier": 1.7162471395881007, "Chênes décidus": 0.0, "Conifères": 0.0, "Douglas": 0.0, "Feuillus": 16.120010170353417, "Hêtre": 0.0, "Mixte": 0.61022120518688028, "Mélèze": 0.0, "NC": 0.13984235952199339, "NR": 0.0, "Peuplier": 0.0, "Pin autre": 0.0, "Pin laricio, pin noir": 0.0, "Pin maritime": 0.0, "Pin sylvestre": 0.0, "Pins mélangés": 0.0, "Robinier": 0.0, "Sapin, épicéa": 0.0, "dynamic_world": null, "water": 0.17798118484617342, "tree": 28.718535469107554, "grass": 8.3142639206712428, "crops": 0.92804474955504712, "shrub": 31.261123824052884, "flooded": 0.55936943808797357, "built": 7.2209509280447488, "bare": 0.0, "snow": 0.0, "sinister": 3.0 }, "geometry": { "type": "Polygon", "coordinates": [ [ [ 1.796919375485257, 49.073292869673487 ], [ 1.782900459145394, 49.066434030719506 ], [ 1.785372937151113, 49.054057335033903 ], [ 1.801857388873426, 49.048540751158015 ], [ 1.815871732234564, 49.055398740406268 ], [ 1.813406196525987, 49.067774162833544 ], [ 1.796919375485257, 49.073292869673487 ] ] ] } },
{ "type": "Feature", "properties": { "hex_id": "871fb44f2ffffff", "scale0": 3116, "NDVI": null, "NDMI": null, "NDBI": null, "NDSI": null, "NDWI": null, "osmnx": null, "PasDeRoute": null, "motorway": null, "primary": null, "secondary": null, "tertiary": null, "path": null, "population": null, "elevation": null, "foret_encoder": null, "highway_encoder": null, "foret": null, "PasDeforet": null, "Châtaignier": null, "Chênes décidus": null, "Conifères": null, "Douglas": null, "Feuillus": null, "Hêtre": null, "Mixte": null, "Mélèze": null, "NC": null, "NR": null, "Peuplier": null, "Pin autre": null, "Pin laricio, pin noir": null, "Pin maritime": null, "Pin sylvestre": null, "Pins mélangés": null, "Robinier": null, "Sapin, épicéa": null, "dynamic_world": null, "water": null, "tree": null, "grass": null, "crops": null, "shrub": null, "flooded": null, "built": null, "bare": null, "snow": null, "sinister": null }, "geometry": { "type": "Polygon", "coordinates": [ [ [ 1.666234939435718, 48.804881498474927 ], [ 1.652275434448401, 48.797971539156748 ], [ 1.654766794813725, 48.785569930014219 ], [ 1.671210769255684, 48.780079549343014 ], [ 1.685165761691201, 48.786988646751894 ], [ 1.682681291928277, 48.799388986341377 ], [ 1.666234939435718, 48.804881498474927 ] ] ] } },
{ "type": "Feature", "properties": { "hex_id": "871fb44cbffffff", "scale0": 3117, "NDVI": 0.62648963928222656, "NDMI": 0.13960637152194977, "NDBI": -0.13960637152194977, "NDSI": -0.54441338777542114, "NDWI": -0.6140449047088623, "osmnx": null, "PasDeRoute": 92.497129003445195, "motorway": 0.0, "primary": 0.0, "secondary": 0.089319892816128621, "tertiary": 3.1134362638764834, "path": 4.300114839862192, "population": 28.9999010615659, "elevation": 45.936332702636719, "foret_encoder": 0.0, "highway_encoder": 0.0, "foret": null, "PasDeforet": 54.268214878142153, "Châtaignier": 14.201862957764449, "Chênes décidus": 0.0, "Conifères": 0.0, "Douglas": 0.0, "Feuillus": 31.529922164093406, "Hêtre": 0.0, "Mixte": 0.0, "Mélèze": 0.0, "NC": 0.0, "NR": 0.0, "Peuplier": 0.0, "Pin autre": 0.0, "Pin laricio, pin noir": 0.0, "Pin maritime": 0.0, "Pin sylvestre": 0.0, "Pins mélangés": 0.0, "Robinier": 0.0, "Sapin, épicéa": 0.0, "dynamic_world": null, "water": 0.0, "tree": 53.502615796861043, "grass": 2.7689166772999876, "crops": 1.2504784994258007, "shrub": 16.817659818808217, "flooded": 1.6205180553783334, "built": 18.157458211050148, "bare": 0.0, "snow": 0.0, "sinister": 2.0 }, "geometry": { "type": "Polygon", "coordinates": [ [ [ 1.855893418585756, 48.776049752650032 ], [ 1.841944604158899, 48.769165712764504 ], [ 1.844391470090485, 48.756769338426146 ], [ 1.860780280249084, 48.751258291392254 ], [ 1.874724557538587, 48.758141484693091 ], [ 1.872284561479427, 48.77053657121661 ], [ 1.855893418585756, 48.776049752650032 ] ] ] } },
{ "type": "Feature", "properties": { "hex_id": "871fb44eeffffff", "scale0": 3118, "NDVI": 0.41920134425163269, "NDMI": 0.0047109178267419338, "NDBI": -0.0047109178267419338, "NDSI": -0.48328757286071777, "NDWI": -0.47129559516906738, "osmnx": null, "PasDeRoute": 98.469973224531429, "motorway": 0.0, "primary": 0.0, "secondary": 1.1602703047303329, "tertiary": 0.051000892515619019, "path": 0.31875557822261891, "population": 15.000289748271303, "elevation": 15.780828475952148, "foret_encoder": 0.0, "highway_encoder": 0.0, "foret": null, "PasDeforet": 97.296952696672193, "Châtaignier": 0.0, "Chênes décidus": 1.3387734285349995, "Conifères": 0.0, "Douglas": 0.0, "Feuillus": 1.3642738747928089, "Hêtre": 0.0, "Mixte": 0.0, "Mélèze": 0.0, "NC": 0.0, "NR": 0.0, "Peuplier": 0.0, "Pin autre": 0.0, "Pin laricio, pin noir": 0.0, "Pin maritime": 0.0, "Pin sylvestre": 0.0, "Pins mélangés": 0.0, "Robinier": 0.0, "Sapin, épicéa": 0.0, "dynamic_world": null, "water": 0.0, "tree": 4.8705852352416166, "grass": 0.3825066938671427, "crops": 0.54825959454290452, "shrub": 74.627055973479543, "flooded": 0.42075736325385693, "built": 9.282162437842663, "bare": 0.0, "snow": 0.0, "sinister": 2.0 }, "geometry": { "type": "Polygon", "coordinates": [ [ [ 1.780422874525782, 48.847662920887338 ], [ 1.766455913341257, 48.8407754803467 ], [ 1.768922927033173, 48.828381403584821 ], [ 1.785350009755296, 48.822876045694777 ], [ 1.799312434534071, 48.829762633919408 ], [ 1.796852312675707, 48.842155431951497 ], [ 1.780422874525782, 48.847662920887338 ] ] ] } },
{ "type": "Feature", "properties": { "hex_id": "871fb4412ffffff", "scale0": 3119, "NDVI": 0.58606481552124023, "NDMI": 0.10088347643613815, "NDBI": -0.10088347643613815, "NDSI": -0.55898195505142212, "NDWI": -0.59639477729797363, "osmnx": null, "PasDeRoute": 98.820694902358611, "motorway": 0.0, "primary": 0.0, "secondary": 0.0, "tertiary": 0.79888409840223173, "path": 0.38042099923915801, "population": 62.999858659379861, "elevation": 20.762430191040039, "foret_encoder": 0.0, "highway_encoder": 0.0, "foret": null, "PasDeforet": 86.748668526502655, "Châtaignier": 0.45650519908698961, "Chênes décidus": 1.1539436976921125, "Conifères": 0.0, "Douglas": 0.0, "Feuillus": 10.727872178544255, "Hêtre": 0.0, "Mixte": 0.91301039817397922, "Mélèze": 0.0, "NC": 0.0, "NR": 0.0, "Peuplier": 0.0, "Pin autre": 0.0, "Pin laricio, pin noir": 0.0, "Pin maritime": 0.0, "Pin sylvestre": 0.0, "Pins mélangés": 0.0, "Robinier": 0.0, "Sapin, épicéa": 0.0, "dynamic_world": null, "water": 0.0, "tree": 8.0776058838447877, "grass": 1.6992137966015723, "crops": 0.77352269845295463, "shrub": 33.045904133908195, "flooded": 0.24093329951813341, "built": 5.1103220897793555, "bare": 0.0, "snow": 0.0, "sinister": 0.0 }, "geometry": { "type": "Polygon", "coordinates": [ [ [ 1.55989563720317, 48.875002111640342 ], [ 1.545917805215328, 48.86808383065484 ], [ 1.548436389609292, 48.855683340567161 ], [ 1.564925891313486, 48.850202388691862 ], [ 1.57889921670608, 48.857119799521698 ], [ 1.576387546691491, 48.869519031979301 ], [ 1.55989563720317, 48.875002111640342 ] ] ] } },
{ "type": "Feature", "properties": { "hex_id": "871fb4483ffffff", "scale0": 3120, "NDVI": 0.43724542856216431, "NDMI": -0.0080886110663414001, "NDBI": 0.0080886110663414001, "NDSI": -0.51413404941558838, "NDWI": -0.49075222015380859, "osmnx": null, "PasDeRoute": 98.93102570628659, "motorway": 0.0, "primary": 0.0, "secondary": 0.82718248918299819, "tertiary": 0.24179180453041488, "path": 0.0, "population": 87.999828035578844, "elevation": 15.744375228881836, "foret_encoder": 0.0, "highway_encoder": 0.0, "foret": null, "PasDeforet": 99.567319928735046, "Châtaignier": 0.0, "Chênes décidus": 0.0, "Conifères": 0.0, "Douglas": 0.0, "Feuillus": 0.43268007126495295, "Hêtre": 0.0, "Mixte": 0.0, "Mélèze": 0.0, "NC": 0.0, "NR": 0.0, "Peuplier": 0.0, "Pin autre": 0.0, "Pin laricio, pin noir": 0.0, "Pin maritime": 0.0, "Pin sylvestre": 0.0, "Pins mélangés": 0.0, "Robinier": 0.0, "Sapin, épicéa": 0.0, "dynamic_world": null, "water": 0.0, "tree": 1.0435225248154747, "grass": 0.13998472893866123, "crops": 0.19088826673453804, "shrub": 93.458895393229838, "flooded": 0.038177653346907613, "built": 0.15271061338763045, "bare": 0.0, "snow": 0.0, "sinister": 0.0 }, "geometry": { "type": "Polygon", "coordinates": [ [ [ 1.563524991096812, 48.781263190718093 ], [ 1.549568832089018, 48.774334693993666 ], [ 1.552082691083895, 48.761927441357841 ], [ 1.568545816023965, 48.756449945859401 ], [ 1.582497481792282, 48.763377572158205 ], [ 1.579990515562789, 48.775783563979708 ], [ 1.563524991096812, 48.781263190718093 ] ] ] } },
{ "type": "Feature", "properties": { "hex_id": "871fb6a06ffffff", "scale0": 3121, "NDVI": 0.54567927122116089, "NDMI": 0.081429697573184967, "NDBI": -0.081429697573184967, "NDSI": -0.52106696367263794, "NDWI": -0.55683284997940063, "osmnx": null, "PasDeRoute": 98.671266130062605, "motorway": 0.0, "primary": 0.0, "secondary": 0.0, "tertiary": 0.99655040245304716, "path": 0.33218346748434907, "population": 12.000270902855281, "elevation": 23.368396759033203, "foret_encoder": 0.0, "highway_encoder": 0.0, "foret": null, "PasDeforet": 74.15357097227546, "Châtaignier": 0.0, "Chênes décidus": 23.674460201865337, "Conifères": 0.0, "Douglas": 0.0, "Feuillus": 1.9547719432732849, "Hêtre": 0.0, "Mixte": 0.0, "Mélèze": 0.0, "NC": 0.21719688258592054, "NR": 0.0, "Peuplier": 0.0, "Pin autre": 0.0, "Pin laricio, pin noir": 0.0, "Pin maritime": 0.0, "Pin sylvestre": 0.0, "Pins mélangés": 0.0, "Robinier": 0.0, "Sapin, épicéa": 0.0, "dynamic_world": null, "water": 0.0, "tree": 29.794301775903918, "grass": 1.1754184234061582, "crops": 3.8201098760700138, "shrub": 39.325412035262552, "flooded": 0.17886802095311102, "built": 4.8933180017886801, "bare": 0.0, "snow": 0.0, "sinister": 1.0 }, "geometry": { "type": "Polygon", "coordinates": [ [ [ 1.778782553645028, 48.547170837618445 ], [ 1.764884491955544, 48.540248723509158 ], [ 1.767339690476321, 48.527832857888484 ], [ 1.78368612626558, 48.522340393568292 ], [ 1.797579696460425, 48.529261653200955 ], [ 1.795131322044754, 48.541676231237354 ], [ 1.778782553645028, 48.547170837618445 ] ] ] } },
{ "type": "Feature", "properties": { "hex_id": "871fb449dffffff", "scale0": 3122, "NDVI": null, "NDMI": null, "NDBI": null, "NDSI": null, "NDWI": null, "osmnx": null, "PasDeRoute": null, "motorway": null, "primary": null, "secondary": null, "tertiary": null, "path": null, "population": null, "elevation": null, "foret_encoder": null, "highway_encoder": null, "foret": null, "PasDeforet": null, "Châtaignier": null, "Chênes décidus": null, "Conifères": null, "Douglas": null, "Feuillus": null, "Hêtre": null, "Mixte": null, "Mélèze": null, "NC": null, "NR": null, "Peuplier": null, "Pin autre": null, "Pin laricio, pin noir": null, "Pin maritime": null, "Pin sylvestre": null, "Pins mélangés": null, "Robinier": null, "Sapin, épicéa": null, "dynamic_world": null, "water": null, "tree": null, "grass": null, "crops": null, "shrub": null, "flooded": null, "built": null, "bare": null, "snow": null, "sinister": null }, "geometry": { "type": "Polygon", "coordinates": [ [ [ 1.582497481792282, 48.763377572158205 ], [ 1.568545816023965, 48.756449945859401 ], [ 1.571054598705249, 48.744042104581077 ], [ 1.587508159533372, 48.738563152303705 ], [ 1.601455331784802, 48.745489909608672 ], [ 1.598953436426061, 48.757896487784201 ], [ 1.582497481792282, 48.763377572158205 ] ] ] } },
{ "type": "Feature", "properties": { "hex_id": "871fb47aeffffff", "scale0": 3123, "NDVI": 0.49919888377189636, "NDMI": 0.05131307989358902, "NDBI": -0.05131307989358902, "NDSI": -0.49381226301193237, "NDWI": -0.51740944385528564, "osmnx": null, "PasDeRoute": 93.853820598006649, "motorway": 0.0, "primary": 1.6866854076156401, "secondary": 1.8911321236902632, "tertiary": 1.6355737285969845, "path": 0.93278814209046768, "population": 282.99946761699749, "elevation": 25.525968551635742, "foret_encoder": 0.0, "highway_encoder": 0.0, "foret": null, "PasDeforet": 97.291081012011247, "Châtaignier": 0.0, "Chênes décidus": 0.0, "Conifères": 0.0, "Douglas": 0.0, "Feuillus": 0.57500638895987732, "Hêtre": 0.0, "Mixte": 2.1339125990288781, "Mélèze": 0.0, "NC": 0.0, "NR": 0.0, "Peuplier": 0.0, "Pin autre": 0.0, "Pin laricio, pin noir": 0.0, "Pin maritime": 0.0, "Pin sylvestre": 0.0, "Pins mélangés": 0.0, "Robinier": 0.0, "Sapin, épicéa": 0.0, "dynamic_world": null, "water": 0.23000255558395091, "tree": 4.1911576795297725, "grass": 1.3544594939943777, "crops": 0.74111934577050853, "shrub": 33.861487349859445, "flooded": 0.11500127779197546, "built": 40.761564017377971, "bare": 0.0, "snow": 0.0, "sinister": 4.0 }, "geometry": { "type": "Polygon", "coordinates": [ [ [ 1.993035606724494, 48.857112388511887 ], [ 1.979071182231058, 48.85025881859643 ], [ 1.981489994905485, 48.837873750420911 ], [ 1.997866353936301, 48.832343549628924 ], [ 2.011826208421929, 48.839196284727876 ], [ 2.009414273541637, 48.851580055040486 ], [ 1.993035606724494, 48.857112388511887 ] ] ] } },
{ "type": "Feature", "properties": { "hex_id": "871fb6b26ffffff", "scale0": 3124, "NDVI": 0.70408087968826294, "NDMI": 0.19136132299900055, "NDBI": -0.19136132299900055, "NDSI": -0.57419288158416748, "NDWI": -0.67385786771774292, "osmnx": null, "PasDeRoute": 98.105530832803552, "motorway": 0.0, "primary": 0.0, "secondary": 1.7673235855054037, "tertiary": 0.0, "path": 0.12714558169103624, "population": 87.99983510260985, "elevation": 42.308933258056641, "foret_encoder": 0.0, "highway_encoder": 0.0, "foret": null, "PasDeforet": 48.645899554990464, "Châtaignier": 0.012714558169103624, "Chênes décidus": 9.1163382072472992, "Conifères": 0.0, "Douglas": 0.0, "Feuillus": 39.02097902097902, "Hêtre": 0.0, "Mixte": 0.0, "Mélèze": 0.0, "NC": 0.0, "NR": 0.0, "Peuplier": 0.0, "Pin autre": 0.0, "Pin laricio, pin noir": 1.118881118881119, "Pin maritime": 2.0851875397329942, "Pin sylvestre": 0.0, "Pins mélangés": 0.0, "Robinier": 0.0, "Sapin, épicéa": 0.0, "dynamic_world": null, "water": 0.0, "tree": 54.672600127145579, "grass": 3.5727908455181181, "crops": 0.10171646535282899, "shrub": 25.238397965670696, "flooded": 0.012714558169103624, "built": 0.44500953591862685, "bare": 0.0, "snow": 0.0, "sinister": 3.0 }, "geometry": { "type": "Polygon", "coordinates": [ [ [ 1.620398553868564, 48.727600212893577 ], [ 1.606455875403849, 48.720674323152998 ], [ 1.608954525049612, 48.708265317184527 ], [ 1.625388976415073, 48.702783468227452 ], [ 1.639327160830814, 48.709708491830725 ], [ 1.636835387627727, 48.722116230129075 ], [ 1.620398553868564, 48.727600212893577 ] ] ] } },
{ "type": "Feature", "properties": { "hex_id": "871fb4431ffffff", "scale0": 3125, "NDVI": 0.40620285272598267, "NDMI": -0.028045022860169411, "NDBI": 0.028045022860169411, "NDSI": -0.50161027908325195, "NDWI": -0.46506693959236145, "osmnx": null, "PasDeRoute": 98.616926785940876, "motorway": 0.0, "primary": 1.3830732140591295, "secondary": 0.0, "tertiary": 0.0, "path": 0.0, "population": 19.999936396720937, "elevation": 19.301870346069336, "foret_encoder": 0.0, "highway_encoder": 0.0, "foret": null, "PasDeforet": 95.292475574165707, "Châtaignier": 0.0, "Chênes décidus": 0.0, "Conifères": 0.0, "Douglas": 0.0, "Feuillus": 4.7075244258342845, "Hêtre": 0.0, "Mixte": 0.0, "Mélèze": 0.0, "NC": 0.0, "NR": 0.0, "Peuplier": 0.0, "Pin autre": 0.0, "Pin laricio, pin noir": 0.0, "Pin maritime": 0.0, "Pin sylvestre": 0.0, "Pins mélangés": 0.0, "Robinier": 0.0, "Sapin, épicéa": 0.0, "dynamic_world": null, "water": 0.0, "tree": 5.7480015226494094, "grass": 0.10150996066489024, "crops": 0.063443725415556401, "shrub": 78.314934652962819, "flooded": 0.076132470498667684, "built": 9.8464661844943535, "bare": 0.0, "snow": 0.0, "sinister": 1.0 }, "geometry": { "type": "Polygon", "coordinates": [ [ [ 1.575289673613481, 48.950804297896823 ], [ 1.561294621355717, 48.943897125408682 ], [ 1.563812839230138, 48.931502841936116 ], [ 1.580319178458832, 48.92601698726741 ], [ 1.594309710423384, 48.932923291282897 ], [ 1.591798423151494, 48.945316318035424 ], [ 1.575289673613481, 48.950804297896823 ] ] ] } },
{ "type": "Feature", "properties": { "hex_id": "871fb44c0ffffff", "scale0": 3126, "NDVI": 0.711708664894104, "NDMI": 0.22500205039978027, "NDBI": -0.22500205039978027, "NDSI": -0.54333466291427612, "NDWI": -0.66946601867675781, "osmnx": null, "PasDeRoute": 95.662129500063614, "motorway": 0.0, "primary": 0.0, "secondary": 1.0049612008650299, "tertiary": 0.57244625365729551, "path": 2.7604630454140695, "population": 261.00012485088115, "elevation": 49.000228881835938, "foret_encoder": 5.0, "highway_encoder": 0.0, "foret": null, "PasDeforet": 42.424627909935126, "Châtaignier": 6.1060933723444855, "Chênes décidus": 0.0, "Conifères": 0.0, "Douglas": 0.0, "Feuillus": 46.966034855616336, "Hêtre": 0.0, "Mixte": 1.1067294237374381, "Mélèze": 0.0, "NC": 0.0, "NR": 0.0, "Peuplier": 2.4933214603739984, "Pin autre": 0.0, "Pin laricio, pin noir": 0.90319297799262188, "Pin maritime": 0.0, "Pin sylvestre": 0.0, "Pins mélangés": 0.0, "Robinier": 0.0, "Sapin, épicéa": 0.0, "dynamic_world": null, "water": 0.4706780307848874, "tree": 67.841241572319049, "grass": 5.0502480600432511, "crops": 0.77598269940211173, "shrub": 9.0064877242081156, "flooded": 0.43251494720773437, "built": 4.5414069456812109, "bare": 0.0, "snow": 0.0, "sinister": 4.0 }, "geometry": { "type": "Polygon", "coordinates": [ [ [ 1.757429022749879, 48.809094036337939 ], [ 1.743470463481728, 48.802198615522457 ], [ 1.74594115783798, 48.789800823288381 ], [ 1.762363526361944, 48.784299729268255 ], [ 1.776317558502529, 48.791194295649298 ], [ 1.773853748928924, 48.803590810086583 ], [ 1.757429022749879, 48.809094036337939 ] ] ] } },
{ "type": "Feature", "properties": { "hex_id": "871fb44f5ffffff", "scale0": 3127, "NDVI": 0.74665695428848267, "NDMI": 0.2781556248664856, "NDBI": -0.2781556248664856, "NDSI": -0.53147149085998535, "NDWI": -0.69617432355880737, "osmnx": null, "PasDeRoute": 97.45060548119821, "motorway": 0.0, "primary": 0.0, "secondary": 1.0962396430847674, "tertiary": 0.0, "path": 1.4531548757170172, "population": 34.999922262658927, "elevation": 40.937637329101562, "foret_encoder": 0.0, "highway_encoder": 0.0, "foret": null, "PasDeforet": 57.705544933078393, "Châtaignier": 0.91778202676864251, "Chênes décidus": 6.9088591459528361, "Conifères": 0.0, "Douglas": 0.0, "Feuillus": 30.184831102613131, "Hêtre": 0.0, "Mixte": 0.59910771191841938, "Mélèze": 0.0, "NC": 0.38240917782026768, "NR": 0.72657743785850859, "Peuplier": 0.94327597195666035, "Pin autre": 0.0, "Pin laricio, pin noir": 1.6316124920331421, "Pin maritime": 0.0, "Pin sylvestre": 0.0, "Pins mélangés": 0.0, "Robinier": 0.0, "Sapin, épicéa": 0.0, "dynamic_world": null, "water": 0.75207138304652643, "tree": 56.08667941363926, "grass": 5.8636073932441048, "crops": 0.86679413639260683, "shrub": 9.0758444869343542, "flooded": 0.12746972594008923, "built": 14.582536647546206, "bare": 0.0, "snow": 0.0, "sinister": 4.0 }, "geometry": { "type": "Polygon", "coordinates": [ [ [ 1.689189348221877, 48.843487104557042 ], [ 1.675221421697319, 48.836585121180178 ], [ 1.677709122621897, 48.824187224706996 ], [ 1.694157852071095, 48.818692581698421 ], [ 1.708121256766312, 48.825593705275942 ], [ 1.705640453530448, 48.837990331261153 ], [ 1.689189348221877, 48.843487104557042 ] ] ] } },
{ "type": "Feature", "properties": { "hex_id": "871fb4713ffffff", "scale0": 3128, "NDVI": 0.74536144733428955, "NDMI": 0.23833119869232178, "NDBI": -0.23833119869232178, "NDSI": -0.56755256652832031, "NDWI": -0.6976391077041626, "osmnx": null, "PasDeRoute": 87.354706859113548, "motorway": 1.4688976880827691, "primary": 0.34487163111508495, "secondary": 0.0, "tertiary": 0.52369395835994381, "path": 10.307829863328651, "population": 204.99911190977014, "elevation": 37.130683898925781, "foret_encoder": 5.0, "highway_encoder": 0.0, "foret": null, "PasDeforet": 23.412951845701876, "Châtaignier": 12.108826159151871, "Chênes décidus": 17.384084812875209, "Conifères": 0.0, "Douglas": 0.0, "Feuillus": 37.999744539532507, "Hêtre": 6.1949163366968962, "Mixte": 0.0, "Mélèze": 0.0, "NC": 0.0, "NR": 2.89947630604164, "Peuplier": 0.0, "Pin autre": 0.0, "Pin laricio, pin noir": 0.0, "Pin maritime": 0.0, "Pin sylvestre": 0.0, "Pins mélangés": 0.0, "Robinier": 0.0, "Sapin, épicéa": 0.0, "dynamic_world": null, "water": 0.0, "tree": 73.815302082002816, "grass": 0.85579256610039589, "crops": 0.12773023374632775, "shrub": 3.2060288670328263, "flooded": 0.076638140247796652, "built": 14.880572231447184, "bare": 0.0, "snow": 0.0, "sinister": 1.0 }, "geometry": { "type": "Polygon", "coordinates": [ [ [ 2.016144979662417, 48.895572073977625 ], [ 2.002172194073026, 48.888726501156292 ], [ 2.004587267038666, 48.876345164397897 ], [ 2.020968240481838, 48.870810698852559 ], [ 2.034936446767709, 48.877655438992683 ], [ 2.03252825856797, 48.890035476964222 ], [ 2.016144979662417, 48.895572073977625 ] ] ] } },
{ "type": "Feature", "properties": { "hex_id": "871fb4405ffffff", "scale0": 3129, "NDVI": 0.49729618430137634, "NDMI": 0.032966595143079758, "NDBI": -0.032966595143079758, "NDSI": -0.52627825736999512, "NDWI": -0.52439796924591064, "osmnx": null, "PasDeRoute": 98.728382502543226, "motorway": 0.0, "primary": 0.0, "secondary": 0.0, "tertiary": 1.2716174974567651, "path": 0.0, "population": 81.000028268124041, "elevation": 27.960241317749023, "foret_encoder": 0.0, "highway_encoder": 0.0, "foret": null, "PasDeforet": 70.040691759918616, "Châtaignier": 0.0, "Chênes décidus": 1.4623601220752798, "Conifères": 0.0, "Douglas": 0.0, "Feuillus": 27.238046795523907, "Hêtre": 0.0, "Mixte": 0.73753814852492372, "Mélèze": 0.0, "NC": 0.52136317395727361, "NR": 0.0, "Peuplier": 0.0, "Pin autre": 0.0, "Pin laricio, pin noir": 0.0, "Pin maritime": 0.0, "Pin sylvestre": 0.0, "Pins mélangés": 0.0, "Robinier": 0.0, "Sapin, épicéa": 0.0, "dynamic_world": null, "water": 0.0, "tree": 28.128179043743639, "grass": 2.3906408952187186, "crops": 0.58494404883011186, "shrub": 47.609359104781277, "flooded": 0.1525940996948118, "built": 5.3153611393692772, "bare": 0.0, "snow": 0.0, "sinister": 3.0 }, "geometry": { "type": "Polygon", "coordinates": [ [ [ 1.636289196774428, 48.953624486723648 ], [ 1.622294721064971, 48.946727041173801 ], [ 1.624799079645133, 48.934335273906029 ], [ 1.641290986857397, 48.928842214031562 ], [ 1.655280932402062, 48.935738796099756 ], [ 1.652783500591829, 48.948129301120801 ], [ 1.636289196774428, 48.953624486723648 ] ] ] } },
{ "type": "Feature", "properties": { "hex_id": "871fb4503ffffff", "scale0": 3130, "NDVI": 0.52859729528427124, "NDMI": 0.081734880805015564, "NDBI": -0.081734880805015564, "NDSI": -0.50874859094619751, "NDWI": -0.54377013444900513, "osmnx": null, "PasDeRoute": 95.687468290208017, "motorway": 0.27904616945712835, "primary": 0.0, "secondary": 1.1669203450025367, "tertiary": 0.0, "path": 2.8665651953323183, "population": 52.999780922038781, "elevation": 26.426040649414062, "foret_encoder": 0.0, "highway_encoder": 0.0, "foret": null, "PasDeforet": 87.113140537798074, "Châtaignier": 0.0, "Chênes décidus": 0.32978183663115168, "Conifères": 0.0, "Douglas": 0.0, "Feuillus": 12.430238457635717, "Hêtre": 0.0, "Mixte": 0.0, "Mélèze": 0.0, "NC": 0.12683916793505834, "NR": 0.0, "Peuplier": 0.0, "Pin autre": 0.0, "Pin laricio, pin noir": 0.0, "Pin maritime": 0.0, "Pin sylvestre": 0.0, "Pins mélangés": 0.0, "Robinier": 0.0, "Sapin, épicéa": 0.0, "dynamic_world": null, "water": 0.0, "tree": 13.850837138508371, "grass": 0.36783358701166918, "crops": 2.371892440385591, "shrub": 58.181126331811264, "flooded": 0.25367833587011668, "built": 6.0248604769152712, "bare": 0.0, "snow": 0.0, "sinister": 2.0 }, "geometry": { "type": "Polygon", "coordinates": [ [ [ 1.510542583388994, 49.041603798976013 ], [ 1.496525193342286, 49.034697139100132 ], [ 1.499062065204448, 49.022307227079672 ], [ 1.515609370618843, 49.016825222463432 ], [ 1.529622236862466, 49.02373100907004 ], [ 1.527092321199306, 49.036119673154943 ], [ 1.510542583388994, 49.041603798976013 ] ] ] } },
{ "type": "Feature", "properties": { "hex_id": "871fb4462ffffff", "scale0": 3131, "NDVI": 0.49047645926475525, "NDMI": 0.063365131616592407, "NDBI": -0.063365131616592407, "NDSI": -0.46933445334434509, "NDWI": -0.50171965360641479, "osmnx": null, "PasDeRoute": 96.460402342755287, "motorway": 0.0, "primary": 2.2281639928698751, "secondary": 0.0, "tertiary": 1.3114336643748408, "path": 0.0, "population": 158.00466424046485, "elevation": 21.493757247924805, "foret_encoder": 0.0, "highway_encoder": 0.0, "foret": null, "PasDeforet": 82.989559460147703, "Châtaignier": 0.0, "Chênes décidus": 0.0, "Conifères": 0.0, "Douglas": 0.0, "Feuillus": 16.603004838298958, "Hêtre": 0.0, "Mixte": 0.0, "Mélèze": 0.0, "NC": 0.26737967914438499, "NR": 0.0, "Peuplier": 0.14005602240896359, "Pin autre": 0.0, "Pin laricio, pin noir": 0.0, "Pin maritime": 0.0, "Pin sylvestre": 0.0, "Pins mélangés": 0.0, "Robinier": 0.0, "Sapin, épicéa": 0.0, "dynamic_world": null, "water": 0.0, "tree": 21.988795518207283, "grass": 0.64935064935064934, "crops": 0.64935064935064934, "shrub": 16.271963330786861, "flooded": 0.70028011204481799, "built": 52.189966895849253, "bare": 0.0, "snow": 0.0, "sinister": 25.0 }, "geometry": { "type": "Polygon", "coordinates": [ [ [ 1.800185252764052, 48.979779705831234 ], [ 1.786188144141984, 48.972910548487945 ], [ 1.788656036427847, 48.960526994507383 ], [ 1.805114116468902, 48.955013873943486 ], [ 1.819106665781421, 48.961882181354163 ], [ 1.816645694037484, 48.974264458860603 ], [ 1.800185252764052, 48.979779705831234 ] ] ] } },
{ "type": "Feature", "properties": { "hex_id": "871fb6b70ffffff", "scale0": 3132, "NDVI": 0.78982454538345337, "NDMI": 0.27734085917472839, "NDBI": -0.27734085917472839, "NDSI": -0.59260523319244385, "NDWI": -0.73791992664337158, "osmnx": null, "PasDeRoute": 96.559194596661143, "motorway": 0.0, "primary": 1.1979100293105645, "secondary": 0.49700522492672361, "tertiary": 0.0, "path": 1.7458901491015675, "population": 521.9978209987728, "elevation": 23.854972839355469, "foret_encoder": 2.0, "highway_encoder": 0.0, "foret": null, "PasDeforet": 24.913979864916527, "Châtaignier": 0.0, "Chênes décidus": 53.842232700395051, "Conifères": 0.0, "Douglas": 0.0, "Feuillus": 0.86657321269274878, "Hêtre": 0.0, "Mixte": 4.4475595769083727, "Mélèze": 0.0, "NC": 0.0, "NR": 0.930291831273098, "Peuplier": 0.0, "Pin autre": 0.0, "Pin laricio, pin noir": 1.5292468459283801, "Pin maritime": 0.0, "Pin sylvestre": 12.501592965464509, "Pins mélangés": 0.96852300242130751, "Robinier": 0.0, "Sapin, épicéa": 0.0, "dynamic_world": null, "water": 0.0, "tree": 79.125780553077604, "grass": 6.4610679240474065, "crops": 0.42054288263030459, "shrub": 2.4595386772014782, "flooded": 0.063718618580349176, "built": 3.3261118898942272, "bare": 0.0, "snow": 0.0, "sinister": 3.0 }, "geometry": { "type": "Polygon", "coordinates": [ [ [ 1.809921782391921, 48.698893083851978 ], [ 1.795989692287421, 48.691993107535012 ], [ 1.798443926381687, 48.679589342223089 ], [ 1.814823394373522, 48.674086838765348 ], [ 1.828750965811647, 48.680985964224924 ], [ 1.826303587602834, 48.693388443604327 ], [ 1.809921782391921, 48.698893083851978 ] ] ] } },
{ "type": "Feature", "properties": { "hex_id": "871fb4774ffffff", "scale0": 3133, "NDVI": 0.50489908456802368, "NDMI": 0.091407530009746552, "NDBI": -0.091407530009746552, "NDSI": -0.42906385660171509, "NDWI": -0.48707035183906555, "osmnx": null, "PasDeRoute": 95.970321095049243, "motorway": 0.0, "primary": 0.0, "secondary": 0.0, "tertiary": 0.0, "path": 4.0296789049507478, "population": 1486.994961206892, "elevation": 24.414216995239258, "foret_encoder": 0.0, "highway_encoder": 0.0, "foret": null, "PasDeforet": 76.870922348727134, "Châtaignier": 0.0, "Chênes décidus": 0.12792631444288091, "Conifères": 0.0, "Douglas": 0.0, "Feuillus": 21.146219777408213, "Hêtre": 0.0, "Mixte": 0.0, "Mélèze": 0.0, "NC": 1.854931559421773, "NR": 0.0, "Peuplier": 0.0, "Pin autre": 0.0, "Pin laricio, pin noir": 0.0, "Pin maritime": 0.0, "Pin sylvestre": 0.0, "Pins mélangés": 0.0, "Robinier": 0.0, "Sapin, épicéa": 0.0, "dynamic_world": null, "water": 0.0, "tree": 21.440450300626839, "grass": 3.3132915440706152, "crops": 0.26864526033004987, "shrub": 0.75476525521299731, "flooded": 0.53729052066009975, "built": 27.46577971088653, "bare": 0.0, "snow": 0.0, "sinister": 1.0 }, "geometry": { "type": "Polygon", "coordinates": [ [ [ 2.165165439096084, 48.995413794996331 ], [ 2.151173006274767, 48.988602748167345 ], [ 2.153557985999975, 48.976234692427624 ], [ 2.169928502274973, 48.970678992351004 ], [ 2.18391631825491, 48.977489219370106 ], [ 2.181538234438203, 48.989855965881517 ], [ 2.165165439096084, 48.995413794996331 ] ] ] } },
{ "type": "Feature", "properties": { "hex_id": "871fb40b2ffffff", "scale0": 3134, "NDVI": 0.62698632478713989, "NDMI": 0.16228216886520386, "NDBI": -0.16228216886520386, "NDSI": -0.52822577953338623, "NDWI": -0.61190396547317505, "osmnx": null, "PasDeRoute": 96.350457782299088, "motorway": 0.0, "primary": 0.0, "secondary": 0.21617497456765006, "tertiary": 2.9883011190233977, "path": 0.44506612410986773, "population": 177.99922027091222, "elevation": 51.484188079833984, "foret_encoder": 0.0, "highway_encoder": 0.0, "foret": null, "PasDeforet": 71.159715157680566, "Châtaignier": 7.6297049847405898, "Chênes décidus": 6.6505595116988809, "Conifères": 0.0, "Douglas": 0.0, "Feuillus": 14.560020345879959, "Hêtre": 0.0, "Mixte": 0.0, "Mélèze": 0.0, "NC": 0.0, "NR": 0.0, "Peuplier": 0.0, "Pin autre": 0.0, "Pin laricio, pin noir": 0.0, "Pin maritime": 0.0, "Pin sylvestre": 0.0, "Pins mélangés": 0.0, "Robinier": 0.0, "Sapin, épicéa": 0.0, "dynamic_world": null, "water": 0.0, "tree": 27.428789420142419, "grass": 6.6124109867751777, "crops": 1.2970498474059002, "shrub": 28.229908443540179, "flooded": 0.66124109867751779, "built": 13.53001017293998, "bare": 0.0, "snow": 0.0, "sinister": 2.0 }, "geometry": { "type": "Polygon", "coordinates": [ [ [ 1.827424767838363, 49.074628142101979 ], [ 1.813406196525987, 49.067774162833544 ], [ 1.815871732234564, 49.055398740406268 ], [ 1.832348898630485, 49.049878572852663 ], [ 1.846362892080804, 49.056731704924594 ], [ 1.843904296667912, 49.069105851344567 ], [ 1.827424767838363, 49.074628142101979 ] ] ] } },
{ "type": "Feature", "properties": { "hex_id": "871fb4476ffffff", "scale0": 3135, "NDVI": 0.46405568718910217, "NDMI": 0.029465654864907265, "NDBI": -0.029465654864907265, "NDSI": -0.4886641800403595, "NDWI": -0.49472054839134216, "osmnx": null, "PasDeRoute": 96.239359674755434, "motorway": 0.0, "primary": 0.0, "secondary": 0.0, "tertiary": 1.7278617710583155, "path": 2.0327785541862533, "population": 364.99898941456598, "elevation": 26.145427703857422, "foret_encoder": 0.0, "highway_encoder": 0.0, "foret": null, "PasDeforet": 95.909033159700158, "Châtaignier": 0.0, "Chênes décidus": 0.0, "Conifères": 0.0, "Douglas": 0.0, "Feuillus": 4.0909668402998349, "Hêtre": 0.0, "Mixte": 0.0, "Mélèze": 0.0, "NC": 0.0, "NR": 0.0, "Peuplier": 0.0, "Pin autre": 0.0, "Pin laricio, pin noir": 0.0, "Pin maritime": 0.0, "Pin sylvestre": 0.0, "Pins mélangés": 0.0, "Robinier": 0.0, "Sapin, épicéa": 0.0, "dynamic_world": null, "water": 0.0, "tree": 3.7733451912082328, "grass": 1.1815525346207598, "crops": 0.29221191716427392, "shrub": 72.519374920594586, "flooded": 0.16516325752763308, "built": 8.2962774742726459, "bare": 0.0, "snow": 0.0, "sinister": 4.0 }, "geometry": { "type": "Polygon", "coordinates": [ [ [ 1.727731995941331, 48.957791325107202 ], [ 1.7137384465892, 48.950908456669048 ], [ 1.716222030668796, 48.938520484416308 ], [ 1.732692242844687, 48.933016650716084 ], [ 1.746681247312861, 48.93989866316781 ], [ 1.744204584172063, 48.952285364904512 ], [ 1.727731995941331, 48.957791325107202 ] ] ] } },
{ "type": "Feature", "properties": { "hex_id": "871fb44c5ffffff", "scale0": 3136, "NDVI": 0.44640922546386719, "NDMI": 0.028553994372487068, "NDBI": -0.028553994372487068, "NDSI": -0.47136816382408142, "NDWI": -0.48048669099807739, "osmnx": null, "PasDeRoute": 96.827217125382262, "motorway": 0.0, "primary": 0.0, "secondary": 1.7584097859327217, "tertiary": 1.261467889908257, "path": 0.1529051987767584, "population": 33.00091400267695, "elevation": 17.153345108032227, "foret_encoder": 0.0, "highway_encoder": 0.0, "foret": null, "PasDeforet": 93.896534148827726, "Châtaignier": 0.0, "Chênes décidus": 0.45871559633027525, "Conifères": 0.0, "Douglas": 0.0, "Feuillus": 5.6447502548419983, "Hêtre": 0.0, "Mixte": 0.0, "Mélèze": 0.0, "NC": 0.0, "NR": 0.0, "Peuplier": 0.0, "Pin autre": 0.0, "Pin laricio, pin noir": 0.0, "Pin maritime": 0.0, "Pin sylvestre": 0.0, "Pins mélangés": 0.0, "Robinier": 0.0, "Sapin, épicéa": 0.0, "dynamic_world": null, "water": 0.0, "tree": 6.3328236493374099, "grass": 0.22935779816513763, "crops": 0.94291539245667677, "shrub": 60.575942915392453, "flooded": 0.42048929663608559, "built": 19.06218144750255, "bare": 0.0, "snow": 0.0, "sinister": 6.0 }, "geometry": { "type": "Polygon", "coordinates": [ [ [ 1.768922927033173, 48.828381403584821 ], [ 1.754960167488569, 48.821489972019734 ], [ 1.757429022749879, 48.809094036337939 ], [ 1.773853748928924, 48.803590810086583 ], [ 1.78781197670903, 48.810481388276813 ], [ 1.785350009755296, 48.822876045694777 ], [ 1.768922927033173, 48.828381403584821 ] ] ] } },
{ "type": "Feature", "properties": { "hex_id": "871fb4622ffffff", "scale0": 3137, "NDVI": 0.67231911420822144, "NDMI": 0.20276778936386108, "NDBI": -0.20276778936386108, "NDSI": -0.51685881614685059, "NDWI": -0.6361013650894165, "osmnx": null, "PasDeRoute": 88.193110513510049, "motorway": 1.6007171212703291, "primary": 0.9220130618517095, "secondary": 1.9336662824945574, "tertiary": 1.7287744909719553, "path": 5.6217185299013952, "population": 327.00697987095828, "elevation": 46.546329498291016, "foret_encoder": 0.0, "highway_encoder": 0.0, "foret": null, "PasDeforet": 74.516583429376354, "Châtaignier": 9.2841593033679093, "Chênes décidus": 6.0699193238570874, "Conifères": 0.0, "Douglas": 0.0, "Feuillus": 10.129337943398642, "Hêtre": 0.0, "Mixte": 0.0, "Mélèze": 0.0, "NC": 0.0, "NR": 0.0, "Peuplier": 0.0, "Pin autre": 0.0, "Pin laricio, pin noir": 0.0, "Pin maritime": 0.0, "Pin sylvestre": 0.0, "Pins mélangés": 0.0, "Robinier": 0.0, "Sapin, épicéa": 0.0, "dynamic_world": null, "water": 0.0, "tree": 29.760532718657956, "grass": 0.24330900243309003, "crops": 0.012805736970162632, "shrub": 0.0, "flooded": 0.0, "built": 63.900627481111542, "bare": 0.0, "snow": 0.0, "sinister": 13.0 }, "geometry": { "type": "Polygon", "coordinates": [ [ [ 2.144672147056102, 48.863610870947028 ], [ 2.130709777098847, 48.856781439833775 ], [ 2.133094221394101, 48.844402888165007 ], [ 2.149434167842855, 48.838855078662235 ], [ 2.163391944142732, 48.84568368749003 ], [ 2.161014367292666, 48.858060927713943 ], [ 2.144672147056102, 48.863610870947028 ] ] ] } },
{ "type": "Feature", "properties": { "hex_id": "871fb44e2ffffff", "scale0": 3138, "NDVI": 0.66539871692657471, "NDMI": 0.19827528297901154, "NDBI": -0.19827528297901154, "NDSI": -0.51522964239120483, "NDWI": -0.63248389959335327, "osmnx": null, "PasDeRoute": 97.674123029994917, "motorway": 0.0, "primary": 0.0, "secondary": 1.9954245043213015, "tertiary": 0.02541942043721403, "path": 0.30503304524656838, "population": 35.001194328240238, "elevation": 35.655952453613281, "foret_encoder": 0.0, "highway_encoder": 0.0, "foret": null, "PasDeforet": 64.908490086426028, "Châtaignier": 0.0, "Chênes décidus": 0.0, "Conifères": 0.0, "Douglas": 0.0, "Feuillus": 33.629893238434164, "Hêtre": 0.0, "Mixte": 0.0, "Mélèze": 0.0, "NC": 0.0, "NR": 1.461616675139807, "Peuplier": 0.0, "Pin autre": 0.0, "Pin laricio, pin noir": 0.0, "Pin maritime": 0.0, "Pin sylvestre": 0.0, "Pins mélangés": 0.0, "Robinier": 0.0, "Sapin, épicéa": 0.0, "dynamic_world": null, "water": 0.0, "tree": 39.514489069649208, "grass": 0.74987290289781394, "crops": 0.72445348246059993, "shrub": 41.954753431621761, "flooded": 0.088967971530249101, "built": 8.5282155566853071, "bare": 0.0, "snow": 0.0, "sinister": 3.0 }, "geometry": { "type": "Polygon", "coordinates": [ [ [ 1.71960806641591, 48.844887465251666 ], [ 1.705640453530448, 48.837990331261153 ], [ 1.708121256766312, 48.825593705275942 ], [ 1.724562776825389, 48.820095486119591 ], [ 1.738525863011015, 48.826991762804099 ], [ 1.736051955522986, 48.839387115551268 ], [ 1.71960806641591, 48.844887465251666 ] ] ] } },
{ "type": "Feature", "properties": { "hex_id": "871fb4613ffffff", "scale0": 3139, "NDVI": 0.60480064153671265, "NDMI": 0.16611671447753906, "NDBI": -0.16611671447753906, "NDSI": -0.47197088599205017, "NDWI": -0.57040292024612427, "osmnx": null, "PasDeRoute": 94.898089988463013, "motorway": 0.0, "primary": 0.0, "secondary": 0.0, "tertiary": 1.3331624150749903, "path": 3.7687475964619925, "population": 96.000610120343651, "elevation": 32.419464111328125, "foret_encoder": 0.0, "highway_encoder": 0.0, "foret": null, "PasDeforet": 80.182027945135232, "Châtaignier": 0.0, "Chênes décidus": 0.0, "Conifères": 0.0, "Douglas": 0.0, "Feuillus": 17.215741571593384, "Hêtre": 0.0, "Mixte": 0.0, "Mélèze": 0.0, "NC": 0.0, "NR": 1.9356492757338801, "Peuplier": 0.0, "Pin autre": 0.0, "Pin laricio, pin noir": 0.0, "Pin maritime": 0.66658120753749517, "Pin sylvestre": 0.0, "Pins mélangés": 0.0, "Robinier": 0.0, "Sapin, épicéa": 0.0, "dynamic_world": null, "water": 0.0, "tree": 16.074862197154211, "grass": 3.8072042045891554, "crops": 1.1408793744391745, "shrub": 10.703755928727086, "flooded": 0.076913216254326358, "built": 5.2557364440456356, "bare": 0.0, "snow": 0.0, "sinister": 4.0 }, "geometry": { "type": "Polygon", "coordinates": [ [ [ 2.147379224110408, 48.770114681422243 ], [ 2.133438495560086, 48.763274907251031 ], [ 2.135818634173563, 48.750889677673278 ], [ 2.152132654952559, 48.745345536417652 ], [ 2.166068803629105, 48.752184487924509 ], [ 2.163695511043274, 48.764568402961068 ], [ 2.147379224110408, 48.770114681422243 ] ] ] } },
{ "type": "Feature", "properties": { "hex_id": "871fb4700ffffff", "scale0": 3140, "NDVI": 0.73342174291610718, "NDMI": 0.22685630619525909, "NDBI": -0.22685630619525909, "NDSI": -0.5755801796913147, "NDWI": -0.68942874670028687, "osmnx": null, "PasDeRoute": 90.698862910438223, "motorway": 0.0, "primary": 2.6063625910310462, "secondary": 0.0, "tertiary": 3.9989778970231251, "path": 2.695796601507602, "population": 304.00395753736416, "elevation": 7.9410271644592285, "foret_encoder": 0.0, "highway_encoder": 0.0, "foret": null, "PasDeforet": 71.751628976619401, "Châtaignier": 0.0, "Chênes décidus": 22.652357224990418, "Conifères": 0.0, "Douglas": 0.0, "Feuillus": 5.5960137983901879, "Hêtre": 0.0, "Mixte": 0.0, "Mélèze": 0.0, "NC": 0.0, "NR": 0.0, "Peuplier": 0.0, "Pin autre": 0.0, "Pin laricio, pin noir": 0.0, "Pin maritime": 0.0, "Pin sylvestre": 0.0, "Pins mélangés": 0.0, "Robinier": 0.0, "Sapin, épicéa": 0.0, "dynamic_world": null, "water": 0.26830203142966652, "tree": 35.505302159192539, "grass": 1.6992461990545549, "crops": 0.012776287210936502, "shrub": 0.0, "flooded": 0.051105148843746007, "built": 58.068225373706404, "bare": 0.0, "snow": 0.0, "sinister": 7.0 }, "geometry": { "type": "Polygon", "coordinates": [ [ [ 2.050854469565632, 48.953217563964515 ], [ 2.036869132382414, 48.946383999854881 ], [ 2.039278577106426, 48.934008277845841 ], [ 2.05566646343242, 48.928467419715581 ], [ 2.069647207336259, 48.935300154341952 ], [ 2.067244657842987, 48.947674576186259 ], [ 2.050854469565632, 48.953217563964515 ] ] ] } },
{ "type": "Feature", "properties": { "hex_id": "871fb47b1ffffff", "scale0": 3141, "NDVI": 0.61512303352355957, "NDMI": 0.14942148327827454, "NDBI": -0.14942148327827454, "NDSI": -0.52102738618850708, "NDWI": -0.59941369295120239, "osmnx": null, "PasDeRoute": 90.540022979701263, "motorway": 0.0, "primary": 0.0, "secondary": 1.3021830716200689, "tertiary": 1.4043150772373292, "path": 6.7534788714413372, "population": 43.003594763105717, "elevation": 40.320663452148438, "foret_encoder": 0.0, "highway_encoder": 0.0, "foret": null, "PasDeforet": 65.479382101366014, "Châtaignier": 0.0, "Chênes décidus": 16.634750414911274, "Conifères": 0.0, "Douglas": 0.0, "Feuillus": 17.145410442997573, "Hêtre": 0.0, "Mixte": 0.0, "Mélèze": 0.0, "NC": 0.0, "NR": 0.74045704072513729, "Peuplier": 0.0, "Pin autre": 0.0, "Pin laricio, pin noir": 0.0, "Pin maritime": 0.0, "Pin sylvestre": 0.0, "Pins mélangés": 0.0, "Robinier": 0.0, "Sapin, épicéa": 0.0, "dynamic_world": null, "water": 0.17873100983020554, "tree": 42.550746840291076, "grass": 0.29362951614962335, "crops": 0.11489850631941785, "shrub": 28.928890591088987, "flooded": 0.12766500702157538, "built": 21.817949699987231, "bare": 0.0, "snow": 0.0, "sinister": 8.0 }, "geometry": { "type": "Polygon", "coordinates": [ [ [ 1.920794614194852, 48.835203577097751 ], [ 1.906833609593877, 48.828336344338794 ], [ 1.909268043099409, 48.815946827368592 ], [ 1.925656602508054, 48.810425834707566 ], [ 1.939613051284653, 48.817292226578921 ], [ 1.93718549614188, 48.829680451603096 ], [ 1.920794614194852, 48.835203577097751 ] ] ] } },
{ "type": "Feature", "properties": { "hex_id": "871fb4509ffffff", "scale0": 3142, "NDVI": 0.59630733728408813, "NDMI": 0.14902578294277191, "NDBI": -0.14902578294277191, "NDSI": -0.44705754518508911, "NDWI": -0.53803527355194092, "osmnx": null, "PasDeRoute": 97.652284263959388, "motorway": 0.0, "primary": 0.0, "secondary": 0.0, "tertiary": 1.9543147208121829, "path": 0.39340101522842641, "population": 201.00052531597157, "elevation": 9.602086067199707, "foret_encoder": 0.0, "highway_encoder": 0.0, "foret": null, "PasDeforet": 67.753807106598984, "Châtaignier": 0.0, "Chênes décidus": 0.0, "Conifères": 0.0, "Douglas": 0.0, "Feuillus": 13.99746192893401, "Hêtre": 0.0, "Mixte": 7.5761421319796947, "Mélèze": 0.0, "NC": 5.6091370558375635, "NR": 0.95177664974619303, "Peuplier": 0.0, "Pin autre": 0.0, "Pin laricio, pin noir": 4.1116751269035534, "Pin maritime": 0.0, "Pin sylvestre": 0.0, "Pins mélangés": 0.0, "Robinier": 0.0, "Sapin, épicéa": 0.0, "dynamic_world": null, "water": 15.241116751269034, "tree": 32.246192893401016, "grass": 2.5253807106598987, "crops": 0.73604060913705582, "shrub": 6.2563451776649748, "flooded": 0.088832487309644673, "built": 8.845177664974619, "bare": 0.0, "snow": 0.0, "sinister": 20.0 }, "geometry": { "type": "Polygon", "coordinates": [ [ [ 1.602220636001689, 49.045831288411307 ], [ 1.58820407340178, 49.038939248446681 ], [ 1.590720082366751, 49.026553088552745 ], [ 1.607245703149439, 49.021060224467696 ], [ 1.62125772701243, 49.027951398658651 ], [ 1.61874866852443, 49.040336302302684 ], [ 1.602220636001689, 49.045831288411307 ] ] ] } },
{ "type": "Feature", "properties": { "hex_id": "871fb455effffff", "scale0": 3143, "NDVI": null, "NDMI": null, "NDBI": null, "NDSI": null, "NDWI": null, "osmnx": null, "PasDeRoute": null, "motorway": null, "primary": null, "secondary": null, "tertiary": null, "path": null, "population": null, "elevation": null, "foret_encoder": null, "highway_encoder": null, "foret": null, "PasDeforet": null, "Châtaignier": null, "Chênes décidus": null, "Conifères": null, "Douglas": null, "Feuillus": null, "Hêtre": null, "Mixte": null, "Mélèze": null, "NC": null, "NR": null, "Peuplier": null, "Pin autre": null, "Pin laricio, pin noir": null, "Pin maritime": null, "Pin sylvestre": null, "Pins mélangés": null, "Robinier": null, "Sapin, épicéa": null, "dynamic_world": null, "water": null, "tree": null, "grass": null, "crops": null, "shrub": null, "flooded": null, "built": null, "bare": null, "snow": null, "sinister": null }, "geometry": { "type": "Polygon", "coordinates": [ [ [ 1.701304332809406, 49.012835908178914 ], [ 1.687297460624031, 49.005955326030822 ], [ 1.689789372037826, 48.993570446003915 ], [ 1.706281219774554, 48.988067414105721 ], [ 1.720283542850083, 48.994947138404285 ], [ 1.717798566983625, 49.00733075204738 ], [ 1.701304332809406, 49.012835908178914 ] ] ] } },
{ "type": "Feature", "properties": { "hex_id": "871fb441affffff", "scale0": 3144, "NDVI": 0.53280180692672729, "NDMI": 0.082320883870124817, "NDBI": -0.082320883870124817, "NDSI": -0.49403303861618042, "NDWI": -0.53786271810531616, "osmnx": null, "PasDeRoute": 97.766497461928935, "motorway": 0.0, "primary": 0.0, "secondary": 1.4086294416243654, "tertiary": 0.82487309644670059, "path": 0.0, "population": 14.001175482824216, "elevation": 21.160821914672852, "foret_encoder": 0.0, "highway_encoder": 0.0, "foret": null, "PasDeforet": 64.78426395939087, "Châtaignier": 0.0, "Chênes décidus": 12.106598984771573, "Conifères": 0.29187817258883247, "Douglas": 1.1040609137055837, "Feuillus": 21.548223350253807, "Hêtre": 0.0, "Mixte": 0.0, "Mélèze": 0.0, "NC": 0.1649746192893401, "NR": 0.0, "Peuplier": 0.0, "Pin autre": 0.0, "Pin laricio, pin noir": 0.0, "Pin maritime": 0.0, "Pin sylvestre": 0.0, "Pins mélangés": 0.0, "Robinier": 0.0, "Sapin, épicéa": 0.0, "dynamic_world": null, "water": 0.0, "tree": 34.581218274111677, "grass": 1.484771573604061, "crops": 1.1675126903553299, "shrub": 33.667512690355331, "flooded": 0.34263959390862947, "built": 14.187817258883248, "bare": 0.0, "snow": 0.0, "sinister": 0.0 }, "geometry": { "type": "Polygon", "coordinates": [ [ [ 1.639802428265173, 48.859967354440926 ], [ 1.625829679552863, 48.853059656179191 ], [ 1.628329355311315, 48.840661085946522 ], [ 1.64479487438134, 48.835171479020218 ], [ 1.658763106395278, 48.842078313550509 ], [ 1.656270335731253, 48.854475618337112 ], [ 1.639802428265173, 48.859967354440926 ] ] ] } },
{ "type": "Feature", "properties": { "hex_id": "871fb455bffffff", "scale0": 3145, "NDVI": 0.47426125407218933, "NDMI": 0.08303041011095047, "NDBI": -0.08303041011095047, "NDSI": -0.39862826466560364, "NDWI": -0.44810974597930908, "osmnx": null, "PasDeRoute": 91.790759831996951, "motorway": 3.372788596156294, "primary": 0.0, "secondary": 3.1309660175639555, "tertiary": 0.0, "path": 1.7054855542828051, "population": 68.008065838056339, "elevation": 12.977474212646484, "foret_encoder": 0.0, "highway_encoder": 0.0, "foret": null, "PasDeforet": 73.76861397479955, "Châtaignier": 0.0, "Chênes décidus": 0.0, "Conifères": 0.0, "Douglas": 0.0, "Feuillus": 19.689448899070889, "Hêtre": 0.0, "Mixte": 0.75092274404989179, "Mélèze": 0.0, "NC": 5.7910143820796742, "NR": 0.0, "Peuplier": 0.0, "Pin autre": 0.0, "Pin laricio, pin noir": 0.0, "Pin maritime": 0.0, "Pin sylvestre": 0.0, "Pins mélangés": 0.0, "Robinier": 0.0, "Sapin, épicéa": 0.0, "dynamic_world": null, "water": 11.709303805523737, "tree": 28.013236604301895, "grass": 1.7691230749649993, "crops": 0.99274532264222981, "shrub": 2.8000509100165458, "flooded": 2.5200458190148911, "built": 29.413262059310171, "bare": 1.0563828433244242, "snow": 0.0, "sinister": 48.0 }, "geometry": { "type": "Polygon", "coordinates": [ [ [ 1.750770137838128, 48.996315380077547 ], [ 1.736768138333582, 48.989440514461101 ], [ 1.739248030374297, 48.977056291695817 ], [ 1.755722993545451, 48.971548205579396 ], [ 1.769720438818688, 48.978422217305685 ], [ 1.767247474832005, 48.990805168636555 ], [ 1.750770137838128, 48.996315380077547 ] ] ] } },
{ "type": "Feature", "properties": { "hex_id": "871fb4789ffffff", "scale0": 3146, "NDVI": null, "NDMI": null, "NDBI": null, "NDSI": null, "NDWI": null, "osmnx": null, "PasDeRoute": null, "motorway": null, "primary": null, "secondary": null, "tertiary": null, "path": null, "population": null, "elevation": null, "foret_encoder": null, "highway_encoder": null, "foret": null, "PasDeforet": null, "Châtaignier": null, "Chênes décidus": null, "Conifères": null, "Douglas": null, "Feuillus": null, "Hêtre": null, "Mixte": null, "Mélèze": null, "NC": null, "NR": null, "Peuplier": null, "Pin autre": null, "Pin laricio, pin noir": null, "Pin maritime": null, "Pin sylvestre": null, "Pins mélangés": null, "Robinier": null, "Sapin, épicéa": null, "dynamic_world": null, "water": null, "tree": null, "grass": null, "crops": null, "shrub": null, "flooded": null, "built": null, "bare": null, "snow": null, "sinister": null }, "geometry": { "type": "Polygon", "coordinates": [ [ [ 2.079663938174863, 48.804667939538959 ], [ 2.065713633028165, 48.797821693683581 ], [ 2.068110579492292, 48.785436248270294 ], [ 2.084450971594834, 48.779898355664464 ], [ 2.098396701701111, 48.786743773501534 ], [ 2.096006614394407, 48.799127911570544 ], [ 2.079663938174863, 48.804667939538959 ] ] ] } },
{ "type": "Feature", "properties": { "hex_id": "871fb409cffffff", "scale0": 3147, "NDVI": 0.60455012321472168, "NDMI": 0.16949883103370667, "NDBI": -0.16949883103370667, "NDSI": -0.44947764277458191, "NDWI": -0.55440664291381836, "osmnx": null, "PasDeRoute": 87.710351861295251, "motorway": 0.0, "primary": 1.8357980622131564, "secondary": 1.4660887302396737, "tertiary": 1.9122896481387048, "path": 7.0754716981132075, "population": 86.999613668971605, "elevation": 37.780277252197266, "foret_encoder": 0.0, "highway_encoder": 0.0, "foret": null, "PasDeforet": 65.782763895971442, "Châtaignier": 4.9974502804691481, "Chênes décidus": 0.28046914839367665, "Conifères": 0.0, "Douglas": 0.0, "Feuillus": 28.42937276899541, "Hêtre": 0.0, "Mixte": 0.0, "Mélèze": 0.0, "NC": 0.50994390617032126, "NR": 0.0, "Peuplier": 0.0, "Pin autre": 0.0, "Pin laricio, pin noir": 0.0, "Pin maritime": 0.0, "Pin sylvestre": 0.0, "Pins mélangés": 0.0, "Robinier": 0.0, "Sapin, épicéa": 0.0, "dynamic_world": null, "water": 9.8929117797042334, "tree": 30.940846506884245, "grass": 1.9377868434472207, "crops": 0.59918408975012749, "shrub": 10.033146353901071, "flooded": 1.670066292707802, "built": 28.263640999490057, "bare": 0.0, "snow": 0.0, "sinister": 4.0 }, "geometry": { "type": "Polygon", "coordinates": [ [ [ 1.926217183450693, 49.041469256270567 ], [ 1.912208502159006, 49.034626673801974 ], [ 1.914650036318828, 49.022252599111205 ], [ 1.931093326314214, 49.016722392557973 ], [ 1.945097419712235, 49.023564135772865 ], [ 1.942662810669435, 49.035936924395102 ], [ 1.926217183450693, 49.041469256270567 ] ] ] } },
{ "type": "Feature", "properties": { "hex_id": "871fb4464ffffff", "scale0": 3148, "NDVI": 0.54527729749679565, "NDMI": 0.10656092315912247, "NDBI": -0.10656092315912247, "NDSI": -0.47214815020561218, "NDWI": -0.53230273723602295, "osmnx": null, "PasDeRoute": 95.726821823731399, "motorway": 0.0, "primary": 2.1238712959430242, "secondary": 0.49599389545974815, "tertiary": 0.54686506422485059, "path": 1.1064479206409767, "population": 7.0000259124470281, "elevation": 28.360250473022461, "foret_encoder": 0.0, "highway_encoder": 0.0, "foret": null, "PasDeforet": 91.911484166348728, "Châtaignier": 0.0, "Chênes décidus": 0.0, "Conifères": 0.0, "Douglas": 0.0, "Feuillus": 7.2872949256009152, "Hêtre": 0.0, "Mixte": 0.0, "Mélèze": 0.0, "NC": 0.80122090805036239, "NR": 0.0, "Peuplier": 0.0, "Pin autre": 0.0, "Pin laricio, pin noir": 0.0, "Pin maritime": 0.0, "Pin sylvestre": 0.0, "Pins mélangés": 0.0, "Robinier": 0.0, "Sapin, épicéa": 0.0, "dynamic_world": null, "water": 0.0, "tree": 4.2095892153122216, "grass": 1.2463436347450083, "crops": 0.4324049345033702, "shrub": 15.019712577896478, "flooded": 0.39425155792954342, "built": 63.092967060918227, "bare": 0.076306753147653575, "snow": 0.0, "sinister": 1.0 }, "geometry": { "type": "Polygon", "coordinates": [ [ [ 1.792783923473472, 49.016922253960821 ], [ 1.778778031900932, 49.010056249978312 ], [ 1.781249142568427, 48.997675177366496 ], [ 1.797719214853893, 48.992161382977457 ], [ 1.811720542631753, 48.999026536621884 ], [ 1.80925636159402, 49.011406334591797 ], [ 1.792783923473472, 49.016922253960821 ] ] ] } },
{ "type": "Feature", "properties": { "hex_id": "871fb444affffff", "scale0": 3149, "NDVI": null, "NDMI": null, "NDBI": null, "NDSI": null, "NDWI": null, "osmnx": null, "PasDeRoute": null, "motorway": null, "primary": null, "secondary": null, "tertiary": null, "path": null, "population": null, "elevation": null, "foret_encoder": null, "highway_encoder": null, "foret": null, "PasDeforet": null, "Châtaignier": null, "Chênes décidus": null, "Conifères": null, "Douglas": null, "Feuillus": null, "Hêtre": null, "Mixte": null, "Mélèze": null, "NC": null, "NR": null, "Peuplier": null, "Pin autre": null, "Pin laricio, pin noir": null, "Pin maritime": null, "Pin sylvestre": null, "Pins mélangés": null, "Robinier": null, "Sapin, épicéa": null, "dynamic_world": null, "water": null, "tree": null, "grass": null, "crops": null, "shrub": null, "flooded": null, "built": null, "bare": null, "snow": null, "sinister": null }, "geometry": { "type": "Polygon", "coordinates": [ [ [ 1.906183338844192, 48.90951731091166 ], [ 1.892204832752317, 48.902656387164193 ], [ 1.89464560559364, 48.890271749920018 ], [ 1.911057987780194, 48.884749324360754 ], [ 1.925031929044907, 48.891609406470728 ], [ 1.922598052615402, 48.903992755380003 ], [ 1.906183338844192, 48.90951731091166 ] ] ] } },
{ "type": "Feature", "properties": { "hex_id": "871fb6a66ffffff", "scale0": 3150, "NDVI": 0.77913880348205566, "NDMI": 0.25176078081130981, "NDBI": -0.25176078081130981, "NDSI": -0.58993405103683472, "NDWI": -0.72344303131103516, "osmnx": null, "PasDeRoute": 92.450653678543958, "motorway": 0.0, "primary": 0.0, "secondary": 0.0, "tertiary": 1.051012560881825, "path": 6.4983337605742113, "population": 92.999670205219672, "elevation": 36.438076019287109, "foret_encoder": 5.0, "highway_encoder": 0.0, "foret": null, "PasDeforet": 4.2553191489361701, "Châtaignier": 0.0, "Chênes décidus": 11.227890284542424, "Conifères": 0.0, "Douglas": 0.0, "Feuillus": 54.460394770571654, "Hêtre": 0.0, "Mixte": 1.6534221994360423, "Mélèze": 0.0, "NC": 0.0, "NR": 0.051268905408869518, "Peuplier": 0.0, "Pin autre": 0.0, "Pin laricio, pin noir": 0.0, "Pin maritime": 0.0, "Pin sylvestre": 28.351704691104846, "Pins mélangés": 0.0, "Robinier": 0.0, "Sapin, épicéa": 0.0, "dynamic_world": null, "water": 0.0, "tree": 96.283004357856967, "grass": 0.064086131761086892, "crops": 0.12817226352217378, "shrub": 0.12817226352217378, "flooded": 1.1022814662906948, "built": 1.2689054088695206, "bare": 0.0, "snow": 0.0, "sinister": 7.0 }, "geometry": { "type": "Polygon", "coordinates": [ [ [ 1.964401423027204, 48.612088257173419 ], [ 1.950492672079891, 48.605202156755446 ], [ 1.9529082331882, 48.592798248629769 ], [ 1.969225720285187, 48.58728174317185 ], [ 1.983129942283633, 48.594167004779266 ], [ 1.98072120579812, 48.606569610264359 ], [ 1.964401423027204, 48.612088257173419 ] ] ] } },
{ "type": "Feature", "properties": { "hex_id": "871fb461effffff", "scale0": 3151, "NDVI": 0.58845633268356323, "NDMI": 0.13942842185497284, "NDBI": -0.13942842185497284, "NDSI": -0.49004054069519043, "NDWI": -0.5694466233253479, "osmnx": null, "PasDeRoute": 97.267829656233957, "motorway": 0.0, "primary": 0.0, "secondary": 1.7444843509492047, "tertiary": 0.71831708568496666, "path": 0.26936890713186251, "population": 423.99829684552731, "elevation": 36.756771087646484, "foret_encoder": 0.0, "highway_encoder": 0.0, "foret": null, "PasDeforet": 83.273473576192927, "Châtaignier": 0.0, "Chênes décidus": 2.9887121600820934, "Conifères": 0.0, "Douglas": 0.0, "Feuillus": 13.737814263724987, "Hêtre": 0.0, "Mixte": 0.0, "Mélèze": 0.0, "NC": 0.0, "NR": 0.0, "Peuplier": 0.0, "Pin autre": 0.0, "Pin laricio, pin noir": 0.0, "Pin maritime": 0.0, "Pin sylvestre": 0.0, "Pins mélangés": 0.0, "Robinier": 0.0, "Sapin, épicéa": 0.0, "dynamic_world": null, "water": 0.33350436121087734, "tree": 22.934838378655719, "grass": 0.25654181631605949, "crops": 0.14109799897383271, "shrub": 12.390969728065675, "flooded": 0.26936890713186251, "built": 9.8896870189840946, "bare": 0.0, "snow": 0.0, "sinister": 2.0 }, "geometry": { "type": "Polygon", "coordinates": [ [ [ 2.177635805146175, 48.771403361894002 ], [ 2.163695511043274, 48.764568402961068 ], [ 2.166068803629105, 48.752184487924509 ], [ 2.182375546022774, 48.74663684867631 ], [ 2.196311255580017, 48.753470987449205 ], [ 2.193944806929, 48.765853585240613 ], [ 2.177635805146175, 48.771403361894002 ] ] ] } },
{ "type": "Feature", "properties": { "hex_id": "871fb44d0ffffff", "scale0": 3152, "NDVI": 0.81866371631622314, "NDMI": 0.34191799163818359, "NDBI": -0.34191799163818359, "NDSI": -0.56712573766708374, "NDWI": -0.75945180654525757, "osmnx": null, "PasDeRoute": 92.454754014784598, "motorway": 0.0, "primary": 0.0, "secondary": 0.0, "tertiary": 2.3451440224318123, "path": 5.2001019627835845, "population": 21.999912839950916, "elevation": 51.4190673828125, "foret_encoder": 15.0, "highway_encoder": 0.0, "foret": null, "PasDeforet": 7.2903390262554169, "Châtaignier": 0.0, "Chênes décidus": 21.195513637522303, "Conifères": 0.0, "Douglas": 0.0, "Feuillus": 14.287535049706857, "Hêtre": 0.0, "Mixte": 3.4157532500637267, "Mélèze": 0.0, "NC": 0.0, "NR": 8.3099668620953349, "Peuplier": 0.0, "Pin autre": 0.0, "Pin laricio, pin noir": 7.6344634208513895, "Pin maritime": 0.0, "Pin sylvestre": 37.86642875350497, "Pins mélangés": 0.0, "Robinier": 0.0, "Sapin, épicéa": 0.0, "dynamic_world": null, "water": 0.0, "tree": 94.200866683660465, "grass": 0.5735406576599541, "crops": 0.15294417537598778, "shrub": 0.050981391791995928, "flooded": 0.14019882742798878, "built": 1.5039510578638797, "bare": 0.0, "snow": 0.0, "sinister": 1.0 }, "geometry": { "type": "Polygon", "coordinates": [ [ [ 1.704081954530769, 48.769093769452745 ], [ 1.690131474884942, 48.762185532520057 ], [ 1.692612719693404, 48.749782760183059 ], [ 1.709037564161218, 48.744289498493899 ], [ 1.722983530787048, 48.751196876381151 ], [ 1.720509165653437, 48.763598374604449 ], [ 1.704081954530769, 48.769093769452745 ] ] ] } },
{ "type": "Feature", "properties": { "hex_id": "871fb47a0ffffff", "scale0": 3153, "NDVI": 0.46185824275016785, "NDMI": 0.029257649555802345, "NDBI": -0.029257649555802345, "NDSI": -0.4801386296749115, "NDWI": -0.49147167801856995, "osmnx": null, "PasDeRoute": 97.421825143586474, "motorway": 0.0, "primary": 1.059349074664965, "secondary": 1.2507977026164645, "tertiary": 0.089342693044033195, "path": 0.17868538608806639, "population": 66.000174320098196, "elevation": 27.02754020690918, "foret_encoder": 0.0, "highway_encoder": 0.0, "foret": null, "PasDeforet": 91.116783663050413, "Châtaignier": 0.0, "Chênes décidus": 0.0, "Conifères": 0.0, "Douglas": 0.0, "Feuillus": 8.8832163369495856, "Hêtre": 0.0, "Mixte": 0.0, "Mélèze": 0.0, "NC": 0.0, "NR": 0.0, "Peuplier": 0.0, "Pin autre": 0.0, "Pin laricio, pin noir": 0.0, "Pin maritime": 0.0, "Pin sylvestre": 0.0, "Pins mélangés": 0.0, "Robinier": 0.0, "Sapin, épicéa": 0.0, "dynamic_world": null, "water": 0.0, "tree": 11.155073388640714, "grass": 3.9948947032546269, "crops": 3.0631780472239951, "shrub": 50.721123165283977, "flooded": 0.14039566049776644, "built": 6.4071474154435233, "bare": 0.0, "snow": 0.0, "sinister": 1.0 }, "geometry": { "type": "Polygon", "coordinates": [ [ [ 1.943865893155087, 48.873699505068892 ], [ 1.929896516863452, 48.866840263154728 ], [ 1.932327229606647, 48.854454471036398 ], [ 1.948720432946962, 48.848929213309709 ], [ 1.962685244127023, 48.855787616467346 ], [ 1.960261416740243, 48.868172115712142 ], [ 1.943865893155087, 48.873699505068892 ] ] ] } },
{ "type": "Feature", "properties": { "hex_id": "871fb4475ffffff", "scale0": 3154, "NDVI": 0.52028286457061768, "NDMI": 0.081330388784408569, "NDBI": -0.081330388784408569, "NDSI": -0.47657638788223267, "NDWI": -0.52030038833618164, "osmnx": null, "PasDeRoute": 95.430244399185341, "motorway": 0.0, "primary": 0.0, "secondary": 0.0, "tertiary": 1.3110997963340123, "path": 3.2586558044806515, "population": 2183.990242785856, "elevation": 26.33372688293457, "foret_encoder": 0.0, "highway_encoder": 0.0, "foret": null, "PasDeforet": 67.43890020366598, "Châtaignier": 0.0, "Chênes décidus": 0.0, "Conifères": 0.0, "Douglas": 0.0, "Feuillus": 31.860997963340122, "Hêtre": 0.0, "Mixte": 0.49643584521384926, "Mélèze": 0.0, "NC": 0.20366598778004072, "NR": 0.0, "Peuplier": 0.0, "Pin autre": 0.0, "Pin laricio, pin noir": 0.0, "Pin maritime": 0.0, "Pin sylvestre": 0.0, "Pins mélangés": 0.0, "Robinier": 0.0, "Sapin, épicéa": 0.0, "dynamic_world": null, "water": 0.0, "tree": 42.489816700611001, "grass": 0.80193482688391049, "crops": 0.42006109979633399, "shrub": 36.481670061099798, "flooded": 0.70010183299389006, "built": 12.207230142566191, "bare": 0.0, "snow": 0.0, "sinister": 10.0 }, "geometry": { "type": "Polygon", "coordinates": [ [ [ 1.769720438818688, 48.978422217305685 ], [ 1.755722993545451, 48.971548205579396 ], [ 1.758197808355672, 48.959163377872535 ], [ 1.774663145593005, 48.953653835216976 ], [ 1.788656036427847, 48.960526994507383 ], [ 1.786188144141984, 48.972910548487945 ], [ 1.769720438818688, 48.978422217305685 ] ] ] } },
{ "type": "Feature", "properties": { "hex_id": "871fb4453ffffff", "scale0": 3155, "NDVI": 0.52469891309738159, "NDMI": 0.080058194696903229, "NDBI": -0.080058194696903229, "NDSI": -0.50517535209655762, "NDWI": -0.5415303111076355, "osmnx": null, "PasDeRoute": 97.517504774029291, "motorway": 0.0, "primary": 0.0, "secondary": 1.9732654360280075, "tertiary": 0.0, "path": 0.50922978994271162, "population": 77.000287392594302, "elevation": 28.834558486938477, "foret_encoder": 0.0, "highway_encoder": 0.0, "foret": null, "PasDeforet": 80.929344366645452, "Châtaignier": 0.0, "Chênes décidus": 3.3227243793761936, "Conifères": 0.0, "Douglas": 0.0, "Feuillus": 15.74793125397836, "Hêtre": 0.0, "Mixte": 0.0, "Mélèze": 0.0, "NC": 0.0, "NR": 0.0, "Peuplier": 0.0, "Pin autre": 0.0, "Pin laricio, pin noir": 0.0, "Pin maritime": 0.0, "Pin sylvestre": 0.0, "Pins mélangés": 0.0, "Robinier": 0.0, "Sapin, épicéa": 0.0, "dynamic_world": null, "water": 0.19096117122851686, "tree": 23.62826225334182, "grass": 3.6282622533418207, "crops": 0.67472947167409292, "shrub": 38.956078930617444, "flooded": 0.14003819223424571, "built": 11.826861871419478, "bare": 0.0, "snow": 0.0, "sinister": 3.0 }, "geometry": { "type": "Polygon", "coordinates": [ [ [ 1.803440914501123, 48.886208389125258 ], [ 1.789465545948639, 48.879328935941714 ], [ 1.791928869067731, 48.866938584110336 ], [ 1.808360661526872, 48.861428964722023 ], [ 1.822331484377999, 48.868307567705259 ], [ 1.819875060147568, 48.880696639878195 ], [ 1.803440914501123, 48.886208389125258 ] ] ] } },
{ "type": "Feature", "properties": { "hex_id": "871fb44c6ffffff", "scale0": 3156, "NDVI": 0.70709335803985596, "NDMI": 0.22447329759597778, "NDBI": -0.22447329759597778, "NDSI": -0.53136688470840454, "NDWI": -0.66329860687255859, "osmnx": null, "PasDeRoute": 95.003186743148504, "motorway": 0.0, "primary": 0.0, "secondary": 0.0, "tertiary": 1.5678776290630976, "path": 3.4289356277884, "population": 35.001194328240238, "elevation": 42.281791687011719, "foret_encoder": 0.0, "highway_encoder": 0.0, "foret": null, "PasDeforet": 70.350541746335253, "Châtaignier": 0.0, "Chênes décidus": 0.22944550669216063, "Conifères": 0.0, "Douglas": 0.0, "Feuillus": 28.97386870618228, "Hêtre": 0.0, "Mixte": 0.44614404079031234, "Mélèze": 0.0, "NC": 0.0, "NR": 0.0, "Peuplier": 0.0, "Pin autre": 0.0, "Pin laricio, pin noir": 0.0, "Pin maritime": 0.0, "Pin sylvestre": 0.0, "Pins mélangés": 0.0, "Robinier": 0.0, "Sapin, épicéa": 0.0, "dynamic_world": null, "water": 0.05098789037603569, "tree": 44.52517527087317, "grass": 4.2319949012109621, "crops": 0.90503505417463359, "shrub": 24.333970681963031, "flooded": 0.26768642447418733, "built": 6.8961121733588273, "bare": 0.0, "snow": 0.0, "sinister": 1.0 }, "geometry": { "type": "Polygon", "coordinates": [ [ [ 1.727038522350898, 48.807698274918771 ], [ 1.713079639714452, 48.800798009703321 ], [ 1.71555722080407, 48.788398942417587 ], [ 1.731986797482148, 48.782901415000097 ], [ 1.74594115783798, 48.789800823288381 ], [ 1.743470463481728, 48.802198615522457 ], [ 1.727038522350898, 48.807698274918771 ] ] ] } },
{ "type": "Feature", "properties": { "hex_id": "871fb44caffffff", "scale0": 3157, "NDVI": 0.70201647281646729, "NDMI": 0.18646512925624847, "NDBI": -0.18646512925624847, "NDSI": -0.56949657201766968, "NDWI": -0.66783320903778076, "osmnx": null, "PasDeRoute": 97.087750670583731, "motorway": 0.0, "primary": 0.91965768297355976, "secondary": 0.20436837399412441, "tertiary": 1.5583088517051986, "path": 0.22991442074338994, "population": 6.0001012941111052, "elevation": 45.385265350341797, "foret_encoder": 0.0, "highway_encoder": 0.0, "foret": null, "PasDeforet": 72.295312300421514, "Châtaignier": 1.3028483842125431, "Chênes décidus": 8.0980968195171794, "Conifères": 0.0, "Douglas": 0.0, "Feuillus": 18.30374249584877, "Hêtre": 0.0, "Mixte": 0.0, "Mélèze": 0.0, "NC": 0.0, "NR": 0.0, "Peuplier": 0.0, "Pin autre": 0.0, "Pin laricio, pin noir": 0.0, "Pin maritime": 0.0, "Pin sylvestre": 0.0, "Pins mélangés": 0.0, "Robinier": 0.0, "Sapin, épicéa": 0.0, "dynamic_world": null, "water": 0.4726018648614127, "tree": 46.506578107037939, "grass": 10.001277302337463, "crops": 0.91965768297355976, "shrub": 15.876868054668538, "flooded": 1.2773023374632775, "built": 12.824115468131305, "bare": 0.0, "snow": 0.0, "sinister": 4.0 }, "geometry": { "type": "Polygon", "coordinates": [ [ [ 1.825546235370859, 48.77467534591748 ], [ 1.811597071707332, 48.767786470176397 ], [ 1.814050809493288, 48.755388810757829 ], [ 1.830446838764105, 48.749881311764113 ], [ 1.844391470090485, 48.756769338426146 ], [ 1.841944604158899, 48.769165712764504 ], [ 1.825546235370859, 48.77467534591748 ] ] ] } },
{ "type": "Feature", "properties": { "hex_id": "871fb445effffff", "scale0": 3158, "NDVI": 0.38347932696342468, "NDMI": -0.018239414319396019, "NDBI": 0.018239414319396019, "NDSI": -0.47590595483779907, "NDWI": -0.44896331429481506, "osmnx": null, "PasDeRoute": 98.063940899248507, "motorway": 0.0, "primary": 0.0, "secondary": 1.2100369379696854, "tertiary": 0.0, "path": 0.7260221627818112, "population": 77.000150763328165, "elevation": 22.844684600830078, "foret_encoder": 0.0, "highway_encoder": 0.0, "foret": null, "PasDeforet": 96.599159342758895, "Châtaignier": 0.0, "Chênes décidus": 0.0, "Conifères": 0.0, "Douglas": 0.0, "Feuillus": 3.0059864985352185, "Hêtre": 0.0, "Mixte": 0.20379569481594703, "Mélèze": 0.0, "NC": 0.0, "NR": 0.19105846388995032, "Peuplier": 0.0, "Pin autre": 0.0, "Pin laricio, pin noir": 0.0, "Pin maritime": 0.0, "Pin sylvestre": 0.0, "Pins mélangés": 0.0, "Robinier": 0.0, "Sapin, épicéa": 0.0, "dynamic_world": null, "water": 0.0, "tree": 8.7504776461597249, "grass": 0.47127754426187746, "crops": 0.19105846388995032, "shrub": 78.88167112469749, "flooded": 0.11463507833397019, "built": 2.7385046490892884, "bare": 0.0, "snow": 0.0, "sinister": 0.0 }, "geometry": { "type": "Polygon", "coordinates": [ [ [ 1.833850084071171, 48.887571247592568 ], [ 1.819875060147568, 48.880696639878195 ], [ 1.822331484377999, 48.868307567705259 ], [ 1.838756035301675, 48.862794385247817 ], [ 1.852726508688405, 48.869668145261386 ], [ 1.850276981361387, 48.882055935034828 ], [ 1.833850084071171, 48.887571247592568 ] ] ] } },
{ "type": "Feature", "properties": { "hex_id": "871fb4500ffffff", "scale0": 3159, "NDVI": 0.42692151665687561, "NDMI": 0.0041927970014512539, "NDBI": -0.0041927970014512539, "NDSI": -0.48855602741241455, "NDWI": -0.47404351830482483, "osmnx": null, "PasDeRoute": 96.174794173527545, "motorway": 1.8619379354021532, "primary": 1.5706143128562382, "secondary": 0.0, "tertiary": 0.1266624445851805, "path": 0.26599113362887905, "population": 7.0000023556770037, "elevation": 19.46551513671875, "foret_encoder": 0.0, "highway_encoder": 0.0, "foret": null, "PasDeforet": 99.455351488283725, "Châtaignier": 0.0, "Chênes décidus": 0.0, "Conifères": 0.0, "Douglas": 0.0, "Feuillus": 0.54464851171627615, "Hêtre": 0.0, "Mixte": 0.0, "Mélèze": 0.0, "NC": 0.0, "NR": 0.0, "Peuplier": 0.0, "Pin autre": 0.0, "Pin laricio, pin noir": 0.0, "Pin maritime": 0.0, "Pin sylvestre": 0.0, "Pins mélangés": 0.0, "Robinier": 0.0, "Sapin, épicéa": 0.0, "dynamic_world": null, "water": 0.0, "tree": 3.0272324255858138, "grass": 0.16466117796073465, "crops": 0.13932868904369855, "shrub": 74.654844838505383, "flooded": 0.16466117796073465, "built": 2.3305889803673212, "bare": 0.0, "snow": 0.0, "sinister": 1.0 }, "geometry": { "type": "Polygon", "coordinates": [ [ [ 1.491448138064765, 49.059474446821767 ], [ 1.477426224524611, 49.052566912211233 ], [ 1.479968233163351, 49.040177635746311 ], [ 1.496525193342286, 49.034697139100132 ], [ 1.510542583388994, 49.041603798976013 ], [ 1.508007536456508, 49.053991829824831 ], [ 1.491448138064765, 49.059474446821767 ] ] ] } },
{ "type": "Feature", "properties": { "hex_id": "871fb4461ffffff", "scale0": 3160, "NDVI": 0.4227946400642395, "NDMI": 0.034906167536973953, "NDBI": -0.034906167536973953, "NDSI": -0.41036120057106018, "NDWI": -0.4232860803604126, "osmnx": null, "PasDeRoute": 92.080468551056782, "motorway": 2.4191494779730074, "primary": 2.482811306340718, "secondary": 0.0, "tertiary": 2.5592055003819709, "path": 0.45836516424751722, "population": 664.99719438869022, "elevation": 8.8173704147338867, "foret_encoder": 0.0, "highway_encoder": 0.0, "foret": null, "PasDeforet": 94.232238349885407, "Châtaignier": 0.0, "Chênes décidus": 0.0, "Conifères": 0.0, "Douglas": 0.0, "Feuillus": 2.7501909854851032, "Hêtre": 0.0, "Mixte": 1.1586452762923352, "Mélèze": 0.0, "NC": 1.8589253883371528, "NR": 0.0, "Peuplier": 0.0, "Pin autre": 0.0, "Pin laricio, pin noir": 0.0, "Pin maritime": 0.0, "Pin sylvestre": 0.0, "Pins mélangés": 0.0, "Robinier": 0.0, "Sapin, épicéa": 0.0, "dynamic_world": null, "water": 0.26737967914438499, "tree": 6.7099567099567103, "grass": 1.5660809778456839, "crops": 0.70028011204481799, "shrub": 2.6992615227909345, "flooded": 1.3750954927425516, "built": 71.466768525592045, "bare": 1.3750954927425516, "snow": 0.0, "sinister": 18.0 }, "geometry": { "type": "Polygon", "coordinates": [ [ [ 1.842184323643306, 49.000369464202336 ], [ 1.828183344007717, 48.993509163837153 ], [ 1.830642457829757, 48.981128763623005 ], [ 1.847095628868932, 48.975609943050479 ], [ 1.861092039659552, 48.982469397039431 ], [ 1.858639847926316, 48.994848517576806 ], [ 1.842184323643306, 49.000369464202336 ] ] ] } },
{ "type": "Feature", "properties": { "hex_id": "871fb444dffffff", "scale0": 3161, "NDVI": null, "NDMI": null, "NDBI": null, "NDSI": null, "NDWI": null, "osmnx": null, "PasDeRoute": null, "motorway": null, "primary": null, "secondary": null, "tertiary": null, "path": null, "population": null, "elevation": null, "foret_encoder": null, "highway_encoder": null, "foret": null, "PasDeforet": null, "Châtaignier": null, "Chênes décidus": null, "Conifères": null, "Douglas": null, "Feuillus": null, "Hêtre": null, "Mixte": null, "Mélèze": null, "NC": null, "NR": null, "Peuplier": null, "Pin autre": null, "Pin laricio, pin noir": null, "Pin maritime": null, "Pin sylvestre": null, "Pins mélangés": null, "Robinier": null, "Sapin, épicéa": null, "dynamic_world": null, "water": null, "tree": null, "grass": null, "crops": null, "shrub": null, "flooded": null, "built": null, "bare": null, "snow": null, "sinister": null }, "geometry": { "type": "Polygon", "coordinates": [ [ [ 1.929276986876533, 48.947990819037514 ], [ 1.915290085109156, 48.941137897391194 ], [ 1.917727131326326, 48.928757001983222 ], [ 1.934144175535697, 48.923230317078904 ], [ 1.94812650315407, 48.930082399207834 ], [ 1.945696360374205, 48.942462005360689 ], [ 1.929276986876533, 48.947990819037514 ] ] ] } },
{ "type": "Feature", "properties": { "hex_id": "871fb4400ffffff", "scale0": 3162, "NDVI": 0.45125478506088257, "NDMI": -0.0019761957228183746, "NDBI": 0.0019761957228183746, "NDSI": -0.51599031686782837, "NDWI": -0.49274206161499023, "osmnx": null, "PasDeRoute": 99.162436548223354, "motorway": 0.0, "primary": 0.36802030456852791, "secondary": 0.0, "tertiary": 0.46954314720812185, "path": 0.0, "population": 143.99932863205433, "elevation": 25.643148422241211, "foret_encoder": 0.0, "highway_encoder": 0.0, "foret": null, "PasDeforet": 92.208121827411176, "Châtaignier": 0.0, "Chênes décidus": 0.0, "Conifères": 0.0, "Douglas": 0.0, "Feuillus": 7.7918781725888326, "Hêtre": 0.0, "Mixte": 0.0, "Mélèze": 0.0, "NC": 0.0, "NR": 0.0, "Peuplier": 0.0, "Pin autre": 0.0, "Pin laricio, pin noir": 0.0, "Pin maritime": 0.0, "Pin sylvestre": 0.0, "Pins mélangés": 0.0, "Robinier": 0.0, "Sapin, épicéa": 0.0, "dynamic_world": null, "water": 0.0, "tree": 10.520304568527919, "grass": 0.55837563451776651, "crops": 0.3045685279187817, "shrub": 66.916243654822338, "flooded": 0.076142131979695424, "built": 2.8045685279187818, "bare": 0.0, "snow": 0.0, "sinister": 3.0 }, "geometry": { "type": "Polygon", "coordinates": [ [ [ 1.624799079645133, 48.934335273906029 ], [ 1.610808836789694, 48.927433831747557 ], [ 1.613315026950512, 48.915040194644263 ], [ 1.629804536464758, 48.909549261081331 ], [ 1.64379025382211, 48.916449838713255 ], [ 1.641290986857397, 48.928842214031562 ], [ 1.624799079645133, 48.934335273906029 ] ] ] } },
{ "type": "Feature", "properties": { "hex_id": "871fb454bffffff", "scale0": 3163, "NDVI": 0.67726945877075195, "NDMI": 0.19541366398334503, "NDBI": -0.19541366398334503, "NDSI": -0.54966235160827637, "NDWI": -0.65043556690216064, "osmnx": null, "PasDeRoute": 97.314496627211398, "motorway": 0.0, "primary": 0.0, "secondary": 0.3436426116838488, "tertiary": 0.0, "path": 2.3418607611047473, "population": 29.000826842627855, "elevation": 56.304473876953125, "foret_encoder": 5.0, "highway_encoder": 0.0, "foret": null, "PasDeforet": 36.107929235077002, "Châtaignier": 12.282041491663485, "Chênes décidus": 3.8309787450680921, "Conifères": 0.0, "Douglas": 0.0, "Feuillus": 43.426244113529336, "Hêtre": 0.0, "Mixte": 0.0, "Mélèze": 0.0, "NC": 4.3528064146620844, "NR": 0.0, "Peuplier": 0.0, "Pin autre": 0.0, "Pin laricio, pin noir": 0.0, "Pin maritime": 0.0, "Pin sylvestre": 0.0, "Pins mélangés": 0.0, "Robinier": 0.0, "Sapin, épicéa": 0.0, "dynamic_world": null, "water": 0.10182003309151075, "tree": 48.186330660557466, "grass": 0.87819778541428029, "crops": 0.81456026473208598, "shrub": 28.318696703576428, "flooded": 0.0, "built": 0.42000763650248191, "bare": 0.038182512409316534, "snow": 0.0, "sinister": 1.0 }, "geometry": { "type": "Polygon", "coordinates": [ [ [ 1.804324785404568, 49.036163443001065 ], [ 1.790314668623592, 49.029301445513632 ], [ 1.792783923473472, 49.016922253960821 ], [ 1.80925636159402, 49.011406334591797 ], [ 1.823261909895572, 49.018267482789014 ], [ 1.820799588229717, 49.030645399243724 ], [ 1.804324785404568, 49.036163443001065 ] ] ] } },
{ "type": "Feature", "properties": { "hex_id": "871fb6b33ffffff", "scale0": 3164, "NDVI": 0.60408294200897217, "NDMI": 0.097509503364562988, "NDBI": -0.097509503364562988, "NDSI": -0.57069414854049683, "NDWI": -0.61213642358779907, "osmnx": null, "PasDeRoute": 99.007254677357764, "motorway": 0.0, "primary": 0.0, "secondary": 0.40728013236604299, "tertiary": 0.0, "path": 0.58546519027618682, "population": 26.000106005465113, "elevation": 39.691501617431641, "foret_encoder": 5.0, "highway_encoder": 0.0, "foret": null, "PasDeforet": 42.904416443935347, "Châtaignier": 0.61092019854906454, "Chênes décidus": 6.9873997709049256, "Conifères": 0.0, "Douglas": 0.0, "Feuillus": 43.298969072164951, "Hêtre": 0.0, "Mixte": 4.0600738195239909, "Mélèze": 0.0, "NC": 0.0, "NR": 0.0, "Peuplier": 0.0, "Pin autre": 0.0, "Pin laricio, pin noir": 0.0, "Pin maritime": 0.0, "Pin sylvestre": 2.138220694921726, "Pins mélangés": 0.0, "Robinier": 0.0, "Sapin, épicéa": 0.0, "dynamic_world": null, "water": 0.0, "tree": 47.079037800687281, "grass": 3.2073310423825885, "crops": 0.9672903143693522, "shrub": 4.6964490263459338, "flooded": 0.29273259513809341, "built": 0.81456026473208598, "bare": 0.0, "snow": 0.0, "sinister": 2.0 }, "geometry": { "type": "Polygon", "coordinates": [ [ [ 1.616443993632042, 48.671033462194977 ], [ 1.602514204967049, 48.664100486284703 ], [ 1.605011429922886, 48.651687223989278 ], [ 1.621431579296597, 48.646208206205273 ], [ 1.635356882874938, 48.65314031528073 ], [ 1.63286652186512, 48.665552308576665 ], [ 1.616443993632042, 48.671033462194977 ] ] ] } },
{ "type": "Feature", "properties": { "hex_id": "871fb44dbffffff", "scale0": 3165, "NDVI": 0.6065443754196167, "NDMI": 0.11358851939439774, "NDBI": -0.11358851939439774, "NDSI": -0.51875299215316772, "NDWI": -0.58282208442687988, "osmnx": null, "PasDeRoute": 95.749297932090883, "motorway": 0.0, "primary": 0.16594332397242786, "secondary": 0.0, "tertiary": 1.3530763339290273, "path": 2.7316824100076591, "population": 9.0000800930180826, "elevation": 10.771382331848145, "foret_encoder": 0.0, "highway_encoder": 0.0, "foret": null, "PasDeforet": 58.15675261679857, "Châtaignier": 0.0, "Chênes décidus": 20.576972172581058, "Conifères": 0.0, "Douglas": 0.0, "Feuillus": 20.615266785805463, "Hêtre": 0.0, "Mixte": 0.0, "Mélèze": 0.0, "NC": 0.65100842481490939, "NR": 0.0, "Peuplier": 0.0, "Pin autre": 0.0, "Pin laricio, pin noir": 0.0, "Pin maritime": 0.0, "Pin sylvestre": 0.0, "Pins mélangés": 0.0, "Robinier": 0.0, "Sapin, épicéa": 0.0, "dynamic_world": null, "water": 3.5741639009446007, "tree": 44.026040336992594, "grass": 12.815930559101352, "crops": 0.80418687771253505, "shrub": 15.802910390605055, "flooded": 0.2552974214960429, "built": 7.250446770487617, "bare": 0.0, "snow": 0.0, "sinister": 1.0 }, "geometry": { "type": "Polygon", "coordinates": [ [ [ 1.802561412229738, 48.73609643869203 ], [ 1.788620619971995, 48.7291995925995 ], [ 1.791078039762287, 48.716798233876375 ], [ 1.807469386641955, 48.711295004990156 ], [ 1.821405655806528, 48.718190999871403 ], [ 1.818955100863325, 48.730591074454018 ], [ 1.802561412229738, 48.73609643869203 ] ] ] } },
{ "type": "Feature", "properties": { "hex_id": "871fb6b75ffffff", "scale0": 3166, "NDVI": 0.60281074047088623, "NDMI": 0.10995849967002869, "NDBI": -0.10995849967002869, "NDSI": -0.52270865440368652, "NDWI": -0.5822175145149231, "osmnx": null, "PasDeRoute": 95.899859496742877, "motorway": 0.0, "primary": 1.3794865244603398, "secondary": 1.072933963469153, "tertiary": 0.089411163622429429, "path": 1.5583088517051986, "population": 1400.9938917295331, "elevation": 13.123052597045898, "foret_encoder": 0.0, "highway_encoder": 0.0, "foret": null, "PasDeforet": 88.96410780431728, "Châtaignier": 0.0, "Chênes décidus": 7.4338996040362755, "Conifères": 0.0, "Douglas": 0.0, "Feuillus": 3.6019925916464426, "Hêtre": 0.0, "Mixte": 0.0, "Mélèze": 0.0, "NC": 0.0, "NR": 0.0, "Peuplier": 0.0, "Pin autre": 0.0, "Pin laricio, pin noir": 0.0, "Pin maritime": 0.0, "Pin sylvestre": 0.0, "Pins mélangés": 0.0, "Robinier": 0.0, "Sapin, épicéa": 0.0, "dynamic_world": null, "water": 0.0, "tree": 11.278579639800741, "grass": 8.9666624089922085, "crops": 5.9650019159535068, "shrub": 37.654872908417424, "flooded": 0.30655256099118661, "built": 10.818750798313962, "bare": 0.0, "snow": 0.0, "sinister": 0.0 }, "geometry": { "type": "Polygon", "coordinates": [ [ [ 1.821405655806528, 48.718190999871403 ], [ 1.807469386641955, 48.711295004990156 ], [ 1.809921782391921, 48.698893083851978 ], [ 1.826303587602834, 48.693388443604327 ], [ 1.840235333489749, 48.700283588697374 ], [ 1.837789797120459, 48.712684223430813 ], [ 1.821405655806528, 48.718190999871403 ] ] ] } },
{ "type": "Feature", "properties": { "hex_id": "871fb4731ffffff", "scale0": 3167, "NDVI": 0.51346194744110107, "NDMI": 0.12418309599161148, "NDBI": -0.12418309599161148, "NDSI": -0.38855886459350586, "NDWI": -0.46827989816665649, "osmnx": null, "PasDeRoute": 94.028327166007401, "motorway": 0.0, "primary": 0.0, "secondary": 0.0, "tertiary": 1.1739185912976906, "path": 4.7977542426949089, "population": 726.00856524158098, "elevation": 12.170489311218262, "foret_encoder": 0.0, "highway_encoder": 0.0, "foret": null, "PasDeforet": 86.334056399132322, "Châtaignier": 0.0, "Chênes décidus": 0.0, "Conifères": 0.0, "Douglas": 0.0, "Feuillus": 9.250988898813322, "Hêtre": 0.0, "Mixte": 0.0, "Mélèze": 0.0, "NC": 4.4149547020543576, "NR": 0.0, "Peuplier": 0.0, "Pin autre": 0.0, "Pin laricio, pin noir": 0.0, "Pin maritime": 0.0, "Pin sylvestre": 0.0, "Pins mélangés": 0.0, "Robinier": 0.0, "Sapin, épicéa": 0.0, "dynamic_world": null, "water": 19.714176342988388, "tree": 10.450427459487049, "grass": 1.3525583769299476, "crops": 0.67627918846497381, "shrub": 0.68903917315299212, "flooded": 0.99527880566543325, "built": 47.199183360979966, "bare": 1.8629577644506827, "snow": 0.0, "sinister": 3.0 }, "geometry": { "type": "Polygon", "coordinates": [ [ [ 2.001650066801839, 48.969836633050356 ], [ 1.987659737889299, 48.962997398864772 ], [ 1.990081105193624, 48.95062096005379 ], [ 2.006485898207009, 48.945085050204952 ], [ 2.020471638714367, 48.951923450949941 ], [ 2.018057174267807, 48.964298594587568 ], [ 2.001650066801839, 48.969836633050356 ] ] ] } },
{ "type": "Feature", "properties": { "hex_id": "871fb4636ffffff", "scale0": 3168, "NDVI": 0.55085539817810059, "NDMI": 0.093255504965782166, "NDBI": -0.093255504965782166, "NDSI": -0.48678559064865112, "NDWI": -0.53874105215072632, "osmnx": null, "PasDeRoute": 96.749424110570772, "motorway": 1.5613002303557717, "primary": 0.0, "secondary": 1.0621960583567953, "tertiary": 0.051190171487074478, "path": 0.57588942922958786, "population": 854.99944406022757, "elevation": 24.146289825439453, "foret_encoder": 0.0, "highway_encoder": 0.0, "foret": null, "PasDeforet": 88.981315587407224, "Châtaignier": 0.0, "Chênes décidus": 0.0, "Conifères": 0.0, "Douglas": 0.0, "Feuillus": 9.9052981827489113, "Hêtre": 0.0, "Mixte": 0.0, "Mélèze": 0.0, "NC": 1.1133862298438701, "NR": 0.0, "Peuplier": 0.0, "Pin autre": 0.0, "Pin laricio, pin noir": 0.0, "Pin maritime": 0.0, "Pin sylvestre": 0.0, "Pins mélangés": 0.0, "Robinier": 0.0, "Sapin, épicéa": 0.0, "dynamic_world": null, "water": 0.10238034297414896, "tree": 18.991553621704632, "grass": 5.0678269772203732, "crops": 2.2651650883030459, "shrub": 33.465574609674945, "flooded": 0.19196314307652929, "built": 8.7023291528026618, "bare": 0.19196314307652929, "snow": 0.0, "sinister": 6.0 }, "geometry": { "type": "Polygon", "coordinates": [ [ [ 2.07247561125169, 48.841816280450622 ], [ 2.058516563875574, 48.834973201360619 ], [ 2.060916625885881, 48.822590171372781 ], [ 2.077268866771393, 48.817051525639933 ], [ 2.091223334555933, 48.823893776356172 ], [ 2.088830140695785, 48.836275500786002 ], [ 2.07247561125169, 48.841816280450622 ] ] ] } },
{ "type": "Feature", "properties": { "hex_id": "871fb451cffffff", "scale0": 3169, "NDVI": 0.47251394391059875, "NDMI": 0.028487956151366234, "NDBI": -0.028487956151366234, "NDSI": -0.50927340984344482, "NDWI": -0.50945651531219482, "osmnx": null, "PasDeRoute": 96.902263244405106, "motorway": 0.0, "primary": 0.0, "secondary": 0.30345176381337713, "tertiary": 0.0, "path": 2.7942849917815145, "population": 18.000457001338471, "elevation": 25.05335807800293, "foret_encoder": 0.0, "highway_encoder": 0.0, "foret": null, "PasDeforet": 74.952585661904152, "Châtaignier": 0.48046529270451382, "Chênes décidus": 16.715134656720192, "Conifères": 0.0, "Douglas": 0.0, "Feuillus": 7.8518143886711345, "Hêtre": 0.0, "Mixte": 0.0, "Mélèze": 0.0, "NC": 0.0, "NR": 0.0, "Peuplier": 0.0, "Pin autre": 0.0, "Pin laricio, pin noir": 0.0, "Pin maritime": 0.0, "Pin sylvestre": 0.0, "Pins mélangés": 0.0, "Robinier": 0.0, "Sapin, épicéa": 0.0, "dynamic_world": null, "water": 0.0, "tree": 29.232519914021999, "grass": 0.69541029207232274, "crops": 0.49310911619673792, "shrub": 43.343026931344035, "flooded": 0.22758882286003285, "built": 5.9552408648375268, "bare": 0.0, "snow": 0.0, "sinister": 0.0 }, "geometry": { "type": "Polygon", "coordinates": [ [ [ 1.499062065204448, 49.022307227079672 ], [ 1.485048934679606, 49.015396566138982 ], [ 1.487587628978552, 49.003004775291252 ], [ 1.504132500924324, 48.997524892454464 ], [ 1.518141112333757, 49.004434679093009 ], [ 1.515609370618843, 49.016825222463432 ], [ 1.499062065204448, 49.022307227079672 ] ] ] } },
{ "type": "Feature", "properties": { "hex_id": "871fb4459ffffff", "scale0": 3170, "NDVI": 0.47834199666976929, "NDMI": 0.024555539712309837, "NDBI": -0.024555539712309837, "NDSI": -0.49890017509460449, "NDWI": -0.50367915630340576, "osmnx": null, "PasDeRoute": 98.393062109424818, "motorway": 0.0, "primary": 0.0, "secondary": 0.0, "tertiary": 1.4283892360668282, "path": 0.17854865450835353, "population": 20.000833909658866, "elevation": 30.398069381713867, "foret_encoder": 0.0, "highway_encoder": 0.0, "foret": null, "PasDeforet": 67.504144879479654, "Châtaignier": 0.0, "Chênes décidus": 0.0, "Conifères": 0.063767376610126256, "Douglas": 0.0, "Feuillus": 23.823491901543171, "Hêtre": 0.0, "Mixte": 1.964035199591889, "Mélèze": 0.0, "NC": 6.644560642775156, "NR": 0.0, "Peuplier": 0.0, "Pin autre": 0.0, "Pin laricio, pin noir": 0.0, "Pin maritime": 0.0, "Pin sylvestre": 0.0, "Pins mélangés": 0.0, "Robinier": 0.0, "Sapin, épicéa": 0.0, "dynamic_world": null, "water": 0.0, "tree": 37.584491774008413, "grass": 7.5117969646728735, "crops": 1.2370871062364495, "shrub": 28.504017344726439, "flooded": 0.94375717382986868, "built": 8.6085958423670448, "bare": 0.012753475322025252, "snow": 0.0, "sinister": 1.0 }, "geometry": { "type": "Polygon", "coordinates": [ [ [ 1.89464560559364, 48.890271749920018 ], [ 1.880671295320658, 48.883406827747727 ], [ 1.883113927740283, 48.87102032311202 ], [ 1.899523977198985, 48.865500028124494 ], [ 1.913493727299227, 48.872364107598223 ], [ 1.911057987780194, 48.884749324360754 ], [ 1.89464560559364, 48.890271749920018 ] ] ] } },
{ "type": "Feature", "properties": { "hex_id": "871fb4799ffffff", "scale0": 3171, "NDVI": 0.54968011379241943, "NDMI": 0.10459107160568237, "NDBI": -0.10459107160568237, "NDSI": -0.49404102563858032, "NDWI": -0.5510985255241394, "osmnx": null, "PasDeRoute": 90.396419437340157, "motorway": 0.0, "primary": 0.0, "secondary": 2.659846547314578, "tertiary": 0.4475703324808184, "path": 6.4961636828644505, "population": 191.99989163885792, "elevation": 31.125921249389648, "foret_encoder": 0.0, "highway_encoder": 0.0, "foret": null, "PasDeforet": 74.424552429667528, "Châtaignier": 0.0, "Chênes décidus": 16.521739130434781, "Conifères": 0.0, "Douglas": 0.0, "Feuillus": 8.8746803069053701, "Hêtre": 0.0, "Mixte": 0.0, "Mélèze": 0.0, "NC": 0.0, "NR": 0.17902813299232737, "Peuplier": 0.0, "Pin autre": 0.0, "Pin laricio, pin noir": 0.0, "Pin maritime": 0.0, "Pin sylvestre": 0.0, "Pins mélangés": 0.0, "Robinier": 0.0, "Sapin, épicéa": 0.0, "dynamic_world": null, "water": 0.051150895140664954, "tree": 25.447570332480819, "grass": 1.5856777493606138, "crops": 0.30690537084398978, "shrub": 51.150895140664964, "flooded": 0.051150895140664954, "built": 3.4782608695652173, "bare": 0.0, "snow": 0.0, "sinister": 5.0 }, "geometry": { "type": "Polygon", "coordinates": [ [ [ 2.026275902720104, 48.764876716062268 ], [ 2.012333516552572, 48.758017662632056 ], [ 2.01474105999415, 48.74562720198594 ], [ 2.031084134964999, 48.740097098074514 ], [ 2.045021960063071, 48.746955318832995 ], [ 2.042621270915022, 48.759344475782164 ], [ 2.026275902720104, 48.764876716062268 ] ] ] } },
{ "type": "Feature", "properties": { "hex_id": "871fb40d2ffffff", "scale0": 3172, "NDVI": 0.46302306652069092, "NDMI": 0.073841109871864319, "NDBI": -0.073841109871864319, "NDSI": -0.40358543395996094, "NDWI": -0.45070603489875793, "osmnx": null, "PasDeRoute": 91.825265040235024, "motorway": 0.0, "primary": 1.2900753608379103, "secondary": 2.2480521139353686, "tertiary": 1.4561246647081365, "path": 3.1804828202835611, "population": 1918.9986737538482, "elevation": 9.8678874969482422, "foret_encoder": 0.0, "highway_encoder": 0.0, "foret": null, "PasDeforet": 93.792310639928473, "Châtaignier": 0.0, "Chênes décidus": 0.0, "Conifères": 0.0, "Douglas": 0.0, "Feuillus": 6.2076893600715293, "Hêtre": 0.0, "Mixte": 0.0, "Mélèze": 0.0, "NC": 0.0, "NR": 0.0, "Peuplier": 0.0, "Pin autre": 0.0, "Pin laricio, pin noir": 0.0, "Pin maritime": 0.0, "Pin sylvestre": 0.0, "Pins mélangés": 0.0, "Robinier": 0.0, "Sapin, épicéa": 0.0, "dynamic_world": null, "water": 2.6312428151743519, "tree": 8.723974964874186, "grass": 2.4141014178055946, "crops": 0.79192744922723202, "shrub": 10.07791544258526, "flooded": 1.0346148933452548, "built": 58.168348448077658, "bare": 0.0, "snow": 0.0, "sinister": 0.0 }, "geometry": { "type": "Polygon", "coordinates": [ [ [ 2.066809945286342, 49.028726275859128 ], [ 2.052807437375486, 49.02190390831781 ], [ 2.055216254087238, 49.009534406144468 ], [ 2.071620667067207, 49.003988570380805 ], [ 2.085618567768282, 49.010810110177694 ], [ 2.083216662345702, 49.023178313085978 ], [ 2.066809945286342, 49.028726275859128 ] ] ] } },
{ "type": "Feature", "properties": { "hex_id": "871fb4612ffffff", "scale0": 3173, "NDVI": 0.54879587888717651, "NDMI": 0.091670051217079163, "NDBI": -0.091670051217079163, "NDSI": -0.49953964352607727, "NDWI": -0.54908984899520874, "osmnx": null, "PasDeRoute": 96.489429852658546, "motorway": 0.0, "primary": 0.0, "secondary": 1.5631005765534913, "tertiary": 0.064061499039077513, "path": 1.883408071748879, "population": 27.000414599152432, "elevation": 25.727149963378906, "foret_encoder": 0.0, "highway_encoder": 0.0, "foret": null, "PasDeforet": 94.503523382447156, "Châtaignier": 0.0, "Chênes décidus": 0.0, "Conifères": 0.0, "Douglas": 0.0, "Feuillus": 4.7277386290839205, "Hêtre": 0.0, "Mixte": 0.0, "Mélèze": 0.0, "NC": 0.76873798846893027, "NR": 0.0, "Peuplier": 0.0, "Pin autre": 0.0, "Pin laricio, pin noir": 0.0, "Pin maritime": 0.0, "Pin sylvestre": 0.0, "Pins mélangés": 0.0, "Robinier": 0.0, "Sapin, épicéa": 0.0, "dynamic_world": null, "water": 0.19218449711723257, "tree": 5.0864830237027547, "grass": 10.006406149903908, "crops": 0.25624599615631005, "shrub": 18.577834721332479, "flooded": 0.10249839846252402, "built": 7.8155028827674569, "bare": 0.0, "snow": 0.0, "sinister": 2.0 }, "geometry": { "type": "Polygon", "coordinates": [ [ [ 2.117114929393594, 48.76881768297644 ], [ 2.103173774406226, 48.76197309173115 ], [ 2.105560761129651, 48.749586550318995 ], [ 2.121882054376417, 48.744045911595698 ], [ 2.135818634173563, 48.750889677673278 ], [ 2.133438495560086, 48.763274907251031 ], [ 2.117114929393594, 48.76881768297644 ] ] ] } },
{ "type": "Feature", "properties": { "hex_id": "871fb4600ffffff", "scale0": 3174, "NDVI": 0.66781747341156006, "NDMI": 0.21639005839824677, "NDBI": -0.21639005839824677, "NDSI": -0.50732690095901489, "NDWI": -0.63215285539627075, "osmnx": null, "PasDeRoute": 90.685458039718128, "motorway": 0.0, "primary": 1.3837283792440744, "secondary": 0.0, "tertiary": 1.7168481742472774, "path": 6.2139654067905195, "population": 5100.9923416940665, "elevation": 58.844478607177734, "foret_encoder": 0.0, "highway_encoder": 0.0, "foret": null, "PasDeforet": 78.821268417680983, "Châtaignier": 5.6502242152466371, "Chênes décidus": 15.52850736707239, "Conifères": 0.0, "Douglas": 0.0, "Feuillus": 0.0, "Hêtre": 0.0, "Mixte": 0.0, "Mélèze": 0.0, "NC": 0.0, "NR": 0.0, "Peuplier": 0.0, "Pin autre": 0.0, "Pin laricio, pin noir": 0.0, "Pin maritime": 0.0, "Pin sylvestre": 0.0, "Pins mélangés": 0.0, "Robinier": 0.0, "Sapin, épicéa": 0.0, "dynamic_world": null, "water": 0.0, "tree": 34.003843689942343, "grass": 0.0, "crops": 0.0, "shrub": 0.0, "flooded": 0.025624599615631006, "built": 56.450992953235101, "bare": 0.0, "snow": 0.0, "sinister": 1.0 }, "geometry": { "type": "Polygon", "coordinates": [ [ [ 2.182097192063886, 48.827754578414734 ], [ 2.168144009475182, 48.820926790440105 ], [ 2.170518499278193, 48.808547135896497 ], [ 2.186839314961, 48.802996584871202 ], [ 2.20078790379195, 48.809823553422497 ], [ 2.198420270336117, 48.822201892031714 ], [ 2.182097192063886, 48.827754578414734 ] ] ] } },
{ "type": "Feature", "properties": { "hex_id": "871fb445bffffff", "scale0": 3175, "NDVI": 0.51403045654296875, "NDMI": 0.038136549293994904, "NDBI": -0.038136549293994904, "NDSI": -0.50452286005020142, "NDWI": -0.52214944362640381, "osmnx": null, "PasDeRoute": 96.721102322020926, "motorway": 0.0, "primary": 0.0, "secondary": 1.6968614442459811, "tertiary": 0.62515947945904571, "path": 0.9568767542740495, "population": 99.001823293999905, "elevation": 34.259937286376953, "foret_encoder": 0.0, "highway_encoder": 0.0, "foret": null, "PasDeforet": 89.206430211788728, "Châtaignier": 0.0, "Chênes décidus": 0.0, "Conifères": 0.75274304669558556, "Douglas": 0.0, "Feuillus": 7.2212299055881601, "Hêtre": 0.0, "Mixte": 0.0, "Mélèze": 0.0, "NC": 2.8195968359275327, "NR": 0.0, "Peuplier": 0.0, "Pin autre": 0.0, "Pin laricio, pin noir": 0.0, "Pin maritime": 0.0, "Pin sylvestre": 0.0, "Pins mélangés": 0.0, "Robinier": 0.0, "Sapin, épicéa": 0.0, "dynamic_world": null, "water": 0.0, "tree": 9.8622097473845365, "grass": 14.072467466190355, "crops": 0.75274304669558556, "shrub": 32.559326358764991, "flooded": 0.48481755549885175, "built": 28.859402908905334, "bare": 0.0, "snow": 0.0, "sinister": 9.0 }, "geometry": { "type": "Polygon", "coordinates": [ [ [ 1.883113927740283, 48.87102032311202 ], [ 1.869143811939419, 48.864151404270039 ], [ 1.871588301451734, 48.851763034597973 ], [ 1.887996017042734, 48.846244870781113 ], [ 1.901961577320927, 48.853112945862804 ], [ 1.899523977198985, 48.865500028124494 ], [ 1.883113927740283, 48.87102032311202 ] ] ] } },
{ "type": "Feature", "properties": { "hex_id": "871fb6b0cffffff", "scale0": 3176, "NDVI": 0.7496107816696167, "NDMI": 0.22026968002319336, "NDBI": -0.22026968002319336, "NDSI": -0.58757483959197998, "NDWI": -0.70285958051681519, "osmnx": null, "PasDeRoute": 99.98726601298867, "motorway": 0.0, "primary": 0.0, "secondary": 0.0, "tertiary": 0.012733987011333249, "path": 0.0, "population": 223.99901768269001, "elevation": 28.001972198486328, "foret_encoder": 2.0, "highway_encoder": 0.0, "foret": null, "PasDeforet": 25.213294282439829, "Châtaignier": 0.0, "Chênes décidus": 68.980007640392202, "Conifères": 0.0, "Douglas": 0.0, "Feuillus": 0.17827581815866547, "Hêtre": 0.0, "Mixte": 0.0, "Mélèze": 0.0, "NC": 0.0, "NR": 0.0, "Peuplier": 0.0, "Pin autre": 0.0, "Pin laricio, pin noir": 4.5332993760346367, "Pin maritime": 0.0, "Pin sylvestre": 1.0951228829746593, "Pins mélangés": 0.0, "Robinier": 0.0, "Sapin, épicéa": 0.0, "dynamic_world": null, "water": 0.0, "tree": 75.308799185024839, "grass": 0.14007385712466572, "crops": 0.85317712975932769, "shrub": 11.829873933528589, "flooded": 0.0, "built": 0.91684706481599387, "bare": 0.0, "snow": 0.0, "sinister": 6.0 }, "geometry": { "type": "Polygon", "coordinates": [ [ [ 1.737807262699614, 48.676770959249097 ], [ 1.723878692579899, 48.669857336977763 ], [ 1.726348473188295, 48.657449167170462 ], [ 1.742739967316907, 48.651955899221953 ], [ 1.75666403298859, 48.658868664592383 ], [ 1.754201108665971, 48.671275554415978 ], [ 1.737807262699614, 48.676770959249097 ] ] ] } },
{ "type": "Feature", "properties": { "hex_id": "871fb4733ffffff", "scale0": 3177, "NDVI": null, "NDMI": null, "NDBI": null, "NDSI": null, "NDWI": null, "osmnx": null, "PasDeRoute": null, "motorway": null, "primary": null, "secondary": null, "tertiary": null, "path": null, "population": null, "elevation": null, "foret_encoder": null, "highway_encoder": null, "foret": null, "PasDeforet": null, "Châtaignier": null, "Chênes décidus": null, "Conifères": null, "Douglas": null, "Feuillus": null, "Hêtre": null, "Mixte": null, "Mélèze": null, "NC": null, "NR": null, "Peuplier": null, "Pin autre": null, "Pin laricio, pin noir": null, "Pin maritime": null, "Pin sylvestre": null, "Pins mélangés": null, "Robinier": null, "Sapin, épicéa": null, "dynamic_world": null, "water": null, "tree": null, "grass": null, "crops": null, "shrub": null, "flooded": null, "built": null, "bare": null, "snow": null, "sinister": null }, "geometry": { "type": "Polygon", "coordinates": [ [ [ 1.990081105193624, 48.95062096005379 ], [ 1.976094969476298, 48.943777720837375 ], [ 1.978518210854367, 48.931399406671247 ], [ 1.994920688250038, 48.925865626040398 ], [ 2.008902240229552, 48.932708030754377 ], [ 2.006485898207009, 48.945085050204952 ], [ 1.990081105193624, 48.95062096005379 ] ] ] } },
{ "type": "Feature", "properties": { "hex_id": "871fb47b4ffffff", "scale0": 3178, "NDVI": 0.48454058170318604, "NDMI": 0.040554504841566086, "NDBI": -0.040554504841566086, "NDSI": -0.48904454708099365, "NDWI": -0.50479972362518311, "osmnx": null, "PasDeRoute": 94.920877998979066, "motorway": 0.0, "primary": 0.70188871873404801, "secondary": 0.0, "tertiary": 2.0546197039305767, "path": 2.3226135783563042, "population": 244.00032037207237, "elevation": 31.166103363037109, "foret_encoder": 0.0, "highway_encoder": 0.0, "foret": null, "PasDeforet": 90.262889229198578, "Châtaignier": 0.0, "Chênes décidus": 0.15313935681470139, "Conifères": 0.0, "Douglas": 0.0, "Feuillus": 9.3287391526288932, "Hêtre": 0.0, "Mixte": 0.0, "Mélèze": 0.0, "NC": 0.0, "NR": 0.25523226135783561, "Peuplier": 0.0, "Pin autre": 0.0, "Pin laricio, pin noir": 0.0, "Pin maritime": 0.0, "Pin sylvestre": 0.0, "Pins mélangés": 0.0, "Robinier": 0.0, "Sapin, épicéa": 0.0, "dynamic_world": null, "water": 0.025523226135783564, "tree": 10.502807554874936, "grass": 4.2751403777437469, "crops": 3.6115364982133737, "shrub": 53.445635528330783, "flooded": 0.22970903522205208, "built": 5.6406329760081677, "bare": 0.0, "snow": 0.0, "sinister": 1.0 }, "geometry": { "type": "Polygon", "coordinates": [ [ [ 1.871588301451734, 48.851763034597973 ], [ 1.857622378775617, 48.844890120844951 ], [ 1.860068722897724, 48.832499888494759 ], [ 1.876474103484502, 48.8269838564471 ], [ 1.890435475283679, 48.833855925377435 ], [ 1.887996017042734, 48.846244870781113 ], [ 1.871588301451734, 48.851763034597973 ] ] ] } },
{ "type": "Feature", "properties": { "hex_id": "871fb46a0ffffff", "scale0": 3179, "NDVI": 0.66555166244506836, "NDMI": 0.17084895074367523, "NDBI": -0.17084895074367523, "NDSI": -0.53429442644119263, "NDWI": -0.63133454322814941, "osmnx": null, "PasDeRoute": 91.307130969146073, "motorway": 0.0, "primary": 0.0, "secondary": 1.7155293816412751, "tertiary": 0.71693765202918958, "path": 6.2604019971834592, "population": 2057.9912180361353, "elevation": 45.328968048095703, "foret_encoder": 0.0, "highway_encoder": 0.0, "foret": null, "PasDeforet": 69.696581743694779, "Châtaignier": 0.0, "Chênes décidus": 0.0, "Conifères": 0.0, "Douglas": 0.0, "Feuillus": 29.125592113685826, "Hêtre": 0.0, "Mixte": 0.19203687107924722, "Mélèze": 0.0, "NC": 0.69133273588528998, "NR": 0.2944565356548457, "Peuplier": 0.0, "Pin autre": 0.0, "Pin laricio, pin noir": 0.0, "Pin maritime": 0.0, "Pin sylvestre": 0.0, "Pins mélangés": 0.0, "Robinier": 0.0, "Sapin, épicéa": 0.0, "dynamic_world": null, "water": 0.0, "tree": 18.896428114197928, "grass": 9.0385353987965686, "crops": 0.076814748431698887, "shrub": 14.748431698886186, "flooded": 0.0, "built": 4.6344898220458326, "bare": 0.0, "snow": 0.0, "sinister": 6.0 }, "geometry": { "type": "Polygon", "coordinates": [ [ [ 2.075295198437896, 48.748275099492723 ], [ 2.061357780423159, 48.741421698784158 ], [ 2.063753488412734, 48.729031995562202 ], [ 2.080079767335799, 48.723497001315067 ], [ 2.094012619475277, 48.730349573274658 ], [ 2.0916237582175, 48.742737967839126 ], [ 2.075295198437896, 48.748275099492723 ] ] ] } },
{ "type": "Feature", "properties": { "hex_id": "871fb4618ffffff", "scale0": 3180, "NDVI": 0.55555206537246704, "NDMI": 0.15169234573841095, "NDBI": -0.15169234573841095, "NDSI": -0.44440236687660217, "NDWI": -0.53014439344406128, "osmnx": null, "PasDeRoute": 100.0, "motorway": 0.0, "primary": 0.0, "secondary": 0.0, "tertiary": 0.0, "path": 0.0, "population": 527.9975807197186, "elevation": 40.345626831054688, "foret_encoder": 0.0, "highway_encoder": 0.0, "foret": null, "PasDeforet": 92.665726375176305, "Châtaignier": 0.37184254391588667, "Chênes décidus": 2.7311193742787538, "Conifères": 0.0, "Douglas": 0.0, "Feuillus": 4.2313117066290546, "Hêtre": 0.0, "Mixte": 0.0, "Mélèze": 0.0, "NC": 0.0, "NR": 0.0, "Peuplier": 0.0, "Pin autre": 0.0, "Pin laricio, pin noir": 0.0, "Pin maritime": 0.0, "Pin sylvestre": 0.0, "Pins mélangés": 0.0, "Robinier": 0.0, "Sapin, épicéa": 0.0, "dynamic_world": null, "water": 0.051288626747018853, "tree": 47.224003077317604, "grass": 3.9107577894601868, "crops": 0.82061802795230165, "shrub": 9.3858186947044491, "flooded": 0.15386588024105655, "built": 18.604949352481086, "bare": 0.0, "snow": 0.0, "sinister": 0.0 }, "geometry": { "type": "Polygon", "coordinates": [ [ [ 2.207884658581031, 48.772683730776222 ], [ 2.193944806929, 48.765853585240613 ], [ 2.196311255580017, 48.753470987449205 ], [ 2.212610713688203, 48.747919854750535 ], [ 2.226545976134382, 48.754749182631436 ], [ 2.224186369314854, 48.767130460476551 ], [ 2.207884658581031, 48.772683730776222 ] ] ] } },
{ "type": "Feature", "properties": { "hex_id": "871fb47b0ffffff", "scale0": 3181, "NDVI": 0.57431626319885254, "NDMI": 0.099505141377449036, "NDBI": -0.099505141377449036, "NDSI": -0.52056920528411865, "NDWI": -0.57223260402679443, "osmnx": null, "PasDeRoute": 89.824024483550119, "motorway": 0.0, "primary": 0.0, "secondary": 2.2570772762050497, "tertiary": 1.7980107115531754, "path": 6.1208875286916609, "population": 1407.9941390756182, "elevation": 42.112205505371094, "foret_encoder": 0.0, "highway_encoder": 0.0, "foret": null, "PasDeforet": 81.624585564906909, "Châtaignier": 0.0, "Chênes décidus": 10.966590155572559, "Conifères": 0.0, "Douglas": 0.0, "Feuillus": 7.4088242795205304, "Hêtre": 0.0, "Mixte": 0.0, "Mélèze": 0.0, "NC": 0.0, "NR": 0.0, "Peuplier": 0.0, "Pin autre": 0.0, "Pin laricio, pin noir": 0.0, "Pin maritime": 0.0, "Pin sylvestre": 0.0, "Pins mélangés": 0.0, "Robinier": 0.0, "Sapin, épicéa": 0.0, "dynamic_world": null, "water": 0.16577403723539913, "tree": 23.19561336393777, "grass": 3.0349400663096149, "crops": 0.80336648814078038, "shrub": 3.7617954603417498, "flooded": 1.5557255802091303, "built": 58.556490691150223, "bare": 0.0, "snow": 0.0, "sinister": 6.0 }, "geometry": { "type": "Polygon", "coordinates": [ [ [ 1.890435475283679, 48.833855925377435 ], [ 1.876474103484502, 48.8269838564471 ], [ 1.878915417363219, 48.814593050261671 ], [ 1.895311222335993, 48.809075601825462 ], [ 1.909268043099409, 48.815946827368592 ], [ 1.906833609593877, 48.828336344338794 ], [ 1.890435475283679, 48.833855925377435 ] ] ] } },
{ "type": "Feature", "properties": { "hex_id": "871fb6b05ffffff", "scale0": 3182, "NDVI": 0.78729444742202759, "NDMI": 0.30951762199401855, "NDBI": -0.30951762199401855, "NDSI": -0.57409721612930298, "NDWI": -0.73903179168701172, "osmnx": null, "PasDeRoute": 97.861779305078272, "motorway": 0.0, "primary": 0.0, "secondary": 0.0, "tertiary": 0.0, "path": 2.138220694921726, "population": 13.000160186036167, "elevation": 39.521533966064453, "foret_encoder": 2.0, "highway_encoder": 0.0, "foret": null, "PasDeforet": 1.6927580501463664, "Châtaignier": 0.61092019854906454, "Chênes décidus": 44.355351915489372, "Conifères": 0.0, "Douglas": 0.0, "Feuillus": 8.5910652920962196, "Hêtre": 0.0, "Mixte": 2.8891434389716175, "Mélèze": 0.0, "NC": 0.0, "NR": 2.0109456535573376, "Peuplier": 0.0, "Pin autre": 0.0, "Pin laricio, pin noir": 2.1000381825124093, "Pin maritime": 0.0, "Pin sylvestre": 35.051546391752574, "Pins mélangés": 2.6982308769250349, "Robinier": 0.0, "Sapin, épicéa": 0.0, "dynamic_world": null, "water": 0.0, "tree": 98.129056891943492, "grass": 0.089092528955071915, "crops": 0.0, "shrub": 0.0, "flooded": 0.0, "built": 0.0, "bare": 0.0, "snow": 0.0, "sinister": 0.0 }, "geometry": { "type": "Polygon", "coordinates": [ [ [ 1.688592289668014, 48.693247216422037 ], [ 1.674658903391476, 48.686327897555486 ], [ 1.677140580504989, 48.673919015901461 ], [ 1.693548779931162, 48.668430727688339 ], [ 1.707477666810658, 48.675349185749027 ], [ 1.705002853352137, 48.68775679243128 ], [ 1.688592289668014, 48.693247216422037 ] ] ] } },
{ "type": "Feature", "properties": { "hex_id": "871fb479cffffff", "scale0": 3183, "NDVI": 0.59255743026733398, "NDMI": 0.13912425935268402, "NDBI": -0.13912425935268402, "NDSI": -0.5140761137008667, "NDWI": -0.58268213272094727, "osmnx": null, "PasDeRoute": 91.143769968051117, "motorway": 0.0, "primary": 1.4057507987220448, "secondary": 0.0, "tertiary": 5.8658146964856233, "path": 1.5846645367412142, "population": 1.0003910423824038, "elevation": 21.626548767089844, "foret_encoder": 0.0, "highway_encoder": 0.0, "foret": null, "PasDeforet": 84.268370607028757, "Châtaignier": 0.0, "Chênes décidus": 15.284345047923322, "Conifères": 0.0, "Douglas": 0.0, "Feuillus": 0.44728434504792336, "Hêtre": 0.0, "Mixte": 0.0, "Mélèze": 0.0, "NC": 0.0, "NR": 0.0, "Peuplier": 0.0, "Pin autre": 0.0, "Pin laricio, pin noir": 0.0, "Pin maritime": 0.0, "Pin sylvestre": 0.0, "Pins mélangés": 0.0, "Robinier": 0.0, "Sapin, épicéa": 0.0, "dynamic_world": null, "water": 0.0, "tree": 11.067092651757189, "grass": 0.11501597444089458, "crops": 0.025559105431309903, "shrub": 0.65175718849840258, "flooded": 0.61341853035143767, "built": 65.942492012779553, "bare": 0.0, "snow": 0.0, "sinister": 17.0 }, "geometry": { "type": "Polygon", "coordinates": [ [ [ 1.977206177765116, 48.781463619296609 ], [ 1.963258841049096, 48.774598904904622 ], [ 1.965678239489945, 48.762207698205579 ], [ 1.982038112469229, 48.756682504230248 ], [ 1.995980892963745, 48.763546382025645 ], [ 1.993568356360474, 48.775936289999244 ], [ 1.977206177765116, 48.781463619296609 ] ] ] } },
{ "type": "Feature", "properties": { "hex_id": "871fb4795ffffff", "scale0": 3184, "NDVI": 0.5798378586769104, "NDMI": 0.1171538382768631, "NDBI": -0.1171538382768631, "NDSI": -0.49834525585174561, "NDWI": -0.56151288747787476, "osmnx": null, "PasDeRoute": 89.388328438258199, "motorway": 0.0, "primary": 0.0, "secondary": 0.0, "tertiary": 2.5411824798876261, "path": 8.0704890818541699, "population": 440.00416248126334, "elevation": 37.679851531982422, "foret_encoder": 0.0, "highway_encoder": 0.0, "foret": null, "PasDeforet": 54.309794406844588, "Châtaignier": 0.0, "Chênes décidus": 8.108798365470566, "Conifères": 0.0, "Douglas": 0.0, "Feuillus": 32.984293193717278, "Hêtre": 0.0, "Mixte": 4.0990933469544117, "Mélèze": 0.0, "NC": 0.0, "NR": 0.0, "Peuplier": 0.0, "Pin autre": 0.0, "Pin laricio, pin noir": 0.0, "Pin maritime": 0.0, "Pin sylvestre": 0.49802068701315283, "Pins mélangés": 0.0, "Robinier": 0.0, "Sapin, épicéa": 0.0, "dynamic_world": null, "water": 1.0598901800536331, "tree": 50.185161537479253, "grass": 1.3280551653684076, "crops": 0.6257182990678074, "shrub": 7.7767845741284631, "flooded": 0.52356020942408377, "built": 27.838079427914696, "bare": 0.025539522410930913, "snow": 0.0, "sinister": 6.0 }, "geometry": { "type": "Polygon", "coordinates": [ [ [ 1.928086017806685, 48.798035750333916 ], [ 1.914133748230481, 48.791165366744941 ], [ 1.916565021207125, 48.778773425386049 ], [ 1.932941694060959, 48.773253160964117 ], [ 1.94688941230587, 48.780122704029623 ], [ 1.944465008693012, 48.792513351645567 ], [ 1.928086017806685, 48.798035750333916 ] ] ] } },
{ "type": "Feature", "properties": { "hex_id": "871fb4499ffffff", "scale0": 3185, "NDVI": 0.61661148071289062, "NDMI": 0.11323012411594391, "NDBI": -0.11323012411594391, "NDSI": -0.56095445156097412, "NDWI": -0.61690092086791992, "osmnx": null, "PasDeRoute": 97.57182812102721, "motorway": 0.0, "primary": 1.474701245868294, "secondary": 0.0, "tertiary": 0.78820239003305359, "path": 0.16526824307144672, "population": 1.0002497017622578, "elevation": 31.152935028076172, "foret_encoder": 0.0, "highway_encoder": 0.0, "foret": null, "PasDeforet": 57.170099160945838, "Châtaignier": 2.6442918891431475, "Chênes décidus": 5.0978896516653949, "Conifères": 0.27968471904398678, "Douglas": 0.0, "Feuillus": 32.100177981184849, "Hêtre": 0.0, "Mixte": 2.707856598016781, "Mélèze": 0.0, "NC": 0.0, "NR": 0.0, "Peuplier": 0.0, "Pin autre": 0.0, "Pin laricio, pin noir": 0.0, "Pin maritime": 0.0, "Pin sylvestre": 0.0, "Pins mélangés": 0.0, "Robinier": 0.0, "Sapin, épicéa": 0.0, "dynamic_world": null, "water": 0.0, "tree": 49.631324688532921, "grass": 4.7292143401983218, "crops": 0.21612001017035343, "shrub": 23.785914060513601, "flooded": 0.01271294177472667, "built": 0.81362827358250689, "bare": 0.0, "snow": 0.0, "sinister": 0.0 }, "geometry": { "type": "Polygon", "coordinates": [ [ [ 1.601455331784802, 48.745489909608672 ], [ 1.587508159533372, 48.738563152303705 ], [ 1.590011872434036, 48.726154726581832 ], [ 1.606455875403849, 48.720674323152998 ], [ 1.620398553868564, 48.727600212893577 ], [ 1.617901722849528, 48.7400073732274 ], [ 1.601455331784802, 48.745489909608672 ] ] ] } },
{ "type": "Feature", "properties": { "hex_id": "871fb44e1ffffff", "scale0": 3186, "NDVI": null, "NDMI": null, "NDBI": null, "NDSI": null, "NDWI": null, "osmnx": null, "PasDeRoute": null, "motorway": null, "primary": null, "secondary": null, "tertiary": null, "path": null, "population": null, "elevation": null, "foret_encoder": null, "highway_encoder": null, "foret": null, "PasDeforet": null, "Châtaignier": null, "Chênes décidus": null, "Conifères": null, "Douglas": null, "Feuillus": null, "Hêtre": null, "Mixte": null, "Mélèze": null, "NC": null, "NR": null, "Peuplier": null, "Pin autre": null, "Pin laricio, pin noir": null, "Pin maritime": null, "Pin sylvestre": null, "Pins mélangés": null, "Robinier": null, "Sapin, épicéa": null, "dynamic_world": null, "water": null, "tree": null, "grass": null, "crops": null, "shrub": null, "flooded": null, "built": null, "bare": null, "snow": null, "sinister": null }, "geometry": { "type": "Polygon", "coordinates": [ [ [ 1.761518677040463, 48.865561188151226 ], [ 1.747547179651752, 48.85867289385579 ], [ 1.750019246626223, 48.846279401927923 ], [ 1.766455913341257, 48.8407754803467 ], [ 1.780422874525782, 48.847662920887338 ], [ 1.777957704880369, 48.8600551363647 ], [ 1.761518677040463, 48.865561188151226 ] ] ] } },
{ "type": "Feature", "properties": { "hex_id": "871fb441effffff", "scale0": 3187, "NDVI": 0.50007981061935425, "NDMI": 0.039670940488576889, "NDBI": -0.039670940488576889, "NDSI": -0.52251970767974854, "NDWI": -0.52802509069442749, "osmnx": null, "PasDeRoute": 97.710506232510809, "motorway": 0.0, "primary": 0.13991350801322819, "secondary": 0.0, "tertiary": 2.1495802594759605, "path": 0.0, "population": 423.99833218068233, "elevation": 22.357381820678711, "foret_encoder": 0.0, "highway_encoder": 0.0, "foret": null, "PasDeforet": 90.460442635461717, "Châtaignier": 0.0, "Chênes décidus": 4.0320529127448479, "Conifères": 0.0, "Douglas": 0.0, "Feuillus": 5.5075044517934364, "Hêtre": 0.0, "Mixte": 0.0, "Mélèze": 0.0, "NC": 0.0, "NR": 0.0, "Peuplier": 0.0, "Pin autre": 0.0, "Pin laricio, pin noir": 0.0, "Pin maritime": 0.0, "Pin sylvestre": 0.0, "Pins mélangés": 0.0, "Robinier": 0.0, "Sapin, épicéa": 0.0, "dynamic_world": null, "water": 0.0, "tree": 13.393538539811752, "grass": 1.1320274739252099, "crops": 2.1114220300178075, "shrub": 54.515390485881454, "flooded": 0.40702111422030018, "built": 11.803612312388704, "bare": 0.0, "snow": 0.0, "sinister": 0.0 }, "geometry": { "type": "Polygon", "coordinates": [ [ [ 1.620827075362869, 48.877854337556123 ], [ 1.606849810208581, 48.870945774120713 ], [ 1.609354567741925, 48.8585478020564 ], [ 1.625829679552863, 48.853059656179191 ], [ 1.639802428265173, 48.859967354440926 ], [ 1.637304581303918, 48.872364063351434 ], [ 1.620827075362869, 48.877854337556123 ] ] ] } },
{ "type": "Feature", "properties": { "hex_id": "871fb4418ffffff", "scale0": 3188, "NDVI": 0.48478281497955322, "NDMI": 0.027525510638952255, "NDBI": -0.027525510638952255, "NDSI": -0.51065117120742798, "NDWI": -0.51305615901947021, "osmnx": null, "PasDeRoute": 98.637463389787342, "motorway": 0.0, "primary": 0.0, "secondary": 1.0187189609066598, "tertiary": 0.0, "path": 0.34381764930599773, "population": 91.00058656357362, "elevation": 21.947172164916992, "foret_encoder": 0.0, "highway_encoder": 0.0, "foret": null, "PasDeforet": 86.170890105692095, "Châtaignier": 0.0, "Chênes décidus": 3.4509104800713106, "Conifères": 0.0, "Douglas": 2.5722653762893164, "Feuillus": 7.1055647523239518, "Hêtre": 0.0, "Mixte": 0.0, "Mélèze": 0.0, "NC": 0.0, "NR": 0.70036928562332867, "Peuplier": 0.0, "Pin autre": 0.0, "Pin laricio, pin noir": 0.0, "Pin maritime": 0.0, "Pin sylvestre": 0.0, "Pins mélangés": 0.0, "Robinier": 0.0, "Sapin, épicéa": 0.0, "dynamic_world": null, "water": 0.0, "tree": 21.762383802368522, "grass": 2.3685215841079845, "crops": 2.8396791035273141, "shrub": 50.413854577868335, "flooded": 0.11460588310199923, "built": 7.1055647523239518, "bare": 0.0, "snow": 0.0, "sinister": 3.0 }, "geometry": { "type": "Polygon", "coordinates": [ [ [ 1.651281550768669, 48.879267770648248 ], [ 1.637304581303918, 48.872364063351434 ], [ 1.639802428265173, 48.859967354440926 ], [ 1.656270335731253, 48.854475618337112 ], [ 1.670242783848185, 48.861378462952935 ], [ 1.667751845539023, 48.873773905951978 ], [ 1.651281550768669, 48.879267770648248 ] ] ] } },
{ "type": "Feature", "properties": { "hex_id": "871fb6a45ffffff", "scale0": 3189, "NDVI": 0.68213844299316406, "NDMI": 0.16919061541557312, "NDBI": -0.16919061541557312, "NDSI": -0.56904351711273193, "NDWI": -0.6559150218963623, "osmnx": null, "PasDeRoute": 99.87181130624279, "motorway": 0.0, "primary": 0.0, "secondary": 0.0, "tertiary": 0.025637738751442124, "path": 0.1025509550057685, "population": 18.000011778385012, "elevation": 41.918186187744141, "foret_encoder": 0.0, "highway_encoder": 0.0, "foret": null, "PasDeforet": 100.0, "Châtaignier": 0.0, "Chênes décidus": 0.0, "Conifères": 0.0, "Douglas": 0.0, "Feuillus": 0.0, "Hêtre": 0.0, "Mixte": 0.0, "Mélèze": 0.0, "NC": 0.0, "NR": 0.0, "Peuplier": 0.0, "Pin autre": 0.0, "Pin laricio, pin noir": 0.0, "Pin maritime": 0.0, "Pin sylvestre": 0.0, "Pins mélangés": 0.0, "Robinier": 0.0, "Sapin, épicéa": 0.0, "dynamic_world": null, "water": 0.12818869375721062, "tree": 41.763876426099216, "grass": 1.9356492757338801, "crops": 1.0767850275605693, "shrub": 23.458530957569543, "flooded": 0.089732085630047434, "built": 11.84463530316626, "bare": 0.0, "snow": 0.0, "sinister": 0.0 }, "geometry": { "type": "Polygon", "coordinates": [ [ [ 2.032044075380909, 48.57760209104385 ], [ 2.018144775890437, 48.57072247707049 ], [ 2.020543583236188, 48.558318818220542 ], [ 2.03683487804119, 48.55279608278137 ], [ 2.050729643662426, 48.559674863243558 ], [ 2.048337648005748, 48.572077212267203 ], [ 2.032044075380909, 48.57760209104385 ] ] ] } },
{ "type": "Feature", "properties": { "hex_id": "871fb6a05ffffff", "scale0": 3190, "NDVI": 0.52998119592666626, "NDMI": 0.089014299213886261, "NDBI": -0.089014299213886261, "NDSI": -0.49046149849891663, "NDWI": -0.53820914030075073, "osmnx": null, "PasDeRoute": 98.171355498721226, "motorway": 0.0, "primary": 0.0, "secondary": 0.0, "tertiary": 0.98465473145780047, "path": 0.84398976982097196, "population": 1.0000942270800974, "elevation": 13.96456241607666, "foret_encoder": 0.0, "highway_encoder": 0.0, "foret": null, "PasDeforet": 96.636828644501279, "Châtaignier": 0.0, "Chênes décidus": 1.5473145780051152, "Conifères": 0.0, "Douglas": 0.0, "Feuillus": 1.8158567774936061, "Hêtre": 0.0, "Mixte": 0.0, "Mélèze": 0.0, "NC": 0.0, "NR": 0.0, "Peuplier": 0.0, "Pin autre": 0.0, "Pin laricio, pin noir": 0.0, "Pin maritime": 0.0, "Pin sylvestre": 0.0, "Pins mélangés": 0.0, "Robinier": 0.0, "Sapin, épicéa": 0.0, "dynamic_world": null, "water": 0.089514066496163683, "tree": 4.1432225063938617, "grass": 0.69053708439897699, "crops": 1.49616368286445, "shrub": 75.613810741687985, "flooded": 0.10230179028132991, "built": 3.9769820971867009, "bare": 0.0, "snow": 0.0, "sinister": 2.0 }, "geometry": { "type": "Polygon", "coordinates": [ [ [ 1.820484390197446, 48.56791959798047 ], [ 1.806582504226757, 48.561006275022194 ], [ 1.809029049458406, 48.548593523436189 ], [ 1.825370654709288, 48.543095385210428 ], [ 1.839268039843263, 48.550007857251742 ], [ 1.836828320242588, 48.562419318043112 ], [ 1.820484390197446, 48.56791959798047 ] ] ] } },
{ "type": "Feature", "properties": { "hex_id": "871fb4094ffffff", "scale0": 3191, "NDVI": null, "NDMI": null, "NDBI": null, "NDSI": null, "NDWI": null, "osmnx": null, "PasDeRoute": null, "motorway": null, "primary": null, "secondary": null, "tertiary": null, "path": null, "population": null, "elevation": null, "foret_encoder": null, "highway_encoder": null, "foret": null, "PasDeforet": null, "Châtaignier": null, "Chênes décidus": null, "Conifères": null, "Douglas": null, "Feuillus": null, "Hêtre": null, "Mixte": null, "Mélèze": null, "NC": null, "NR": null, "Peuplier": null, "Pin autre": null, "Pin laricio, pin noir": null, "Pin maritime": null, "Pin sylvestre": null, "Pins mélangés": null, "Robinier": null, "Sapin, épicéa": null, "dynamic_world": null, "water": null, "tree": null, "grass": null, "crops": null, "shrub": null, "flooded": null, "built": null, "bare": null, "snow": null, "sinister": null }, "geometry": { "type": "Polygon", "coordinates": [ [ [ 1.846362892080804, 49.056731704924594 ], [ 1.832348898630485, 49.049878572852663 ], [ 1.834809358422316, 49.037502540248965 ], [ 1.851276876600513, 49.031980917615527 ], [ 1.865286292010898, 49.038833203953331 ], [ 1.862832766951992, 49.051207958257322 ], [ 1.846362892080804, 49.056731704924594 ] ] ] } },
{ "type": "Feature", "properties": { "hex_id": "871fb6b43ffffff", "scale0": 3192, "NDVI": 0.79190212488174438, "NDMI": 0.25290477275848389, "NDBI": -0.25290477275848389, "NDSI": -0.60661005973815918, "NDWI": -0.73772060871124268, "osmnx": null, "PasDeRoute": 96.151387290627795, "motorway": 0.0, "primary": 1.380897583429229, "secondary": 0.33243830712185146, "tertiary": 0.0, "path": 2.1352768188211226, "population": 61.999950530782961, "elevation": 36.805458068847656, "foret_encoder": 2.0, "highway_encoder": 0.0, "foret": null, "PasDeforet": 11.916634701444828, "Châtaignier": 0.0, "Chênes décidus": 48.868431146912158, "Conifères": 0.0, "Douglas": 0.0, "Feuillus": 31.6072113540468, "Hêtre": 0.0, "Mixte": 0.0, "Mélèze": 0.0, "NC": 0.0, "NR": 7.6077227975962156, "Peuplier": 0.0, "Pin autre": 0.0, "Pin laricio, pin noir": 0.0, "Pin maritime": 0.0, "Pin sylvestre": 0.0, "Pins mélangés": 0.0, "Robinier": 0.0, "Sapin, épicéa": 0.0, "dynamic_world": null, "water": 0.48587137194732133, "tree": 88.824958445211607, "grass": 4.8331415420023012, "crops": 0.012786088735455826, "shrub": 0.012786088735455826, "flooded": 0.0, "built": 0.39636875079913059, "bare": 0.0, "snow": 0.0, "sinister": 0.0 }, "geometry": { "type": "Polygon", "coordinates": [ [ [ 1.908128916724054, 48.66584053415373 ], [ 1.894206579732528, 48.658951908843875 ], [ 1.896637099333284, 48.646549618673454 ], [ 1.912983114589943, 48.641037249323574 ], [ 1.926900923041065, 48.647925031590397 ], [ 1.924477244444931, 48.660326025857259 ], [ 1.908128916724054, 48.66584053415373 ] ] ] } },
{ "type": "Feature", "properties": { "hex_id": "871fb44ceffffff", "scale0": 3193, "NDVI": 0.61942416429519653, "NDMI": 0.13980488479137421, "NDBI": -0.13980488479137421, "NDSI": -0.50651335716247559, "NDWI": -0.59239792823791504, "osmnx": null, "PasDeRoute": 96.595690424582429, "motorway": 0.0, "primary": 0.48450847889838072, "secondary": 2.1547877087849039, "tertiary": 0.0, "path": 0.7650133877342854, "population": 807.99646412881953, "elevation": 32.1256103515625, "foret_encoder": 0.0, "highway_encoder": 0.0, "foret": null, "PasDeforet": 93.204131072293762, "Châtaignier": 0.0, "Chênes décidus": 3.2768073441285224, "Conifères": 0.0, "Douglas": 0.0, "Feuillus": 3.519061583577713, "Hêtre": 0.0, "Mixte": 0.0, "Mélèze": 0.0, "NC": 0.0, "NR": 0.0, "Peuplier": 0.0, "Pin autre": 0.0, "Pin laricio, pin noir": 0.0, "Pin maritime": 0.0, "Pin sylvestre": 0.0, "Pins mélangés": 0.0, "Robinier": 0.0, "Sapin, épicéa": 0.0, "dynamic_world": null, "water": 1.3132729822771898, "tree": 17.812061711079945, "grass": 13.400484508478899, "crops": 1.1985209741170471, "shrub": 19.189085809001657, "flooded": 0.36975647073823792, "built": 31.633303582812701, "bare": 0.0, "snow": 0.0, "sinister": 6.0 }, "geometry": { "type": "Polygon", "coordinates": [ [ [ 1.806686408531428, 48.792579365793308 ], [ 1.79273271271419, 48.785689639543641 ], [ 1.795191483131798, 48.77329255052809 ], [ 1.811597071707332, 48.767786470176397 ], [ 1.825546235370859, 48.77467534591748 ], [ 1.823094342289955, 48.78707115212174 ], [ 1.806686408531428, 48.792579365793308 ] ] ] } },
{ "type": "Feature", "properties": { "hex_id": "871fb4505ffffff", "scale0": 3194, "NDVI": 0.54592257738113403, "NDMI": 0.096593759953975677, "NDBI": -0.096593759953975677, "NDSI": -0.50342428684234619, "NDWI": -0.54979950189590454, "osmnx": null, "PasDeRoute": 96.330507402252309, "motorway": 0.0, "primary": 0.9869669745666203, "secondary": 0.0, "tertiary": 2.6572187776793621, "path": 0.025306845501708211, "population": 7.0003910423824047, "elevation": 13.543892860412598, "foret_encoder": 0.0, "highway_encoder": 0.0, "foret": null, "PasDeforet": 66.784765279007971, "Châtaignier": 0.0, "Chênes décidus": 3.7074528660002528, "Conifères": 0.0, "Douglas": 0.0, "Feuillus": 28.685309376186257, "Hêtre": 0.0, "Mixte": 0.0, "Mélèze": 0.0, "NC": 0.82247247880551688, "NR": 0.0, "Peuplier": 0.0, "Pin autre": 0.0, "Pin laricio, pin noir": 0.0, "Pin maritime": 0.0, "Pin sylvestre": 0.0, "Pins mélangés": 0.0, "Robinier": 0.0, "Sapin, épicéa": 0.0, "dynamic_world": null, "water": 13.956725294192079, "tree": 31.000885739592558, "grass": 1.6196381121093255, "crops": 0.35429583702391498, "shrub": 17.90459319245856, "flooded": 0.13918765025939517, "built": 14.23510059471087, "bare": 0.0, "snow": 0.0, "sinister": 0.0 }, "geometry": { "type": "Polygon", "coordinates": [ [ [ 1.502934132407863, 49.078765370977123 ], [ 1.488907953228093, 49.071861840230149 ], [ 1.491448138064765, 49.059474446821767 ], [ 1.508007536456508, 49.053991829824831 ], [ 1.522029187446434, 49.060894486867177 ], [ 1.519495967939254, 49.07328063420303 ], [ 1.502934132407863, 49.078765370977123 ] ] ] } },
{ "type": "Feature", "properties": { "hex_id": "871fb44d4ffffff", "scale0": 3195, "NDVI": 0.79440760612487793, "NDMI": 0.33246442675590515, "NDBI": -0.33246442675590515, "NDSI": -0.53683626651763916, "NDWI": -0.73457634449005127, "osmnx": null, "PasDeRoute": 96.258113783886984, "motorway": 0.0, "primary": 0.0, "secondary": 0.0, "tertiary": 0.59819269441262568, "path": 3.1436935217003947, "population": 44.000146051974163, "elevation": 45.072242736816406, "foret_encoder": 5.0, "highway_encoder": 0.0, "foret": null, "PasDeforet": 7.3055873743158974, "Châtaignier": 0.0, "Chênes décidus": 0.94183530609647448, "Conifères": 0.0, "Douglas": 0.0, "Feuillus": 32.009672903143695, "Hêtre": 0.0, "Mixte": 21.318569428535064, "Mélèze": 0.0, "NC": 0.0, "NR": 6.5037546137202504, "Peuplier": 0.038182512409316534, "Pin autre": 0.0, "Pin laricio, pin noir": 4.174621356751941, "Pin maritime": 0.0, "Pin sylvestre": 27.707776505027365, "Pins mélangés": 0.0, "Robinier": 0.0, "Sapin, épicéa": 0.0, "dynamic_world": null, "water": 0.0, "tree": 61.944762632047855, "grass": 6.9746722667684864, "crops": 0.0, "shrub": 0.063637520682194221, "flooded": 0.0, "built": 0.063637520682194221, "bare": 0.0, "snow": 0.0, "sinister": 3.0 }, "geometry": { "type": "Polygon", "coordinates": [ [ [ 1.685165761691201, 48.786988646751894 ], [ 1.671210769255684, 48.780079549343014 ], [ 1.673697068576357, 48.767677356509225 ], [ 1.690131474884942, 48.762185532520057 ], [ 1.704081954530769, 48.769093769452745 ], [ 1.701602540347747, 48.781494690451566 ], [ 1.685165761691201, 48.786988646751894 ] ] ] } },
{ "type": "Feature", "properties": { "hex_id": "871fb4468ffffff", "scale0": 3196, "NDVI": 0.49880638718605042, "NDMI": 0.047944474965333939, "NDBI": -0.047944474965333939, "NDSI": -0.50372618436813354, "NDWI": -0.51897114515304565, "osmnx": null, "PasDeRoute": 92.339069471000641, "motorway": 0.0, "primary": 1.4913957934990441, "secondary": 0.0, "tertiary": 1.6443594646271511, "path": 4.5251752708731674, "population": 384.00171493285785, "elevation": 32.453571319580078, "foret_encoder": 0.0, "highway_encoder": 0.0, "foret": null, "PasDeforet": 87.954110898661568, "Châtaignier": 0.0, "Chênes décidus": 0.0, "Conifères": 0.0, "Douglas": 0.0, "Feuillus": 11.47227533460803, "Hêtre": 0.0, "Mixte": 0.0, "Mélèze": 0.0, "NC": 0.57361376673040154, "NR": 0.0, "Peuplier": 0.0, "Pin autre": 0.0, "Pin laricio, pin noir": 0.0, "Pin maritime": 0.0, "Pin sylvestre": 0.0, "Pins mélangés": 0.0, "Robinier": 0.0, "Sapin, épicéa": 0.0, "dynamic_world": null, "water": 0.0, "tree": 12.695984703632886, "grass": 0.87954110898661575, "crops": 1.6443594646271511, "shrub": 45.45570427023582, "flooded": 0.26768642447418733, "built": 16.150414276609304, "bare": 0.0, "snow": 0.0, "sinister": 9.0 }, "geometry": { "type": "Polygon", "coordinates": [ [ [ 1.891533983921632, 48.983801612446797 ], [ 1.877537934297757, 48.976947007418516 ], [ 1.879985070948724, 48.964567291092436 ], [ 1.896421342359701, 48.95904346409614 ], [ 1.91041281813139, 48.965897226708101 ], [ 1.907972596009747, 48.978275658333516 ], [ 1.891533983921632, 48.983801612446797 ] ] ] } },
{ "type": "Feature", "properties": { "hex_id": "871fb6a0effffff", "scale0": 3197, "NDVI": 0.37773734331130981, "NDMI": -0.014673542231321335, "NDBI": 0.014673542231321335, "NDSI": -0.4698997437953949, "NDWI": -0.44684037566184998, "osmnx": null, "PasDeRoute": 95.063469675599436, "motorway": 1.692524682651622, "primary": 1.0642390050006409, "secondary": 0.62828567765098087, "tertiary": 0.0, "path": 1.5514809590973202, "population": 25.999967020521968, "elevation": 7.9730625152587891, "foret_encoder": 0.0, "highway_encoder": 0.0, "foret": null, "PasDeforet": 99.628157456084111, "Châtaignier": 0.0, "Chênes décidus": 0.37184254391588667, "Conifères": 0.0, "Douglas": 0.0, "Feuillus": 0.0, "Hêtre": 0.0, "Mixte": 0.0, "Mélèze": 0.0, "NC": 0.0, "NR": 0.0, "Peuplier": 0.0, "Pin autre": 0.0, "Pin laricio, pin noir": 0.0, "Pin maritime": 0.0, "Pin sylvestre": 0.0, "Pins mélangés": 0.0, "Robinier": 0.0, "Sapin, épicéa": 0.0, "dynamic_world": null, "water": 0.0, "tree": 0.82061802795230165, "grass": 0.17951019361456599, "crops": 1.9489678163867163, "shrub": 89.908962687524038, "flooded": 0.025644313373509427, "built": 0.52570842415694319, "bare": 0.0, "snow": 0.0, "sinister": 3.0 }, "geometry": { "type": "Polygon", "coordinates": [ [ [ 1.858037207943677, 48.532094196986051 ], [ 1.844144323822576, 48.525182574458427 ], [ 1.846580889543465, 48.512768754772843 ], [ 1.862903524276383, 48.507267852510132 ], [ 1.876791907215803, 48.514178626924974 ], [ 1.874362156280251, 48.526591151323977 ], [ 1.858037207943677, 48.532094196986051 ] ] ] } },
{ "type": "Feature", "properties": { "hex_id": "871fb6b48ffffff", "scale0": 3198, "NDVI": 0.53198087215423584, "NDMI": 0.093656554818153381, "NDBI": -0.093656554818153381, "NDSI": -0.50392818450927734, "NDWI": -0.55271434783935547, "osmnx": null, "PasDeRoute": 98.08306709265176, "motorway": 0.0, "primary": 0.0, "secondary": 1.5079872204472844, "tertiary": 0.40894568690095845, "path": 0.0, "population": 209.99904123946004, "elevation": 21.76923942565918, "foret_encoder": 0.0, "highway_encoder": 0.0, "foret": null, "PasDeforet": 99.067092651757193, "Châtaignier": 0.0, "Chênes décidus": 0.089456869009584661, "Conifères": 0.0, "Douglas": 0.0, "Feuillus": 0.8434504792332268, "Hêtre": 0.0, "Mixte": 0.0, "Mélèze": 0.0, "NC": 0.0, "NR": 0.0, "Peuplier": 0.0, "Pin autre": 0.0, "Pin laricio, pin noir": 0.0, "Pin maritime": 0.0, "Pin sylvestre": 0.0, "Pins mélangés": 0.0, "Robinier": 0.0, "Sapin, épicéa": 0.0, "dynamic_world": null, "water": 0.0, "tree": 1.7124600638977634, "grass": 0.19169329073482427, "crops": 2.2619808306709266, "shrub": 75.309904153354637, "flooded": 0.14057507987220447, "built": 0.74121405750798719, "bare": 0.0, "snow": 0.0, "sinister": 1.0 }, "geometry": { "type": "Polygon", "coordinates": [ [ [ 1.968661913007326, 48.668570777632915 ], [ 1.954740323721727, 48.661691795900225 ], [ 1.957157163313141, 48.649292100259593 ], [ 1.973488754858709, 48.643772687306011 ], [ 1.987405806131443, 48.650650830979387 ], [ 1.984995803534256, 48.663049225273909 ], [ 1.968661913007326, 48.668570777632915 ] ] ] } },
{ "type": "Feature", "properties": { "hex_id": "871fb6a31ffffff", "scale0": 3199, "NDVI": 0.45565816760063171, "NDMI": 0.024091403931379318, "NDBI": -0.024091403931379318, "NDSI": -0.49791502952575684, "NDWI": -0.49912154674530029, "osmnx": null, "PasDeRoute": 99.221442246330568, "motorway": 0.0, "primary": 0.0, "secondary": 0.0, "tertiary": 0.0, "path": 0.77855775366943203, "population": 29.000000000000004, "elevation": 10.321837425231934, "foret_encoder": 0.0, "highway_encoder": 0.0, "foret": null, "PasDeforet": 78.902361199744732, "Châtaignier": 0.0, "Chênes décidus": 18.111040204211871, "Conifères": 0.0, "Douglas": 0.0, "Feuillus": 2.4122527121888959, "Hêtre": 0.0, "Mixte": 0.0, "Mélèze": 0.0, "NC": 0.0, "NR": 0.57434588385449903, "Peuplier": 0.0, "Pin autre": 0.0, "Pin laricio, pin noir": 0.0, "Pin maritime": 0.0, "Pin sylvestre": 0.0, "Pins mélangés": 0.0, "Robinier": 0.0, "Sapin, épicéa": 0.0, "dynamic_world": null, "water": 0.0, "tree": 24.007657945118062, "grass": 1.1997447351627313, "crops": 3.841735800893427, "shrub": 44.045947670708358, "flooded": 0.19144862795149969, "built": 3.1780472239948945, "bare": 0.0, "snow": 0.0, "sinister": 0.0 }, "geometry": { "type": "Polygon", "coordinates": [ [ [ 1.759970917126181, 48.565078088535948 ], [ 1.746068364141332, 48.558155118546182 ], [ 1.748528566472818, 48.545739793563754 ], [ 1.764884491955544, 48.540248723509158 ], [ 1.778782553645028, 48.547170837618445 ], [ 1.776329180832887, 48.559584877269053 ], [ 1.759970917126181, 48.565078088535948 ] ] ] } },
{ "type": "Feature", "properties": { "hex_id": "871fb47a2ffffff", "scale0": 3200, "NDVI": 0.44314312934875488, "NDMI": 0.012257928960025311, "NDBI": -0.012257928960025311, "NDSI": -0.47885206341743469, "NDWI": -0.4753863513469696, "osmnx": null, "PasDeRoute": 92.927358611004735, "motorway": 0.0, "primary": 1.0085535554704457, "secondary": 3.3192901825609598, "tertiary": 0.93195455125750037, "path": 1.8128430997063703, "population": 991.99555012614258, "elevation": 28.882328033447266, "foret_encoder": 0.0, "highway_encoder": 0.0, "foret": null, "PasDeforet": 94.931699221243463, "Châtaignier": 0.0, "Chênes décidus": 0.0, "Conifères": 0.0, "Douglas": 0.0, "Feuillus": 4.9406357717349678, "Hêtre": 0.0, "Mixte": 0.0, "Mélèze": 0.0, "NC": 0.12766500702157538, "NR": 0.0, "Peuplier": 0.0, "Pin autre": 0.0, "Pin laricio, pin noir": 0.0, "Pin maritime": 0.0, "Pin sylvestre": 0.0, "Pins mélangés": 0.0, "Robinier": 0.0, "Sapin, épicéa": 0.0, "dynamic_world": null, "water": 0.0, "tree": 2.9235286607940765, "grass": 0.26809651474530832, "crops": 2.0171071109408913, "shrub": 38.593131622622238, "flooded": 0.48512702668198643, "built": 39.091025150006381, "bare": 0.0, "snow": 0.0, "sinister": 4.0 }, "geometry": { "type": "Polygon", "coordinates": [ [ [ 1.932327229606647, 48.854454471036398 ], [ 1.918362039829384, 48.847591232821614 ], [ 1.920794614194852, 48.835203577097751 ], [ 1.93718549614188, 48.829680451603096 ], [ 1.951146125453336, 48.836542849996171 ], [ 1.948720432946962, 48.848929213309709 ], [ 1.932327229606647, 48.854454471036398 ] ] ] } },
{ "type": "Feature", "properties": { "hex_id": "871fb4716ffffff", "scale0": 3201, "NDVI": 0.57909804582595825, "NDMI": 0.1049523800611496, "NDBI": -0.1049523800611496, "NDSI": -0.53377890586853027, "NDWI": -0.58023554086685181, "osmnx": null, "PasDeRoute": 95.315292315547623, "motorway": 0.0, "primary": 1.4679601736022465, "secondary": 0.0, "tertiary": 1.8509063058463109, "path": 1.3658412050038296, "population": 10.000537094356556, "elevation": 30.470073699951172, "foret_encoder": 0.0, "highway_encoder": 0.0, "foret": null, "PasDeforet": 91.983660965024256, "Châtaignier": 1.5573142711258616, "Chênes décidus": 0.70206790911411798, "Conifères": 0.0, "Douglas": 0.0, "Feuillus": 5.7569568547357672, "Hêtre": 0.0, "Mixte": 0.0, "Mélèze": 0.0, "NC": 0.0, "NR": 0.0, "Peuplier": 0.0, "Pin autre": 0.0, "Pin laricio, pin noir": 0.0, "Pin maritime": 0.0, "Pin sylvestre": 0.0, "Pins mélangés": 0.0, "Robinier": 0.0, "Sapin, épicéa": 0.0, "dynamic_world": null, "water": 0.0, "tree": 13.390349757467449, "grass": 0.88077610416134788, "crops": 1.0211896859841716, "shrub": 60.531018636711764, "flooded": 0.2297676793464386, "built": 9.8417155986724527, "bare": 0.0, "snow": 0.0, "sinister": 0.0 }, "geometry": { "type": "Polygon", "coordinates": [ [ [ 1.966961379953516, 48.912171976985547 ], [ 1.952983626621374, 48.905320732928196 ], [ 1.955410608662586, 48.892938675086128 ], [ 1.971808451340795, 48.887409154701722 ], [ 1.985781630256887, 48.894259562130934 ], [ 1.983361540569681, 48.906640326176337 ], [ 1.966961379953516, 48.912171976985547 ] ] ] } },
{ "type": "Feature", "properties": { "hex_id": "871fb6ae5ffffff", "scale0": 3202, "NDVI": 0.44953489303588867, "NDMI": 0.024194227531552315, "NDBI": -0.024194227531552315, "NDSI": -0.48382112383842468, "NDWI": -0.48937758803367615, "osmnx": null, "PasDeRoute": 99.769614744656337, "motorway": 0.0, "primary": 0.0, "secondary": 0.0, "tertiary": 0.14079098937667989, "path": 0.089594265966978115, "population": 51.000527671648555, "elevation": 14.513788223266602, "foret_encoder": 0.0, "highway_encoder": 0.0, "foret": null, "PasDeforet": 96.45462690387815, "Châtaignier": 0.0, "Chênes décidus": 2.8158197875335982, "Conifères": 0.0, "Douglas": 0.0, "Feuillus": 0.72955330858825029, "Hêtre": 0.0, "Mixte": 0.0, "Mélèze": 0.0, "NC": 0.0, "NR": 0.0, "Peuplier": 0.0, "Pin autre": 0.0, "Pin laricio, pin noir": 0.0, "Pin maritime": 0.0, "Pin sylvestre": 0.0, "Pins mélangés": 0.0, "Robinier": 0.0, "Sapin, épicéa": 0.0, "dynamic_world": null, "water": 0.0, "tree": 4.0829386919237169, "grass": 0.33277870216306155, "crops": 1.9582746704210932, "shrub": 68.437220017918861, "flooded": 0.025598361704850889, "built": 0.051196723409701779, "bare": 0.0, "snow": 0.0, "sinister": 0.0 }, "geometry": { "type": "Polygon", "coordinates": [ [ [ 1.925721659226195, 48.497660484440217 ], [ 1.911838142098311, 48.490755367690731 ], [ 1.914257950107431, 48.478341796350961 ], [ 1.930554472945243, 48.472834643854362 ], [ 1.94443348386813, 48.479738917767889 ], [ 1.942020477828137, 48.492151186624547 ], [ 1.925721659226195, 48.497660484440217 ] ] ] } },
{ "type": "Feature", "properties": { "hex_id": "871fb4770ffffff", "scale0": 3203, "NDVI": 0.42676907777786255, "NDMI": 0.047031577676534653, "NDBI": -0.047031577676534653, "NDSI": -0.3913675844669342, "NDWI": -0.42039889097213745, "osmnx": null, "PasDeRoute": 95.867451381780967, "motorway": 0.0, "primary": 0.0, "secondary": 3.3137154554759469, "tertiary": 0.55015353121801425, "path": 0.26867963152507679, "population": 1486.994961206892, "elevation": 8.2082796096801758, "foret_encoder": 0.0, "highway_encoder": 0.0, "foret": null, "PasDeforet": 100.0, "Châtaignier": 0.0, "Chênes décidus": 0.0, "Conifères": 0.0, "Douglas": 0.0, "Feuillus": 0.0, "Hêtre": 0.0, "Mixte": 0.0, "Mélèze": 0.0, "NC": 0.0, "NR": 0.0, "Peuplier": 0.0, "Pin autre": 0.0, "Pin laricio, pin noir": 0.0, "Pin maritime": 0.0, "Pin sylvestre": 0.0, "Pins mélangés": 0.0, "Robinier": 0.0, "Sapin, épicéa": 0.0, "dynamic_world": null, "water": 7.4590583418628453, "tree": 6.7041965199590585, "grass": 3.9278403275332647, "crops": 0.72927328556806559, "shrub": 0.95957011258955993, "flooded": 0.37103377686796313, "built": 61.783520982599796, "bare": 0.37103377686796313, "snow": 0.0, "sinister": 2.0 }, "geometry": { "type": "Polygon", "coordinates": [ [ [ 2.18391631825491, 48.977489219370106 ], [ 2.169928502274973, 48.970678992351004 ], [ 2.172308483592627, 48.958310365408423 ], [ 2.188669390206671, 48.952753276576175 ], [ 2.20265258929903, 48.959562685232825 ], [ 2.200279498300297, 48.971930000690655 ], [ 2.18391631825491, 48.977489219370106 ] ] ] } },
{ "type": "Feature", "properties": { "hex_id": "871fb44adffffff", "scale0": 3204, "NDVI": 0.52098524570465088, "NDMI": 0.062540717422962189, "NDBI": -0.062540717422962189, "NDSI": -0.51617753505706787, "NDWI": -0.53882706165313721, "osmnx": null, "PasDeRoute": 97.753522020560993, "motorway": 0.0, "primary": 1.523035918263739, "secondary": 0.55844650336337098, "tertiary": 0.16499555781190506, "path": 0.0, "population": 2.0008574664288856, "elevation": 22.557912826538086, "foret_encoder": 0.0, "highway_encoder": 0.0, "foret": null, "PasDeforet": 69.501205736768625, "Châtaignier": 0.0, "Chênes décidus": 3.0968397004696024, "Conifères": 0.0, "Douglas": 0.0, "Feuillus": 26.323137453991624, "Hêtre": 0.0, "Mixte": 0.0, "Mélèze": 0.0, "NC": 0.22845538773956087, "NR": 0.0, "Peuplier": 0.85036172103058771, "Pin autre": 0.0, "Pin laricio, pin noir": 0.0, "Pin maritime": 0.0, "Pin sylvestre": 0.0, "Pins mélangés": 0.0, "Robinier": 0.0, "Sapin, épicéa": 0.0, "dynamic_world": null, "water": 0.0, "tree": 34.10331260312222, "grass": 5.5336971696915853, "crops": 0.83766975504505647, "shrub": 41.985023480137073, "flooded": 0.17768752379743621, "built": 2.9572280746287603, "bare": 0.0, "snow": 0.0, "sinister": 0.0 }, "geometry": { "type": "Polygon", "coordinates": [ [ [ 1.609354567741925, 48.8585478020564 ], [ 1.595381526602198, 48.851635248388199 ], [ 1.597888109369235, 48.839235415467485 ], [ 1.61436082596431, 48.833749398501048 ], [ 1.628329355311315, 48.840661085946522 ], [ 1.625829679552863, 48.853059656179191 ], [ 1.609354567741925, 48.8585478020564 ] ] ] } },
{ "type": "Feature", "properties": { "hex_id": "871fb6b62ffffff", "scale0": 3205, "NDVI": 0.61724567413330078, "NDMI": 0.098761223256587982, "NDBI": -0.098761223256587982, "NDSI": -0.55726402997970581, "NDWI": -0.60458844900131226, "osmnx": null, "PasDeRoute": 93.872079662964381, "motorway": 0.0, "primary": 2.5533001404315079, "secondary": 1.825609600408528, "tertiary": 1.5064470828545895, "path": 0.24256351334099321, "population": 29.003229633170339, "elevation": 22.028182983398438, "foret_encoder": 0.0, "highway_encoder": 0.0, "foret": null, "PasDeforet": 66.602834163155876, "Châtaignier": 0.0, "Chênes décidus": 5.1193667815651729, "Conifères": 0.0, "Douglas": 0.0, "Feuillus": 26.899016979445932, "Hêtre": 0.0, "Mixte": 0.0, "Mélèze": 0.0, "NC": 1.378782075833014, "NR": 0.0, "Peuplier": 0.0, "Pin autre": 0.0, "Pin laricio, pin noir": 0.0, "Pin maritime": 0.0, "Pin sylvestre": 0.0, "Pins mélangés": 0.0, "Robinier": 0.0, "Sapin, épicéa": 0.0, "dynamic_world": null, "water": 5.1831992850759612, "tree": 41.503893782714158, "grass": 10.979190603855484, "crops": 0.84258904634239751, "shrub": 1.2894165709179113, "flooded": 0.81705604493808248, "built": 25.354270394484875, "bare": 0.0, "snow": 0.0, "sinister": 5.0 }, "geometry": { "type": "Polygon", "coordinates": [ [ [ 1.851725718799294, 48.719575386372881 ], [ 1.837789797120459, 48.712684223430813 ], [ 1.840235333489749, 48.700283588697374 ], [ 1.856609933806106, 48.694775405648677 ], [ 1.870541327418837, 48.701665721293786 ], [ 1.868102648455216, 48.714065066889646 ], [ 1.851725718799294, 48.719575386372881 ] ] ] } },
{ "type": "Feature", "properties": { "hex_id": "871fb6b50ffffff", "scale0": 3206, "NDVI": 0.712860107421875, "NDMI": 0.20488835871219635, "NDBI": -0.20488835871219635, "NDSI": -0.56837892532348633, "NDWI": -0.67203426361083984, "osmnx": null, "PasDeRoute": 96.000511116790193, "motorway": 0.0, "primary": 1.1500127779197546, "secondary": 0.076667518527983647, "tertiary": 0.0, "path": 2.7728085867620753, "population": 12.005985775263181, "elevation": 17.305950164794922, "foret_encoder": 2.0, "highway_encoder": 0.0, "foret": null, "PasDeforet": 31.944799386659849, "Châtaignier": 0.0, "Chênes décidus": 66.854076156401746, "Conifères": 0.0, "Douglas": 0.0, "Feuillus": 0.17889087656529518, "Hêtre": 0.0, "Mixte": 0.98389982110912344, "Mélèze": 0.0, "NC": 0.0, "NR": 0.0, "Peuplier": 0.0, "Pin autre": 0.0, "Pin laricio, pin noir": 0.0, "Pin maritime": 0.0, "Pin sylvestre": 0.038333759263991823, "Pins mélangés": 0.0, "Robinier": 0.0, "Sapin, épicéa": 0.0, "dynamic_world": null, "water": 0.57500638895987732, "tree": 73.86915410171224, "grass": 2.8750319447993866, "crops": 0.16611295681063123, "shrub": 6.7595195502172247, "flooded": 0.038333759263991823, "built": 9.2512139023766924, "bare": 0.0, "snow": 0.0, "sinister": 8.0 }, "geometry": { "type": "Polygon", "coordinates": [ [ [ 1.836086757802817, 48.643773734941625 ], [ 1.822167873714727, 48.63687148141419 ], [ 1.8246139192334, 48.624464769655454 ], [ 1.840972007024714, 48.618961601005303 ], [ 1.854886376689649, 48.625863005436166 ], [ 1.85244717266315, 48.638268427219977 ], [ 1.836086757802817, 48.643773734941625 ] ] ] } },
{ "type": "Feature", "properties": { "hex_id": "871fb6a15ffffff", "scale0": 3207, "NDVI": 0.38979798555374146, "NDMI": -0.019418636336922646, "NDBI": 0.019418636336922646, "NDSI": -0.48375982046127319, "NDWI": -0.45471668243408203, "osmnx": null, "PasDeRoute": 95.8865610628513, "motorway": 1.3668880940214614, "primary": 0.0, "secondary": 0.0, "tertiary": 1.2391415431783341, "path": 1.5074092999489013, "population": 24.000032979478039, "elevation": 22.768619537353516, "foret_encoder": 0.0, "highway_encoder": 0.0, "foret": null, "PasDeforet": 81.50229943791517, "Châtaignier": 0.0, "Chênes décidus": 8.788962698007154, "Conifères": 0.0, "Douglas": 0.0, "Feuillus": 7.2304547777210013, "Hêtre": 0.0, "Mixte": 0.0, "Mélèze": 0.0, "NC": 0.43433827286663257, "NR": 0.0, "Peuplier": 2.0439448134900355, "Pin autre": 0.0, "Pin laricio, pin noir": 0.0, "Pin maritime": 0.0, "Pin sylvestre": 0.0, "Pins mélangés": 0.0, "Robinier": 0.0, "Sapin, épicéa": 0.0, "dynamic_world": null, "water": 0.11497189575881452, "tree": 33.035258048032702, "grass": 1.8778742973939704, "crops": 1.762902401635156, "shrub": 40.061318344404704, "flooded": 0.089422585590189063, "built": 4.7266223811957078, "bare": 0.0, "snow": 0.0, "sinister": 0.0 }, "geometry": { "type": "Polygon", "coordinates": [ [ [ 1.767339690476321, 48.527832857888484 ], [ 1.753445789239755, 48.520906777077656 ], [ 1.755902811028585, 48.508489087894226 ], [ 1.772246913108813, 48.502998766231528 ], [ 1.786136327423688, 48.509923991487703 ], [ 1.78368612626558, 48.522340393568292 ], [ 1.767339690476321, 48.527832857888484 ] ] ] } },
{ "type": "Feature", "properties": { "hex_id": "871fb4413ffffff", "scale0": 3208, "NDVI": 0.50151002407073975, "NDMI": 0.034361798316240311, "NDBI": -0.034361798316240311, "NDSI": -0.54123961925506592, "NDWI": -0.53696656227111816, "osmnx": null, "PasDeRoute": 98.805894308943081, "motorway": 0.0, "primary": 1.0543699186991871, "secondary": 0.0, "tertiary": 0.13973577235772358, "path": 0.0, "population": 49.000916358353955, "elevation": 18.223682403564453, "foret_encoder": 0.0, "highway_encoder": 0.0, "foret": null, "PasDeforet": 44.474085365853661, "Châtaignier": 0.0, "Chênes décidus": 22.95477642276423, "Conifères": 0.0, "Douglas": 0.0, "Feuillus": 32.520325203252028, "Hêtre": 0.0, "Mixte": 0.0, "Mélèze": 0.0, "NC": 0.0, "NR": 0.0, "Peuplier": 0.050813008130081307, "Pin autre": 0.0, "Pin laricio, pin noir": 0.0, "Pin maritime": 0.0, "Pin sylvestre": 0.0, "Pins mélangés": 0.0, "Robinier": 0.0, "Sapin, épicéa": 0.0, "dynamic_world": null, "water": 0.0, "tree": 61.610772357723576, "grass": 1.5370934959349594, "crops": 0.53353658536585369, "shrub": 24.949186991869919, "flooded": 0.07621951219512195, "built": 1.600609756097561, "bare": 0.0, "snow": 0.0, "sinister": 3.0 }, "geometry": { "type": "Polygon", "coordinates": [ [ [ 1.59036509935567, 48.876432453312752 ], [ 1.576387546691491, 48.869519031979301 ], [ 1.57889921670608, 48.857119799521698 ], [ 1.595381526602198, 48.851635248388199 ], [ 1.609354567741925, 48.8585478020564 ], [ 1.606849810208581, 48.870945774120713 ], [ 1.59036509935567, 48.876432453312752 ] ] ] } },
{ "type": "Feature", "properties": { "hex_id": "871fb6aadffffff", "scale0": 3209, "NDVI": 0.54592257738113403, "NDMI": 0.096593759953975677, "NDBI": -0.096593759953975677, "NDSI": -0.50342428684234619, "NDWI": -0.54979950189590454, "osmnx": null, "PasDeRoute": 97.725820876453312, "motorway": 0.0, "primary": 0.0, "secondary": 1.3415101571483325, "tertiary": 0.0, "path": 0.93266896639836472, "population": 415.99813194813709, "elevation": 18.269929885864258, "foret_encoder": 0.0, "highway_encoder": 0.0, "foret": null, "PasDeforet": 94.531749073719169, "Châtaignier": 1.3542864443592693, "Chênes décidus": 0.0, "Conifères": 0.0, "Douglas": 0.0, "Feuillus": 4.1139644819215535, "Hêtre": 0.0, "Mixte": 0.0, "Mélèze": 0.0, "NC": 0.0, "NR": 0.0, "Peuplier": 0.0, "Pin autre": 0.0, "Pin laricio, pin noir": 0.0, "Pin maritime": 0.0, "Pin sylvestre": 0.0, "Pins mélangés": 0.0, "Robinier": 0.0, "Sapin, épicéa": 0.0, "dynamic_world": null, "water": 0.0, "tree": 19.560495719943784, "grass": 0.67714322217963463, "crops": 0.038328861632809505, "shrub": 70.461223968314812, "flooded": 0.0, "built": 0.88156381755461855, "bare": 0.0, "snow": 0.0, "sinister": 0.0 }, "geometry": { "type": "Polygon", "coordinates": [ [ [ 1.793480598375377, 48.472670078945725 ], [ 1.779599821154369, 48.465741745115778 ], [ 1.782048679623263, 48.453321173754169 ], [ 1.798371508634848, 48.447830226943637 ], [ 1.812247803109703, 48.454757706932682 ], [ 1.809805751002896, 48.467176987181723 ], [ 1.793480598375377, 48.472670078945725 ] ] ] } },
{ "type": "Feature", "properties": { "hex_id": "871fb6af5ffffff", "scale0": 3210, "NDVI": 0.54592257738113403, "NDMI": 0.096593759953975677, "NDBI": -0.096593759953975677, "NDSI": -0.50342428684234619, "NDWI": -0.54979950189590454, "osmnx": null, "PasDeRoute": 96.485827882518919, "motorway": 0.0, "primary": 1.5647043734769783, "secondary": 0.0, "tertiary": 1.7186097216878287, "path": 0.2308580223162755, "population": 7.0001413406201474, "elevation": 10.001367568969727, "foret_encoder": 0.0, "highway_encoder": 0.0, "foret": null, "PasDeforet": 99.563934846735918, "Châtaignier": 0.0, "Chênes décidus": 0.0, "Conifères": 0.0, "Douglas": 0.0, "Feuillus": 0.43606515326407591, "Hêtre": 0.0, "Mixte": 0.0, "Mélèze": 0.0, "NC": 0.0, "NR": 0.0, "Peuplier": 0.0, "Pin autre": 0.0, "Pin laricio, pin noir": 0.0, "Pin maritime": 0.0, "Pin sylvestre": 0.0, "Pins mélangés": 0.0, "Robinier": 0.0, "Sapin, épicéa": 0.0, "dynamic_world": null, "water": 0.0, "tree": 0.16673079389508785, "grass": 0.0, "crops": 0.012825445684237527, "shrub": 92.227779915352059, "flooded": 0.012825445684237527, "built": 3.1807105296909071, "bare": 0.0, "snow": 0.0, "sinister": 0.0 }, "geometry": { "type": "Polygon", "coordinates": [ [ [ 1.872623584625616, 48.457605775535498 ], [ 1.858747982254738, 48.450687919817753 ], [ 1.861178258298523, 48.438269413640839 ], [ 1.877477339324845, 48.432770061590517 ], [ 1.891348449314841, 48.439687069815641 ], [ 1.888924970335347, 48.452104277194017 ], [ 1.872623584625616, 48.457605775535498 ] ] ] } },
{ "type": "Feature", "properties": { "hex_id": "871fb4506ffffff", "scale0": 3211, "NDVI": 0.41961067914962769, "NDMI": -0.0048879138194024563, "NDBI": 0.0048879138194024563, "NDSI": -0.48739954829216003, "NDWI": -0.46861869096755981, "osmnx": null, "PasDeRoute": 95.206778803591746, "motorway": 2.2511698495004429, "primary": 1.8338181358290122, "secondary": 0.0, "tertiary": 0.70823321107879089, "path": 0.0, "population": 8.0000047113540056, "elevation": 22.429582595825195, "foret_encoder": 0.0, "highway_encoder": 0.0, "foret": null, "PasDeforet": 94.877956241305171, "Châtaignier": 0.0, "Chênes décidus": 0.0, "Conifères": 0.0, "Douglas": 0.0, "Feuillus": 3.465283925635513, "Hêtre": 0.0, "Mixte": 0.0, "Mélèze": 0.0, "NC": 1.6567598330593145, "NR": 0.0, "Peuplier": 0.0, "Pin autre": 0.0, "Pin laricio, pin noir": 0.0, "Pin maritime": 0.0, "Pin sylvestre": 0.0, "Pins mélangés": 0.0, "Robinier": 0.0, "Sapin, épicéa": 0.0, "dynamic_world": null, "water": 0.0, "tree": 0.2655874541545466, "grass": 0.088529151384848861, "crops": 0.35411660553939545, "shrub": 71.316554951308959, "flooded": 0.10117617301125584, "built": 0.72088023270519797, "bare": 0.0, "snow": 0.0, "sinister": 3.0 }, "geometry": { "type": "Polygon", "coordinates": [ [ [ 1.460859603263781, 49.058045895215272 ], [ 1.446837435457586, 49.051133481278178 ], [ 1.449386407682498, 49.038742961976496 ], [ 1.465950583836979, 49.033266099040226 ], [ 1.479968233163351, 49.040177635746311 ], [ 1.477426224524611, 49.052566912211233 ], [ 1.460859603263781, 49.058045895215272 ] ] ] } },
{ "type": "Feature", "properties": { "hex_id": "871fb4414ffffff", "scale0": 3212, "NDVI": 0.44174441695213318, "NDMI": -0.013201240450143814, "NDBI": 0.013201240450143814, "NDSI": -0.51858657598495483, "NDWI": -0.49026897549629211, "osmnx": null, "PasDeRoute": 98.568351704041561, "motorway": 0.0, "primary": 0.0, "secondary": 0.0, "tertiary": 1.4316482959584442, "path": 0.0, "population": 2.000275614209285, "elevation": 11.673854827880859, "foret_encoder": 0.0, "highway_encoder": 0.0, "foret": null, "PasDeforet": 90.903332066387946, "Châtaignier": 0.0, "Chênes décidus": 0.0, "Conifères": 0.0, "Douglas": 0.0, "Feuillus": 8.6278981375902699, "Hêtre": 0.0, "Mixte": 0.0, "Mélèze": 0.0, "NC": 0.46876979602179147, "NR": 0.0, "Peuplier": 0.0, "Pin autre": 0.0, "Pin laricio, pin noir": 0.0, "Pin maritime": 0.0, "Pin sylvestre": 0.0, "Pins mélangés": 0.0, "Robinier": 0.0, "Sapin, épicéa": 0.0, "dynamic_world": null, "water": 0.0, "tree": 9.0966679336120606, "grass": 1.6977068288356771, "crops": 0.63347269732674527, "shrub": 58.722919042189282, "flooded": 0.31673634866337264, "built": 7.9690865323704552, "bare": 0.03800836183960471, "snow": 0.0, "sinister": 0.0 }, "geometry": { "type": "Polygon", "coordinates": [ [ [ 1.552342068654433, 48.912195521918683 ], [ 1.538355493776741, 48.905280360917672 ], [ 1.540877358000685, 48.892882341981725 ], [ 1.557378873372039, 48.887400739436984 ], [ 1.57136093728478, 48.894315029880595 ], [ 1.568845996493135, 48.906711793022325 ], [ 1.552342068654433, 48.912195521918683 ] ] ] } },
{ "type": "Feature", "properties": { "hex_id": "871fb6a1affffff", "scale0": 3213, "NDVI": null, "NDMI": null, "NDBI": null, "NDSI": null, "NDWI": null, "osmnx": null, "PasDeRoute": null, "motorway": null, "primary": null, "secondary": null, "tertiary": null, "path": null, "population": null, "elevation": null, "foret_encoder": null, "highway_encoder": null, "foret": null, "PasDeforet": null, "Châtaignier": null, "Chênes décidus": null, "Conifères": null, "Douglas": null, "Feuillus": null, "Hêtre": null, "Mixte": null, "Mélèze": null, "NC": null, "NR": null, "Peuplier": null, "Pin autre": null, "Pin laricio, pin noir": null, "Pin maritime": null, "Pin sylvestre": null, "Pins mélangés": null, "Robinier": null, "Sapin, épicéa": null, "dynamic_world": null, "water": null, "tree": null, "grass": null, "crops": null, "shrub": null, "flooded": null, "built": null, "bare": null, "snow": null, "sinister": null }, "geometry": { "type": "Polygon", "coordinates": [ [ [ 1.823686190893533, 48.474100505524611 ], [ 1.809805751002896, 48.467176987181723 ], [ 1.812247803109703, 48.454757706932682 ], [ 1.828563490367338, 48.449263238474337 ], [ 1.842439442770059, 48.456185905453886 ], [ 1.840004195083742, 48.468603891864205 ], [ 1.823686190893533, 48.474100505524611 ] ] ] } },
{ "type": "Feature", "properties": { "hex_id": "871fb44d3ffffff", "scale0": 3214, "NDVI": 0.80455642938613892, "NDMI": 0.34039661288261414, "NDBI": -0.34039661288261414, "NDSI": -0.55102884769439697, "NDWI": -0.74944865703582764, "osmnx": null, "PasDeRoute": 96.709603366917491, "motorway": 0.0, "primary": 0.0, "secondary": 0.0, "tertiary": 1.2498405815584746, "path": 2.0405560515240402, "population": 21.000407532121422, "elevation": 43.354763031005859, "foret_encoder": 15.0, "highway_encoder": 0.0, "foret": null, "PasDeforet": 3.6347404667771968, "Châtaignier": 0.0, "Chênes décidus": 2.4104068358627728, "Conifères": 0.0, "Douglas": 0.0, "Feuillus": 12.332610636398417, "Hêtre": 0.0, "Mixte": 14.092590230837903, "Mélèze": 0.0, "NC": 0.0, "NR": 13.085065680397909, "Peuplier": 0.0, "Pin autre": 0.0, "Pin laricio, pin noir": 22.382349190154315, "Pin maritime": 0.0, "Pin sylvestre": 32.062236959571486, "Pins mélangés": 0.0, "Robinier": 0.0, "Sapin, épicéa": 0.0, "dynamic_world": null, "water": 0.0, "tree": 98.915954597627859, "grass": 0.051013901288101009, "crops": 0.0, "shrub": 0.0, "flooded": 0.0, "built": 0.0, "bare": 0.0, "snow": 0.0, "sinister": 0.0 }, "geometry": { "type": "Polygon", "coordinates": [ [ [ 1.722983530787048, 48.751196876381151 ], [ 1.709037564161218, 48.744289498493899 ], [ 1.711513760982619, 48.731886150839813 ], [ 1.727929049902459, 48.726391457064302 ], [ 1.741870503285466, 48.733297977334445 ], [ 1.739401180678146, 48.745700048599339 ], [ 1.722983530787048, 48.751196876381151 ] ] ] } },
{ "type": "Feature", "properties": { "hex_id": "871fb6a64ffffff", "scale0": 3215, "NDVI": 0.79249513149261475, "NDMI": 0.24801734089851379, "NDBI": -0.24801734089851379, "NDSI": -0.60291802883148193, "NDWI": -0.73319411277770996, "osmnx": null, "PasDeRoute": 95.230788901674984, "motorway": 0.0, "primary": 0.0, "secondary": 2.2119933512338577, "tertiary": 1.5599028257256107, "path": 0.99731492136555433, "population": 33.000002355677012, "elevation": 33.013370513916016, "foret_encoder": 0.0, "highway_encoder": 0.0, "foret": null, "PasDeforet": 47.180667433831992, "Châtaignier": 0.0, "Chênes décidus": 6.4058304564633683, "Conifères": 0.0, "Douglas": 0.0, "Feuillus": 46.413502109704638, "Hêtre": 0.0, "Mixte": 0.0, "Mélèze": 0.0, "NC": 0.0, "NR": 0.0, "Peuplier": 0.0, "Pin autre": 0.0, "Pin laricio, pin noir": 0.0, "Pin maritime": 0.0, "Pin sylvestre": 0.0, "Pins mélangés": 0.0, "Robinier": 0.0, "Sapin, épicéa": 0.0, "dynamic_world": null, "water": 0.012786088735455826, "tree": 58.215062012530375, "grass": 15.27937603886971, "crops": 0.051144354941823303, "shrub": 0.025572177470911651, "flooded": 0.038358266206367474, "built": 1.815624600434727, "bare": 0.0, "snow": 0.0, "sinister": 0.0 }, "geometry": { "type": "Polygon", "coordinates": [ [ [ 1.975900612750819, 48.631372452680289 ], [ 1.961987712298916, 48.624490329743885 ], [ 1.964401423027204, 48.612088257173419 ], [ 1.98072120579812, 48.606569610264359 ], [ 1.994629572711145, 48.61345089547244 ], [ 1.992222690054793, 48.625851664926991 ], [ 1.975900612750819, 48.631372452680289 ] ] ] } },
{ "type": "Feature", "properties": { "hex_id": "871fb6b6effffff", "scale0": 3216, "NDVI": 0.67220419645309448, "NDMI": 0.17141939699649811, "NDBI": -0.17141939699649811, "NDSI": -0.56968420743942261, "NDWI": -0.65288174152374268, "osmnx": null, "PasDeRoute": 94.964856230031941, "motorway": 0.0, "primary": 0.0, "secondary": 0.0, "tertiary": 1.3929712460063897, "path": 3.6421725239616611, "population": 1.0000400465090415, "elevation": 38.814319610595703, "foret_encoder": 0.0, "highway_encoder": 0.0, "foret": null, "PasDeforet": 48.779552715654951, "Châtaignier": 0.0, "Chênes décidus": 28.613418530351435, "Conifères": 0.15335463258785942, "Douglas": 0.0, "Feuillus": 20.932907348242811, "Hêtre": 0.0, "Mixte": 1.0095846645367412, "Mélèze": 0.0, "NC": 0.0, "NR": 0.0, "Peuplier": 0.0, "Pin autre": 0.0, "Pin laricio, pin noir": 0.0, "Pin maritime": 0.0, "Pin sylvestre": 0.51118210862619806, "Pins mélangés": 0.0, "Robinier": 0.0, "Sapin, épicéa": 0.0, "dynamic_world": null, "water": 0.0, "tree": 55.118210862619812, "grass": 1.4313099041533546, "crops": 0.57507987220447288, "shrub": 27.706070287539937, "flooded": 0.12779552715654952, "built": 1.3035143769968052, "bare": 0.0, "snow": 0.0, "sinister": 0.0 }, "geometry": { "type": "Polygon", "coordinates": [ [ [ 1.91234312903902, 48.722319046070687 ], [ 1.898407926509711, 48.715437541661018 ], [ 1.900839750053334, 48.703039487932806 ], [ 1.917199922370225, 48.697524232815418 ], [ 1.931130587291397, 48.70440489491385 ], [ 1.928705617171456, 48.716801654047103 ], [ 1.91234312903902, 48.722319046070687 ] ] ] } },
{ "type": "Feature", "properties": { "hex_id": "871fb6b42ffffff", "scale0": 3217, "NDVI": 0.80828475952148438, "NDMI": 0.26569202542304993, "NDBI": -0.26569202542304993, "NDSI": -0.61243385076522827, "NDWI": -0.74949318170547485, "osmnx": null, "PasDeRoute": 92.985151049667181, "motorway": 0.0, "primary": 1.9201228878648235, "secondary": 0.0, "tertiary": 0.64004096262160781, "path": 4.4546850998463903, "population": 39.999851592348854, "elevation": 10.805344581604004, "foret_encoder": 2.0, "highway_encoder": 0.0, "foret": null, "PasDeforet": 5.376344086021505, "Châtaignier": 0.0, "Chênes décidus": 45.801331285202252, "Conifères": 0.0, "Douglas": 0.0, "Feuillus": 41.218637992831539, "Hêtre": 0.0, "Mixte": 2.0225294418842807, "Mélèze": 0.0, "NC": 0.0, "NR": 1.9457245263696878, "Peuplier": 0.0, "Pin autre": 0.0, "Pin laricio, pin noir": 0.0, "Pin maritime": 0.0, "Pin sylvestre": 3.0081925243215566, "Pins mélangés": 0.62724014336917566, "Robinier": 0.0, "Sapin, épicéa": 0.0, "dynamic_world": null, "water": 2.9185867895545314, "tree": 94.969278033794154, "grass": 0.0, "crops": 0.012800819252432157, "shrub": 0.0, "flooded": 0.0, "built": 0.051203277009728626, "bare": 0.0, "snow": 0.0, "sinister": 2.0 }, "geometry": { "type": "Polygon", "coordinates": [ [ [ 1.877851042444867, 48.664462888342868 ], [ 1.863928343637181, 48.657569438566625 ], [ 1.866365706231889, 48.64516585521816 ], [ 1.88271892431244, 48.639657014430576 ], [ 1.896637099333284, 48.646549618673454 ], [ 1.894206579732528, 48.658951908843875 ], [ 1.877851042444867, 48.664462888342868 ] ] ] } },
{ "type": "Feature", "properties": { "hex_id": "871fb454cffffff", "scale0": 3218, "NDVI": 0.60274016857147217, "NDMI": 0.12978336215019226, "NDBI": -0.12978336215019226, "NDSI": -0.5363776683807373, "NDWI": -0.59668451547622681, "osmnx": null, "PasDeRoute": 97.293175752954625, "motorway": 0.0, "primary": 0.0, "secondary": 2.4018299656881434, "tertiary": 0.0, "path": 0.30499428135722456, "population": 108.00003062380105, "elevation": 47.85028076171875, "foret_encoder": 0.0, "highway_encoder": 0.0, "foret": null, "PasDeforet": 62.676324818909649, "Châtaignier": 0.63540475282755116, "Chênes décidus": 4.8163680264328379, "Conifères": 0.0, "Douglas": 0.0, "Feuillus": 31.350870504511374, "Hêtre": 0.0, "Mixte": 0.17791333079171431, "Mélèze": 0.0, "NC": 0.34311856652687761, "NR": 0.0, "Peuplier": 0.0, "Pin autre": 0.0, "Pin laricio, pin noir": 0.0, "Pin maritime": 0.0, "Pin sylvestre": 0.0, "Pins mélangés": 0.0, "Robinier": 0.0, "Sapin, épicéa": 0.0, "dynamic_world": null, "water": 0.0, "tree": 48.837209302325576, "grass": 2.1095437793874696, "crops": 0.77519379844961245, "shrub": 30.906087177532086, "flooded": 0.025416190113102047, "built": 0.0, "bare": 0.0, "snow": 0.0, "sinister": 2.0 }, "geometry": { "type": "Polygon", "coordinates": [ [ [ 1.766406352108641, 49.071949149076566 ], [ 1.752387098958844, 49.065085448624487 ], [ 1.754866521252246, 49.052707482432282 ], [ 1.771358252084857, 49.047194486795632 ], [ 1.785372937151113, 49.054057335033903 ], [ 1.782900459145394, 49.066434030719506 ], [ 1.766406352108641, 49.071949149076566 ] ] ] } },
{ "type": "Feature", "properties": { "hex_id": "871fb4099ffffff", "scale0": 3219, "NDVI": 0.62036561965942383, "NDMI": 0.22543759644031525, "NDBI": -0.22543759644031525, "NDSI": -0.40282037854194641, "NDWI": -0.54218167066574097, "osmnx": null, "PasDeRoute": 87.936750828870188, "motorway": 0.0, "primary": 1.2369293547564397, "secondary": 0.0, "tertiary": 0.0, "path": 10.826319816373374, "population": 49.000379263997402, "elevation": 36.412025451660156, "foret_encoder": 0.0, "highway_encoder": 0.0, "foret": null, "PasDeforet": 56.579954093343531, "Châtaignier": 17.368018362662585, "Chênes décidus": 8.2631981637337404, "Conifères": 0.0, "Douglas": 0.0, "Feuillus": 13.823004335628667, "Hêtre": 0.0, "Mixte": 0.0, "Mélèze": 0.0, "NC": 3.9658250446314716, "NR": 0.0, "Peuplier": 0.0, "Pin autre": 0.0, "Pin laricio, pin noir": 0.0, "Pin maritime": 0.0, "Pin sylvestre": 0.0, "Pins mélangés": 0.0, "Robinier": 0.0, "Sapin, épicéa": 0.0, "dynamic_world": null, "water": 24.649324152002038, "tree": 45.128793675082882, "grass": 0.66309614894159652, "crops": 0.49732211170619739, "shrub": 0.30604437643458299, "flooded": 1.1859219586840091, "built": 18.273399642948227, "bare": 0.8926294312675338, "snow": 0.0, "sinister": 3.0 }, "geometry": { "type": "Polygon", "coordinates": [ [ [ 1.975537116559759, 49.024867265368719 ], [ 1.961533407308478, 49.018030368833138 ], [ 1.963962970331291, 49.005656985223752 ], [ 1.980389324761267, 49.000121788834278 ], [ 1.994388441167775, 49.006957850084582 ], [ 1.991965795645123, 49.019329942611314 ], [ 1.975537116559759, 49.024867265368719 ] ] ] } },
{ "type": "Feature", "properties": { "hex_id": "871fb6a03ffffff", "scale0": 3220, "NDVI": 0.36307230591773987, "NDMI": -0.026331834495067596, "NDBI": 0.026331834495067596, "NDSI": -0.46767756342887878, "NDWI": -0.43502235412597656, "osmnx": null, "PasDeRoute": 96.243771559984665, "motorway": 1.9164430816404752, "primary": 0.98377411524211056, "secondary": 0.30663089306247604, "tertiary": 0.0, "path": 0.54938035007026953, "population": 3.000134273589139, "elevation": 11.406596183776855, "foret_encoder": 0.0, "highway_encoder": 0.0, "foret": null, "PasDeforet": 86.674332438993233, "Châtaignier": 0.0, "Chênes décidus": 5.493803500702696, "Conifères": 0.0, "Douglas": 0.0, "Feuillus": 4.075635620288744, "Hêtre": 0.0, "Mixte": 0.0, "Mélèze": 0.0, "NC": 2.5297048677654272, "NR": 1.2265235722499042, "Peuplier": 0.0, "Pin autre": 0.0, "Pin laricio, pin noir": 0.0, "Pin maritime": 0.0, "Pin sylvestre": 0.0, "Pins mélangés": 0.0, "Robinier": 0.0, "Sapin, épicéa": 0.0, "dynamic_world": null, "water": 0.038328861632809505, "tree": 14.909927175162899, "grass": 1.4053915932030152, "crops": 1.6609173374217454, "shrub": 25.718666155615178, "flooded": 0.16609173374217454, "built": 33.742174524083303, "bare": 0.74102465823431707, "snow": 0.0, "sinister": 4.0 }, "geometry": { "type": "Polygon", "coordinates": [ [ [ 1.827812206963572, 48.530682097488665 ], [ 1.813918975809365, 48.523765657285502 ], [ 1.816362358274647, 48.511350545038461 ], [ 1.832692154829118, 48.505853165164183 ], [ 1.846580889543465, 48.512768754772843 ], [ 1.844144323822576, 48.525182574458427 ], [ 1.827812206963572, 48.530682097488665 ] ] ] } },
{ "type": "Feature", "properties": { "hex_id": "871fb6a76ffffff", "scale0": 3221, "NDVI": 0.7151142954826355, "NDMI": 0.21987719833850861, "NDBI": -0.21987719833850861, "NDSI": -0.57388210296630859, "NDWI": -0.68169033527374268, "osmnx": null, "PasDeRoute": 90.29573678146204, "motorway": 0.0, "primary": 1.6643195493534757, "secondary": 1.6387146332095763, "tertiary": 0.0, "path": 6.4012290359749073, "population": 13.00089044590692, "elevation": 36.045806884765625, "foret_encoder": 2.0, "highway_encoder": 0.0, "foret": null, "PasDeforet": 37.31916527973371, "Châtaignier": 3.9303546280885926, "Chênes décidus": 42.965049289463572, "Conifères": 0.0, "Douglas": 0.0, "Feuillus": 14.261938292152093, "Hêtre": 0.0, "Mixte": 0.0, "Mélèze": 0.0, "NC": 0.064012290359749063, "NR": 0.99859172961208553, "Peuplier": 0.0, "Pin autre": 0.0, "Pin laricio, pin noir": 0.0, "Pin maritime": 0.0, "Pin sylvestre": 0.46088849059019332, "Pins mélangés": 0.0, "Robinier": 0.0, "Sapin, épicéa": 0.0, "dynamic_world": null, "water": 0.0, "tree": 64.345154269619769, "grass": 5.8763282550249647, "crops": 0.21764178722314684, "shrub": 3.2774292664191527, "flooded": 0.0, "built": 14.210728459864294, "bare": 0.0, "snow": 0.0, "sinister": 1.0 }, "geometry": { "type": "Polygon", "coordinates": [ [ [ 1.911198199337053, 48.572119230479608 ], [ 1.897297373937243, 48.565220364877149 ], [ 1.899723448166762, 48.552811493853916 ], [ 1.916043527747263, 48.547302787009976 ], [ 1.929939838084553, 48.554200809148846 ], [ 1.927520583574086, 48.566608381204169 ], [ 1.911198199337053, 48.572119230479608 ] ] ] } },
{ "type": "Feature", "properties": { "hex_id": "871fb4470ffffff", "scale0": 3222, "NDVI": 0.5610693097114563, "NDMI": 0.089665435254573822, "NDBI": -0.089665435254573822, "NDSI": -0.52342593669891357, "NDWI": -0.56448107957839966, "osmnx": null, "PasDeRoute": 92.020870450496304, "motorway": 0.0, "primary": 0.0, "secondary": 0.0, "tertiary": 2.7106133876304401, "path": 5.2685161618732508, "population": 37.002358032679439, "elevation": 36.339733123779297, "foret_encoder": 5.0, "highway_encoder": 0.0, "foret": null, "PasDeforet": 42.962585899720033, "Châtaignier": 0.0, "Chênes décidus": 1.2598625604479512, "Conifères": 0.0, "Douglas": 0.0, "Feuillus": 53.079664036650541, "Hêtre": 0.0, "Mixte": 0.0, "Mélèze": 0.0, "NC": 2.4815474675489946, "NR": 0.21634003563247647, "Peuplier": 0.0, "Pin autre": 0.0, "Pin laricio, pin noir": 0.0, "Pin maritime": 0.0, "Pin sylvestre": 0.0, "Pins mélangés": 0.0, "Robinier": 0.0, "Sapin, épicéa": 0.0, "dynamic_world": null, "water": 0.0, "tree": 61.745991346398576, "grass": 0.76355306693815217, "crops": 0.87808602697887506, "shrub": 24.497327564265717, "flooded": 0.62356833799949096, "built": 2.3033850852634257, "bare": 0.0, "snow": 0.0, "sinister": 5.0 }, "geometry": { "type": "Polygon", "coordinates": [ [ [ 1.758197808355672, 48.959163377872535 ], [ 1.744204584172063, 48.952285364904512 ], [ 1.746681247312861, 48.93989866316781 ], [ 1.763144215343774, 48.934391247264912 ], [ 1.777132889760569, 48.941268406747191 ], [ 1.774663145593005, 48.953653835216976 ], [ 1.758197808355672, 48.959163377872535 ] ] ] } },
{ "type": "Feature", "properties": { "hex_id": "871fb47a6ffffff", "scale0": 3223, "NDVI": 0.5229981541633606, "NDMI": 0.073771223425865173, "NDBI": -0.073771223425865173, "NDSI": -0.48749649524688721, "NDWI": -0.52889484167098999, "osmnx": null, "PasDeRoute": 98.915262889229197, "motorway": 0.0, "primary": 0.0, "secondary": 1.0847371107708015, "tertiary": 0.0, "path": 0.0, "population": 113.00002826812404, "elevation": 29.701408386230469, "foret_encoder": 0.0, "highway_encoder": 0.0, "foret": null, "PasDeforet": 71.209800918836137, "Châtaignier": 0.0, "Chênes décidus": 0.0, "Conifères": 0.0, "Douglas": 0.0, "Feuillus": 28.394589076059212, "Hêtre": 0.0, "Mixte": 0.0, "Mélèze": 0.0, "NC": 0.39561000510464522, "NR": 0.0, "Peuplier": 0.0, "Pin autre": 0.0, "Pin laricio, pin noir": 0.0, "Pin maritime": 0.0, "Pin sylvestre": 0.0, "Pins mélangés": 0.0, "Robinier": 0.0, "Sapin, épicéa": 0.0, "dynamic_world": null, "water": 0.0, "tree": 33.843797856049008, "grass": 2.271567126084737, "crops": 0.72741194486983152, "shrub": 45.929045431342516, "flooded": 0.15313935681470139, "built": 4.5941807044410412, "bare": 0.0, "snow": 0.0, "sinister": 7.0 }, "geometry": { "type": "Polygon", "coordinates": [ [ [ 1.913493727299227, 48.872364107598223 ], [ 1.899523977198985, 48.865500028124494 ], [ 1.901961577320927, 48.853112945862804 ], [ 1.918362039829384, 48.847591232821614 ], [ 1.932327229606647, 48.854454471036398 ], [ 1.929896516863452, 48.866840263154728 ], [ 1.913493727299227, 48.872364107598223 ] ] ] } },
{ "type": "Feature", "properties": { "hex_id": "871fb4502ffffff", "scale0": 3224, "NDVI": 0.38397905230522156, "NDMI": -0.031856216490268707, "NDBI": 0.031856216490268707, "NDSI": -0.48802182078361511, "NDWI": -0.44923344254493713, "osmnx": null, "PasDeRoute": 96.482793522267201, "motorway": 0.3415991902834008, "primary": 0.0, "secondary": 1.214574898785425, "tertiary": 1.2651821862348178, "path": 0.69585020242914974, "population": 2.0001366292661413, "elevation": 19.404584884643555, "foret_encoder": 0.0, "highway_encoder": 0.0, "foret": null, "PasDeforet": 98.810728744939269, "Châtaignier": 0.0, "Chênes décidus": 0.0, "Conifères": 0.0, "Douglas": 0.0, "Feuillus": 1.1892712550607287, "Hêtre": 0.0, "Mixte": 0.0, "Mélèze": 0.0, "NC": 0.0, "NR": 0.0, "Peuplier": 0.0, "Pin autre": 0.0, "Pin laricio, pin noir": 0.0, "Pin maritime": 0.0, "Pin sylvestre": 0.0, "Pins mélangés": 0.0, "Robinier": 0.0, "Sapin, épicéa": 0.0, "dynamic_world": null, "water": 0.0, "tree": 0.67054655870445345, "grass": 0.037955465587044532, "crops": 0.08856275303643725, "shrub": 83.071862348178144, "flooded": 0.012651821862348178, "built": 1.2525303643724697, "bare": 0.0, "snow": 0.0, "sinister": 9.0 }, "geometry": { "type": "Polygon", "coordinates": [ [ [ 1.479968233163351, 49.040177635746311 ], [ 1.465950583836979, 49.033266099040226 ], [ 1.468494413783304, 49.020874941861123 ], [ 1.485048934679606, 49.015396566138982 ], [ 1.499062065204448, 49.022307227079672 ], [ 1.496525193342286, 49.034697139100132 ], [ 1.479968233163351, 49.040177635746311 ] ] ] } },
{ "type": "Feature", "properties": { "hex_id": "871fb47aaffffff", "scale0": 3225, "NDVI": 0.55634450912475586, "NDMI": 0.11022587865591049, "NDBI": -0.11022587865591049, "NDSI": -0.50162780284881592, "NDWI": -0.55646419525146484, "osmnx": null, "PasDeRoute": 93.60695563227209, "motorway": 0.0, "primary": 1.969057665260197, "secondary": 0.66487661424370292, "tertiary": 0.0, "path": 3.7591100882240123, "population": 5.0083296738805991, "elevation": 30.810173034667969, "foret_encoder": 0.0, "highway_encoder": 0.0, "foret": null, "PasDeforet": 75.834292289988497, "Châtaignier": 13.374248817286791, "Chênes décidus": 0.89502621148190764, "Conifères": 0.0, "Douglas": 0.0, "Feuillus": 9.3594169543536641, "Hêtre": 0.0, "Mixte": 0.0, "Mélèze": 0.0, "NC": 0.53701572688914456, "NR": 0.0, "Peuplier": 0.0, "Pin autre": 0.0, "Pin laricio, pin noir": 0.0, "Pin maritime": 0.0, "Pin sylvestre": 0.0, "Pins mélangés": 0.0, "Robinier": 0.0, "Sapin, épicéa": 0.0, "dynamic_world": null, "water": 0.0, "tree": 34.688658739291647, "grass": 2.109704641350211, "crops": 1.2274645186037592, "shrub": 37.514384349827388, "flooded": 0.14064697609001406, "built": 11.302902442142948, "bare": 0.0, "snow": 0.0, "sinister": 9.0 }, "geometry": { "type": "Polygon", "coordinates": [ [ [ 2.011826208421929, 48.839196284727876 ], [ 1.997866353936301, 48.832343549628924 ], [ 2.00028015842777, 48.819957916678121 ], [ 2.016646944793182, 48.814426318553835 ], [ 2.030602229158954, 48.821278220270372 ], [ 2.028195296934649, 48.833662553099472 ], [ 2.011826208421929, 48.839196284727876 ] ] ] } },
{ "type": "Feature", "properties": { "hex_id": "871fb46b2ffffff", "scale0": 3226, "NDVI": 0.59109252691268921, "NDMI": 0.12420830875635147, "NDBI": -0.12420830875635147, "NDSI": -0.51957160234451294, "NDWI": -0.58835536241531372, "osmnx": null, "PasDeRoute": 93.219905334527311, "motorway": 0.0, "primary": 0.52449788921581175, "secondary": 0.39657157477293081, "tertiary": 2.9550978636305492, "path": 2.9039273378533967, "population": 8.0000023556770046, "elevation": 25.139961242675781, "foret_encoder": 0.0, "highway_encoder": 0.0, "foret": null, "PasDeforet": 74.529870794422408, "Châtaignier": 3.2109504925163104, "Chênes décidus": 7.3941409747985158, "Conifères": 0.0, "Douglas": 0.0, "Feuillus": 14.86503773826276, "Hêtre": 0.0, "Mixte": 0.0, "Mélèze": 0.0, "NC": 0.0, "NR": 0.0, "Peuplier": 0.0, "Pin autre": 0.0, "Pin laricio, pin noir": 0.0, "Pin maritime": 0.0, "Pin sylvestre": 0.0, "Pins mélangés": 0.0, "Robinier": 0.0, "Sapin, épicéa": 0.0, "dynamic_world": null, "water": 0.0, "tree": 24.715363950364591, "grass": 1.5734936676474349, "crops": 1.13854419854164, "shrub": 45.554560573109889, "flooded": 0.025585262888576182, "built": 2.7120378661890752, "bare": 0.0, "snow": 0.0, "sinister": 0.0 }, "geometry": { "type": "Polygon", "coordinates": [ [ [ 2.010434218963227, 48.689190119303113 ], [ 1.996508862102637, 48.68231993948622 ], [ 1.998917006943448, 48.669923387906287 ], [ 2.015243669877816, 48.664398320287091 ], [ 2.029164479403951, 48.67126766561838 ], [ 2.026763172988353, 48.68366291266311 ], [ 2.010434218963227, 48.689190119303113 ] ] ] } },
{ "type": "Feature", "properties": { "hex_id": "871fb4729ffffff", "scale0": 3227, "NDVI": null, "NDMI": null, "NDBI": null, "NDSI": null, "NDWI": null, "osmnx": null, "PasDeRoute": null, "motorway": null, "primary": null, "secondary": null, "tertiary": null, "path": null, "population": null, "elevation": null, "foret_encoder": null, "highway_encoder": null, "foret": null, "PasDeforet": null, "Châtaignier": null, "Chênes décidus": null, "Conifères": null, "Douglas": null, "Feuillus": null, "Hêtre": null, "Mixte": null, "Mélèze": null, "NC": null, "NR": null, "Peuplier": null, "Pin autre": null, "Pin laricio, pin noir": null, "Pin maritime": null, "Pin sylvestre": null, "Pins mélangés": null, "Robinier": null, "Sapin, épicéa": null, "dynamic_world": null, "water": null, "tree": null, "grass": null, "crops": null, "shrub": null, "flooded": null, "built": null, "bare": null, "snow": null, "sinister": null }, "geometry": { "type": "Polygon", "coordinates": [ [ [ 2.134792873835528, 48.994157053904857 ], [ 2.120800006669805, 48.987341174667662 ], [ 2.123191884415385, 48.974971812413564 ], [ 2.139569730946433, 48.96941963551626 ], [ 2.153557985999975, 48.976234692427624 ], [ 2.151173006274767, 48.988602748167345 ], [ 2.134792873835528, 48.994157053904857 ] ] ] } },
{ "type": "Feature", "properties": { "hex_id": "871fb44edffffff", "scale0": 3228, "NDVI": null, "NDMI": null, "NDBI": null, "NDSI": null, "NDWI": null, "osmnx": null, "PasDeRoute": null, "motorway": null, "primary": null, "secondary": null, "tertiary": null, "path": null, "population": null, "elevation": null, "foret_encoder": null, "highway_encoder": null, "foret": null, "PasDeforet": null, "Châtaignier": null, "Chênes décidus": null, "Conifères": null, "Douglas": null, "Feuillus": null, "Hêtre": null, "Mixte": null, "Mélèze": null, "NC": null, "NR": null, "Peuplier": null, "Pin autre": null, "Pin laricio, pin noir": null, "Pin maritime": null, "Pin sylvestre": null, "Pins mélangés": null, "Robinier": null, "Sapin, épicéa": null, "dynamic_world": null, "water": null, "tree": null, "grass": null, "crops": null, "shrub": null, "flooded": null, "built": null, "bare": null, "snow": null, "sinister": null }, "geometry": { "type": "Polygon", "coordinates": [ [ [ 1.822331484377999, 48.868307567705259 ], [ 1.808360661526872, 48.861428964722023 ], [ 1.810818935811699, 48.849038028439317 ], [ 1.827241139240903, 48.84352697667763 ], [ 1.841207416205218, 48.850404730901147 ], [ 1.838756035301675, 48.862794385247817 ], [ 1.822331484377999, 48.868307567705259 ] ] ] } },
{ "type": "Feature", "properties": { "hex_id": "871fb4702ffffff", "scale0": 3229, "NDVI": 0.62411779165267944, "NDMI": 0.15450036525726318, "NDBI": -0.15450036525726318, "NDSI": -0.50999313592910767, "NDWI": -0.59498101472854614, "osmnx": null, "PasDeRoute": 89.953987730061343, "motorway": 2.0322085889570554, "primary": 1.9555214723926382, "secondary": 0.0, "tertiary": 1.1630879345603271, "path": 4.8951942740286292, "population": 6173.9793430683667, "elevation": 21.878671646118164, "foret_encoder": 0.0, "highway_encoder": 0.0, "foret": null, "PasDeforet": 78.13139059304703, "Châtaignier": 0.0, "Chênes décidus": 10.09713701431493, "Conifères": 0.0, "Douglas": 0.0, "Feuillus": 11.579754601226993, "Hêtre": 0.0, "Mixte": 0.0, "Mélèze": 0.0, "NC": 0.19171779141104295, "NR": 0.0, "Peuplier": 0.0, "Pin autre": 0.0, "Pin laricio, pin noir": 0.0, "Pin maritime": 0.0, "Pin sylvestre": 0.0, "Pins mélangés": 0.0, "Robinier": 0.0, "Sapin, épicéa": 0.0, "dynamic_world": null, "water": 0.33231083844580778, "tree": 29.716257668711656, "grass": 0.49846625766871167, "crops": 0.19171779141104295, "shrub": 6.0710633946830264, "flooded": 0.076687116564417179, "built": 53.821574642126791, "bare": 0.0, "snow": 0.0, "sinister": 23.0 }, "geometry": { "type": "Polygon", "coordinates": [ [ [ 2.039278577106426, 48.934008277845841 ], [ 2.025297425113596, 48.927170709094227 ], [ 2.027708748412187, 48.914793113156335 ], [ 2.044094331613128, 48.909254385281159 ], [ 2.058070894989514, 48.9160911234842 ], [ 2.05566646343242, 48.928467419715581 ], [ 2.039278577106426, 48.934008277845841 ] ] ] } },
{ "type": "Feature", "properties": { "hex_id": "871fb4624ffffff", "scale0": 3230, "NDVI": 0.57839071750640869, "NDMI": 0.16080762445926666, "NDBI": -0.16080762445926666, "NDSI": -0.43547862768173218, "NDWI": -0.54122012853622437, "osmnx": null, "PasDeRoute": 93.624375880168998, "motorway": 0.0, "primary": 0.83215977467673785, "secondary": 1.9459736269363717, "tertiary": 2.0996031237997697, "path": 1.4978875944181282, "population": 2398.0092625219736, "elevation": 22.831918716430664, "foret_encoder": 0.0, "highway_encoder": 0.0, "foret": null, "PasDeforet": 99.001408270387913, "Châtaignier": 0.0, "Chênes décidus": 0.0, "Conifères": 0.0, "Douglas": 0.0, "Feuillus": 0.99859172961208553, "Hêtre": 0.0, "Mixte": 0.0, "Mélèze": 0.0, "NC": 0.0, "NR": 0.0, "Peuplier": 0.0, "Pin autre": 0.0, "Pin laricio, pin noir": 0.0, "Pin maritime": 0.0, "Pin sylvestre": 0.0, "Pins mélangés": 0.0, "Robinier": 0.0, "Sapin, épicéa": 0.0, "dynamic_world": null, "water": 10.485213160926898, "tree": 2.2404301625912173, "grass": 0.58891307130969139, "crops": 0.19203687107924722, "shrub": 0.1664319549353476, "flooded": 0.15362949686339777, "built": 76.392267315324546, "bare": 0.0, "snow": 0.0, "sinister": 4.0 }, "geometry": { "type": "Polygon", "coordinates": [ [ [ 2.137521372942702, 48.900738497100939 ], [ 2.123550241516447, 48.893912244372075 ], [ 2.125937787823892, 48.881536119077936 ], [ 2.142289588739007, 48.875987555775062 ], [ 2.156256121919202, 48.882812985856667 ], [ 2.153875452071862, 48.895187801495474 ], [ 2.137521372942702, 48.900738497100939 ] ] ] } },
{ "type": "Feature", "properties": { "hex_id": "871fb461cffffff", "scale0": 3231, "NDVI": 0.62892657518386841, "NDMI": 0.15980227291584015, "NDBI": -0.15980227291584015, "NDSI": -0.50948911905288696, "NDWI": -0.59714919328689575, "osmnx": null, "PasDeRoute": 87.17784331324529, "motorway": 1.8079240928324143, "primary": 0.0, "secondary": 4.6800871906654695, "tertiary": 0.34619823054237725, "path": 5.9879471727144509, "population": 1629.9964217266336, "elevation": 41.89154052734375, "foret_encoder": 0.0, "highway_encoder": 0.0, "foret": null, "PasDeforet": 66.021284780100004, "Châtaignier": 6.8342095140402614, "Chênes décidus": 16.3354276189255, "Conifères": 0.0, "Douglas": 0.0, "Feuillus": 7.4112065649442238, "Hêtre": 0.0, "Mixte": 0.17951019361456599, "Mélèze": 0.0, "NC": 0.0, "NR": 0.96166175150660338, "Peuplier": 0.0, "Pin autre": 0.0, "Pin laricio, pin noir": 0.0, "Pin maritime": 0.0, "Pin sylvestre": 0.0, "Pins mélangés": 0.0, "Robinier": 2.2566995768688294, "Sapin, épicéa": 0.0, "dynamic_world": null, "water": 1.6540582125913579, "tree": 37.799717912552893, "grass": 6.1161687395819984, "crops": 0.7693294012052827, "shrub": 0.74368508783177334, "flooded": 0.34619823054237725, "built": 26.041800230798824, "bare": 0.0, "snow": 0.0, "sinister": 19.0 }, "geometry": { "type": "Polygon", "coordinates": [ [ [ 2.189208837276337, 48.790616385094296 ], [ 2.175264396455071, 48.783785420481038 ], [ 2.177635805146175, 48.771403361894002 ], [ 2.193944806929, 48.765853585240613 ], [ 2.207884658581031, 48.772683730776222 ], [ 2.205520097257686, 48.78506447165298 ], [ 2.189208837276337, 48.790616385094296 ] ] ] } },
{ "type": "Feature", "properties": { "hex_id": "871fb4722ffffff", "scale0": 3232, "NDVI": 0.4562116265296936, "NDMI": 0.062456808984279633, "NDBI": -0.062456808984279633, "NDSI": -0.38719591498374939, "NDWI": -0.42578315734863281, "osmnx": null, "PasDeRoute": 96.937212863705966, "motorway": 0.0, "primary": 2.1822358346094948, "secondary": 0.28075548749361917, "tertiary": 0.0, "path": 0.59979581419091377, "population": 551.00314011744433, "elevation": 6.5565662384033203, "foret_encoder": 0.0, "highway_encoder": 0.0, "foret": null, "PasDeforet": 89.356814701378255, "Châtaignier": 0.0, "Chênes décidus": 0.58703420112302196, "Conifères": 0.0, "Douglas": 0.0, "Feuillus": 6.4701378254211335, "Hêtre": 0.0, "Mixte": 0.0, "Mélèze": 0.0, "NC": 3.5860132720775906, "NR": 0.0, "Peuplier": 0.0, "Pin autre": 0.0, "Pin laricio, pin noir": 0.0, "Pin maritime": 0.0, "Pin sylvestre": 0.0, "Pins mélangés": 0.0, "Robinier": 0.0, "Sapin, épicéa": 0.0, "dynamic_world": null, "water": 7.0061255742725885, "tree": 5.4364471669218988, "grass": 4.6962736089841757, "crops": 3.3307810107197549, "shrub": 2.8713629402756511, "flooded": 0.56151097498723834, "built": 20.329249617151607, "bare": 1.8249106687085248, "snow": 0.0, "sinister": 30.0 }, "geometry": { "type": "Polygon", "coordinates": [ [ [ 2.013225099511601, 48.989046421584696 ], [ 1.999230576069639, 48.982211194165508 ], [ 2.001650066801839, 48.969836633050356 ], [ 2.018057174267807, 48.964298594587568 ], [ 2.032047104632867, 48.971132989627336 ], [ 2.029634520261637, 48.983506255112353 ], [ 2.013225099511601, 48.989046421584696 ] ] ] } },
{ "type": "Feature", "properties": { "hex_id": "871fb479effffff", "scale0": 3233, "NDVI": 0.57560694217681885, "NDMI": 0.10391159355640411, "NDBI": -0.10391159355640411, "NDSI": -0.53066134452819824, "NDWI": -0.57989150285720825, "osmnx": null, "PasDeRoute": 95.464418040117536, "motorway": 0.0, "primary": 0.0, "secondary": 0.0, "tertiary": 2.3636131340232529, "path": 2.1719688258592051, "population": 8.0000494692170516, "elevation": 25.729999542236328, "foret_encoder": 0.0, "highway_encoder": 0.0, "foret": null, "PasDeforet": 90.877730931391341, "Châtaignier": 0.0, "Chênes décidus": 4.6122396831480765, "Conifères": 0.0, "Douglas": 0.0, "Feuillus": 4.2928325028746643, "Hêtre": 0.0, "Mixte": 0.0, "Mélèze": 0.0, "NC": 0.0, "NR": 0.21719688258592054, "Peuplier": 0.0, "Pin autre": 0.0, "Pin laricio, pin noir": 0.0, "Pin maritime": 0.0, "Pin sylvestre": 0.0, "Pins mélangés": 0.0, "Robinier": 0.0, "Sapin, épicéa": 0.0, "dynamic_world": null, "water": 0.8304586687108727, "tree": 3.1429666538903791, "grass": 1.1370895617733487, "crops": 0.67714322217963463, "shrub": 29.027724543247736, "flooded": 0.038328861632809505, "built": 23.495592180912229, "bare": 0.0, "snow": 0.0, "sinister": 9.0 }, "geometry": { "type": "Polygon", "coordinates": [ [ [ 1.965678239489945, 48.762207698205579 ], [ 1.951735072712979, 48.755338994235267 ], [ 1.954156330851105, 48.742945934352491 ], [ 1.970513897064727, 48.737422876304308 ], [ 1.984452512244383, 48.744290742605308 ], [ 1.982038112469229, 48.756682504230248 ], [ 1.965678239489945, 48.762207698205579 ] ] ] } },
{ "type": "Feature", "properties": { "hex_id": "871fb4750ffffff", "scale0": 3234, "NDVI": 0.31688416004180908, "NDMI": 0.024771673604846001, "NDBI": -0.024771673604846001, "NDSI": -0.31167483329772949, "NDWI": -0.32628375291824341, "osmnx": null, "PasDeRoute": 100.0, "motorway": 0.0, "primary": 0.0, "secondary": 0.0, "tertiary": 0.0, "path": 0.0, "population": 10029.970396207113, "elevation": 11.614663124084473, "foret_encoder": 0.0, "highway_encoder": 0.0, "foret": null, "PasDeforet": 96.565863659661716, "Châtaignier": 0.0, "Chênes décidus": 0.0, "Conifères": 0.0, "Douglas": 0.0, "Feuillus": 3.4341363403382883, "Hêtre": 0.0, "Mixte": 0.0, "Mélèze": 0.0, "NC": 0.0, "NR": 0.0, "Peuplier": 0.0, "Pin autre": 0.0, "Pin laricio, pin noir": 0.0, "Pin maritime": 0.0, "Pin sylvestre": 0.0, "Pins mélangés": 0.0, "Robinier": 0.0, "Sapin, épicéa": 0.0, "dynamic_world": null, "water": 3.6391594054331113, "tree": 2.7934392619169657, "grass": 0.025627883136852894, "crops": 0.064069707842132229, "shrub": 0.17939518195797027, "flooded": 0.12813941568426446, "built": 89.120963608405944, "bare": 0.0, "snow": 0.0, "sinister": 2.0 }, "geometry": { "type": "Polygon", "coordinates": [ [ [ 2.209765687274193, 48.922455853611446 ], [ 2.195791268875717, 48.915643255000532 ], [ 2.198163169944645, 48.903271623720393 ], [ 2.214502613351121, 48.897713906189978 ], [ 2.228472419449312, 48.904525688251567 ], [ 2.22610739407505, 48.916896004000932 ], [ 2.209765687274193, 48.922455853611446 ] ] ] } },
{ "type": "Feature", "properties": { "hex_id": "871fb6a0cffffff", "scale0": 3235, "NDVI": 0.40093034505844116, "NDMI": -0.015704222023487091, "NDBI": 0.015704222023487091, "NDSI": -0.48274639248847961, "NDWI": -0.46026742458343506, "osmnx": null, "PasDeRoute": 95.586542151720607, "motorway": 1.5223231418702827, "primary": 1.2920557758730971, "secondary": 0.0, "tertiary": 0.28143789177433798, "path": 1.3176410387616733, "population": 82.999677272250679, "elevation": 11.667951583862305, "foret_encoder": 0.0, "highway_encoder": 0.0, "foret": null, "PasDeforet": 97.262376870922353, "Châtaignier": 0.0, "Chênes décidus": 0.60125367788154027, "Conifères": 0.0, "Douglas": 0.0, "Feuillus": 2.1363694511961113, "Hêtre": 0.0, "Mixte": 0.0, "Mélèze": 0.0, "NC": 0.0, "NR": 0.0, "Peuplier": 0.0, "Pin autre": 0.0, "Pin laricio, pin noir": 0.0, "Pin maritime": 0.0, "Pin sylvestre": 0.0, "Pins mélangés": 0.0, "Robinier": 0.0, "Sapin, épicéa": 0.0, "dynamic_world": null, "water": 0.0, "tree": 2.2003326084175514, "grass": 1.1257515670973519, "crops": 2.5585262888576179, "shrub": 68.082384546501217, "flooded": 0.10234105155430473, "built": 2.4689778687476012, "bare": 0.0, "snow": 0.0, "sinister": 1.0 }, "geometry": { "type": "Polygon", "coordinates": [ [ [ 1.869499510753472, 48.551413845307543 ], [ 1.855602475896531, 48.544506191665597 ], [ 1.858037207943677, 48.532094196986051 ], [ 1.874362156280251, 48.526591151323977 ], [ 1.888254685382408, 48.533497957935296 ], [ 1.885826771577586, 48.545908656847864 ], [ 1.869499510753472, 48.551413845307543 ] ] ] } },
{ "type": "Feature", "properties": { "hex_id": "871fb44ddffffff", "scale0": 3236, "NDVI": 0.7632179856300354, "NDMI": 0.24723692238330841, "NDBI": -0.24723692238330841, "NDSI": -0.57133883237838745, "NDWI": -0.70801383256912231, "osmnx": null, "PasDeRoute": 91.660280970625791, "motorway": 0.0, "primary": 0.2554278416347382, "secondary": 0.53639846743295017, "tertiary": 0.0, "path": 7.5478927203065131, "population": 8.0000329794780356, "elevation": 41.491771697998047, "foret_encoder": 2.0, "highway_encoder": 0.0, "foret": null, "PasDeforet": 15.134099616858238, "Châtaignier": 0.02554278416347382, "Chênes décidus": 70.817369093231164, "Conifères": 0.0, "Douglas": 0.0, "Feuillus": 1.4814814814814816, "Hêtre": 0.0, "Mixte": 3.4482758620689653, "Mélèze": 0.0, "NC": 0.0, "NR": 0.0, "Peuplier": 0.0, "Pin autre": 0.0, "Pin laricio, pin noir": 8.4035759897828868, "Pin maritime": 0.0, "Pin sylvestre": 0.68965517241379315, "Pins mélangés": 0.0, "Robinier": 0.0, "Sapin, épicéa": 0.0, "dynamic_world": null, "water": 0.37037037037037041, "tree": 91.698595146871014, "grass": 2.6053639846743293, "crops": 0.98339719029374195, "shrub": 0.038314176245210732, "flooded": 0.076628352490421464, "built": 0.93231162196679451, "bare": 0.0, "snow": 0.0, "sinister": 3.0 }, "geometry": { "type": "Polygon", "coordinates": [ [ [ 1.795191483131798, 48.77329255052809 ], [ 1.7812419783214, 48.766398837149211 ], [ 1.783702589932983, 48.753999895387885 ], [ 1.800105832208214, 48.748495948951245 ], [ 1.814050809493288, 48.755388810757829 ], [ 1.811597071707332, 48.767786470176397 ], [ 1.795191483131798, 48.77329255052809 ] ] ] } },
{ "type": "Feature", "properties": { "hex_id": "871fb4458ffffff", "scale0": 3237, "NDVI": 0.54180026054382324, "NDMI": 0.07496555894613266, "NDBI": -0.07496555894613266, "NDSI": -0.49971026182174683, "NDWI": -0.54035001993179321, "osmnx": null, "PasDeRoute": 98.840025493945177, "motorway": 0.0, "primary": 1.0579987253027405, "secondary": 0.0, "tertiary": 0.0, "path": 0.10197578075207138, "population": 215.99921084820423, "elevation": 33.354877471923828, "foret_encoder": 0.0, "highway_encoder": 0.0, "foret": null, "PasDeforet": 78.954748247291278, "Châtaignier": 0.0, "Chênes décidus": 0.0, "Conifères": 0.0, "Douglas": 0.0, "Feuillus": 13.078393881453154, "Hêtre": 0.0, "Mixte": 0.012746972594008922, "Mélèze": 0.0, "NC": 7.9541108986615674, "NR": 0.0, "Peuplier": 0.0, "Pin autre": 0.0, "Pin laricio, pin noir": 0.0, "Pin maritime": 0.0, "Pin sylvestre": 0.0, "Pins mélangés": 0.0, "Robinier": 0.0, "Sapin, épicéa": 0.0, "dynamic_world": null, "water": 0.0, "tree": 24.512428298279161, "grass": 1.5041427660930529, "crops": 1.6061185468451242, "shrub": 36.775015933715743, "flooded": 1.1089866156787764, "built": 14.964945825366474, "bare": 0.0, "snow": 0.0, "sinister": 6.0 }, "geometry": { "type": "Polygon", "coordinates": [ [ [ 1.864251652522924, 48.888925699077035 ], [ 1.850276981361387, 48.882055935034828 ], [ 1.852726508688405, 48.869668145261386 ], [ 1.869143811939419, 48.864151404270039 ], [ 1.883113927740283, 48.87102032311202 ], [ 1.880671295320658, 48.883406827747727 ], [ 1.864251652522924, 48.888925699077035 ] ] ] } },
{ "type": "Feature", "properties": { "hex_id": "871fb44ebffffff", "scale0": 3238, "NDVI": 0.35964563488960266, "NDMI": -0.034099128097295761, "NDBI": 0.034099128097295761, "NDSI": -0.4728180468082428, "NDWI": -0.43406981229782104, "osmnx": null, "PasDeRoute": 97.309359857179288, "motorway": 0.0, "primary": 0.77786279010456516, "secondary": 0.012751849018107626, "tertiary": 1.9000255036980365, "path": 0.0, "population": 34.000864533459897, "elevation": 12.709786415100098, "foret_encoder": 0.0, "highway_encoder": 0.0, "foret": null, "PasDeforet": 97.449630196378479, "Châtaignier": 0.0, "Chênes décidus": 0.0, "Conifères": 0.0, "Douglas": 0.0, "Feuillus": 2.5503698036215252, "Hêtre": 0.0, "Mixte": 0.0, "Mélèze": 0.0, "NC": 0.0, "NR": 0.0, "Peuplier": 0.0, "Pin autre": 0.0, "Pin laricio, pin noir": 0.0, "Pin maritime": 0.0, "Pin sylvestre": 0.0, "Pins mélangés": 0.0, "Robinier": 0.0, "Sapin, épicéa": 0.0, "dynamic_world": null, "water": 0.0, "tree": 5.3047691915327722, "grass": 0.62484060188727364, "crops": 0.47181841366998217, "shrub": 75.529201734251458, "flooded": 0.52282580974241266, "built": 4.4631471563376692, "bare": 0.012751849018107626, "snow": 0.0, "sinister": 3.0 }, "geometry": { "type": "Polygon", "coordinates": [ [ [ 1.829694371239084, 48.831135460117046 ], [ 1.815732289344272, 48.82425371344857 ], [ 1.818187369957844, 48.811860337036457 ], [ 1.834597647778709, 48.806349990640562 ], [ 1.848555188250007, 48.81323088892583 ], [ 1.846106991998332, 48.825622981592808 ], [ 1.829694371239084, 48.831135460117046 ] ] ] } },
{ "type": "Feature", "properties": { "hex_id": "871fb4542ffffff", "scale0": 3239, "NDVI": 0.62365227937698364, "NDMI": 0.17702016234397888, "NDBI": -0.17702016234397888, "NDSI": -0.45934775471687317, "NDWI": -0.56863707304000854, "osmnx": null, "PasDeRoute": 98.755871524692139, "motorway": 0.0, "primary": 0.5712834835597308, "secondary": 0.0, "tertiary": 0.0, "path": 0.6728449917481274, "population": 19.000593630604616, "elevation": 27.429733276367188, "foret_encoder": 0.0, "highway_encoder": 0.0, "foret": null, "PasDeforet": 50.882315602386697, "Châtaignier": 0.0, "Chênes décidus": 0.0, "Conifères": 0.16503745080614446, "Douglas": 0.0, "Feuillus": 48.85108543861876, "Hêtre": 0.0, "Mixte": 0.0, "Mélèze": 0.0, "NC": 0.0, "NR": 0.10156150818839661, "Peuplier": 0.0, "Pin autre": 0.0, "Pin laricio, pin noir": 0.0, "Pin maritime": 0.0, "Pin sylvestre": 0.0, "Pins mélangés": 0.0, "Robinier": 0.0, "Sapin, épicéa": 0.0, "dynamic_world": null, "water": 0.0, "tree": 55.858829503618125, "grass": 1.8154119588675892, "crops": 0.52050272946553255, "shrub": 10.828995810587786, "flooded": 0.13964707375904534, "built": 9.8768566713215691, "bare": 0.0, "snow": 0.0, "sinister": 3.0 }, "geometry": { "type": "Polygon", "coordinates": [ [ [ 1.693830884817785, 49.049982410080347 ], [ 1.679815223937913, 49.043104974043665 ], [ 1.682310387271443, 49.030722591194461 ], [ 1.698814266514473, 49.025218908517296 ], [ 1.712825373829979, 49.032095486286558 ], [ 1.710337155151861, 49.044476604596348 ], [ 1.693830884817785, 49.049982410080347 ] ] ] } },
{ "type": "Feature", "properties": { "hex_id": "871fb6a72ffffff", "scale0": 3240, "NDVI": null, "NDMI": null, "NDBI": null, "NDSI": null, "NDWI": null, "osmnx": null, "PasDeRoute": null, "motorway": null, "primary": null, "secondary": null, "tertiary": null, "path": null, "population": null, "elevation": null, "foret_encoder": null, "highway_encoder": null, "foret": null, "PasDeforet": null, "Châtaignier": null, "Chênes décidus": null, "Conifères": null, "Douglas": null, "Feuillus": null, "Hêtre": null, "Mixte": null, "Mélèze": null, "NC": null, "NR": null, "Peuplier": null, "Pin autre": null, "Pin laricio, pin noir": null, "Pin maritime": null, "Pin sylvestre": null, "Pins mélangés": null, "Robinier": null, "Sapin, épicéa": null, "dynamic_world": null, "water": null, "tree": null, "grass": null, "crops": null, "shrub": null, "flooded": null, "built": null, "bare": null, "snow": null, "sinister": null }, "geometry": { "type": "Polygon", "coordinates": [ [ [ 1.929939838084553, 48.554200809148846 ], [ 1.916043527747263, 48.547302787009976 ], [ 1.918464625285177, 48.534893386586376 ], [ 1.934775218547917, 48.52938330911936 ], [ 1.948667013681047, 48.536280489196919 ], [ 1.94625273042419, 48.548688588412389 ], [ 1.929939838084553, 48.554200809148846 ] ] ] } },
{ "type": "Feature", "properties": { "hex_id": "871fb6b49ffffff", "scale0": 3241, "NDVI": 0.47982707619667053, "NDMI": 0.043499581515789032, "NDBI": -0.043499581515789032, "NDSI": -0.50479680299758911, "NDWI": -0.51871955394744873, "osmnx": null, "PasDeRoute": 98.399897593445985, "motorway": 0.0, "primary": 0.0, "secondary": 1.6001024065540195, "tertiary": 0.0, "path": 0.0, "population": 12.000508826232528, "elevation": 17.273994445800781, "foret_encoder": 0.0, "highway_encoder": 0.0, "foret": null, "PasDeforet": 97.61904761904762, "Châtaignier": 0.0, "Chênes décidus": 0.99846390168970811, "Conifères": 0.0, "Douglas": 0.0, "Feuillus": 1.3824884792626728, "Hêtre": 0.0, "Mixte": 0.0, "Mélèze": 0.0, "NC": 0.0, "NR": 0.0, "Peuplier": 0.0, "Pin autre": 0.0, "Pin laricio, pin noir": 0.0, "Pin maritime": 0.0, "Pin sylvestre": 0.0, "Pins mélangés": 0.0, "Robinier": 0.0, "Sapin, épicéa": 0.0, "dynamic_world": null, "water": 0.0, "tree": 2.5089605734767026, "grass": 1.6641065028161803, "crops": 2.3425499231950848, "shrub": 72.030209933435742, "flooded": 0.0, "built": 0.67844342037890426, "bare": 0.0, "snow": 0.0, "sinister": 0.0 }, "geometry": { "type": "Polygon", "coordinates": [ [ [ 1.998917006943448, 48.669923387906287 ], [ 1.984995803534256, 48.663049225273909 ], [ 1.987405806131443, 48.650650830979387 ], [ 2.003730176824324, 48.645127902989238 ], [ 2.017646837501833, 48.652001230055774 ], [ 2.015243669877816, 48.664398320287091 ], [ 1.998917006943448, 48.669923387906287 ] ] ] } },
{ "type": "Feature", "properties": { "hex_id": "871fb4460ffffff", "scale0": 3242, "NDVI": 0.45539045333862305, "NDMI": 0.064977370202541351, "NDBI": -0.064977370202541351, "NDSI": -0.40235930681228638, "NDWI": -0.44092878699302673, "osmnx": null, "PasDeRoute": 94.736172917991098, "motorway": 2.2759059122695486, "primary": 0.17800381436745072, "secondary": 0.0, "tertiary": 0.47043865225683407, "path": 2.3394787031150668, "population": 158.00466424046485, "elevation": 7.8600749969482422, "foret_encoder": 0.0, "highway_encoder": 0.0, "foret": null, "PasDeforet": 89.294342021614753, "Châtaignier": 0.0, "Chênes décidus": 0.0, "Conifères": 0.0, "Douglas": 0.0, "Feuillus": 9.0019071837253666, "Hêtre": 0.0, "Mixte": 0.52129688493324855, "Mélèze": 0.0, "NC": 1.1824539097266371, "NR": 0.0, "Peuplier": 0.0, "Pin autre": 0.0, "Pin laricio, pin noir": 0.0, "Pin maritime": 0.0, "Pin sylvestre": 0.0, "Pins mélangés": 0.0, "Robinier": 0.0, "Sapin, épicéa": 0.0, "dynamic_world": null, "water": 13.986013986013987, "tree": 11.888111888111888, "grass": 2.2250476795931338, "crops": 0.41958041958041958, "shrub": 33.986013986013987, "flooded": 1.1443102352193262, "built": 20.94087730451367, "bare": 0.0, "snow": 0.0, "sinister": 18.0 }, "geometry": { "type": "Polygon", "coordinates": [ [ [ 1.811720542631753, 48.999026536621884 ], [ 1.797719214853893, 48.992161382977457 ], [ 1.800185252764052, 48.979779705831234 ], [ 1.816645694037484, 48.974264458860603 ], [ 1.830642457829757, 48.981128763623005 ], [ 1.828183344007717, 48.993509163837153 ], [ 1.811720542631753, 48.999026536621884 ] ] ] } },
{ "type": "Feature", "properties": { "hex_id": "871fb44cdffffff", "scale0": 3243, "NDVI": 0.45778939127922058, "NDMI": 0.017814949154853821, "NDBI": -0.017814949154853821, "NDSI": -0.49658536911010742, "NDWI": -0.49302801489830017, "osmnx": null, "PasDeRoute": 96.149923508414076, "motorway": 0.0, "primary": 1.3513513513513513, "secondary": 0.0, "tertiary": 1.988781234064253, "path": 0.50994390617032126, "population": 290.00203059357614, "elevation": 18.770378112792969, "foret_encoder": 0.0, "highway_encoder": 0.0, "foret": null, "PasDeforet": 95.550739418663937, "Châtaignier": 0.0, "Chênes décidus": 1.9250382457929629, "Conifères": 0.0, "Douglas": 0.0, "Feuillus": 2.5242223355430902, "Hêtre": 0.0, "Mixte": 0.0, "Mélèze": 0.0, "NC": 0.0, "NR": 0.0, "Peuplier": 0.0, "Pin autre": 0.0, "Pin laricio, pin noir": 0.0, "Pin maritime": 0.0, "Pin sylvestre": 0.0, "Pins mélangés": 0.0, "Robinier": 0.0, "Sapin, épicéa": 0.0, "dynamic_world": null, "water": 0.0, "tree": 10.645079041305456, "grass": 1.3003569607343193, "crops": 0.29321774604793471, "shrub": 66.190719020907693, "flooded": 0.17848036715961244, "built": 4.8189699133095356, "bare": 0.0, "snow": 0.0, "sinister": 0.0 }, "geometry": { "type": "Polygon", "coordinates": [ [ [ 1.848555188250007, 48.81323088892583 ], [ 1.834597647778709, 48.806349990640562 ], [ 1.837047693682414, 48.793956040021193 ], [ 1.853448400864394, 48.788444273305899 ], [ 1.867401399737304, 48.795324324641626 ], [ 1.864958232699337, 48.807716989245485 ], [ 1.848555188250007, 48.81323088892583 ] ] ] } },
{ "type": "Feature", "properties": { "hex_id": "871fb44ccffffff", "scale0": 3244, "NDVI": 0.43268954753875732, "NDMI": 0.0003493607509881258, "NDBI": -0.0003493607509881258, "NDSI": -0.49032619595527649, "NDWI": -0.47637566924095154, "osmnx": null, "PasDeRoute": 97.947475777664465, "motorway": 0.0, "primary": 0.82865884752677199, "secondary": 0.91789903110657822, "tertiary": 0.0, "path": 0.30596634370219278, "population": 34.000864533459897, "elevation": 15.975460052490234, "foret_encoder": 0.0, "highway_encoder": 0.0, "foret": null, "PasDeforet": 95.678225395206525, "Châtaignier": 0.0, "Chênes décidus": 0.0, "Conifères": 0.0, "Douglas": 0.0, "Feuillus": 4.3217746047934726, "Hêtre": 0.0, "Mixte": 0.0, "Mélèze": 0.0, "NC": 0.0, "NR": 0.0, "Peuplier": 0.0, "Pin autre": 0.0, "Pin laricio, pin noir": 0.0, "Pin maritime": 0.0, "Pin sylvestre": 0.0, "Pins mélangés": 0.0, "Robinier": 0.0, "Sapin, épicéa": 0.0, "dynamic_world": null, "water": 0.0, "tree": 6.7695053544110149, "grass": 5.8006119326874046, "crops": 0.19122896481387047, "shrub": 51.338602753697096, "flooded": 0.49719530851606325, "built": 12.098419173890871, "bare": 0.012748597654258032, "snow": 0.0, "sinister": 2.0 }, "geometry": { "type": "Polygon", "coordinates": [ [ [ 1.818187369957844, 48.811860337036457 ], [ 1.804229481778932, 48.804974599691427 ], [ 1.806686408531428, 48.792579365793308 ], [ 1.823094342289955, 48.78707115212174 ], [ 1.837047693682414, 48.793956040021193 ], [ 1.834597647778709, 48.806349990640562 ], [ 1.818187369957844, 48.811860337036457 ] ] ] } },
{ "type": "Feature", "properties": { "hex_id": "871fb44c2ffffff", "scale0": 3245, "NDVI": 0.73984181880950928, "NDMI": 0.22855176031589508, "NDBI": -0.22855176031589508, "NDSI": -0.57215863466262817, "NDWI": -0.69580930471420288, "osmnx": null, "PasDeRoute": 94.071146245059296, "motorway": 0.0, "primary": 0.0, "secondary": 0.62476093331633309, "tertiary": 2.0017850312380467, "path": 3.3023077903863314, "population": 41.000136629266152, "elevation": 31.256057739257812, "foret_encoder": 0.0, "highway_encoder": 0.0, "foret": null, "PasDeforet": 48.450847889838073, "Châtaignier": 0.0, "Chênes décidus": 12.979727145225043, "Conifères": 0.0, "Douglas": 0.0, "Feuillus": 36.287135024862934, "Hêtre": 0.0, "Mixte": 0.0, "Mélèze": 0.0, "NC": 0.5865102639296188, "NR": 1.6957796761443327, "Peuplier": 0.0, "Pin autre": 0.0, "Pin laricio, pin noir": 0.0, "Pin maritime": 0.0, "Pin sylvestre": 0.0, "Pins mélangés": 0.0, "Robinier": 0.0, "Sapin, épicéa": 0.0, "dynamic_world": null, "water": 0.0, "tree": 61.392324365676401, "grass": 7.0508733902843304, "crops": 0.54825959454290452, "shrub": 5.8778528624250921, "flooded": 0.20400357006247608, "built": 4.9343363508861406, "bare": 0.0, "snow": 0.0, "sinister": 3.0 }, "geometry": { "type": "Polygon", "coordinates": [ [ [ 1.74594115783798, 48.789800823288381 ], [ 1.731986797482148, 48.782901415000097 ], [ 1.734459328461615, 48.770501768584502 ], [ 1.750879338221853, 48.765002807387674 ], [ 1.764829176082676, 48.771901360181332 ], [ 1.762363526361944, 48.784299729268255 ], [ 1.74594115783798, 48.789800823288381 ] ] ] } },
{ "type": "Feature", "properties": { "hex_id": "871fb44e9ffffff", "scale0": 3246, "NDVI": 0.43409696221351624, "NDMI": 0.014065881259739399, "NDBI": -0.014065881259739399, "NDSI": -0.49107831716537476, "NDWI": -0.4828682541847229, "osmnx": null, "PasDeRoute": 97.677386421643703, "motorway": 0.0, "primary": 1.2633996937212864, "secondary": 0.0, "tertiary": 0.0, "path": 1.0592138846350179, "population": 43.001444030002496, "elevation": 20.603948593139648, "foret_encoder": 0.0, "highway_encoder": 0.0, "foret": null, "PasDeforet": 99.017355793772339, "Châtaignier": 0.0, "Chênes décidus": 0.42113323124042878, "Conifères": 0.0, "Douglas": 0.0, "Feuillus": 0.56151097498723834, "Hêtre": 0.0, "Mixte": 0.0, "Mélèze": 0.0, "NC": 0.0, "NR": 0.0, "Peuplier": 0.0, "Pin autre": 0.0, "Pin laricio, pin noir": 0.0, "Pin maritime": 0.0, "Pin sylvestre": 0.0, "Pins mélangés": 0.0, "Robinier": 0.0, "Sapin, épicéa": 0.0, "dynamic_world": null, "water": 0.0, "tree": 1.1485451761102603, "grass": 0.35732516590096985, "crops": 2.4247064828994387, "shrub": 69.065849923430321, "flooded": 0.2169474221541603, "built": 6.6743236345074024, "bare": 0.0, "snow": 0.0, "sinister": 3.0 }, "geometry": { "type": "Polygon", "coordinates": [ [ [ 1.841207416205218, 48.850404730901147 ], [ 1.827241139240903, 48.84352697667763 ], [ 1.829694371239084, 48.831135460117046 ], [ 1.846106991998332, 48.825622981592808 ], [ 1.860068722897724, 48.832499888494759 ], [ 1.857622378775617, 48.844890120844951 ], [ 1.841207416205218, 48.850404730901147 ] ] ] } },
{ "type": "Feature", "properties": { "hex_id": "871fb4710ffffff", "scale0": 3247, "NDVI": 0.74809974431991577, "NDMI": 0.24259939789772034, "NDBI": -0.24259939789772034, "NDSI": -0.56036418676376343, "NDWI": -0.69390058517456055, "osmnx": null, "PasDeRoute": 86.781609195402297, "motorway": 1.5708812260536398, "primary": 0.83014048531289908, "secondary": 0.0, "tertiary": 0.0, "path": 10.817369093231163, "population": 204.99911190977014, "elevation": 47.119991302490234, "foret_encoder": 0.0, "highway_encoder": 0.0, "foret": null, "PasDeforet": 38.109833971902937, "Châtaignier": 33.256704980842912, "Chênes décidus": 3.8825031928480205, "Conifères": 0.0, "Douglas": 0.0, "Feuillus": 16.321839080459771, "Hêtre": 1.9284802043422735, "Mixte": 0.0, "Mélèze": 0.0, "NC": 0.0, "NR": 6.500638569604086, "Peuplier": 0.0, "Pin autre": 0.0, "Pin laricio, pin noir": 0.0, "Pin maritime": 0.0, "Pin sylvestre": 0.0, "Pins mélangés": 0.0, "Robinier": 0.0, "Sapin, épicéa": 0.0, "dynamic_world": null, "water": 0.0, "tree": 72.298850574712645, "grass": 3.7547892720306515, "crops": 0.31928480204342274, "shrub": 14.980842911877396, "flooded": 0.089399744572158366, "built": 1.0472541507024267, "bare": 0.063856960408684549, "snow": 0.0, "sinister": 3.0 }, "geometry": { "type": "Polygon", "coordinates": [ [ [ 1.997338905351892, 48.913486733119534 ], [ 1.983361540569681, 48.906640326176337 ], [ 1.985781630256887, 48.894259562130934 ], [ 2.002172194073026, 48.888726501156292 ], [ 2.016144979662417, 48.895572073977625 ], [ 2.013731780284176, 48.907951541499649 ], [ 1.997338905351892, 48.913486733119534 ] ] ] } },
{ "type": "Feature", "properties": { "hex_id": "871fb46b6ffffff", "scale0": 3248, "NDVI": 0.73561745882034302, "NDMI": 0.23044122755527496, "NDBI": -0.23044122755527496, "NDSI": -0.56600093841552734, "NDWI": -0.69244015216827393, "osmnx": null, "PasDeRoute": 95.953905249679892, "motorway": 0.0, "primary": 0.55057618437900135, "secondary": 0.0, "tertiary": 0.0, "path": 3.4955185659411012, "population": 65.999759720945761, "elevation": 50.152961730957031, "foret_encoder": 5.0, "highway_encoder": 0.0, "foret": null, "PasDeforet": 29.180537772087067, "Châtaignier": 0.0, "Chênes décidus": 20.819462227912933, "Conifères": 0.0, "Douglas": 0.0, "Feuillus": 48.489116517285531, "Hêtre": 0.0, "Mixte": 0.0, "Mélèze": 0.0, "NC": 0.0, "NR": 0.0, "Peuplier": 0.0, "Pin autre": 0.0, "Pin laricio, pin noir": 1.5108834827144686, "Pin maritime": 0.0, "Pin sylvestre": 0.0, "Pins mélangés": 0.0, "Robinier": 0.0, "Sapin, épicéa": 0.0, "dynamic_world": null, "water": 0.0, "tree": 75.4673495518566, "grass": 2.1895006402048658, "crops": 0.46094750320102434, "shrub": 7.4135723431498075, "flooded": 0.064020486555697823, "built": 2.0486555697823303, "bare": 0.0, "snow": 0.0, "sinister": 1.0 }, "geometry": { "type": "Polygon", "coordinates": [ [ [ 1.991689449291041, 48.707110655138074 ], [ 1.977759545207736, 48.700239639418903 ], [ 1.980172673739169, 48.687843630644146 ], [ 1.996508862102637, 48.68231993948622 ], [ 2.010434218963227, 48.689190119303113 ], [ 2.00802793434285, 48.701584825788146 ], [ 1.991689449291041, 48.707110655138074 ] ] ] } },
{ "type": "Feature", "properties": { "hex_id": "871fb4501ffffff", "scale0": 3249, "NDVI": 0.58742314577102661, "NDMI": 0.1398293524980545, "NDBI": -0.1398293524980545, "NDSI": -0.48133236169815063, "NDWI": -0.55975562334060669, "osmnx": null, "PasDeRoute": 93.632105329788587, "motorway": 1.4812001519179643, "primary": 2.0129130269654389, "secondary": 1.3925813394100519, "tertiary": 0.29117609824028362, "path": 1.1900240536776807, "population": 7.0003910423824047, "elevation": 28.816362380981445, "foret_encoder": 0.0, "highway_encoder": 0.0, "foret": null, "PasDeforet": 56.943916951512854, "Châtaignier": 0.0, "Chênes décidus": 4.8613748575769087, "Conifères": 0.0, "Douglas": 0.0, "Feuillus": 37.865552601595134, "Hêtre": 0.0, "Mixte": 0.0, "Mélèze": 0.0, "NC": 0.32915558931510319, "NR": 0.0, "Peuplier": 0.0, "Pin autre": 0.0, "Pin laricio, pin noir": 0.0, "Pin maritime": 0.0, "Pin sylvestre": 0.0, "Pins mélangés": 0.0, "Robinier": 0.0, "Sapin, épicéa": 0.0, "dynamic_world": null, "water": 8.1402709203696677, "tree": 49.639194834789215, "grass": 2.0382326876819854, "crops": 0.94948727687048995, "shrub": 6.8869477149006206, "flooded": 0.126598303582732, "built": 6.4185339916445123, "bare": 0.050639321433092799, "snow": 0.0, "sinister": 1.0 }, "geometry": { "type": "Polygon", "coordinates": [ [ [ 1.522029187446434, 49.060894486867177 ], [ 1.508007536456508, 49.053991829824831 ], [ 1.510542583388994, 49.041603798976013 ], [ 1.527092321199306, 49.036119673154943 ], [ 1.54110944369405, 49.043021457960236 ], [ 1.538581356576695, 49.055408240416284 ], [ 1.522029187446434, 49.060894486867177 ] ] ] } },
{ "type": "Feature", "properties": { "hex_id": "871fb4635ffffff", "scale0": 3250, "NDVI": 0.59615331888198853, "NDMI": 0.14970061182975769, "NDBI": -0.14970061182975769, "NDSI": -0.48309114575386047, "NDWI": -0.57233726978302002, "osmnx": null, "PasDeRoute": 85.613720721873804, "motorway": 3.3149878407781901, "primary": 3.9677460642518878, "secondary": 0.10239344681940356, "tertiary": 1.1135287341610136, "path": 5.8876231921157052, "population": 1791.9990011929513, "elevation": 40.972400665283203, "foret_encoder": 0.0, "highway_encoder": 0.0, "foret": null, "PasDeforet": 61.384871368232432, "Châtaignier": 7.321131447587355, "Chênes décidus": 5.7724305644438756, "Conifères": 0.0, "Douglas": 0.0, "Feuillus": 25.201587098425698, "Hêtre": 0.0, "Mixte": 0.31997952131063612, "Mélèze": 0.0, "NC": 0.0, "NR": 0.0, "Peuplier": 0.0, "Pin autre": 0.0, "Pin laricio, pin noir": 0.0, "Pin maritime": 0.0, "Pin sylvestre": 0.0, "Pins mélangés": 0.0, "Robinier": 0.0, "Sapin, épicéa": 0.0, "dynamic_world": null, "water": 0.37117624472033789, "tree": 47.945731473185717, "grass": 0.56316395750671955, "crops": 0.25598361704850892, "shrub": 4.9404838090362215, "flooded": 0.076795085114552672, "built": 31.127607833098679, "bare": 0.012799180852425445, "snow": 0.0, "sinister": 17.0 }, "geometry": { "type": "Polygon", "coordinates": [ [ [ 2.114360255585081, 48.862327870221243 ], [ 2.100397458596392, 48.855493615019476 ], [ 2.102788772427878, 48.843113754616553 ], [ 2.119136013356391, 48.837569457756921 ], [ 2.133094221394101, 48.844402888165007 ], [ 2.130709777098847, 48.856781439833775 ], [ 2.114360255585081, 48.862327870221243 ] ] ] } },
{ "type": "Feature", "properties": { "hex_id": "871fb47b6ffffff", "scale0": 3251, "NDVI": 0.48499965667724609, "NDMI": 0.042601589113473892, "NDBI": -0.042601589113473892, "NDSI": -0.49145254492759705, "NDWI": -0.50742220878601074, "osmnx": null, "PasDeRoute": 93.415007656967845, "motorway": 0.0, "primary": 3.0117406840224605, "secondary": 0.61255742725880558, "tertiary": 2.0929045431342521, "path": 0.86778968861664119, "population": 290.00203059357614, "elevation": 24.193065643310547, "foret_encoder": 0.0, "highway_encoder": 0.0, "foret": null, "PasDeforet": 92.202654415518126, "Châtaignier": 0.0, "Chênes décidus": 0.0, "Conifères": 0.0, "Douglas": 0.0, "Feuillus": 7.797345584481878, "Hêtre": 0.0, "Mixte": 0.0, "Mélèze": 0.0, "NC": 0.0, "NR": 0.0, "Peuplier": 0.0, "Pin autre": 0.0, "Pin laricio, pin noir": 0.0, "Pin maritime": 0.0, "Pin sylvestre": 0.0, "Pins mélangés": 0.0, "Robinier": 0.0, "Sapin, épicéa": 0.0, "dynamic_world": null, "water": 0.0, "tree": 11.242981112812659, "grass": 1.4803471158754467, "crops": 0.82950484941296587, "shrub": 51.071975497702915, "flooded": 0.54874936191934665, "built": 24.923430321592647, "bare": 0.0, "snow": 0.0, "sinister": 5.0 }, "geometry": { "type": "Polygon", "coordinates": [ [ [ 1.860068722897724, 48.832499888494759 ], [ 1.846106991998332, 48.825622981592808 ], [ 1.848555188250007, 48.81323088892583 ], [ 1.864958232699337, 48.807716989245485 ], [ 1.878915417363219, 48.814593050261671 ], [ 1.876474103484502, 48.8269838564471 ], [ 1.860068722897724, 48.832499888494759 ] ] ] } },
{ "type": "Feature", "properties": { "hex_id": "871fb472cffffff", "scale0": 3252, "NDVI": 0.65355193614959717, "NDMI": 0.15501195192337036, "NDBI": -0.15501195192337036, "NDSI": -0.53003424406051636, "NDWI": -0.61441719532012939, "osmnx": null, "PasDeRoute": 91.807259713701427, "motorway": 0.0, "primary": 3.2336400817995909, "secondary": 1.0352760736196318, "tertiary": 0.03834355828220859, "path": 3.8854805725971371, "population": 93.003542938211666, "elevation": 4.3392963409423828, "foret_encoder": 0.0, "highway_encoder": 0.0, "foret": null, "PasDeforet": 91.257668711656436, "Châtaignier": 0.0, "Chênes décidus": 0.0, "Conifères": 0.0, "Douglas": 0.0, "Feuillus": 8.6273006134969332, "Hêtre": 0.0, "Mixte": 0.0, "Mélèze": 0.0, "NC": 0.11503067484662577, "NR": 0.0, "Peuplier": 0.0, "Pin autre": 0.0, "Pin laricio, pin noir": 0.0, "Pin maritime": 0.0, "Pin sylvestre": 0.0, "Pins mélangés": 0.0, "Robinier": 0.0, "Sapin, épicéa": 0.0, "dynamic_world": null, "water": 11.822597137014315, "tree": 10.812883435582823, "grass": 2.2622699386503067, "crops": 1.0736196319018405, "shrub": 9.3686094069529666, "flooded": 1.3420245398773007, "built": 26.712678936605315, "bare": 0.86912065439672803, "snow": 0.0, "sinister": 23.0 }, "geometry": { "type": "Polygon", "coordinates": [ [ [ 2.085618567768282, 49.010810110177694 ], [ 2.071620667067207, 49.003988570380805 ], [ 2.074024461071021, 48.991618484195669 ], [ 2.090419249716557, 48.986071238944348 ], [ 2.104412543123511, 48.992891952449874 ], [ 2.102015654823933, 49.005260737102077 ], [ 2.085618567768282, 49.010810110177694 ] ] ] } },
{ "type": "Feature", "properties": { "hex_id": "871fb479affffff", "scale0": 3253, "NDVI": null, "NDMI": null, "NDBI": null, "NDSI": null, "NDWI": null, "osmnx": null, "PasDeRoute": null, "motorway": null, "primary": null, "secondary": null, "tertiary": null, "path": null, "population": null, "elevation": null, "foret_encoder": null, "highway_encoder": null, "foret": null, "PasDeforet": null, "Châtaignier": null, "Chênes décidus": null, "Conifères": null, "Douglas": null, "Feuillus": null, "Hêtre": null, "Mixte": null, "Mélèze": null, "NC": null, "NR": null, "Peuplier": null, "Pin autre": null, "Pin laricio, pin noir": null, "Pin maritime": null, "Pin sylvestre": null, "Pins mélangés": null, "Robinier": null, "Sapin, épicéa": null, "dynamic_world": null, "water": null, "tree": null, "grass": null, "crops": null, "shrub": null, "flooded": null, "built": null, "bare": null, "snow": null, "sinister": null }, "geometry": { "type": "Polygon", "coordinates": [ [ [ 1.984452512244383, 48.744290742605308 ], [ 1.970513897064727, 48.737422876304308 ], [ 1.972930157538974, 48.725029263398284 ], [ 1.989278179986923, 48.719504816910863 ], [ 2.003212243447266, 48.726371846966032 ], [ 2.000802835838857, 48.73876415936158 ], [ 1.984452512244383, 48.744290742605308 ] ] ] } },
{ "type": "Feature", "properties": { "hex_id": "871fb4420ffffff", "scale0": 3254, "NDVI": 0.42147284746170044, "NDMI": -0.01604020781815052, "NDBI": 0.01604020781815052, "NDSI": -0.50665998458862305, "NDWI": -0.47697481513023376, "osmnx": null, "PasDeRoute": 98.805590851334173, "motorway": 0.0, "primary": 0.0, "secondary": 0.0, "tertiary": 1.1944091486658195, "path": 0.0, "population": 1.0002897482712994, "elevation": 20.091098785400391, "foret_encoder": 0.0, "highway_encoder": 0.0, "foret": null, "PasDeforet": 96.060991105463785, "Châtaignier": 0.0, "Chênes décidus": 0.58449809402795427, "Conifères": 0.0, "Douglas": 0.0, "Feuillus": 2.6937738246505716, "Hêtre": 0.0, "Mixte": 0.66073697585768743, "Mélèze": 0.0, "NC": 0.0, "NR": 0.0, "Peuplier": 0.0, "Pin autre": 0.0, "Pin laricio, pin noir": 0.0, "Pin maritime": 0.0, "Pin sylvestre": 0.0, "Pins mélangés": 0.0, "Robinier": 0.0, "Sapin, épicéa": 0.0, "dynamic_world": null, "water": 0.0, "tree": 1.7534942820838628, "grass": 1.0927573062261755, "crops": 0.97839898348157561, "shrub": 76.022871664548916, "flooded": 0.13977128335451081, "built": 7.2681067344345607, "bare": 0.0, "snow": 0.0, "sinister": 3.0 }, "geometry": { "type": "Polygon", "coordinates": [ [ [ 1.598261549356596, 48.989389601132103 ], [ 1.584258014102203, 48.982490424256611 ], [ 1.586772575692308, 48.970099885670166 ], [ 1.60328373445565, 48.964609781196117 ], [ 1.617282740070904, 48.971508091680946 ], [ 1.614775116257991, 48.983897372625847 ], [ 1.598261549356596, 48.989389601132103 ] ] ] } },
{ "type": "Feature", "properties": { "hex_id": "871fb6b64ffffff", "scale0": 3255, "NDVI": 0.7086256742477417, "NDMI": 0.19893465936183929, "NDBI": -0.19893465936183929, "NDSI": -0.56651729345321655, "NDWI": -0.67018216848373413, "osmnx": null, "PasDeRoute": 95.816326530612244, "motorway": 0.0, "primary": 0.0, "secondary": 0.0, "tertiary": 0.14030612244897958, "path": 4.0433673469387754, "population": 422.99812959246015, "elevation": 26.525766372680664, "foret_encoder": 2.0, "highway_encoder": 0.0, "foret": null, "PasDeforet": 30.076530612244902, "Châtaignier": 4.0943877551020407, "Chênes décidus": 39.336734693877553, "Conifères": 0.0, "Douglas": 0.0, "Feuillus": 22.295918367346939, "Hêtre": 0.0, "Mixte": 2.3341836734693877, "Mélèze": 0.0, "NC": 0.0, "NR": 1.8622448979591839, "Peuplier": 0.0, "Pin autre": 0.0, "Pin laricio, pin noir": 0.0, "Pin maritime": 0.0, "Pin sylvestre": 0.0, "Pins mélangés": 0.0, "Robinier": 0.0, "Sapin, épicéa": 0.0, "dynamic_world": null, "water": 0.0, "tree": 74.719387755102034, "grass": 6.7729591836734686, "crops": 0.4464285714285714, "shrub": 6.7729591836734686, "flooded": 0.10204081632653061, "built": 1.0841836734693877, "bare": 0.0, "snow": 0.0, "sinister": 0.0 }, "geometry": { "type": "Polygon", "coordinates": [ [ [ 1.844391470090485, 48.756769338426146 ], [ 1.830446838764105, 48.749881311764113 ], [ 1.832895550435416, 48.737483086115788 ], [ 1.849282026732983, 48.731974174079653 ], [ 1.863222125546223, 48.738861353089824 ], [ 1.860780280249084, 48.751258291392254 ], [ 1.844391470090485, 48.756769338426146 ] ] ] } },
{ "type": "Feature", "properties": { "hex_id": "871fb40b3ffffff", "scale0": 3256, "NDVI": 0.51559937000274658, "NDMI": 0.059079017490148544, "NDBI": -0.059079017490148544, "NDSI": -0.50334751605987549, "NDWI": -0.52983278036117554, "osmnx": null, "PasDeRoute": 100.0, "motorway": 0.0, "primary": 0.0, "secondary": 0.0, "tertiary": 0.0, "path": 0.0, "population": 24.000362774258377, "elevation": 27.302120208740234, "foret_encoder": 0.0, "highway_encoder": 0.0, "foret": null, "PasDeforet": 97.645112016293282, "Châtaignier": 0.0, "Chênes décidus": 1.4893075356415479, "Conifères": 0.0, "Douglas": 0.0, "Feuillus": 0.8655804480651732, "Hêtre": 0.0, "Mixte": 0.0, "Mélèze": 0.0, "NC": 0.0, "NR": 0.0, "Peuplier": 0.0, "Pin autre": 0.0, "Pin laricio, pin noir": 0.0, "Pin maritime": 0.0, "Pin sylvestre": 0.0, "Pins mélangés": 0.0, "Robinier": 0.0, "Sapin, épicéa": 0.0, "dynamic_world": null, "water": 0.05091649694501018, "tree": 20.837576374745417, "grass": 12.601832993890019, "crops": 1.7311608961303464, "shrub": 35.526985743380855, "flooded": 1.2347250509164969, "built": 11.481670061099797, "bare": 0.0, "snow": 0.0, "sinister": 0.0 }, "geometry": { "type": "Polygon", "coordinates": [ [ [ 1.857922514742014, 49.075954972745336 ], [ 1.843904296667912, 49.069105851344567 ], [ 1.846362892080804, 49.056731704924594 ], [ 1.862832766951992, 49.051207958257322 ], [ 1.876846402292581, 49.0580562349719 ], [ 1.874394745162942, 49.070429102638428 ], [ 1.857922514742014, 49.075954972745336 ] ] ] } },
{ "type": "Feature", "properties": { "hex_id": "871fb4694ffffff", "scale0": 3257, "NDVI": 0.51845312118530273, "NDMI": 0.06814286857843399, "NDBI": -0.06814286857843399, "NDSI": -0.50538516044616699, "NDWI": -0.53918373584747314, "osmnx": null, "PasDeRoute": 100.0, "motorway": 0.0, "primary": 0.0, "secondary": 0.0, "tertiary": 0.0, "path": 0.0, "population": 30.000402820767423, "elevation": 23.672908782958984, "foret_encoder": 0.0, "highway_encoder": 0.0, "foret": null, "PasDeforet": 92.680425586463272, "Châtaignier": 0.53839251378028463, "Chênes décidus": 4.883989232149724, "Conifères": 0.0, "Douglas": 0.0, "Feuillus": 1.897192667606717, "Hêtre": 0.0, "Mixte": 0.0, "Mélèze": 0.0, "NC": 0.0, "NR": 0.0, "Peuplier": 0.0, "Pin autre": 0.0, "Pin laricio, pin noir": 0.0, "Pin maritime": 0.0, "Pin sylvestre": 0.0, "Pins mélangés": 0.0, "Robinier": 0.0, "Sapin, épicéa": 0.0, "dynamic_world": null, "water": 0.0, "tree": 8.5758236123573894, "grass": 4.2815023714908351, "crops": 2.1022945776182538, "shrub": 58.748878348929622, "flooded": 0.64094346878605313, "built": 0.98705294193052162, "bare": 0.0, "snow": 0.0, "sinister": 0.0 }, "geometry": { "type": "Polygon", "coordinates": [ [ [ 2.029164479403951, 48.67126766561838 ], [ 2.015243669877816, 48.664398320287091 ], [ 2.017646837501833, 48.652001230055774 ], [ 2.033963981367011, 48.646474791542488 ], [ 2.047880243454211, 48.653343303802394 ], [ 2.045483908771752, 48.665739087256256 ], [ 2.029164479403951, 48.67126766561838 ] ] ] } },
{ "type": "Feature", "properties": { "hex_id": "871fb4428ffffff", "scale0": 3258, "NDVI": 0.55320221185684204, "NDMI": 0.089559055864810944, "NDBI": -0.089559055864810944, "NDSI": -0.50180554389953613, "NDWI": -0.54914462566375732, "osmnx": null, "PasDeRoute": 96.772554002541298, "motorway": 0.0, "primary": 1.0038119440914868, "secondary": 1.0165184243964422, "tertiary": 0.0, "path": 1.207115628970775, "population": 2382.9932533410656, "elevation": 35.768405914306641, "foret_encoder": 0.0, "highway_encoder": 0.0, "foret": null, "PasDeforet": 76.442185514612447, "Châtaignier": 0.0, "Chênes décidus": 2.2744599745870393, "Conifères": 0.0, "Douglas": 0.0, "Feuillus": 20.355781448538753, "Hêtre": 0.0, "Mixte": 0.66073697585768743, "Mélèze": 0.0, "NC": 0.26683608640406609, "NR": 0.0, "Peuplier": 0.0, "Pin autre": 0.0, "Pin laricio, pin noir": 0.0, "Pin maritime": 0.0, "Pin sylvestre": 0.0, "Pins mélangés": 0.0, "Robinier": 0.0, "Sapin, épicéa": 0.0, "dynamic_world": null, "water": 0.0, "tree": 30.546378653113088, "grass": 5.1969504447268102, "crops": 1.3341804320203303, "shrub": 24.320203303684877, "flooded": 1.0927573062261755, "built": 15.514612452350699, "bare": 0.0, "snow": 0.0, "sinister": 14.0 }, "geometry": { "type": "Polygon", "coordinates": [ [ [ 1.678280487632701, 48.974299103860766 ], [ 1.664282081544794, 48.967410518226572 ], [ 1.666777675713516, 48.955021885855246 ], [ 1.68326474725187, 48.949523104181509 ], [ 1.697258613585605, 48.956410829876937 ], [ 1.694769947823022, 48.968798196781961 ], [ 1.678280487632701, 48.974299103860766 ] ] ] } },
{ "type": "Feature", "properties": { "hex_id": "871fb44c8ffffff", "scale0": 3259, "NDVI": 0.60821753740310669, "NDMI": 0.10844332724809647, "NDBI": -0.10844332724809647, "NDSI": -0.54252666234970093, "NDWI": -0.59889721870422363, "osmnx": null, "PasDeRoute": 94.131904579665772, "motorway": 0.0, "primary": 0.58680954203342262, "secondary": 1.6073478760045925, "tertiary": 0.33167495854063017, "path": 3.3422630437555814, "population": 147.00029917097933, "elevation": 35.338737487792969, "foret_encoder": 0.0, "highway_encoder": 0.0, "foret": null, "PasDeforet": 80.635285112897051, "Châtaignier": 0.75264702130373773, "Chênes décidus": 2.5003189182293664, "Conifères": 0.0, "Douglas": 0.0, "Feuillus": 15.754560530679933, "Hêtre": 0.0, "Mixte": 0.35718841688990943, "Mélèze": 0.0, "NC": 0.0, "NR": 0.0, "Peuplier": 0.0, "Pin autre": 0.0, "Pin laricio, pin noir": 0.0, "Pin maritime": 0.0, "Pin sylvestre": 0.0, "Pins mélangés": 0.0, "Robinier": 0.0, "Sapin, épicéa": 0.0, "dynamic_world": null, "water": 0.0, "tree": 29.493557851766806, "grass": 3.2657226687077436, "crops": 1.1991325424161245, "shrub": 34.137007271335627, "flooded": 1.0077816047965302, "built": 13.318025258323765, "bare": 0.0, "snow": 0.0, "sinister": 4.0 }, "geometry": { "type": "Polygon", "coordinates": [ [ [ 1.837047693682414, 48.793956040021193 ], [ 1.823094342289955, 48.78707115212174 ], [ 1.825546235370859, 48.77467534591748 ], [ 1.841944604158899, 48.769165712764504 ], [ 1.855893418585756, 48.776049752650032 ], [ 1.853448400864394, 48.788444273305899 ], [ 1.837047693682414, 48.793956040021193 ] ] ] } },
{ "type": "Feature", "properties": { "hex_id": "871fb4092ffffff", "scale0": 3260, "NDVI": 0.52798515558242798, "NDMI": 0.10907629877328873, "NDBI": -0.10907629877328873, "NDSI": -0.42979016900062561, "NDWI": -0.49476447701454163, "osmnx": null, "PasDeRoute": 95.300560366785533, "motorway": 0.0, "primary": 1.3881813550687723, "secondary": 0.0, "tertiary": 0.0, "path": 3.3112582781456954, "population": 973.99812959246015, "elevation": 18.259363174438477, "foret_encoder": 0.0, "highway_encoder": 0.0, "foret": null, "PasDeforet": 77.801833927661747, "Châtaignier": 4.126337238920021, "Chênes décidus": 0.0, "Conifères": 0.0, "Douglas": 0.0, "Feuillus": 18.071828833418238, "Hêtre": 0.0, "Mixte": 0.0, "Mélèze": 0.0, "NC": 0.0, "NR": 0.0, "Peuplier": 0.0, "Pin autre": 0.0, "Pin laricio, pin noir": 0.0, "Pin maritime": 0.0, "Pin sylvestre": 0.0, "Pins mélangés": 0.0, "Robinier": 0.0, "Sapin, épicéa": 0.0, "dynamic_world": null, "water": 11.525725929699441, "tree": 14.021905247070809, "grass": 2.5471217524197658, "crops": 0.53489556800815086, "shrub": 10.341314314824249, "flooded": 0.64951604686704023, "built": 31.431482424859908, "bare": 0.53489556800815086, "snow": 0.089149261334691796, "sinister": 4.0 }, "geometry": { "type": "Polygon", "coordinates": [ [ [ 1.853732267082755, 49.019604279005712 ], [ 1.839727070240921, 49.012747984783225 ], [ 1.842184323643306, 49.000369464202336 ], [ 1.858639847926316, 48.994848517576806 ], [ 1.872640471242729, 49.001703966474444 ], [ 1.870190143470371, 49.014081206921958 ], [ 1.853732267082755, 49.019604279005712 ] ] ] } },
{ "type": "Feature", "properties": { "hex_id": "871fb6a2bffffff", "scale0": 3261, "NDVI": 0.5737268328666687, "NDMI": 0.10655640810728073, "NDBI": -0.10655640810728073, "NDSI": -0.52689683437347412, "NDWI": -0.57703626155853271, "osmnx": null, "PasDeRoute": 86.848159509202446, "motorway": 0.0, "primary": 0.62627811860940696, "secondary": 1.3548057259713702, "tertiary": 1.111963190184049, "path": 10.058793456032721, "population": 1.0010152967880481, "elevation": 21.316444396972656, "foret_encoder": 0.0, "highway_encoder": 0.0, "foret": null, "PasDeforet": 73.415132924335381, "Châtaignier": 0.0, "Chênes décidus": 4.447852760736196, "Conifères": 0.0, "Douglas": 0.0, "Feuillus": 22.073108384458077, "Hêtre": 0.0, "Mixte": 0.0, "Mélèze": 0.0, "NC": 0.063905930470347649, "NR": 0.0, "Peuplier": 0.0, "Pin autre": 0.0, "Pin laricio, pin noir": 0.0, "Pin maritime": 0.0, "Pin sylvestre": 0.0, "Pins mélangés": 0.0, "Robinier": 0.0, "Sapin, épicéa": 0.0, "dynamic_world": null, "water": 0.31952965235173825, "tree": 29.409509202453986, "grass": 7.1191206543967285, "crops": 1.1247443762781186, "shrub": 31.019938650306749, "flooded": 0.0, "built": 0.30674846625766872, "bare": 0.0, "snow": 0.0, "sinister": 0.0 }, "geometry": { "type": "Polygon", "coordinates": [ [ [ 1.880967801744983, 48.57072769553222 ], [ 1.8670666148237, 48.563824012577058 ], [ 1.869499510753472, 48.551413845307543 ], [ 1.885826771577586, 48.545908656847864 ], [ 1.899723448166762, 48.552811493853916 ], [ 1.897297373937243, 48.565220364877149 ], [ 1.880967801744983, 48.57072769553222 ] ] ] } },
{ "type": "Feature", "properties": { "hex_id": "871fb4098ffffff", "scale0": 3262, "NDVI": 0.55337131023406982, "NDMI": 0.17862814664840698, "NDBI": -0.17862814664840698, "NDSI": -0.36778223514556885, "NDWI": -0.48223549127578735, "osmnx": null, "PasDeRoute": 89.209183673469383, "motorway": 0.0, "primary": 0.0, "secondary": 1.607142857142857, "tertiary": 1.364795918367347, "path": 7.8188775510204076, "population": 814.99725328061527, "elevation": 12.562256813049316, "foret_encoder": 0.0, "highway_encoder": 0.0, "foret": null, "PasDeforet": 71.466836734693871, "Châtaignier": 0.0, "Chênes décidus": 0.0, "Conifères": 0.0, "Douglas": 0.0, "Feuillus": 26.352040816326532, "Hêtre": 0.0, "Mixte": 0.0, "Mélèze": 0.0, "NC": 1.0331632653061225, "NR": 0.0, "Peuplier": 0.0, "Pin autre": 0.0, "Pin laricio, pin noir": 0.0, "Pin maritime": 0.0, "Pin sylvestre": 0.0, "Pins mélangés": 0.0, "Robinier": 1.1479591836734695, "Sapin, épicéa": 0.0, "dynamic_world": null, "water": 11.543367346938775, "tree": 34.604591836734691, "grass": 12.844387755102041, "crops": 1.2882653061224489, "shrub": 0.4974489795918367, "flooded": 1.9132653061224489, "built": 22.410714285714288, "bare": 0.089285714285714288, "snow": 0.0, "sinister": 7.0 }, "geometry": { "type": "Polygon", "coordinates": [ [ [ 1.945097419712235, 49.023564135772865 ], [ 1.931093326314214, 49.016722392557973 ], [ 1.933529808885923, 49.004347720599021 ], [ 1.949963464965972, 48.998816079805636 ], [ 1.963962970331291, 49.005656985223752 ], [ 1.961533407308478, 49.018030368833138 ], [ 1.945097419712235, 49.023564135772865 ] ] ] } },
{ "type": "Feature", "properties": { "hex_id": "871fb6b15ffffff", "scale0": 3263, "NDVI": 0.47635987401008606, "NDMI": 0.015558892861008644, "NDBI": -0.015558892861008644, "NDSI": -0.52704846858978271, "NDWI": -0.52033799886703491, "osmnx": null, "PasDeRoute": 99.248981670061099, "motorway": 0.0, "primary": 0.0, "secondary": 0.75101832993890028, "tertiary": 0.0, "path": 0.0, "population": 26.000106005465113, "elevation": 37.926967620849609, "foret_encoder": 0.0, "highway_encoder": 0.0, "foret": null, "PasDeforet": 61.163441955193484, "Châtaignier": 0.0, "Chênes décidus": 3.9587576374745415, "Conifères": 0.0, "Douglas": 0.0, "Feuillus": 33.197556008146641, "Hêtre": 0.0, "Mixte": 1.680244399185336, "Mélèze": 0.0, "NC": 0.0, "NR": 0.0, "Peuplier": 0.0, "Pin autre": 0.0, "Pin laricio, pin noir": 0.0, "Pin maritime": 0.0, "Pin sylvestre": 0.0, "Pins mélangés": 0.0, "Robinier": 0.0, "Sapin, épicéa": 0.0, "dynamic_world": null, "water": 0.0, "tree": 42.55346232179226, "grass": 1.0692464358452138, "crops": 0.78920570264765788, "shrub": 45.188391038696537, "flooded": 0.26731160896130346, "built": 0.076374745417515266, "bare": 0.0, "snow": 0.0, "sinister": 0.0 }, "geometry": { "type": "Polygon", "coordinates": [ [ [ 1.635356882874938, 48.65314031528073 ], [ 1.621431579296597, 48.646208206205273 ], [ 1.623923756180311, 48.633794375885515 ], [ 1.640334377814834, 48.628313925517176 ], [ 1.654255196051011, 48.635245169176052 ], [ 1.651769877692044, 48.647657728222178 ], [ 1.635356882874938, 48.65314031528073 ] ] ] } },
{ "type": "Feature", "properties": { "hex_id": "871fb4529ffffff", "scale0": 3264, "NDVI": 0.54592257738113403, "NDMI": 0.096593759953975677, "NDBI": -0.096593759953975677, "NDSI": -0.50342428684234619, "NDWI": -0.54979950189590454, "osmnx": null, "PasDeRoute": 96.501014198782968, "motorway": 0.0, "primary": 0.0, "secondary": 0.6338742393509128, "tertiary": 1.2677484787018256, "path": 1.5973630831643004, "population": 263.99901768269007, "elevation": 18.892421722412109, "foret_encoder": 0.0, "highway_encoder": 0.0, "foret": null, "PasDeforet": 73.706896551724128, "Châtaignier": 0.0, "Chênes décidus": 0.0, "Conifères": 0.0, "Douglas": 0.0, "Feuillus": 20.917849898580123, "Hêtre": 0.0, "Mixte": 0.0, "Mélèze": 0.0, "NC": 3.5623732251521294, "NR": 0.0, "Peuplier": 1.8128803245436105, "Pin autre": 0.0, "Pin laricio, pin noir": 0.0, "Pin maritime": 0.0, "Pin sylvestre": 0.0, "Pins mélangés": 0.0, "Robinier": 0.0, "Sapin, épicéa": 0.0, "dynamic_world": null, "water": 8.3798174442190678, "tree": 25.862068965517242, "grass": 6.0725152129817443, "crops": 0.83671399594320484, "shrub": 16.125760649087219, "flooded": 0.10141987829614604, "built": 6.1612576064908717, "bare": 0.0, "snow": 0.0, "sinister": 1.0 }, "geometry": { "type": "Polygon", "coordinates": [ [ [ 1.575607597120338, 49.100857477049928 ], [ 1.561577697376711, 49.093967708230281 ], [ 1.564102119909351, 49.081584696049546 ], [ 1.580649476745627, 49.076092704358523 ], [ 1.594674833605961, 49.082981605505083 ], [ 1.592157376210067, 49.095363365608598 ], [ 1.575607597120338, 49.100857477049928 ] ] ] } },
{ "type": "Feature", "properties": { "hex_id": "871fb4096ffffff", "scale0": 3265, "NDVI": 0.69537353515625, "NDMI": 0.20865353941917419, "NDBI": -0.20865353941917419, "NDSI": -0.54239183664321899, "NDWI": -0.65611249208450317, "osmnx": null, "PasDeRoute": 96.8833481745325, "motorway": 0.0, "primary": 0.0, "secondary": 0.0, "tertiary": 0.0, "path": 3.1166518254674975, "population": 28.000285036917298, "elevation": 49.399444580078125, "foret_encoder": 5.0, "highway_encoder": 0.0, "foret": null, "PasDeforet": 31.764406564050375, "Châtaignier": 8.9428825849128604, "Chênes décidus": 0.0, "Conifères": 0.0, "Douglas": 0.0, "Feuillus": 56.608573972777002, "Hêtre": 0.0, "Mixte": 0.0, "Mélèze": 0.0, "NC": 2.6841368782597632, "NR": 0.0, "Peuplier": 0.0, "Pin autre": 0.0, "Pin laricio, pin noir": 0.0, "Pin maritime": 0.0, "Pin sylvestre": 0.0, "Pins mélangés": 0.0, "Robinier": 0.0, "Sapin, épicéa": 0.0, "dynamic_world": null, "water": 0.0, "tree": 69.685790611881444, "grass": 3.4219564940847222, "crops": 0.50884111436204049, "shrub": 5.9025569265996687, "flooded": 0.012721027859051012, "built": 1.5392443709451724, "bare": 0.0, "snow": 0.0, "sinister": 0.0 }, "geometry": { "type": "Polygon", "coordinates": [ [ [ 1.834809358422316, 49.037502540248965 ], [ 1.820799588229717, 49.030645399243724 ], [ 1.823261909895572, 49.018267482789014 ], [ 1.839727070240921, 49.012747984783225 ], [ 1.853732267082755, 49.019604279005712 ], [ 1.851276876600513, 49.031980917615527 ], [ 1.834809358422316, 49.037502540248965 ] ] ] } },
{ "type": "Feature", "properties": { "hex_id": "871fb4554ffffff", "scale0": 3266, "NDVI": 0.60049301385879517, "NDMI": 0.13720642030239105, "NDBI": -0.13720642030239105, "NDSI": -0.46866190433502197, "NDWI": -0.54912090301513672, "osmnx": null, "PasDeRoute": 97.05621114071819, "motorway": 0.0, "primary": 0.0, "secondary": 0.0, "tertiary": 2.8169014084507045, "path": 0.1268874508311128, "population": 267.9992720958063, "elevation": 6.308497428894043, "foret_encoder": 0.0, "highway_encoder": 0.0, "foret": null, "PasDeforet": 63.684811572135516, "Châtaignier": 0.0, "Chênes décidus": 14.008374571754853, "Conifères": 0.0, "Douglas": 0.0, "Feuillus": 11.457936810049487, "Hêtre": 0.0, "Mixte": 8.3618830097703345, "Mélèze": 0.0, "NC": 1.3323182337266843, "NR": 0.17764243116355793, "Peuplier": 0.52023854840756245, "Pin autre": 0.0, "Pin laricio, pin noir": 0.45679482299200608, "Pin maritime": 0.0, "Pin sylvestre": 0.0, "Pins mélangés": 0.0, "Robinier": 0.0, "Sapin, épicéa": 0.0, "dynamic_world": null, "water": 0.54561603857378504, "tree": 30.567186905215078, "grass": 3.1975637609440422, "crops": 2.0428879583809163, "shrub": 18.170282959015356, "flooded": 0.01268874508311128, "built": 0.72325846973734298, "bare": 0.0, "snow": 0.0, "sinister": 1.0 }, "geometry": { "type": "Polygon", "coordinates": [ [ [ 1.632764938794753, 49.047223472508165 ], [ 1.61874866852443, 49.040336302302684 ], [ 1.62125772701243, 49.027951398658651 ], [ 1.637776106914759, 49.022454923830814 ], [ 1.651787833493842, 49.029341230763535 ], [ 1.649285723553356, 49.041724875391743 ], [ 1.632764938794753, 49.047223472508165 ] ] ] } },
{ "type": "Feature", "properties": { "hex_id": "871fb46a2ffffff", "scale0": 3267, "NDVI": 0.67563384771347046, "NDMI": 0.18041905760765076, "NDBI": -0.18041905760765076, "NDSI": -0.54210186004638672, "NDWI": -0.64337080717086792, "osmnx": null, "PasDeRoute": 86.930363543266765, "motorway": 0.0, "primary": 0.85765488991295447, "secondary": 1.6897081413210446, "tertiary": 0.85765488991295447, "path": 9.6646185355862784, "population": 2057.9912180361353, "elevation": 42.835788726806641, "foret_encoder": 0.0, "highway_encoder": 0.0, "foret": null, "PasDeforet": 58.448540706605222, "Châtaignier": 0.0, "Chênes décidus": 5.8755760368663594, "Conifères": 0.0, "Douglas": 0.0, "Feuillus": 34.30619559651818, "Hêtre": 0.0, "Mixte": 0.025601638504864313, "Mélèze": 0.0, "NC": 0.0, "NR": 1.3440860215053763, "Peuplier": 0.0, "Pin autre": 0.0, "Pin laricio, pin noir": 0.0, "Pin maritime": 0.0, "Pin sylvestre": 0.0, "Pins mélangés": 0.0, "Robinier": 0.0, "Sapin, épicéa": 0.0, "dynamic_world": null, "water": 0.0, "tree": 8.5125448028673834, "grass": 1.3568868407578085, "crops": 0.025601638504864313, "shrub": 2.8161802355350742, "flooded": 0.012800819252432157, "built": 11.674347158218126, "bare": 0.0, "snow": 0.0, "sinister": 6.0 }, "geometry": { "type": "Polygon", "coordinates": [ [ [ 2.063753488412734, 48.729031995562202 ], [ 2.04982022448293, 48.722174606052668 ], [ 2.05221780108397, 48.709783052515697 ], [ 2.068541797984013, 48.704250196286225 ], [ 2.082470500653991, 48.711106755967172 ], [ 2.080079767335799, 48.723497001315067 ], [ 2.063753488412734, 48.729031995562202 ] ] ] } },
{ "type": "Feature", "properties": { "hex_id": "871fb6a35ffffff", "scale0": 3268, "NDVI": 0.51909160614013672, "NDMI": 0.065492153167724609, "NDBI": -0.065492153167724609, "NDSI": -0.51360952854156494, "NDWI": -0.54059594869613647, "osmnx": null, "PasDeRoute": 96.902090770015306, "motorway": 0.0, "primary": 1.5553289138194799, "secondary": 1.2748597654258031, "tertiary": 0.0, "path": 0.26772055073941869, "population": 29.000000000000004, "elevation": 19.088790893554688, "foret_encoder": 0.0, "highway_encoder": 0.0, "foret": null, "PasDeforet": 86.856195818459966, "Châtaignier": 0.0, "Chênes décidus": 5.214176440591535, "Conifères": 0.0, "Douglas": 0.0, "Feuillus": 6.7057623661397256, "Hêtre": 0.0, "Mixte": 1.0198878123406425, "Mélèze": 0.0, "NC": 0.0, "NR": 0.20397756246812851, "Peuplier": 0.0, "Pin autre": 0.0, "Pin laricio, pin noir": 0.0, "Pin maritime": 0.0, "Pin sylvestre": 0.0, "Pins mélangés": 0.0, "Robinier": 0.0, "Sapin, épicéa": 0.0, "dynamic_world": null, "water": 0.0, "tree": 15.056093829678735, "grass": 0.65017848036715964, "crops": 3.658847526772055, "shrub": 63.029066802651712, "flooded": 0.12748597654258031, "built": 3.3528811830698628, "bare": 0.0, "snow": 0.0, "sinister": 0.0 }, "geometry": { "type": "Polygon", "coordinates": [ [ [ 1.741144774194553, 48.582983396192112 ], [ 1.727237730120936, 48.576059568915639 ], [ 1.729702942718458, 48.563644788751816 ], [ 1.746068364141332, 48.558155118546182 ], [ 1.759970917126181, 48.565078088535948 ], [ 1.757512539464326, 48.577491585623633 ], [ 1.741144774194553, 48.582983396192112 ] ] ] } },
{ "type": "Feature", "properties": { "hex_id": "871fb4440ffffff", "scale0": 3269, "NDVI": 0.56679326295852661, "NDMI": 0.10801780223846436, "NDBI": -0.10801780223846436, "NDSI": -0.4987720251083374, "NDWI": -0.56124281883239746, "osmnx": null, "PasDeRoute": 94.497516239969428, "motorway": 0.0, "primary": 1.5284677111196026, "secondary": 1.4010954018596358, "tertiary": 0.43306585148388743, "path": 2.1398547955674436, "population": 38.000461712692484, "elevation": 34.467555999755859, "foret_encoder": 0.0, "highway_encoder": 0.0, "foret": null, "PasDeforet": 66.004330658514846, "Châtaignier": 0.0, "Chênes décidus": 0.0, "Conifères": 0.0, "Douglas": 0.0, "Feuillus": 31.855814545917717, "Hêtre": 0.0, "Mixte": 0.0, "Mélèze": 0.0, "NC": 2.1398547955674436, "NR": 0.0, "Peuplier": 0.0, "Pin autre": 0.0, "Pin laricio, pin noir": 0.0, "Pin maritime": 0.0, "Pin sylvestre": 0.0, "Pins mélangés": 0.0, "Robinier": 0.0, "Sapin, épicéa": 0.0, "dynamic_world": null, "water": 0.0, "tree": 35.333078588714812, "grass": 4.2032862055789071, "crops": 1.3628837090816457, "shrub": 10.164310278945358, "flooded": 0.47127754426187746, "built": 26.557126480703097, "bare": 0.0, "snow": 0.0, "sinister": 5.0 }, "geometry": { "type": "Polygon", "coordinates": [ [ [ 1.838013394602329, 48.943982613734583 ], [ 1.824025404787003, 48.937115154804928 ], [ 1.826483173421092, 48.924730408049491 ], [ 1.842922022063185, 48.919214400867695 ], [ 1.856905452201176, 48.92608101276555 ], [ 1.854454593046098, 48.93846447847762 ], [ 1.838013394602329, 48.943982613734583 ] ] ] } },
{ "type": "Feature", "properties": { "hex_id": "871fb4515ffffff", "scale0": 3270, "NDVI": 0.39246392250061035, "NDMI": -0.025552893057465553, "NDBI": 0.025552893057465553, "NDSI": -0.48480457067489624, "NDWI": -0.45142453908920288, "osmnx": null, "PasDeRoute": 99.380217556286368, "motorway": 0.0, "primary": 0.0, "secondary": 0.0, "tertiary": 0.61978244371363522, "path": 0.0, "population": 8.9999717318759718, "elevation": 19.095634460449219, "foret_encoder": 0.0, "highway_encoder": 0.0, "foret": null, "PasDeforet": 95.130280799392864, "Châtaignier": 0.0, "Chênes décidus": 0.0, "Conifères": 0.0, "Douglas": 0.0, "Feuillus": 4.8697192006071335, "Hêtre": 0.0, "Mixte": 0.0, "Mélèze": 0.0, "NC": 0.0, "NR": 0.0, "Peuplier": 0.0, "Pin autre": 0.0, "Pin laricio, pin noir": 0.0, "Pin maritime": 0.0, "Pin sylvestre": 0.0, "Pins mélangés": 0.0, "Robinier": 0.0, "Sapin, épicéa": 0.0, "dynamic_world": null, "water": 0.0, "tree": 0.35416139640779154, "grass": 0.11383759170250443, "crops": 0.075891727801669612, "shrub": 72.716923855299768, "flooded": 0.0, "built": 6.2990134075385784, "bare": 0.0, "snow": 0.0, "sinister": 0.0 }, "geometry": { "type": "Polygon", "coordinates": [ [ [ 1.449386407682498, 49.038742961976496 ], [ 1.435368507355383, 49.03182654668614 ], [ 1.437919297259859, 49.019434147128067 ], [ 1.454481027244362, 49.013959404831063 ], [ 1.468494413783304, 49.020874941861123 ], [ 1.465950583836979, 49.033266099040226 ], [ 1.449386407682498, 49.038742961976496 ] ] ] } },
{ "type": "Feature", "properties": { "hex_id": "871fb446effffff", "scale0": 3271, "NDVI": 0.58091187477111816, "NDMI": 0.12703739106655121, "NDBI": -0.12703739106655121, "NDSI": -0.51166838407516479, "NDWI": -0.57547396421432495, "osmnx": null, "PasDeRoute": 90.90677534386144, "motorway": 0.0, "primary": 1.4009169638308712, "secondary": 0.0, "tertiary": 1.4136525725929698, "path": 6.2786551197147222, "population": 27.002343898617426, "elevation": 36.881515502929688, "foret_encoder": 0.0, "highway_encoder": 0.0, "foret": null, "PasDeforet": 69.803871625063678, "Châtaignier": 5.7055527254202749, "Chênes décidus": 0.05094243504839531, "Conifères": 0.0, "Douglas": 0.0, "Feuillus": 23.61181864493123, "Hêtre": 0.0, "Mixte": 0.59857361181864499, "Mélèze": 0.0, "NC": 0.22924095771777891, "NR": 0.0, "Peuplier": 0.0, "Pin autre": 0.0, "Pin laricio, pin noir": 0.0, "Pin maritime": 0.0, "Pin sylvestre": 0.0, "Pins mélangés": 0.0, "Robinier": 0.0, "Sapin, épicéa": 0.0, "dynamic_world": null, "water": 0.05094243504839531, "tree": 41.288843606724399, "grass": 2.0504330106979114, "crops": 0.5731023942944472, "shrub": 26.935812531839019, "flooded": 0.56036678553234842, "built": 23.777381558838513, "bare": 0.0, "snow": 0.0, "sinister": 22.0 }, "geometry": { "type": "Polygon", "coordinates": [ [ [ 1.861092039659552, 48.982469397039431 ], [ 1.847095628868932, 48.975609943050479 ], [ 1.8495496820643, 48.963228944763102 ], [ 1.865993229174559, 48.957708682026315 ], [ 1.879985070948724, 48.964567291092436 ], [ 1.877537934297757, 48.976947007418516 ], [ 1.861092039659552, 48.982469397039431 ] ] ] } },
{ "type": "Feature", "properties": { "hex_id": "871fb4093ffffff", "scale0": 3272, "NDVI": 0.48690205812454224, "NDMI": 0.087544672191143036, "NDBI": -0.087544672191143036, "NDSI": -0.40890154242515564, "NDWI": -0.46419599652290344, "osmnx": null, "PasDeRoute": 93.684746625923097, "motorway": 0.0, "primary": 2.3936847466259228, "secondary": 1.3114336643748408, "tertiary": 0.28011204481792717, "path": 2.3300229182582126, "population": 1108.0022496715374, "elevation": 8.5587911605834961, "foret_encoder": 0.0, "highway_encoder": 0.0, "foret": null, "PasDeforet": 92.233256939139295, "Châtaignier": 0.0, "Chênes décidus": 0.0, "Conifères": 0.0, "Douglas": 0.0, "Feuillus": 7.7667430608607075, "Hêtre": 0.0, "Mixte": 0.0, "Mélèze": 0.0, "NC": 0.0, "NR": 0.0, "Peuplier": 0.0, "Pin autre": 0.0, "Pin laricio, pin noir": 0.0, "Pin maritime": 0.0, "Pin sylvestre": 0.0, "Pins mélangés": 0.0, "Robinier": 0.0, "Sapin, épicéa": 0.0, "dynamic_world": null, "water": 10.809778456837281, "tree": 5.0929462694168581, "grass": 3.0557677616501149, "crops": 0.71301247771836007, "shrub": 7.2701807995925645, "flooded": 0.11459129106187931, "built": 54.367201426024955, "bare": 0.0, "snow": 0.0, "sinister": 7.0 }, "geometry": { "type": "Polygon", "coordinates": [ [ [ 1.884194980670524, 49.020932648985607 ], [ 1.870190143470371, 49.014081206921958 ], [ 1.872640471242729, 49.001703966474444 ], [ 1.889088712266981, 48.996179450565513 ], [ 1.903088971094076, 49.003030049812587 ], [ 1.900645566935588, 49.015406007385202 ], [ 1.884194980670524, 49.020932648985607 ] ] ] } },
{ "type": "Feature", "properties": { "hex_id": "871fb6a73ffffff", "scale0": 3273, "NDVI": null, "NDMI": null, "NDBI": null, "NDSI": null, "NDWI": null, "osmnx": null, "PasDeRoute": null, "motorway": null, "primary": null, "secondary": null, "tertiary": null, "path": null, "population": null, "elevation": null, "foret_encoder": null, "highway_encoder": null, "foret": null, "PasDeforet": null, "Châtaignier": null, "Chênes décidus": null, "Conifères": null, "Douglas": null, "Feuillus": null, "Hêtre": null, "Mixte": null, "Mélèze": null, "NC": null, "NR": null, "Peuplier": null, "Pin autre": null, "Pin laricio, pin noir": null, "Pin maritime": null, "Pin sylvestre": null, "Pins mélangés": null, "Robinier": null, "Sapin, épicéa": null, "dynamic_world": null, "water": null, "tree": null, "grass": null, "crops": null, "shrub": null, "flooded": null, "built": null, "bare": null, "snow": null, "sinister": null }, "geometry": { "type": "Polygon", "coordinates": [ [ [ 1.960148666532063, 48.555581797458025 ], [ 1.94625273042419, 48.548688588412389 ], [ 1.948667013681047, 48.536280489196919 ], [ 1.96497042042665, 48.530766902561723 ], [ 1.978861836622916, 48.537659272032286 ], [ 1.976454365650716, 48.550066067323286 ], [ 1.960148666532063, 48.555581797458025 ] ] ] } },
{ "type": "Feature", "properties": { "hex_id": "871fb6a65ffffff", "scale0": 3274, "NDVI": 0.76128000020980835, "NDMI": 0.22277309000492096, "NDBI": -0.22277309000492096, "NDSI": -0.59530383348464966, "NDWI": -0.71140837669372559, "osmnx": null, "PasDeRoute": 92.156110044785663, "motorway": 0.0, "primary": 0.0, "secondary": 1.2667946257197698, "tertiary": 0.38387715930902111, "path": 6.1932181701855402, "population": 41.999995288645998, "elevation": 36.282524108886719, "foret_encoder": 5.0, "highway_encoder": 0.0, "foret": null, "PasDeforet": 26.525911708253357, "Châtaignier": 0.0, "Chênes décidus": 11.887396033269354, "Conifères": 0.0, "Douglas": 0.0, "Feuillus": 61.586692258477285, "Hêtre": 0.0, "Mixte": 0.0, "Mélèze": 0.0, "NC": 0.0, "NR": 0.0, "Peuplier": 0.0, "Pin autre": 0.0, "Pin laricio, pin noir": 0.0, "Pin maritime": 0.0, "Pin sylvestre": 0.0, "Pins mélangés": 0.0, "Robinier": 0.0, "Sapin, épicéa": 0.0, "dynamic_world": null, "water": 0.05118362124120282, "tree": 80.985284708893161, "grass": 1.5355086372360844, "crops": 0.11516314779270634, "shrub": 0.34548944337811899, "flooded": 0.0, "built": 3.9539347408829175, "bare": 0.0, "snow": 0.0, "sinister": 3.0 }, "geometry": { "type": "Polygon", "coordinates": [ [ [ 2.006135203194395, 48.63272897195364 ], [ 1.992222690054793, 48.625851664926991 ], [ 1.994629572711145, 48.61345089547244 ], [ 2.010942142114523, 48.607928738484972 ], [ 2.02485011700789, 48.614805210275016 ], [ 2.022450060403664, 48.627204673898717 ], [ 2.006135203194395, 48.63272897195364 ] ] ] } },
{ "type": "Feature", "properties": { "hex_id": "871fb442affffff", "scale0": 3275, "NDVI": 0.59749758243560791, "NDMI": 0.10880883783102036, "NDBI": -0.10880883783102036, "NDSI": -0.52986270189285278, "NDWI": -0.58481335639953613, "osmnx": null, "PasDeRoute": 98.601931875953227, "motorway": 0.0, "primary": 1.2709710218607015, "secondary": 0.0, "tertiary": 0.0, "path": 0.12709710218607015, "population": 113.00006360327907, "elevation": 33.344184875488281, "foret_encoder": 0.0, "highway_encoder": 0.0, "foret": null, "PasDeforet": 79.156075241484487, "Châtaignier": 0.0, "Chênes décidus": 1.0549059481443823, "Conifères": 0.0, "Douglas": 0.0, "Feuillus": 18.772241992882563, "Hêtre": 0.0, "Mixte": 0.076258261311642095, "Mélèze": 0.0, "NC": 0.94051855617691915, "NR": 0.0, "Peuplier": 0.0, "Pin autre": 0.0, "Pin laricio, pin noir": 0.0, "Pin maritime": 0.0, "Pin sylvestre": 0.0, "Pins mélangés": 0.0, "Robinier": 0.0, "Sapin, épicéa": 0.0, "dynamic_world": null, "water": 0.0, "tree": 29.766141331977629, "grass": 3.8764616166751398, "crops": 1.4997458057956279, "shrub": 29.028978139298424, "flooded": 0.80071174377224197, "built": 7.7529232333502796, "bare": 0.0, "snow": 0.0, "sinister": 0.0 }, "geometry": { "type": "Polygon", "coordinates": [ [ [ 1.666777675713516, 48.955021885855246 ], [ 1.652783500591829, 48.948129301120801 ], [ 1.655280932402062, 48.935738796099756 ], [ 1.671765614186185, 48.930242140416361 ], [ 1.685755254224928, 48.937133864166412 ], [ 1.68326474725187, 48.949523104181509 ], [ 1.666777675713516, 48.955021885855246 ] ] ] } },
{ "type": "Feature", "properties": { "hex_id": "871fb6b74ffffff", "scale0": 3276, "NDVI": 0.70003104209899902, "NDMI": 0.18815989792346954, "NDBI": -0.18815989792346954, "NDSI": -0.5639646053314209, "NDWI": -0.66436028480529785, "osmnx": null, "PasDeRoute": 97.422154160285857, "motorway": 0.0, "primary": 0.0, "secondary": 1.8121490556406332, "tertiary": 0.52322613578356303, "path": 0.24247064828994383, "population": 188.99955948840056, "elevation": 11.433989524841309, "foret_encoder": 0.0, "highway_encoder": 0.0, "foret": null, "PasDeforet": 48.90250127616131, "Châtaignier": 0.0, "Chênes décidus": 35.387953037263905, "Conifères": 0.0, "Douglas": 0.0, "Feuillus": 8.7034201123021937, "Hêtre": 0.0, "Mixte": 0.76569678407350694, "Mélèze": 0.0, "NC": 0.0, "NR": 4.2879019908116387, "Peuplier": 0.0, "Pin autre": 0.0, "Pin laricio, pin noir": 0.62531904032669727, "Pin maritime": 0.0, "Pin sylvestre": 0.0, "Pins mélangés": 1.3272077590607452, "Robinier": 0.0, "Sapin, épicéa": 0.0, "dynamic_world": null, "water": 0.0, "tree": 61.217457886676875, "grass": 3.7263910158244005, "crops": 0.66360387953037259, "shrub": 11.549259826442063, "flooded": 0.35732516590096985, "built": 9.0096988259315971, "bare": 0.0, "snow": 0.0, "sinister": 0.0 }, "geometry": { "type": "Polygon", "coordinates": [ [ [ 1.791078039762287, 48.716798233876375 ], [ 1.777141431180171, 48.709897405281026 ], [ 1.779600688275118, 48.697494200473791 ], [ 1.795989692287421, 48.691993107535012 ], [ 1.809921782391921, 48.698893083851978 ], [ 1.807469386641955, 48.711295004990156 ], [ 1.791078039762287, 48.716798233876375 ] ] ] } },
{ "type": "Feature", "properties": { "hex_id": "871fb46a3ffffff", "scale0": 3277, "NDVI": 0.67121082544326782, "NDMI": 0.18499355018138885, "NDBI": -0.18499355018138885, "NDSI": -0.54100328683853149, "NDWI": -0.64199447631835938, "osmnx": null, "PasDeRoute": 92.232760830556273, "motorway": 0.0, "primary": 0.32043065880543448, "secondary": 1.8328633683670854, "tertiary": 0.21789284798769548, "path": 5.3960522942835167, "population": 378.00329559212645, "elevation": 43.608295440673828, "foret_encoder": 0.0, "highway_encoder": 0.0, "foret": null, "PasDeforet": 71.968725967700593, "Châtaignier": 0.038451679056652144, "Chênes décidus": 4.2425019225839531, "Conifères": 0.0, "Douglas": 0.0, "Feuillus": 20.751089464239939, "Hêtre": 0.0, "Mixte": 0.0, "Mélèze": 0.0, "NC": 0.0, "NR": 0.0, "Peuplier": 2.999230966418867, "Pin autre": 0.0, "Pin laricio, pin noir": 0.0, "Pin maritime": 0.0, "Pin sylvestre": 0.0, "Pins mélangés": 0.0, "Robinier": 0.0, "Sapin, épicéa": 0.0, "dynamic_world": null, "water": 0.0, "tree": 31.722635221738017, "grass": 0.15380671622660858, "crops": 0.038451679056652144, "shrub": 14.701358625993336, "flooded": 0.11535503716995643, "built": 36.593181235580616, "bare": 0.0, "snow": 0.0, "sinister": 13.0 }, "geometry": { "type": "Polygon", "coordinates": [ [ [ 2.094012619475277, 48.730349573274658 ], [ 2.080079767335799, 48.723497001315067 ], [ 2.082470500653991, 48.711106755967172 ], [ 2.098787244537659, 48.705570393087768 ], [ 2.112715530721908, 48.712422137718384 ], [ 2.110331638626651, 48.724811072166816 ], [ 2.094012619475277, 48.730349573274658 ] ] ] } },
{ "type": "Feature", "properties": { "hex_id": "871fb4441ffffff", "scale0": 3278, "NDVI": 0.62378346920013428, "NDMI": 0.14177209138870239, "NDBI": -0.14177209138870239, "NDSI": -0.52913689613342285, "NDWI": -0.60550695657730103, "osmnx": null, "PasDeRoute": 96.812444217773802, "motorway": 0.0, "primary": 0.0, "secondary": 1.8105316843044752, "tertiary": 0.67576182583195199, "path": 0.70126227208976155, "population": 217.99906479623007, "elevation": 45.975967407226562, "foret_encoder": 0.0, "highway_encoder": 0.0, "foret": null, "PasDeforet": 56.789493816141778, "Châtaignier": 7.7393854392451873, "Chênes décidus": 2.2822899400739511, "Conifères": 0.0, "Douglas": 0.0, "Feuillus": 32.143312507968893, "Hêtre": 0.0, "Mixte": 0.0, "Mélèze": 0.0, "NC": 0.0, "NR": 1.0455182965701899, "Peuplier": 0.0, "Pin autre": 0.0, "Pin laricio, pin noir": 0.0, "Pin maritime": 0.0, "Pin sylvestre": 0.0, "Pins mélangés": 0.0, "Robinier": 0.0, "Sapin, épicéa": 0.0, "dynamic_world": null, "water": 0.0, "tree": 41.667729185260747, "grass": 4.1693229631518554, "crops": 0.31875557822261891, "shrub": 17.034298100216756, "flooded": 0.67576182583195199, "built": 19.648093841642229, "bare": 0.0, "snow": 0.0, "sinister": 5.0 }, "geometry": { "type": "Polygon", "coordinates": [ [ [ 1.868442228324777, 48.945327089834763 ], [ 1.854454593046098, 48.93846447847762 ], [ 1.856905452201176, 48.92608101276555 ], [ 1.873337038827531, 48.920561441795208 ], [ 1.887320109593204, 48.927423208624262 ], [ 1.884876157914031, 48.939805390552905 ], [ 1.868442228324777, 48.945327089834763 ] ] ] } },
{ "type": "Feature", "properties": { "hex_id": "871fb6a62ffffff", "scale0": 3279, "NDVI": 0.66753602027893066, "NDMI": 0.15307044982910156, "NDBI": -0.15307044982910156, "NDSI": -0.56425356864929199, "NDWI": -0.64076381921768188, "osmnx": null, "PasDeRoute": 94.24036861640856, "motorway": 0.0, "primary": 1.7534877767822858, "secondary": 0.38397542557276332, "tertiary": 0.85754511711250481, "path": 2.7646230641238962, "population": 126.99956184407758, "elevation": 35.632877349853516, "foret_encoder": 0.0, "highway_encoder": 0.0, "foret": null, "PasDeforet": 43.158837834378602, "Châtaignier": 0.0, "Chênes décidus": 22.398566491744528, "Conifères": 0.0, "Douglas": 0.0, "Feuillus": 30.564443875591962, "Hêtre": 0.0, "Mixte": 0.72955330858825029, "Mélèze": 0.0, "NC": 0.0, "NR": 0.0, "Peuplier": 0.0, "Pin autre": 0.0, "Pin laricio, pin noir": 0.0, "Pin maritime": 0.0, "Pin sylvestre": 3.1485984896966595, "Pins mélangés": 0.0, "Robinier": 0.0, "Sapin, épicéa": 0.0, "dynamic_world": null, "water": 0.19198771278638166, "tree": 66.146166645334702, "grass": 7.8202995008319469, "crops": 1.0879303724561629, "shrub": 3.8525534365800591, "flooded": 0.52476641494944321, "built": 10.111352873416102, "bare": 0.0, "snow": 0.0, "sinister": 6.0 }, "geometry": { "type": "Polygon", "coordinates": [ [ [ 1.983129942283633, 48.594167004779266 ], [ 1.969225720285187, 48.58728174317185 ], [ 1.971636308145452, 48.574877304047746 ], [ 1.987944298500235, 48.5693594310208 ], [ 2.001843991428253, 48.576243855223701 ], [ 1.999440222734434, 48.588646989467932 ], [ 1.983129942283633, 48.594167004779266 ] ] ] } },
{ "type": "Feature", "properties": { "hex_id": "871fb6b0bffffff", "scale0": 3280, "NDVI": 0.55501139163970947, "NDMI": 0.074640639126300812, "NDBI": -0.074640639126300812, "NDSI": -0.52298980951309204, "NDWI": -0.55985254049301147, "osmnx": null, "PasDeRoute": 96.781609195402297, "motorway": 0.0, "primary": 0.0, "secondary": 1.5070242656449553, "tertiary": 1.3282247765006385, "path": 0.38314176245210724, "population": 4.0011519260541899, "elevation": 25.772600173950195, "foret_encoder": 0.0, "highway_encoder": 0.0, "foret": null, "PasDeforet": 78.518518518518519, "Châtaignier": 0.0, "Chênes décidus": 17.407407407407408, "Conifères": 0.0, "Douglas": 0.0, "Feuillus": 3.5759897828863343, "Hêtre": 0.0, "Mixte": 0.40868454661558112, "Mélèze": 0.0, "NC": 0.0, "NR": 0.089399744572158366, "Peuplier": 0.0, "Pin autre": 0.0, "Pin laricio, pin noir": 0.0, "Pin maritime": 0.0, "Pin sylvestre": 0.0, "Pins mélangés": 0.0, "Robinier": 0.0, "Sapin, épicéa": 0.0, "dynamic_world": null, "water": 0.21711366538952745, "tree": 24.853128991060025, "grass": 0.93231162196679451, "crops": 1.3920817369093232, "shrub": 55.989782886334616, "flooded": 0.038314176245210732, "built": 1.7113665389527459, "bare": 0.0, "snow": 0.0, "sinister": 0.0 }, "geometry": { "type": "Polygon", "coordinates": [ [ [ 1.775506251345135, 48.640964398832089 ], [ 1.761586690330327, 48.634052488945464 ], [ 1.764046424709344, 48.621643205434005 ], [ 1.780418874380202, 48.616147115923553 ], [ 1.794333930536737, 48.62305817174115 ], [ 1.791881041563671, 48.635466170743356 ], [ 1.775506251345135, 48.640964398832089 ] ] ] } },
{ "type": "Feature", "properties": { "hex_id": "871fb46b4ffffff", "scale0": 3281, "NDVI": 0.73302251100540161, "NDMI": 0.22248660027980804, "NDBI": -0.22248660027980804, "NDSI": -0.57003593444824219, "NDWI": -0.68923425674438477, "osmnx": null, "PasDeRoute": 92.629558541266803, "motorway": 0.0, "primary": 0.0, "secondary": 2.5719769673704413, "tertiary": 1.509916826615483, "path": 3.2885476647472807, "population": 28.999915195627917, "elevation": 46.334827423095703, "foret_encoder": 0.0, "highway_encoder": 0.0, "foret": null, "PasDeforet": 49.072296865003203, "Châtaignier": 0.0, "Chênes décidus": 12.245681381957773, "Conifères": 0.21753039027511195, "Douglas": 0.0, "Feuillus": 37.607165706973767, "Hêtre": 0.0, "Mixte": 0.0, "Mélèze": 0.0, "NC": 0.0, "NR": 0.0, "Peuplier": 0.85732565579014708, "Pin autre": 0.0, "Pin laricio, pin noir": 0.0, "Pin maritime": 0.0, "Pin sylvestre": 0.0, "Pins mélangés": 0.0, "Robinier": 0.0, "Sapin, épicéa": 0.0, "dynamic_world": null, "water": 0.0, "tree": 58.720409468969926, "grass": 7.8055022392834292, "crops": 1.381957773512476, "shrub": 8.0998080614203456, "flooded": 0.55022392834293021, "built": 4.0307101727447217, "bare": 0.0, "snow": 0.0, "sinister": 6.0 }, "geometry": { "type": "Polygon", "coordinates": [ [ [ 2.003212243447266, 48.726371846966032 ], [ 1.989278179986923, 48.719504816910863 ], [ 1.991689449291041, 48.707110655138074 ], [ 2.00802793434285, 48.701584825788146 ], [ 2.021957445969163, 48.70845102101859 ], [ 2.019553024035969, 48.720843880031474 ], [ 2.003212243447266, 48.726371846966032 ] ] ] } },
{ "type": "Feature", "properties": { "hex_id": "871fb47b3ffffff", "scale0": 3282, "NDVI": 0.67746484279632568, "NDMI": 0.18763209879398346, "NDBI": -0.18763209879398346, "NDSI": -0.53818303346633911, "NDWI": -0.64134275913238525, "osmnx": null, "PasDeRoute": 90.398365679264558, "motorway": 0.0, "primary": 1.3917262512768132, "secondary": 1.5832482124616958, "tertiary": 0.42134831460674155, "path": 6.2053115423901941, "population": 43.003594763105717, "elevation": 45.764499664306641, "foret_encoder": 0.0, "highway_encoder": 0.0, "foret": null, "PasDeforet": 56.639427987742593, "Châtaignier": 0.0, "Chênes décidus": 28.894279877425944, "Conifères": 0.0, "Douglas": 0.0, "Feuillus": 12.9341164453524, "Hêtre": 0.0, "Mixte": 0.0, "Mélèze": 0.0, "NC": 0.0, "NR": 0.90653728294177727, "Peuplier": 0.0, "Pin autre": 0.0, "Pin laricio, pin noir": 0.62563840653728298, "Pin maritime": 0.0, "Pin sylvestre": 0.0, "Pins mélangés": 0.0, "Robinier": 0.0, "Sapin, épicéa": 0.0, "dynamic_world": null, "water": 0.11491317671092952, "tree": 50.497957099080693, "grass": 2.0684371807967317, "crops": 0.63840653728294183, "shrub": 18.909601634320737, "flooded": 1.085291113381001, "built": 15.947395301327886, "bare": 0.0, "snow": 0.0, "sinister": 10.0 }, "geometry": { "type": "Polygon", "coordinates": [ [ [ 1.909268043099409, 48.815946827368592 ], [ 1.895311222335993, 48.809075601825462 ], [ 1.897747512502037, 48.79668422597112 ], [ 1.914133748230481, 48.791165366744941 ], [ 1.928086017806685, 48.798035750333916 ], [ 1.925656602508054, 48.810425834707566 ], [ 1.909268043099409, 48.815946827368592 ] ] ] } },
{ "type": "Feature", "properties": { "hex_id": "871fb4576ffffff", "scale0": 3283, "NDVI": 0.54592257738113403, "NDMI": 0.096593759953975677, "NDBI": -0.096593759953975677, "NDSI": -0.50342428684234619, "NDWI": -0.54979950189590454, "osmnx": null, "PasDeRoute": 94.429640908514145, "motorway": 0.0, "primary": 0.0, "secondary": 0.0, "tertiary": 4.0477096815124982, "path": 1.5226494099733536, "population": 9.0000400465090422, "elevation": 6.6063446998596191, "foret_encoder": 2.0, "highway_encoder": 0.0, "foret": null, "PasDeforet": 35.503108742545365, "Châtaignier": 0.0, "Chênes décidus": 50.36162923486868, "Conifères": 0.0, "Douglas": 0.0, "Feuillus": 8.4633929704352244, "Hêtre": 0.0, "Mixte": 1.9921329780484709, "Mélèze": 0.0, "NC": 2.7915239182844815, "NR": 0.0, "Peuplier": 0.0, "Pin autre": 0.0, "Pin laricio, pin noir": 0.88821215581778956, "Pin maritime": 0.0, "Pin sylvestre": 0.0, "Pins mélangés": 0.0, "Robinier": 0.0, "Sapin, épicéa": 0.0, "dynamic_world": null, "water": 1.3830732140591295, "tree": 63.697500317218626, "grass": 2.4743052912066998, "crops": 0.83745717548534448, "shrub": 8.3745717548534451, "flooded": 0.050754980332445118, "built": 9.1739626950894557, "bare": 0.0, "snow": 0.0, "sinister": 7.0 }, "geometry": { "type": "Polygon", "coordinates": [ [ [ 1.594674833605961, 49.082981605505083 ], [ 1.580649476745627, 49.076092704358523 ], [ 1.583168771296121, 49.063709057494023 ], [ 1.59970646279695, 49.058215565762922 ], [ 1.613727276496941, 49.065103600705555 ], [ 1.611214941551436, 49.077485993176737 ], [ 1.594674833605961, 49.082981605505083 ] ] ] } },
{ "type": "Feature", "properties": { "hex_id": "871fb4792ffffff", "scale0": 3284, "NDVI": 0.64663159847259521, "NDMI": 0.14228780567646027, "NDBI": -0.14228780567646027, "NDSI": -0.53948944807052612, "NDWI": -0.6156914234161377, "osmnx": null, "PasDeRoute": 96.089456869009581, "motorway": 0.0, "primary": 1.4568690095846646, "secondary": 0.0, "tertiary": 1.0223642172523961, "path": 1.4313099041533546, "population": 94.001163704439207, "elevation": 42.774616241455078, "foret_encoder": 0.0, "highway_encoder": 0.0, "foret": null, "PasDeforet": 77.354632587859427, "Châtaignier": 0.0, "Chênes décidus": 17.686900958466452, "Conifères": 0.0, "Douglas": 0.0, "Feuillus": 4.6645367412140573, "Hêtre": 0.0, "Mixte": 0.0, "Mélèze": 0.0, "NC": 0.29392971246006389, "NR": 0.0, "Peuplier": 0.0, "Pin autre": 0.0, "Pin laricio, pin noir": 0.0, "Pin maritime": 0.0, "Pin sylvestre": 0.0, "Pins mélangés": 0.0, "Robinier": 0.0, "Sapin, épicéa": 0.0, "dynamic_world": null, "water": 0.52396166134185307, "tree": 23.003194888178914, "grass": 3.1182108626198084, "crops": 2.2747603833865817, "shrub": 14.04472843450479, "flooded": 0.076677316293929709, "built": 37.175718849840258, "bare": 0.0, "snow": 0.0, "sinister": 9.0 }, "geometry": { "type": "Polygon", "coordinates": [ [ [ 1.905050057675739, 48.759505255866785 ], [ 1.891106142494521, 48.75262689413848 ], [ 1.893541123404317, 48.740231245914146 ], [ 1.909913156773187, 48.734715251830934 ], [ 1.923852529875869, 48.741592770896524 ], [ 1.921424411355983, 48.753987126313376 ], [ 1.905050057675739, 48.759505255866785 ] ] ] } },
{ "type": "Feature", "properties": { "hex_id": "871fb4448ffffff", "scale0": 3285, "NDVI": 0.52844029664993286, "NDMI": 0.077223211526870728, "NDBI": -0.077223211526870728, "NDSI": -0.51961922645568848, "NDWI": -0.54785996675491333, "osmnx": null, "PasDeRoute": 95.612244897959187, "motorway": 0.0, "primary": 0.0, "secondary": 1.3137755102040816, "tertiary": 1.3137755102040816, "path": 1.760204081632653, "population": 39.001052987620092, "elevation": 35.028907775878906, "foret_encoder": 0.0, "highway_encoder": 0.0, "foret": null, "PasDeforet": 77.436224489795919, "Châtaignier": 11.670918367346939, "Chênes décidus": 0.0, "Conifères": 0.0, "Douglas": 0.0, "Feuillus": 10.841836734693878, "Hêtre": 0.0, "Mixte": 0.0, "Mélèze": 0.0, "NC": 0.0, "NR": 0.0, "Peuplier": 0.051020408163265307, "Pin autre": 0.0, "Pin laricio, pin noir": 0.0, "Pin maritime": 0.0, "Pin sylvestre": 0.0, "Pins mélangés": 0.0, "Robinier": 0.0, "Sapin, épicéa": 0.0, "dynamic_world": null, "water": 0.0, "tree": 31.147959183673468, "grass": 1.7346938775510203, "crops": 0.95663265306122447, "shrub": 37.002551020408163, "flooded": 0.33163265306122447, "built": 14.681122448979592, "bare": 0.0, "snow": 0.0, "sinister": 3.0 }, "geometry": { "type": "Polygon", "coordinates": [ [ [ 1.917727131326326, 48.928757001983222 ], [ 1.90374442806945, 48.92190007841225 ], [ 1.906183338844192, 48.90951731091166 ], [ 1.922598052615402, 48.903992755380003 ], [ 1.936576186386371, 48.910848838373866 ], [ 1.934144175535697, 48.923230317078904 ], [ 1.917727131326326, 48.928757001983222 ] ] ] } },
{ "type": "Feature", "properties": { "hex_id": "871fb4553ffffff", "scale0": 3286, "NDVI": null, "NDMI": null, "NDBI": null, "NDSI": null, "NDWI": null, "osmnx": null, "PasDeRoute": null, "motorway": null, "primary": null, "secondary": null, "tertiary": null, "path": null, "population": null, "elevation": null, "foret_encoder": null, "highway_encoder": null, "foret": null, "PasDeforet": null, "Châtaignier": null, "Chênes décidus": null, "Conifères": null, "Douglas": null, "Feuillus": null, "Hêtre": null, "Mixte": null, "Mélèze": null, "NC": null, "NR": null, "Peuplier": null, "Pin autre": null, "Pin laricio, pin noir": null, "Pin maritime": null, "Pin sylvestre": null, "Pins mélangés": null, "Robinier": null, "Sapin, épicéa": null, "dynamic_world": null, "water": null, "tree": null, "grass": null, "crops": null, "shrub": null, "flooded": null, "built": null, "bare": null, "snow": null, "sinister": null }, "geometry": { "type": "Polygon", "coordinates": [ [ [ 1.670795973581505, 49.011456885316072 ], [ 1.656788790947531, 49.004571440194063 ], [ 1.659287639859319, 48.992185296541628 ], [ 1.67578673359519, 48.986685861233013 ], [ 1.689789372037826, 48.993570446003915 ], [ 1.687297460624031, 49.005955326030822 ], [ 1.670795973581505, 49.011456885316072 ] ] ] } },
{ "type": "Feature", "properties": { "hex_id": "871fb4726ffffff", "scale0": 3287, "NDVI": 0.52453434467315674, "NDMI": 0.087921202182769775, "NDBI": -0.087921202182769775, "NDSI": -0.45073488354682922, "NDWI": -0.50190252065658569, "osmnx": null, "PasDeRoute": 92.774160602578831, "motorway": 0.0, "primary": 2.132005617260309, "secondary": 0.9574875526618154, "tertiary": 1.9405081067279457, "path": 2.1958381207710964, "population": 551.00314011744433, "elevation": 23.240667343139648, "foret_encoder": 0.0, "highway_encoder": 0.0, "foret": null, "PasDeforet": 91.98263755904506, "Châtaignier": 0.025533001404315078, "Chênes décidus": 0.0, "Conifères": 0.0, "Douglas": 0.0, "Feuillus": 7.9024639346355157, "Hêtre": 0.0, "Mixte": 0.0, "Mélèze": 0.0, "NC": 0.08936550491510277, "NR": 0.0, "Peuplier": 0.0, "Pin autre": 0.0, "Pin laricio, pin noir": 0.0, "Pin maritime": 0.0, "Pin sylvestre": 0.0, "Pins mélangés": 0.0, "Robinier": 0.0, "Sapin, épicéa": 0.0, "dynamic_world": null, "water": 17.196476445806205, "tree": 4.4172092429465089, "grass": 0.076599004212945229, "crops": 0.051066002808630155, "shrub": 3.1788586748372274, "flooded": 0.15319800842589046, "built": 64.521894548704196, "bare": 0.0, "snow": 0.0, "sinister": 5.0 }, "geometry": { "type": "Polygon", "coordinates": [ [ [ 1.994388441167775, 49.006957850084582 ], [ 1.980389324761267, 49.000121788834278 ], [ 1.982813848349711, 48.987747814394552 ], [ 1.999230576069639, 48.982211194165508 ], [ 2.013225099511601, 48.989046421584696 ], [ 2.010807487852573, 49.001419102666404 ], [ 1.994388441167775, 49.006957850084582 ] ] ] } },
{ "type": "Feature", "properties": { "hex_id": "871fb6b08ffffff", "scale0": 3288, "NDVI": null, "NDMI": null, "NDBI": null, "NDSI": null, "NDWI": null, "osmnx": null, "PasDeRoute": null, "motorway": null, "primary": null, "secondary": null, "tertiary": null, "path": null, "population": null, "elevation": null, "foret_encoder": null, "highway_encoder": null, "foret": null, "PasDeforet": null, "Châtaignier": null, "Chênes décidus": null, "Conifères": null, "Douglas": null, "Feuillus": null, "Hêtre": null, "Mixte": null, "Mélèze": null, "NC": null, "NR": null, "Peuplier": null, "Pin autre": null, "Pin laricio, pin noir": null, "Pin maritime": null, "Pin sylvestre": null, "Pins mélangés": null, "Robinier": null, "Sapin, épicéa": null, "dynamic_world": null, "water": null, "tree": null, "grass": null, "crops": null, "shrub": null, "flooded": null, "built": null, "bare": null, "snow": null, "sinister": null }, "geometry": { "type": "Polygon", "coordinates": [ [ [ 1.75666403298859, 48.658868664592383 ], [ 1.742739967316907, 48.651955899221953 ], [ 1.745204721567875, 48.639547170472241 ], [ 1.761586690330327, 48.634052488945464 ], [ 1.775506251345135, 48.640964398832089 ], [ 1.773048347939014, 48.653371845333737 ], [ 1.75666403298859, 48.658868664592383 ] ] ] } },
{ "type": "Feature", "properties": { "hex_id": "871fb4402ffffff", "scale0": 3289, "NDVI": 0.53295737504959106, "NDMI": 0.04642588272690773, "NDBI": -0.04642588272690773, "NDSI": -0.5348590612411499, "NDWI": -0.54681169986724854, "osmnx": null, "PasDeRoute": 97.827743902439025, "motorway": 0.0, "primary": 0.0, "secondary": 1.7657520325203253, "tertiary": 0.0, "path": 0.40650406504065045, "population": 241.99892109993294, "elevation": 30.517751693725586, "foret_encoder": 0.0, "highway_encoder": 0.0, "foret": null, "PasDeforet": 74.275914634146346, "Châtaignier": 0.0, "Chênes décidus": 1.4735772357723578, "Conifères": 0.0, "Douglas": 0.0, "Feuillus": 21.239837398373986, "Hêtre": 0.0, "Mixte": 0.0, "Mélèze": 0.0, "NC": 2.8201219512195124, "NR": 0.19054878048780488, "Peuplier": 0.0, "Pin autre": 0.0, "Pin laricio, pin noir": 0.0, "Pin maritime": 0.0, "Pin sylvestre": 0.0, "Pins mélangés": 0.0, "Robinier": 0.0, "Sapin, épicéa": 0.0, "dynamic_world": null, "water": 0.0, "tree": 32.863313008130078, "grass": 3.8490853658536586, "crops": 0.78760162601626016, "shrub": 37.525406504065039, "flooded": 0.39380081300813008, "built": 5.5894308943089426, "bare": 0.0, "snow": 0.0, "sinister": 2.0 }, "geometry": { "type": "Polygon", "coordinates": [ [ [ 1.613315026950512, 48.915040194644263 ], [ 1.59932901555431, 48.908134757649989 ], [ 1.601837034812623, 48.895739253067831 ], [ 1.6183241455393, 48.890250446399151 ], [ 1.632305636099679, 48.897155017821341 ], [ 1.629804536464758, 48.909549261081331 ], [ 1.613315026950512, 48.915040194644263 ] ] ] } },
{ "type": "Feature", "properties": { "hex_id": "871fb6b22ffffff", "scale0": 3290, "NDVI": 0.67817717790603638, "NDMI": 0.17709077894687653, "NDBI": -0.17709077894687653, "NDSI": -0.56902194023132324, "NDWI": -0.6595725417137146, "osmnx": null, "PasDeRoute": 99.834563502163405, "motorway": 0.0, "primary": 0.0, "secondary": 0.16543649783659964, "tertiary": 0.0, "path": 0.0, "population": 11.000023556770026, "elevation": 37.692554473876953, "foret_encoder": 5.0, "highway_encoder": 0.0, "foret": null, "PasDeforet": 28.455077627895136, "Châtaignier": 0.36905064902010692, "Chênes décidus": 23.568337999490964, "Conifères": 0.0, "Douglas": 0.0, "Feuillus": 37.884958004581321, "Hêtre": 0.0, "Mixte": 0.48358360906082976, "Mélèze": 0.0, "NC": 0.089081191142784427, "NR": 0.0, "Peuplier": 0.0, "Pin autre": 0.0, "Pin laricio, pin noir": 0.0, "Pin maritime": 0.0, "Pin sylvestre": 9.1499109188088568, "Pins mélangés": 0.0, "Robinier": 0.0, "Sapin, épicéa": 0.0, "dynamic_world": null, "water": 0.10180707559175363, "tree": 75.502672435734283, "grass": 1.1580554848561975, "crops": 0.038177653346907613, "shrub": 6.6810893357088315, "flooded": 0.063629422244846023, "built": 1.1326037159582591, "bare": 0.0, "snow": 0.0, "sinister": 3.0 }, "geometry": { "type": "Polygon", "coordinates": [ [ [ 1.639327160830814, 48.709708491830725 ], [ 1.625388976415073, 48.702783468227452 ], [ 1.627882569324355, 48.690373886207354 ], [ 1.64430747533975, 48.684890597340896 ], [ 1.658241165451865, 48.691814756231615 ], [ 1.655754443548175, 48.704223068302696 ], [ 1.639327160830814, 48.709708491830725 ] ] ] } },
{ "type": "Feature", "properties": { "hex_id": "871fb6b44ffffff", "scale0": 3291, "NDVI": null, "NDMI": null, "NDBI": null, "NDSI": null, "NDWI": null, "osmnx": null, "PasDeRoute": null, "motorway": null, "primary": null, "secondary": null, "tertiary": null, "path": null, "population": null, "elevation": null, "foret_encoder": null, "highway_encoder": null, "foret": null, "PasDeforet": null, "Châtaignier": null, "Chênes décidus": null, "Conifères": null, "Douglas": null, "Feuillus": null, "Hêtre": null, "Mixte": null, "Mélèze": null, "NC": null, "NR": null, "Peuplier": null, "Pin autre": null, "Pin laricio, pin noir": null, "Pin maritime": null, "Pin sylvestre": null, "Pins mélangés": null, "Robinier": null, "Sapin, épicéa": null, "dynamic_world": null, "water": null, "tree": null, "grass": null, "crops": null, "shrub": null, "flooded": null, "built": null, "bare": null, "snow": null, "sinister": null }, "geometry": { "type": "Polygon", "coordinates": [ [ [ 1.870541327418837, 48.701665721293786 ], [ 1.856609933806106, 48.694775405648677 ], [ 1.859050458098546, 48.682374214934953 ], [ 1.875415523739482, 48.676864630868245 ], [ 1.889342389120656, 48.683754100636733 ], [ 1.886908716764743, 48.696153999954333 ], [ 1.870541327418837, 48.701665721293786 ] ] ] } },
{ "type": "Feature", "properties": { "hex_id": "871fb6a09ffffff", "scale0": 3292, "NDVI": 0.67049819231033325, "NDMI": 0.17673572897911072, "NDBI": -0.17673572897911072, "NDSI": -0.56813448667526245, "NDWI": -0.6530793309211731, "osmnx": null, "PasDeRoute": 98.043978522117101, "motorway": 0.0, "primary": 0.0, "secondary": 1.2400920480695474, "tertiary": 0.21733571976476604, "path": 0.49859371004858088, "population": 27.999990577291996, "elevation": 39.602535247802734, "foret_encoder": 0.0, "highway_encoder": 0.0, "foret": null, "PasDeforet": 59.741754027103042, "Châtaignier": 0.0, "Chênes décidus": 37.445666070058806, "Conifères": 0.0, "Douglas": 0.0, "Feuillus": 2.7358731782152903, "Hêtre": 0.0, "Mixte": 0.0, "Mélèze": 0.0, "NC": 0.076706724622858602, "NR": 0.0, "Peuplier": 0.0, "Pin autre": 0.0, "Pin laricio, pin noir": 0.0, "Pin maritime": 0.0, "Pin sylvestre": 0.0, "Pins mélangés": 0.0, "Robinier": 0.0, "Sapin, épicéa": 0.0, "dynamic_world": null, "water": 0.0, "tree": 44.208642290974176, "grass": 8.7317821529020705, "crops": 0.38353362311429301, "shrub": 34.019432370237787, "flooded": 0.012784454103809769, "built": 2.3779084633086165, "bare": 0.0, "snow": 0.0, "sinister": 2.0 }, "geometry": { "type": "Polygon", "coordinates": [ [ [ 1.918464625285177, 48.534893386586376 ], [ 1.904572459181191, 48.527991394126815 ], [ 1.906995397300931, 48.515580167736701 ], [ 1.923303690358998, 48.510072234144353 ], [ 1.937191345831911, 48.516973383457682 ], [ 1.934775218547917, 48.52938330911936 ], [ 1.918464625285177, 48.534893386586376 ] ] ] } },
{ "type": "Feature", "properties": { "hex_id": "871fb4791ffffff", "scale0": 3293, "NDVI": 0.51608747243881226, "NDMI": 0.08889317512512207, "NDBI": -0.08889317512512207, "NDSI": -0.4575926661491394, "NDWI": -0.50938868522644043, "osmnx": null, "PasDeRoute": 85.487789285257648, "motorway": 0.0, "primary": 2.0585602864083876, "secondary": 0.0, "tertiary": 4.743638920854111, "path": 7.7100115074798623, "population": 1426.9945890099257, "elevation": 15.536515235900879, "foret_encoder": 0.0, "highway_encoder": 0.0, "foret": null, "PasDeforet": 96.995269147167889, "Châtaignier": 0.0, "Chênes décidus": 1.0228870988364658, "Conifères": 0.0, "Douglas": 0.0, "Feuillus": 1.969057665260197, "Hêtre": 0.0, "Mixte": 0.0, "Mélèze": 0.0, "NC": 0.0, "NR": 0.012786088735455826, "Peuplier": 0.0, "Pin autre": 0.0, "Pin laricio, pin noir": 0.0, "Pin maritime": 0.0, "Pin sylvestre": 0.0, "Pins mélangés": 0.0, "Robinier": 0.0, "Sapin, épicéa": 0.0, "dynamic_world": null, "water": 0.40915483953458642, "tree": 5.5363764224523715, "grass": 0.40915483953458642, "crops": 0.025572177470911651, "shrub": 0.0, "flooded": 0.063930443677279111, "built": 78.698376166730597, "bare": 0.0, "snow": 0.0, "sinister": 35.0 }, "geometry": { "type": "Polygon", "coordinates": [ [ [ 1.94688941230587, 48.780122704029623 ], [ 1.932941694060959, 48.773253160964117 ], [ 1.935367956364086, 48.76086065826307 ], [ 1.951735072712979, 48.755338994235267 ], [ 1.965678239489945, 48.762207698205579 ], [ 1.963258841049096, 48.774598904904622 ], [ 1.94688941230587, 48.780122704029623 ] ] ] } },
{ "type": "Feature", "properties": { "hex_id": "871fb4773ffffff", "scale0": 3294, "NDVI": 0.28609392046928406, "NDMI": -0.007975834421813488, "NDBI": 0.007975834421813488, "NDSI": -0.31845352053642273, "NDWI": -0.3081895112991333, "osmnx": null, "PasDeRoute": 97.78545826932924, "motorway": 0.0, "primary": 1.6257040450588838, "secondary": 0.48643113159242196, "tertiary": 0.0, "path": 0.10240655401945725, "population": 3893.9968787279722, "elevation": 4.9197878837585449, "foret_encoder": 0.0, "highway_encoder": 0.0, "foret": null, "PasDeforet": 100.0, "Châtaignier": 0.0, "Chênes décidus": 0.0, "Conifères": 0.0, "Douglas": 0.0, "Feuillus": 0.0, "Hêtre": 0.0, "Mixte": 0.0, "Mélèze": 0.0, "NC": 0.0, "NR": 0.0, "Peuplier": 0.0, "Pin autre": 0.0, "Pin laricio, pin noir": 0.0, "Pin maritime": 0.0, "Pin sylvestre": 0.0, "Pins mélangés": 0.0, "Robinier": 0.0, "Sapin, épicéa": 0.0, "dynamic_world": null, "water": 0.0, "tree": 0.0, "grass": 0.0, "crops": 0.012800819252432157, "shrub": 0.0, "flooded": 0.0, "built": 99.897593445980547, "bare": 0.0, "snow": 0.0, "sinister": 19.0 }, "geometry": { "type": "Polygon", "coordinates": [ [ [ 2.20265258929903, 48.959562685232825 ], [ 2.188669390206671, 48.952753276576175 ], [ 2.19104437966835, 48.940384082565643 ], [ 2.207395683124446, 48.934825610556913 ], [ 2.221374265290243, 48.941634202296029 ], [ 2.219006160560268, 48.954002082568586 ], [ 2.20265258929903, 48.959562685232825 ] ] ] } },
{ "type": "Feature", "properties": { "hex_id": "871fb4541ffffff", "scale0": 3295, "NDVI": 0.59641218185424805, "NDMI": 0.13277623057365417, "NDBI": -0.13277623057365417, "NDSI": -0.5362931489944458, "NDWI": -0.5954362154006958, "osmnx": null, "PasDeRoute": 97.241642303292224, "motorway": 0.0, "primary": 0.57200966060760139, "secondary": 1.7541629591966441, "tertiary": 0.0, "path": 0.43218507690352098, "population": 5.0004216661834358, "elevation": 41.727005004882812, "foret_encoder": 0.0, "highway_encoder": 0.0, "foret": null, "PasDeforet": 49.86653107919156, "Châtaignier": 12.660480488114912, "Chênes décidus": 12.533367230202112, "Conifères": 0.0, "Douglas": 0.0, "Feuillus": 24.482013474005338, "Hêtre": 0.0, "Mixte": 0.0, "Mélèze": 0.0, "NC": 0.45760772848608106, "NR": 0.0, "Peuplier": 0.0, "Pin autre": 0.0, "Pin laricio, pin noir": 0.0, "Pin maritime": 0.0, "Pin sylvestre": 0.0, "Pins mélangés": 0.0, "Robinier": 0.0, "Sapin, épicéa": 0.0, "dynamic_world": null, "water": 0.0, "tree": 56.539977119613575, "grass": 1.0041947375111224, "crops": 2.6948010677513663, "shrub": 21.609253845176053, "flooded": 0.0, "built": 0.088979280538960218, "bare": 0.0, "snow": 0.0, "sinister": 0.0 }, "geometry": { "type": "Polygon", "coordinates": [ [ [ 1.735885712159014, 49.070596973935835 ], [ 1.72186613042361, 49.063728410178449 ], [ 1.724352498984218, 49.051349176234183 ], [ 1.740851502693337, 49.045839773395699 ], [ 1.754866521252246, 49.052707482432282 ], [ 1.752387098958844, 49.065085448624487 ], [ 1.735885712159014, 49.070596973935835 ] ] ] } },
{ "type": "Feature", "properties": { "hex_id": "871fb4415ffffff", "scale0": 3296, "NDVI": 0.50188326835632324, "NDMI": 0.027205746620893478, "NDBI": -0.027205746620893478, "NDSI": -0.53293591737747192, "NDWI": -0.52925378084182739, "osmnx": null, "PasDeRoute": 99.682741116751274, "motorway": 0.0, "primary": 0.0, "secondary": 0.11421319796954316, "tertiary": 0.0, "path": 0.20304568527918782, "population": 88.999620736002626, "elevation": 23.349380493164062, "foret_encoder": 0.0, "highway_encoder": 0.0, "foret": null, "PasDeforet": 80.228426395939096, "Châtaignier": 0.0, "Chênes décidus": 0.0, "Conifères": 0.0, "Douglas": 0.0, "Feuillus": 18.109137055837561, "Hêtre": 0.0, "Mixte": 0.0, "Mélèze": 0.0, "NC": 1.6624365482233501, "NR": 0.0, "Peuplier": 0.0, "Pin autre": 0.0, "Pin laricio, pin noir": 0.0, "Pin maritime": 0.0, "Pin sylvestre": 0.0, "Pins mélangés": 0.0, "Robinier": 0.0, "Sapin, épicéa": 0.0, "dynamic_world": null, "water": 0.0, "tree": 24.276649746192895, "grass": 3.3375634517766497, "crops": 0.40609137055837563, "shrub": 49.720812182741113, "flooded": 0.050761421319796954, "built": 0.20304568527918782, "bare": 0.0, "snow": 0.0, "sinister": 0.0 }, "geometry": { "type": "Polygon", "coordinates": [ [ [ 1.582832293731638, 48.91362209114142 ], [ 1.568845996493135, 48.906711793022325 ], [ 1.57136093728478, 48.894315029880595 ], [ 1.587855253480372, 48.888829823014056 ], [ 1.601837034812623, 48.895739253067831 ], [ 1.59932901555431, 48.908134757649989 ], [ 1.582832293731638, 48.91362209114142 ] ] ] } },
{ "type": "Feature", "properties": { "hex_id": "871fb408affffff", "scale0": 3297, "NDVI": 0.74468111991882324, "NDMI": 0.27226811647415161, "NDBI": -0.27226811647415161, "NDSI": -0.52922993898391724, "NDWI": -0.68414002656936646, "osmnx": null, "PasDeRoute": 85.204081632653057, "motorway": 0.0, "primary": 0.0, "secondary": 0.34438775510204084, "tertiary": 0.0, "path": 14.451530612244898, "population": 1001.0033285716046, "elevation": 57.569416046142578, "foret_encoder": 1.0, "highway_encoder": 0.0, "foret": null, "PasDeforet": 42.359693877551017, "Châtaignier": 43.520408163265309, "Chênes décidus": 11.619897959183675, "Conifères": 0.0, "Douglas": 0.0, "Feuillus": 2.5, "Hêtre": 0.0, "Mixte": 0.0, "Mélèze": 0.0, "NC": 0.0, "NR": 0.0, "Peuplier": 0.0, "Pin autre": 0.0, "Pin laricio, pin noir": 0.0, "Pin maritime": 0.0, "Pin sylvestre": 0.0, "Pins mélangés": 0.0, "Robinier": 0.0, "Sapin, épicéa": 0.0, "dynamic_world": null, "water": 0.0, "tree": 87.385204081632651, "grass": 1.6709183673469388, "crops": 0.30612244897959184, "shrub": 0.43367346938775508, "flooded": 0.40816326530612246, "built": 8.4183673469387745, "bare": 0.0, "snow": 0.0, "sinister": 0.0 }, "geometry": { "type": "Polygon", "coordinates": [ [ [ 1.987117345069579, 49.044071651109142 ], [ 1.973109430590081, 49.037238765186849 ], [ 1.975537116559759, 49.024867265368719 ], [ 1.991965795645123, 49.019329942611314 ], [ 2.005969112595034, 49.026161994304687 ], [ 2.00354834764369, 49.038532202585905 ], [ 1.987117345069579, 49.044071651109142 ] ] ] } },
{ "type": "Feature", "properties": { "hex_id": "871fb4422ffffff", "scale0": 3298, "NDVI": null, "NDMI": null, "NDBI": null, "NDSI": null, "NDWI": null, "osmnx": null, "PasDeRoute": null, "motorway": null, "primary": null, "secondary": null, "tertiary": null, "path": null, "population": null, "elevation": null, "foret_encoder": null, "highway_encoder": null, "foret": null, "PasDeforet": null, "Châtaignier": null, "Chênes décidus": null, "Conifères": null, "Douglas": null, "Feuillus": null, "Hêtre": null, "Mixte": null, "Mélèze": null, "NC": null, "NR": null, "Peuplier": null, "Pin autre": null, "Pin laricio, pin noir": null, "Pin maritime": null, "Pin sylvestre": null, "Pins mélangés": null, "Robinier": null, "Sapin, épicéa": null, "dynamic_world": null, "water": null, "tree": null, "grass": null, "crops": null, "shrub": null, "flooded": null, "built": null, "bare": null, "snow": null, "sinister": null }, "geometry": { "type": "Polygon", "coordinates": [ [ [ 1.586772575692308, 48.970099885670166 ], [ 1.572773282638, 48.963196710102615 ], [ 1.575289673613481, 48.950804297896823 ], [ 1.591798423151494, 48.945316318035424 ], [ 1.605793191241821, 48.95221862617165 ], [ 1.60328373445565, 48.964609781196117 ], [ 1.586772575692308, 48.970099885670166 ] ] ] } },
{ "type": "Feature", "properties": { "hex_id": "871fb446cffffff", "scale0": 3299, "NDVI": 0.47817325592041016, "NDMI": 0.043179880827665329, "NDBI": -0.043179880827665329, "NDSI": -0.46457985043525696, "NDWI": -0.48045724630355835, "osmnx": null, "PasDeRoute": 88.35817093363903, "motorway": 2.0124824863074768, "primary": 0.89160616481976829, "secondary": 0.0, "tertiary": 1.5794166348235894, "path": 7.1583237804101394, "population": 27.002343898617426, "elevation": 11.280987739562988, "foret_encoder": 0.0, "highway_encoder": 0.0, "foret": null, "PasDeforet": 76.130429244682205, "Châtaignier": 0.0, "Chênes décidus": 10.648325054133231, "Conifères": 0.0, "Douglas": 0.0, "Feuillus": 6.2157686918863835, "Hêtre": 0.0, "Mixte": 0.0, "Mélèze": 0.0, "NC": 4.8783594446567315, "NR": 0.0, "Peuplier": 0.0, "Pin autre": 0.0, "Pin laricio, pin noir": 0.0, "Pin maritime": 0.0, "Pin sylvestre": 0.0, "Pins mélangés": 0.0, "Robinier": 2.1271175646414471, "Sapin, épicéa": 0.0, "dynamic_world": null, "water": 0.0, "tree": 31.231690230543879, "grass": 3.7829575850210162, "crops": 2.5092344924213474, "shrub": 30.747675455356006, "flooded": 1.84689848426952, "built": 14.889822952490128, "bare": 0.0, "snow": 0.0, "sinister": 3.0 }, "geometry": { "type": "Polygon", "coordinates": [ [ [ 1.872640471242729, 49.001703966474444 ], [ 1.858639847926316, 48.994848517576806 ], [ 1.861092039659552, 48.982469397039431 ], [ 1.877537934297757, 48.976947007418516 ], [ 1.891533983921632, 48.983801612446797 ], [ 1.889088712266981, 48.996179450565513 ], [ 1.872640471242729, 49.001703966474444 ] ] ] } },
{ "type": "Feature", "properties": { "hex_id": "871fb4715ffffff", "scale0": 3300, "NDVI": 0.59369504451751709, "NDMI": 0.14322599768638611, "NDBI": -0.14322599768638611, "NDSI": -0.47938811779022217, "NDWI": -0.56291574239730835, "osmnx": null, "PasDeRoute": 90.022994379151768, "motorway": 2.1716913643331628, "primary": 2.452733776188043, "secondary": 0.0, "tertiary": 2.2994379151762905, "path": 3.0531425651507407, "population": 3470.9985229905196, "elevation": 32.746631622314453, "foret_encoder": 0.0, "highway_encoder": 0.0, "foret": null, "PasDeforet": 68.484925907000516, "Châtaignier": 14.805825242718445, "Chênes décidus": 1.1624936126724577, "Conifères": 0.0, "Douglas": 0.0, "Feuillus": 13.400613183444046, "Hêtre": 0.0, "Mixte": 0.38323965252938175, "Mélèze": 0.0, "NC": 0.12774655084312722, "NR": 1.6351558507920287, "Peuplier": 0.0, "Pin autre": 0.0, "Pin laricio, pin noir": 0.0, "Pin maritime": 0.0, "Pin sylvestre": 0.0, "Pins mélangés": 0.0, "Robinier": 0.0, "Sapin, épicéa": 0.0, "dynamic_world": null, "water": 0.56208482370975976, "tree": 44.915687276443535, "grass": 1.788451711803781, "crops": 1.1241696474195195, "shrub": 10.896780786918752, "flooded": 0.75370464997445064, "built": 22.917731221257025, "bare": 0.35769034236075625, "snow": 0.0, "sinister": 14.0 }, "geometry": { "type": "Polygon", "coordinates": [ [ [ 2.008902240229552, 48.932708030754377 ], [ 1.994920688250038, 48.925865626040398 ], [ 1.997338905351892, 48.913486733119534 ], [ 2.013731780284176, 48.907951541499649 ], [ 2.027708748412187, 48.914793113156335 ], [ 2.025297425113596, 48.927170709094227 ], [ 2.008902240229552, 48.932708030754377 ] ] ] } },
{ "type": "Feature", "properties": { "hex_id": "871fb6b2effffff", "scale0": 3301, "NDVI": 0.8265952467918396, "NDMI": 0.34939238429069519, "NDBI": -0.34939238429069519, "NDSI": -0.57552021741867065, "NDWI": -0.76914328336715698, "osmnx": null, "PasDeRoute": 93.92547217968351, "motorway": 0.0, "primary": 0.0, "secondary": 0.0, "tertiary": 0.0, "path": 6.0745278203164883, "population": 9.9999764432299774, "elevation": 28.44526481628418, "foret_encoder": 15.0, "highway_encoder": 0.0, "foret": null, "PasDeforet": 2.2077590607452784, "Châtaignier": 0.0, "Chênes décidus": 17.496171516079635, "Conifères": 0.0, "Douglas": 0.0, "Feuillus": 21.873404798366515, "Hêtre": 0.0, "Mixte": 9.7498723838693202, "Mélèze": 1.6334864726901481, "NC": 0.0, "NR": 5.5768249106687087, "Peuplier": 0.0, "Pin autre": 0.0, "Pin laricio, pin noir": 0.0, "Pin maritime": 0.0, "Pin sylvestre": 38.808065339458906, "Pins mélangés": 2.6544155181214903, "Robinier": 0.0, "Sapin, épicéa": 0.0, "dynamic_world": null, "water": 0.063808065339458903, "tree": 95.469627360898414, "grass": 0.0, "crops": 0.0, "shrub": 0.0, "flooded": 0.0, "built": 0.0, "bare": 0.0, "snow": 0.0, "sinister": 0.0 }, "geometry": { "type": "Polygon", "coordinates": [ [ [ 1.700050015218757, 48.712569596128553 ], [ 1.686112436859333, 48.70565425579457 ], [ 1.688592289668014, 48.693247216422037 ], [ 1.705002853352137, 48.68775679243128 ], [ 1.718935927703561, 48.694671273023005 ], [ 1.716462942068532, 48.707077036950196 ], [ 1.700050015218757, 48.712569596128553 ] ] ] } },
{ "type": "Feature", "properties": { "hex_id": "871fb4544ffffff", "scale0": 3302, "NDVI": 0.54592257738113403, "NDMI": 0.096593759953975677, "NDBI": -0.096593759953975677, "NDSI": -0.50342428684234619, "NDWI": -0.54979950189590454, "osmnx": null, "PasDeRoute": 100.0, "motorway": 0.0, "primary": 0.0, "secondary": 0.0, "tertiary": 0.0, "path": 0.0, "population": 59.000421666183442, "elevation": 35.445079803466797, "foret_encoder": 0.0, "highway_encoder": 0.0, "foret": null, "PasDeforet": 83.504631391955328, "Châtaignier": 0.0, "Chênes décidus": 7.1564522268747623, "Conifères": 0.0, "Douglas": 0.0, "Feuillus": 9.3389163811699021, "Hêtre": 0.0, "Mixte": 0.0, "Mélèze": 0.0, "NC": 0.0, "NR": 0.0, "Peuplier": 0.0, "Pin autre": 0.0, "Pin laricio, pin noir": 0.0, "Pin maritime": 0.0, "Pin sylvestre": 0.0, "Pins mélangés": 0.0, "Robinier": 0.0, "Sapin, épicéa": 0.0, "dynamic_world": null, "water": 7.562492069534323, "tree": 60.76640020301992, "grass": 5.8875777185636347, "crops": 0.9516558812333461, "shrub": 2.2078416444613627, "flooded": 1.5226494099733536, "built": 10.392082223068138, "bare": 0.0, "snow": 0.0, "sinister": 0.0 }, "geometry": { "type": "Polygon", "coordinates": [ [ [ 1.686347679041595, 49.087121397501214 ], [ 1.672323218927446, 49.080247109944175 ], [ 1.674821640465064, 49.067867234561049 ], [ 1.691337568021409, 49.062362909019349 ], [ 1.705357470111317, 49.069236337883815 ], [ 1.702866002354414, 49.081614950577674 ], [ 1.686347679041595, 49.087121397501214 ] ] ] } },
{ "type": "Feature", "properties": { "hex_id": "871fb4443ffffff", "scale0": 3303, "NDVI": 0.52969712018966675, "NDMI": 0.066157877445220947, "NDBI": -0.066157877445220947, "NDSI": -0.5074235200881958, "NDWI": -0.53791379928588867, "osmnx": null, "PasDeRoute": 96.69937555753792, "motorway": 0.0, "primary": 1.937046004842615, "secondary": 0.0, "tertiary": 1.070472792149866, "path": 0.29310564546960621, "population": 215.99921084820423, "elevation": 35.228862762451172, "foret_encoder": 0.0, "highway_encoder": 0.0, "foret": null, "PasDeforet": 74.015547342933601, "Châtaignier": 0.0, "Chênes décidus": 0.0, "Conifères": 0.0, "Douglas": 0.0, "Feuillus": 25.984452657066392, "Hêtre": 0.0, "Mixte": 0.0, "Mélèze": 0.0, "NC": 0.0, "NR": 0.0, "Peuplier": 0.0, "Pin autre": 0.0, "Pin laricio, pin noir": 0.0, "Pin maritime": 0.0, "Pin sylvestre": 0.0, "Pins mélangés": 0.0, "Robinier": 0.0, "Sapin, épicéa": 0.0, "dynamic_world": null, "water": 0.0, "tree": 23.818019625334522, "grass": 1.3890658850516122, "crops": 0.61169873837135214, "shrub": 1.860583662546196, "flooded": 0.2548744743213967, "built": 10.95960239582006, "bare": 0.0, "snow": 0.0, "sinister": 16.0 }, "geometry": { "type": "Polygon", "coordinates": [ [ [ 1.856905452201176, 48.92608101276555 ], [ 1.842922022063185, 48.919214400867695 ], [ 1.845374738731444, 48.906829063983174 ], [ 1.861803981257002, 48.901311621920989 ], [ 1.875782851545046, 48.90817738823386 ], [ 1.873337038827531, 48.920561441795208 ], [ 1.856905452201176, 48.92608101276555 ] ] ] } },
{ "type": "Feature", "properties": { "hex_id": "871fb455dffffff", "scale0": 3304, "NDVI": 0.52144962549209595, "NDMI": 0.06912153959274292, "NDBI": -0.06912153959274292, "NDSI": -0.50286376476287842, "NDWI": -0.53243160247802734, "osmnx": null, "PasDeRoute": 98.169336384439347, "motorway": 0.0, "primary": 0.0, "secondary": 0.0, "tertiary": 1.3475718281210272, "path": 0.48309178743961351, "population": 2.0005559397725743, "elevation": 37.026317596435547, "foret_encoder": 0.0, "highway_encoder": 0.0, "foret": null, "PasDeforet": 74.243579964403764, "Châtaignier": 0.0, "Chênes décidus": 0.0, "Conifères": 0.0, "Douglas": 0.0, "Feuillus": 18.02695143656242, "Hêtre": 0.0, "Mixte": 1.080600050851767, "Mélèze": 0.0, "NC": 6.6488685481820493, "NR": 0.0, "Peuplier": 0.0, "Pin autre": 0.0, "Pin laricio, pin noir": 0.0, "Pin maritime": 0.0, "Pin sylvestre": 0.0, "Pins mélangés": 0.0, "Robinier": 0.0, "Sapin, épicéa": 0.0, "dynamic_world": null, "water": 0.0, "tree": 25.375031782354434, "grass": 2.9748283752860414, "crops": 0.26697177726926014, "shrub": 37.973557081108567, "flooded": 1.0170353419781337, "built": 5.7716755657259089, "bare": 0.0, "snow": 0.0, "sinister": 0.0 }, "geometry": { "type": "Polygon", "coordinates": [ [ [ 1.743332778678579, 49.033459922382931 ], [ 1.729321993329414, 49.026588206508109 ], [ 1.731805120504786, 49.014206473010674 ], [ 1.748292095557435, 49.008697724581353 ], [ 1.762298322205403, 49.01556858615433 ], [ 1.759822132182053, 49.027949050055653 ], [ 1.743332778678579, 49.033459922382931 ] ] ] } },
{ "type": "Feature", "properties": { "hex_id": "871fb6a08ffffff", "scale0": 3305, "NDVI": 0.49876800179481506, "NDMI": 0.062788553535938263, "NDBI": -0.062788553535938263, "NDSI": -0.49632090330123901, "NDWI": -0.52379518747329712, "osmnx": null, "PasDeRoute": 95.37084398976981, "motorway": 1.8286445012787724, "primary": 0.0, "secondary": 0.98465473145780047, "tertiary": 1.0869565217391304, "path": 0.7289002557544757, "population": 34.999910484273911, "elevation": 26.08079719543457, "foret_encoder": 0.0, "highway_encoder": 0.0, "foret": null, "PasDeforet": 94.795396419437338, "Châtaignier": 0.0, "Chênes décidus": 2.3145780051150893, "Conifères": 0.0, "Douglas": 0.0, "Feuillus": 2.8900255754475705, "Hêtre": 0.0, "Mixte": 0.0, "Mélèze": 0.0, "NC": 0.0, "NR": 0.0, "Peuplier": 0.0, "Pin autre": 0.0, "Pin laricio, pin noir": 0.0, "Pin maritime": 0.0, "Pin sylvestre": 0.0, "Pins mélangés": 0.0, "Robinier": 0.0, "Sapin, épicéa": 0.0, "dynamic_world": null, "water": 0.0, "tree": 11.061381074168798, "grass": 2.4680306905370841, "crops": 1.5984654731457801, "shrub": 61.598465473145779, "flooded": 0.23017902813299232, "built": 1.1125319693094629, "bare": 0.12787723785166241, "snow": 0.0, "sinister": 0.0 }, "geometry": { "type": "Polygon", "coordinates": [ [ [ 1.888254685382408, 48.533497957935296 ], [ 1.874362156280251, 48.526591151323977 ], [ 1.876791907215803, 48.514178626924974 ], [ 1.893107374110876, 48.508674206755401 ], [ 1.906995397300931, 48.515580167736701 ], [ 1.904572459181191, 48.527991394126815 ], [ 1.888254685382408, 48.533497957935296 ] ] ] } },
{ "type": "Feature", "properties": { "hex_id": "871fb452affffff", "scale0": 3306, "NDVI": 0.54592257738113403, "NDMI": 0.096593759953975677, "NDBI": -0.096593759953975677, "NDSI": -0.50342428684234619, "NDWI": -0.54979950189590454, "osmnx": null, "PasDeRoute": 95.404481579946832, "motorway": 0.0, "primary": 0.56969236612229401, "secondary": 1.519179642992784, "tertiary": 1.6457779465755158, "path": 0.86086846436257758, "population": 30.000292103948308, "elevation": 20.384536743164062, "foret_encoder": 0.0, "highway_encoder": 0.0, "foret": null, "PasDeforet": 87.289530320293707, "Châtaignier": 0.0, "Chênes décidus": 0.0, "Conifères": 0.0, "Douglas": 0.0, "Feuillus": 12.482592733257375, "Hêtre": 0.0, "Mixte": 0.0, "Mélèze": 0.0, "NC": 0.22787694644891757, "NR": 0.0, "Peuplier": 0.0, "Pin autre": 0.0, "Pin laricio, pin noir": 0.0, "Pin maritime": 0.0, "Pin sylvestre": 0.0, "Pins mélangés": 0.0, "Robinier": 0.0, "Sapin, épicéa": 0.0, "dynamic_world": null, "water": 0.25319660716546399, "tree": 15.318394733510571, "grass": 3.2282567413596657, "crops": 1.8230155715913405, "shrub": 31.560957083175083, "flooded": 0.025319660716546399, "built": 10.824154956323586, "bare": 0.0, "snow": 0.0, "sinister": 2.0 }, "geometry": { "type": "Polygon", "coordinates": [ [ [ 1.533521881293209, 49.080179286646612 ], [ 1.519495967939254, 49.07328063420303 ], [ 1.522029187446434, 49.060894486867177 ], [ 1.538581356576695, 49.055408240416284 ], [ 1.552602736738809, 49.062306021654287 ], [ 1.550076480664043, 49.074690920141244 ], [ 1.533521881293209, 49.080179286646612 ] ] ] } },
{ "type": "Feature", "properties": { "hex_id": "871fb4788ffffff", "scale0": 3307, "NDVI": null, "NDMI": null, "NDBI": null, "NDSI": null, "NDWI": null, "osmnx": null, "PasDeRoute": null, "motorway": null, "primary": null, "secondary": null, "tertiary": null, "path": null, "population": null, "elevation": null, "foret_encoder": null, "highway_encoder": null, "foret": null, "PasDeforet": null, "Châtaignier": null, "Chênes décidus": null, "Conifères": null, "Douglas": null, "Feuillus": null, "Hêtre": null, "Mixte": null, "Mélèze": null, "NC": null, "NR": null, "Peuplier": null, "Pin autre": null, "Pin laricio, pin noir": null, "Pin maritime": null, "Pin sylvestre": null, "Pins mélangés": null, "Robinier": null, "Sapin, épicéa": null, "dynamic_world": null, "water": null, "tree": null, "grass": null, "crops": null, "shrub": null, "flooded": null, "built": null, "bare": null, "snow": null, "sinister": null }, "geometry": { "type": "Polygon", "coordinates": [ [ [ 2.049363681872604, 48.803358204874826 ], [ 2.035412967731389, 48.796507135108968 ], [ 2.037816775415465, 48.784120385066025 ], [ 2.05416443567306, 48.778586009025844 ], [ 2.068110579492292, 48.785436248270294 ], [ 2.065713633028165, 48.797821693683581 ], [ 2.049363681872604, 48.803358204874826 ] ] ] } },
{ "type": "Feature", "properties": { "hex_id": "871fb6b00ffffff", "scale0": 3308, "NDVI": 0.61010080575942993, "NDMI": 0.14010906219482422, "NDBI": -0.14010906219482422, "NDSI": -0.54291033744812012, "NDWI": -0.6097375750541687, "osmnx": null, "PasDeRoute": 98.207019328585972, "motorway": 0.0, "primary": 0.0, "secondary": 1.5640895218718209, "tertiary": 0.0, "path": 0.2288911495422177, "population": 11.000082448695087, "elevation": 32.915439605712891, "foret_encoder": 0.0, "highway_encoder": 0.0, "foret": null, "PasDeforet": 59.677009155645976, "Châtaignier": 0.0, "Chênes décidus": 30.353509664292982, "Conifères": 0.21617497456765006, "Douglas": 0.0, "Feuillus": 7.2863682604272633, "Hêtre": 0.0, "Mixte": 2.2889114954221768, "Mélèze": 0.0, "NC": 0.0, "NR": 0.0, "Peuplier": 0.0, "Pin autre": 0.0, "Pin laricio, pin noir": 0.0, "Pin maritime": 0.0, "Pin sylvestre": 0.17802644964394709, "Pins mélangés": 0.0, "Robinier": 0.0, "Sapin, épicéa": 0.0, "dynamic_world": null, "water": 0.97914547304170907, "tree": 44.862665310274672, "grass": 2.3397761953204474, "crops": 0.25432349949135302, "shrub": 20.447609359104781, "flooded": 0.26703967446592064, "built": 2.0600203458799591, "bare": 0.0, "snow": 0.0, "sinister": 2.0 }, "geometry": { "type": "Polygon", "coordinates": [ [ [ 1.677140580504989, 48.673919015901461 ], [ 1.663211384943657, 48.666995720300918 ], [ 1.665694883906384, 48.654584998754672 ], [ 1.682100717985598, 48.649098846908807 ], [ 1.696025418756476, 48.656021280639223 ], [ 1.693548779931162, 48.668430727688339 ], [ 1.677140580504989, 48.673919015901461 ] ] ] } },
{ "type": "Feature", "properties": { "hex_id": "871fb4780ffffff", "scale0": 3309, "NDVI": 0.5564422607421875, "NDMI": 0.12189117074012756, "NDBI": -0.12189117074012756, "NDSI": -0.45063778758049011, "NDWI": -0.52351713180541992, "osmnx": null, "PasDeRoute": 92.486583184257597, "motorway": 0.0, "primary": 0.25555839509327882, "secondary": 0.37055967288525427, "tertiary": 1.1627906976744187, "path": 5.7245080500894456, "population": 345.99839342828443, "elevation": 30.119712829589844, "foret_encoder": 0.0, "highway_encoder": 0.0, "foret": null, "PasDeforet": 85.829286992077698, "Châtaignier": 0.92001022233580365, "Chênes décidus": 2.6450293892154355, "Conifères": 0.0, "Douglas": 0.0, "Feuillus": 10.477894198824432, "Hêtre": 0.0, "Mixte": 0.0, "Mélèze": 0.0, "NC": 0.0, "NR": 0.12777919754663941, "Peuplier": 0.0, "Pin autre": 0.0, "Pin laricio, pin noir": 0.0, "Pin maritime": 0.0, "Pin sylvestre": 0.0, "Pins mélangés": 0.0, "Robinier": 0.0, "Sapin, épicéa": 0.0, "dynamic_world": null, "water": 0.53667262969588547, "tree": 13.672374137490417, "grass": 2.5044722719141324, "crops": 0.51111679018655765, "shrub": 1.6355737285969845, "flooded": 1.0350115001277793, "built": 70.95578839764886, "bare": 0.0, "snow": 0.0, "sinister": 10.0 }, "geometry": { "type": "Polygon", "coordinates": [ [ [ 1.969950427769275, 48.818629254232803 ], [ 1.955994359059066, 48.81176769422666 ], [ 1.958416901505517, 48.79937890406206 ], [ 1.974788641496031, 48.793852970443687 ], [ 1.98874014947695, 48.800713693495332 ], [ 1.986324477856784, 48.813101186725319 ], [ 1.969950427769275, 48.818629254232803 ] ] ] } },
{ "type": "Feature", "properties": { "hex_id": "871fb470cffffff", "scale0": 3310, "NDVI": 0.60881906747817993, "NDMI": 0.15797756612300873, "NDBI": -0.15797756612300873, "NDSI": -0.4815523624420166, "NDWI": -0.57404875755310059, "osmnx": null, "PasDeRoute": 92.110983250223754, "motorway": 0.0, "primary": 0.0, "secondary": 1.3681114946937734, "tertiary": 0.0, "path": 6.5209052550824707, "population": 2050.9934582849646, "elevation": 7.6667194366455078, "foret_encoder": 2.0, "highway_encoder": 0.0, "foret": null, "PasDeforet": 12.632655670630355, "Châtaignier": 0.0, "Chênes décidus": 61.820739035928909, "Conifères": 0.0, "Douglas": 0.0, "Feuillus": 9.6662830840046023, "Hêtre": 11.763201636619359, "Mixte": 0.48587137194732133, "Mélèze": 0.0, "NC": 0.0, "NR": 3.6312492008694539, "Peuplier": 0.0, "Pin autre": 0.0, "Pin laricio, pin noir": 0.0, "Pin maritime": 0.0, "Pin sylvestre": 0.0, "Pins mélangés": 0.0, "Robinier": 0.0, "Sapin, épicéa": 0.0, "dynamic_world": null, "water": 0.0, "tree": 70.834931594425271, "grass": 3.145377828922133, "crops": 0.012786088735455826, "shrub": 0.8438818565400843, "flooded": 0.21736350850274899, "built": 11.341260708349315, "bare": 0.0, "snow": 0.0, "sinister": 5.0 }, "geometry": { "type": "Polygon", "coordinates": [ [ [ 2.111596966673961, 48.955780681973899 ], [ 2.097612460453826, 48.948956785605894 ], [ 2.100008116794789, 48.936583666646605 ], [ 2.116381387935936, 48.931035749263408 ], [ 2.130361291382332, 48.937858821171417 ], [ 2.127972526104517, 48.950230634528161 ], [ 2.111596966673961, 48.955780681973899 ] ] ] } },
{ "type": "Feature", "properties": { "hex_id": "871fb4690ffffff", "scale0": 3311, "NDVI": 0.61340731382369995, "NDMI": 0.12258398532867432, "NDBI": -0.12258398532867432, "NDSI": -0.53879314661026001, "NDWI": -0.60275876522064209, "osmnx": null, "PasDeRoute": 100.0, "motorway": 0.0, "primary": 0.0, "secondary": 0.0, "tertiary": 0.0, "path": 0.0, "population": 296.99932156502337, "elevation": 41.828559875488281, "foret_encoder": 0.0, "highway_encoder": 0.0, "foret": null, "PasDeforet": 99.423741836342685, "Châtaignier": 0.0, "Chênes décidus": 0.0, "Conifères": 0.0, "Douglas": 0.0, "Feuillus": 0.57625816365731852, "Hêtre": 0.0, "Mixte": 0.0, "Mélèze": 0.0, "NC": 0.0, "NR": 0.0, "Peuplier": 0.0, "Pin autre": 0.0, "Pin laricio, pin noir": 0.0, "Pin maritime": 0.0, "Pin sylvestre": 0.0, "Pins mélangés": 0.0, "Robinier": 0.0, "Sapin, épicéa": 0.0, "dynamic_world": null, "water": 0.0, "tree": 22.384428223844282, "grass": 3.7520809322576518, "crops": 1.7799974388526059, "shrub": 45.678063772570113, "flooded": 0.17928031758227686, "built": 10.052503521577668, "bare": 0.0, "snow": 0.0, "sinister": 0.0 }, "geometry": { "type": "Polygon", "coordinates": [ [ [ 2.047880243454211, 48.653343303802394 ], [ 2.033963981367011, 48.646474791542488 ], [ 2.0363621782407, 48.634077166811586 ], [ 2.052669809396445, 48.628549362967036 ], [ 2.06658152394747, 48.635417043567358 ], [ 2.064190154533899, 48.647813359281812 ], [ 2.047880243454211, 48.653343303802394 ] ] ] } },
{ "type": "Feature", "properties": { "hex_id": "871fb452effffff", "scale0": 3312, "NDVI": 0.54592257738113403, "NDMI": 0.096593759953975677, "NDBI": -0.096593759953975677, "NDSI": -0.50342428684234619, "NDWI": -0.54979950189590454, "osmnx": null, "PasDeRoute": 96.15141157108495, "motorway": 0.0, "primary": 0.0, "secondary": 0.0, "tertiary": 2.4560070895050008, "path": 1.3925813394100519, "population": 114.00497990118316, "elevation": 15.634268760681152, "foret_encoder": 0.0, "highway_encoder": 0.0, "foret": null, "PasDeforet": 92.973794151158373, "Châtaignier": 0.0, "Chênes décidus": 0.0, "Conifères": 0.0, "Douglas": 0.0, "Feuillus": 5.0132928218761874, "Hêtre": 0.0, "Mixte": 0.0, "Mélèze": 0.0, "NC": 1.2533232054690469, "NR": 0.0, "Peuplier": 0.75958982149639198, "Pin autre": 0.0, "Pin laricio, pin noir": 0.0, "Pin maritime": 0.0, "Pin sylvestre": 0.0, "Pins mélangés": 0.0, "Robinier": 0.0, "Sapin, épicéa": 0.0, "dynamic_world": null, "water": 0.0, "tree": 18.68590960881124, "grass": 10.558298518799848, "crops": 1.139384732244588, "shrub": 21.29383466261552, "flooded": 0.21521711609064439, "built": 16.913533358652995, "bare": 0.0, "snow": 0.0, "sinister": 0.0 }, "geometry": { "type": "Polygon", "coordinates": [ [ [ 1.514426220115184, 49.098050404108534 ], [ 1.500395773870555, 49.091150878989716 ], [ 1.502934132407863, 49.078765370977123 ], [ 1.519495967939254, 49.07328063420303 ], [ 1.533521881293209, 49.080179286646612 ], [ 1.530990491709743, 49.092563548131295 ], [ 1.514426220115184, 49.098050404108534 ] ] ] } },
{ "type": "Feature", "properties": { "hex_id": "871fb6b71ffffff", "scale0": 3313, "NDVI": null, "NDMI": null, "NDBI": null, "NDSI": null, "NDWI": null, "osmnx": null, "PasDeRoute": null, "motorway": null, "primary": null, "secondary": null, "tertiary": null, "path": null, "population": null, "elevation": null, "foret_encoder": null, "highway_encoder": null, "foret": null, "PasDeforet": null, "Châtaignier": null, "Chênes décidus": null, "Conifères": null, "Douglas": null, "Feuillus": null, "Hêtre": null, "Mixte": null, "Mélèze": null, "NC": null, "NR": null, "Peuplier": null, "Pin autre": null, "Pin laricio, pin noir": null, "Pin maritime": null, "Pin sylvestre": null, "Pins mélangés": null, "Robinier": null, "Sapin, épicéa": null, "dynamic_world": null, "water": null, "tree": null, "grass": null, "crops": null, "shrub": null, "flooded": null, "built": null, "bare": null, "snow": null, "sinister": null }, "geometry": { "type": "Polygon", "coordinates": [ [ [ 1.840235333489749, 48.700283588697374 ], [ 1.826303587602834, 48.693388443604327 ], [ 1.828750965811647, 48.680985964224924 ], [ 1.845123235666411, 48.675479918209483 ], [ 1.859050458098546, 48.682374214934953 ], [ 1.856609933806106, 48.694775405648677 ], [ 1.840235333489749, 48.700283588697374 ] ] ] } },
{ "type": "Feature", "properties": { "hex_id": "871fb455affffff", "scale0": 3314, "NDVI": 0.42768111824989319, "NDMI": 0.08674091100692749, "NDBI": -0.08674091100692749, "NDSI": -0.34459760785102844, "NDWI": -0.39894324541091919, "osmnx": null, "PasDeRoute": 95.094051855617693, "motorway": 2.8723945094051859, "primary": 0.0, "secondary": 1.7158108795119471, "tertiary": 0.0, "path": 0.31774275546517539, "population": 239.00772897624503, "elevation": 19.317354202270508, "foret_encoder": 0.0, "highway_encoder": 0.0, "foret": null, "PasDeforet": 76.499745805795627, "Châtaignier": 0.0, "Chênes décidus": 0.0, "Conifères": 0.0, "Douglas": 0.0, "Feuillus": 22.521606507371633, "Hêtre": 0.0, "Mixte": 0.58464667005592275, "Mélèze": 0.0, "NC": 0.1779359430604982, "NR": 0.0, "Peuplier": 0.21606507371631925, "Pin autre": 0.0, "Pin laricio, pin noir": 0.0, "Pin maritime": 0.0, "Pin sylvestre": 0.0, "Pins mélangés": 0.0, "Robinier": 0.0, "Sapin, épicéa": 0.0, "dynamic_world": null, "water": 15.149974580579562, "tree": 28.507880020335534, "grass": 1.2455516014234875, "crops": 0.82613116420945598, "shrub": 12.874936451448907, "flooded": 1.1057447890188103, "built": 23.284189120488051, "bare": 1.0676156583629894, "snow": 0.0, "sinister": 29.0 }, "geometry": { "type": "Polygon", "coordinates": [ [ [ 1.720283542850083, 48.994947138404285 ], [ 1.706281219774554, 48.988067414105721 ], [ 1.708768041835858, 48.975681922659057 ], [ 1.725250256635246, 48.970177423789814 ], [ 1.739248030374297, 48.977056291695817 ], [ 1.736768138333582, 48.989440514461101 ], [ 1.720283542850083, 48.994947138404285 ] ] ] } },
{ "type": "Feature", "properties": { "hex_id": "871fb47abffffff", "scale0": 3315, "NDVI": 0.48741436004638672, "NDMI": 0.051169451326131821, "NDBI": -0.051169451326131821, "NDSI": -0.47856223583221436, "NDWI": -0.50211793184280396, "osmnx": null, "PasDeRoute": 97.148702211993353, "motorway": 0.012786088735455826, "primary": 0.16621915356092573, "secondary": 0.0, "tertiary": 2.2503516174402249, "path": 0.42194092827004215, "population": 3199.9882687285285, "elevation": 30.637729644775391, "foret_encoder": 0.0, "highway_encoder": 0.0, "foret": null, "PasDeforet": 99.705919959084525, "Châtaignier": 0.0, "Chênes décidus": 0.0, "Conifères": 0.0, "Douglas": 0.0, "Feuillus": 0.29408004091548395, "Hêtre": 0.0, "Mixte": 0.0, "Mélèze": 0.0, "NC": 0.0, "NR": 0.0, "Peuplier": 0.0, "Pin autre": 0.0, "Pin laricio, pin noir": 0.0, "Pin maritime": 0.0, "Pin sylvestre": 0.0, "Pins mélangés": 0.0, "Robinier": 0.0, "Sapin, épicéa": 0.0, "dynamic_world": null, "water": 0.0, "tree": 0.46029919447640966, "grass": 0.63930443677279125, "crops": 2.1224907300856666, "shrub": 63.725866257511832, "flooded": 0.14064697609001406, "built": 26.019690576652604, "bare": 0.0, "snow": 0.0, "sinister": 1.0 }, "geometry": { "type": "Polygon", "coordinates": [ [ [ 2.042154751897585, 48.840510459280694 ], [ 2.028195296934649, 48.833662553099472 ], [ 2.030602229158954, 48.821278220270372 ], [ 2.046961745784531, 48.815743096070157 ], [ 2.060916625885881, 48.822590171372781 ], [ 2.058516563875574, 48.834973201360619 ], [ 2.042154751897585, 48.840510459280694 ] ] ] } },
{ "type": "Feature", "properties": { "hex_id": "871fb472bffffff", "scale0": 3316, "NDVI": 0.69778788089752197, "NDMI": 0.19600825011730194, "NDBI": -0.19600825011730194, "NDSI": -0.55169308185577393, "NDWI": -0.65895503759384155, "osmnx": null, "PasDeRoute": 92.980437284234753, "motorway": 0.0, "primary": 1.534330648254699, "secondary": 0.0, "tertiary": 0.0, "path": 5.485232067510549, "population": 322.00404469741324, "elevation": 5.3802733421325684, "foret_encoder": 5.0, "highway_encoder": 0.0, "foret": null, "PasDeforet": 13.220815752461323, "Châtaignier": 9.1676256233218254, "Chênes décidus": 12.70937220304309, "Conifères": 0.0, "Douglas": 0.0, "Feuillus": 55.862421685206499, "Hêtre": 8.9246899373481661, "Mixte": 0.0, "Mélèze": 0.0, "NC": 0.0, "NR": 0.0, "Peuplier": 0.0, "Pin autre": 0.0, "Pin laricio, pin noir": 0.11507479861910241, "Pin maritime": 0.0, "Pin sylvestre": 0.0, "Pins mélangés": 0.0, "Robinier": 0.0, "Sapin, épicéa": 0.0, "dynamic_world": null, "water": 0.0, "tree": 69.492392277202413, "grass": 0.67766270297915876, "crops": 0.012786088735455826, "shrub": 0.051144354941823303, "flooded": 0.0, "built": 14.499424626006904, "bare": 0.025572177470911651, "snow": 0.0, "sinister": 7.0 }, "geometry": { "type": "Polygon", "coordinates": [ [ [ 2.123191884415385, 48.974971812413564 ], [ 2.109203198379579, 48.968151923748785 ], [ 2.111596966673961, 48.955780681973899 ], [ 2.127972526104517, 48.950230634528161 ], [ 2.14195660469951, 48.957049699800358 ], [ 2.139569730946433, 48.96941963551626 ], [ 2.123191884415385, 48.974971812413564 ] ] ] } },
{ "type": "Feature", "properties": { "hex_id": "871fb441dffffff", "scale0": 3317, "NDVI": 0.49306932091712952, "NDMI": 0.035628229379653931, "NDBI": -0.035628229379653931, "NDSI": -0.51656538248062134, "NDWI": -0.52030473947525024, "osmnx": null, "PasDeRoute": 97.939717665013347, "motorway": 0.0, "primary": 0.0, "secondary": 1.1573190894060792, "tertiary": 0.0, "path": 0.90296324558056718, "population": 222.99914960060215, "elevation": 26.957048416137695, "foret_encoder": 0.0, "highway_encoder": 0.0, "foret": null, "PasDeforet": 73.77591250158973, "Châtaignier": 0.0, "Chênes décidus": 4.934503370214931, "Conifères": 0.0, "Douglas": 0.0, "Feuillus": 21.289584128195347, "Hêtre": 0.0, "Mixte": 0.0, "Mélèze": 0.0, "NC": 0.0, "NR": 0.0, "Peuplier": 0.0, "Pin autre": 0.0, "Pin laricio, pin noir": 0.0, "Pin maritime": 0.0, "Pin sylvestre": 0.0, "Pins mélangés": 0.0, "Robinier": 0.0, "Sapin, épicéa": 0.0, "dynamic_world": null, "water": 0.0, "tree": 31.896222815719188, "grass": 3.3066259697316545, "crops": 1.0301411674933232, "shrub": 42.541014879816863, "flooded": 0.49599389545974815, "built": 2.4672516851074655, "bare": 0.0, "snow": 0.0, "sinister": 1.0 }, "geometry": { "type": "Polygon", "coordinates": [ [ [ 1.662766726685542, 48.898562330427097 ], [ 1.648785535081852, 48.89166261587286 ], [ 1.651281550768669, 48.879267770648248 ], [ 1.667751845539023, 48.873773905951978 ], [ 1.681728511141089, 48.880672758874994 ], [ 1.679239407665068, 48.893066337723766 ], [ 1.662766726685542, 48.898562330427097 ] ] ] } },
{ "type": "Feature", "properties": { "hex_id": "871fb4631ffffff", "scale0": 3318, "NDVI": null, "NDMI": null, "NDBI": null, "NDSI": null, "NDWI": null, "osmnx": null, "PasDeRoute": null, "motorway": null, "primary": null, "secondary": null, "tertiary": null, "path": null, "population": null, "elevation": null, "foret_encoder": null, "highway_encoder": null, "foret": null, "PasDeforet": null, "Châtaignier": null, "Chênes décidus": null, "Conifères": null, "Douglas": null, "Feuillus": null, "Hêtre": null, "Mixte": null, "Mélèze": null, "NC": null, "NR": null, "Peuplier": null, "Pin autre": null, "Pin laricio, pin noir": null, "Pin maritime": null, "Pin sylvestre": null, "Pins mélangés": null, "Robinier": null, "Sapin, épicéa": null, "dynamic_world": null, "water": null, "tree": null, "grass": null, "crops": null, "shrub": null, "flooded": null, "built": null, "bare": null, "snow": null, "sinister": null }, "geometry": { "type": "Polygon", "coordinates": [ [ [ 2.133094221394101, 48.844402888165007 ], [ 2.119136013356391, 48.837569457756921 ], [ 2.121522341140836, 48.825189041599032 ], [ 2.137860012615348, 48.81964336644031 ], [ 2.151813631636668, 48.826475973487355 ], [ 2.149434167842855, 48.838855078662235 ], [ 2.133094221394101, 48.844402888165007 ] ] ] } },
{ "type": "Feature", "properties": { "hex_id": "871fb46a5ffffff", "scale0": 3319, "NDVI": 0.51740092039108276, "NDMI": 0.05555368959903717, "NDBI": -0.05555368959903717, "NDSI": -0.49886658787727356, "NDWI": -0.52482283115386963, "osmnx": null, "PasDeRoute": 96.708925598668202, "motorway": 0.0, "primary": 1.5494941733896785, "secondary": 0.0, "tertiary": 0.56345242668715589, "path": 1.1781278012549623, "population": 187.99950295215251, "elevation": 21.809059143066406, "foret_encoder": 0.0, "highway_encoder": 0.0, "foret": null, "PasDeforet": 87.885772826226145, "Châtaignier": 0.0, "Chênes décidus": 0.57625816365731852, "Conifères": 0.40978358304520424, "Douglas": 0.0, "Feuillus": 10.628761685234986, "Hêtre": 0.0, "Mixte": 0.49942374183634269, "Mélèze": 0.0, "NC": 0.0, "NR": 0.0, "Peuplier": 0.0, "Pin autre": 0.0, "Pin laricio, pin noir": 0.0, "Pin maritime": 0.0, "Pin sylvestre": 0.0, "Pins mélangés": 0.0, "Robinier": 0.0, "Sapin, épicéa": 0.0, "dynamic_world": null, "water": 0.57625816365731852, "tree": 16.877961326674352, "grass": 10.641567422205148, "crops": 0.79395569215008321, "shrub": 10.347035471891406, "flooded": 0.14086310667178897, "built": 17.057241644256628, "bare": 0.0, "snow": 0.0, "sinister": 0.0 }, "geometry": { "type": "Polygon", "coordinates": [ [ [ 2.086842934939882, 48.767512360179552 ], [ 2.072901361532766, 48.760662950029634 ], [ 2.075295198437896, 48.748275099492723 ], [ 2.0916237582175, 48.742737967839126 ], [ 2.105560761129651, 48.749586550318995 ], [ 2.103173774406226, 48.76197309173115 ], [ 2.086842934939882, 48.767512360179552 ] ] ] } },
{ "type": "Feature", "properties": { "hex_id": "871fb4511ffffff", "scale0": 3320, "NDVI": 0.49886739253997803, "NDMI": 0.045165944844484329, "NDBI": -0.045165944844484329, "NDSI": -0.51052165031433105, "NDWI": -0.52388745546340942, "osmnx": null, "PasDeRoute": 98.034989858012167, "motorway": 0.0, "primary": 0.0, "secondary": 0.51977687626774849, "tertiary": 1.445233265720081, "path": 0.0, "population": 210.99918022440318, "elevation": 22.304698944091797, "foret_encoder": 0.0, "highway_encoder": 0.0, "foret": null, "PasDeforet": 84.92647058823529, "Châtaignier": 0.0, "Chênes décidus": 0.0, "Conifères": 0.0, "Douglas": 0.0, "Feuillus": 15.073529411764705, "Hêtre": 0.0, "Mixte": 0.0, "Mélèze": 0.0, "NC": 0.0, "NR": 0.0, "Peuplier": 0.0, "Pin autre": 0.0, "Pin laricio, pin noir": 0.0, "Pin maritime": 0.0, "Pin sylvestre": 0.0, "Pins mélangés": 0.0, "Robinier": 0.0, "Sapin, épicéa": 0.0, "dynamic_world": null, "water": 0.0, "tree": 8.2657200811359015, "grass": 3.4609533468559834, "crops": 0.43103448275862066, "shrub": 39.224137931034484, "flooded": 0.19016227180527384, "built": 8.1643002028397564, "bare": 0.0, "snow": 0.0, "sinister": 1.0 }, "geometry": { "type": "Polygon", "coordinates": [ [ [ 1.468494413783304, 49.020874941861123 ], [ 1.454481027244362, 49.013959404831063 ], [ 1.457026676006514, 49.001566369283239 ], [ 1.473578756553677, 48.996090115057996 ], [ 1.487587628978552, 49.003004775291252 ], [ 1.485048934679606, 49.015396566138982 ], [ 1.468494413783304, 49.020874941861123 ] ] ] } },
{ "type": "Feature", "properties": { "hex_id": "871fb45adffffff", "scale0": 3321, "NDVI": 0.51276624202728271, "NDMI": 0.043827138841152191, "NDBI": -0.043827138841152191, "NDSI": -0.52462470531463623, "NDWI": -0.5348389744758606, "osmnx": null, "PasDeRoute": 97.101999493799042, "motorway": 0.0, "primary": 0.0, "secondary": 1.2781574284991142, "tertiary": 1.6198430777018478, "path": 0.0, "population": 4.0001578303591634, "elevation": 16.120218276977539, "foret_encoder": 0.0, "highway_encoder": 0.0, "foret": null, "PasDeforet": 94.798785117691722, "Châtaignier": 0.0, "Chênes décidus": 0.025310048089091371, "Conifères": 0.0, "Douglas": 0.29106555302455073, "Feuillus": 4.8848392811946342, "Hêtre": 0.0, "Mixte": 0.0, "Mélèze": 0.0, "NC": 0.0, "NR": 0.0, "Peuplier": 0.0, "Pin autre": 0.0, "Pin laricio, pin noir": 0.0, "Pin maritime": 0.0, "Pin sylvestre": 0.0, "Pins mélangés": 0.0, "Robinier": 0.0, "Sapin, épicéa": 0.0, "dynamic_world": null, "water": 0.0, "tree": 3.6699569729182486, "grass": 0.86054163502910663, "crops": 0.55682105796001014, "shrub": 55.251834978486457, "flooded": 0.037965072133637055, "built": 5.6947608200455582, "bare": 0.0, "snow": 0.0, "sinister": 1.0 }, "geometry": { "type": "Polygon", "coordinates": [ [ [ 1.476119270799236, 48.983696447730537 ], [ 1.462114655051876, 48.976777789980446 ], [ 1.464656986756711, 48.964382248523883 ], [ 1.481196988560445, 48.958906610968306 ], [ 1.495197094554394, 48.965824392348495 ], [ 1.492661708207034, 48.978218687247441 ], [ 1.476119270799236, 48.983696447730537 ] ] ] } },
{ "type": "Feature", "properties": { "hex_id": "871fb6a0affffff", "scale0": 3322, "NDVI": null, "NDMI": null, "NDBI": null, "NDSI": null, "NDWI": null, "osmnx": null, "PasDeRoute": null, "motorway": null, "primary": null, "secondary": null, "tertiary": null, "path": null, "population": null, "elevation": null, "foret_encoder": null, "highway_encoder": null, "foret": null, "PasDeforet": null, "Châtaignier": null, "Chênes décidus": null, "Conifères": null, "Douglas": null, "Feuillus": null, "Hêtre": null, "Mixte": null, "Mélèze": null, "NC": null, "NR": null, "Peuplier": null, "Pin autre": null, "Pin laricio, pin noir": null, "Pin maritime": null, "Pin sylvestre": null, "Pins mélangés": null, "Robinier": null, "Sapin, épicéa": null, "dynamic_world": null, "water": null, "tree": null, "grass": null, "crops": null, "shrub": null, "flooded": null, "built": null, "bare": null, "snow": null, "sinister": null }, "geometry": { "type": "Polygon", "coordinates": [ [ [ 1.876791907215803, 48.514178626924974 ], [ 1.862903524276383, 48.507267852510132 ], [ 1.865335109900654, 48.49485350503064 ], [ 1.88164826877333, 48.489351229103065 ], [ 1.89553215036948, 48.496261156803662 ], [ 1.893107374110876, 48.508674206755401 ], [ 1.876791907215803, 48.514178626924974 ] ] ] } },
{ "type": "Feature", "properties": { "hex_id": "871fb4616ffffff", "scale0": 3323, "NDVI": 0.54071497917175293, "NDMI": 0.097876265645027161, "NDBI": -0.097876265645027161, "NDSI": -0.494852215051651, "NDWI": -0.54290771484375, "osmnx": null, "PasDeRoute": 91.741357234314975, "motorway": 0.0, "primary": 0.0, "secondary": 1.4980793854033292, "tertiary": 0.14084507042253522, "path": 6.6197183098591541, "population": 350.00413421313931, "elevation": 36.799465179443359, "foret_encoder": 0.0, "highway_encoder": 0.0, "foret": null, "PasDeforet": 77.375160051216383, "Châtaignier": 0.0, "Chênes décidus": 0.0, "Conifères": 0.0, "Douglas": 0.0, "Feuillus": 19.66709346991037, "Hêtre": 0.0, "Mixte": 0.0, "Mélèze": 0.0, "NC": 0.0, "NR": 2.9577464788732395, "Peuplier": 0.0, "Pin autre": 0.0, "Pin laricio, pin noir": 0.0, "Pin maritime": 0.0, "Pin sylvestre": 0.0, "Pins mélangés": 0.0, "Robinier": 0.0, "Sapin, épicéa": 0.0, "dynamic_world": null, "water": 0.17925736235595391, "tree": 23.85403329065301, "grass": 0.025608194622279128, "crops": 0.076824583866837381, "shrub": 36.043533930857876, "flooded": 0.051216389244558257, "built": 12.419974391805377, "bare": 0.0, "snow": 0.0, "sinister": 6.0 }, "geometry": { "type": "Polygon", "coordinates": [ [ [ 2.098396701701111, 48.786743773501534 ], [ 2.084450971594834, 48.779898355664464 ], [ 2.086842934939882, 48.767512360179552 ], [ 2.103173774406226, 48.76197309173115 ], [ 2.117114929393594, 48.76881768297644 ], [ 2.114729819681064, 48.781202368870389 ], [ 2.098396701701111, 48.786743773501534 ] ] ] } },
{ "type": "Feature", "properties": { "hex_id": "871fb47a4ffffff", "scale0": 3324, "NDVI": 0.52391856908798218, "NDMI": 0.087498053908348083, "NDBI": -0.087498053908348083, "NDSI": -0.47952267527580261, "NDWI": -0.52863180637359619, "osmnx": null, "PasDeRoute": 99.246968730057432, "motorway": 0.0, "primary": 0.15315890236119975, "secondary": 0.0, "tertiary": 0.0, "path": 0.59987236758136564, "population": 77.000157830359171, "elevation": 31.192251205444336, "foret_encoder": 0.0, "highway_encoder": 0.0, "foret": null, "PasDeforet": 70.899808551372047, "Châtaignier": 0.0, "Chênes décidus": 0.0, "Conifères": 0.0, "Douglas": 0.0, "Feuillus": 27.568602425015953, "Hêtre": 0.0, "Mixte": 0.0, "Mélèze": 0.0, "NC": 1.5315890236119976, "NR": 0.0, "Peuplier": 0.0, "Pin autre": 0.0, "Pin laricio, pin noir": 0.0, "Pin maritime": 0.0, "Pin sylvestre": 0.0, "Pins mélangés": 0.0, "Robinier": 0.0, "Sapin, épicéa": 0.0, "dynamic_world": null, "water": 0.012763241863433313, "tree": 30.83599234205488, "grass": 3.6885768985322276, "crops": 2.0676451818761965, "shrub": 42.565411614550101, "flooded": 0.14039566049776644, "built": 2.3739629865985963, "bare": 0.0, "snow": 0.0, "sinister": 5.0 }, "geometry": { "type": "Polygon", "coordinates": [ [ [ 1.925031929044907, 48.891609406470728 ], [ 1.911057987780194, 48.884749324360754 ], [ 1.913493727299227, 48.872364107598223 ], [ 1.929896516863452, 48.866840263154728 ], [ 1.943865893155087, 48.873699505068892 ], [ 1.941437044519094, 48.886083431225593 ], [ 1.925031929044907, 48.891609406470728 ] ] ] } },
{ "type": "Feature", "properties": { "hex_id": "871fb6b41ffffff", "scale0": 3325, "NDVI": 0.74064844846725464, "NDMI": 0.19846287369728088, "NDBI": -0.19846287369728088, "NDSI": -0.5868803858757019, "NDWI": -0.69312542676925659, "osmnx": null, "PasDeRoute": 93.885904323356357, "motorway": 0.0, "primary": 1.0744435917114352, "secondary": 1.6244563827065746, "tertiary": 0.11511895625479662, "path": 3.300076745970836, "population": 3.0001248508811296, "elevation": 31.606515884399414, "foret_encoder": 0.0, "highway_encoder": 0.0, "foret": null, "PasDeforet": 48.656945510360707, "Châtaignier": 0.0, "Chênes décidus": 24.865694551036071, "Conifères": 0.0, "Douglas": 0.0, "Feuillus": 25.940138142747504, "Hêtre": 0.0, "Mixte": 0.0, "Mélèze": 0.0, "NC": 0.53722179585571761, "NR": 0.0, "Peuplier": 0.0, "Pin autre": 0.0, "Pin laricio, pin noir": 0.0, "Pin maritime": 0.0, "Pin sylvestre": 0.0, "Pins mélangés": 0.0, "Robinier": 0.0, "Sapin, épicéa": 0.0, "dynamic_world": null, "water": 0.38372985418265537, "tree": 59.836275262215402, "grass": 9.6188283448452285, "crops": 1.2151445382450756, "shrub": 2.7116909695574316, "flooded": 0.012790995139421849, "built": 2.9291378869276028, "bare": 0.0, "snow": 0.0, "sinister": 0.0 }, "geometry": { "type": "Polygon", "coordinates": [ [ [ 1.919626744780043, 48.685125627621552 ], [ 1.905700244488195, 48.678240983027678 ], [ 1.908128916724054, 48.66584053415373 ], [ 1.924477244444931, 48.660326025857259 ], [ 1.938399211593533, 48.667209828484189 ], [ 1.935977383832007, 48.679608980981534 ], [ 1.919626744780043, 48.685125627621552 ] ] ] } },
{ "type": "Feature", "properties": { "hex_id": "871fb4552ffffff", "scale0": 3326, "NDVI": null, "NDMI": null, "NDBI": null, "NDSI": null, "NDWI": null, "osmnx": null, "PasDeRoute": null, "motorway": null, "primary": null, "secondary": null, "tertiary": null, "path": null, "population": null, "elevation": null, "foret_encoder": null, "highway_encoder": null, "foret": null, "PasDeforet": null, "Châtaignier": null, "Chênes décidus": null, "Conifères": null, "Douglas": null, "Feuillus": null, "Hêtre": null, "Mixte": null, "Mélèze": null, "NC": null, "NR": null, "Peuplier": null, "Pin autre": null, "Pin laricio, pin noir": null, "Pin maritime": null, "Pin sylvestre": null, "Pins mélangés": null, "Robinier": null, "Sapin, épicéa": null, "dynamic_world": null, "water": null, "tree": null, "grass": null, "crops": null, "shrub": null, "flooded": null, "built": null, "bare": null, "snow": null, "sinister": null }, "geometry": { "type": "Polygon", "coordinates": [ [ [ 1.640280057307575, 49.010069398087147 ], [ 1.626272572447365, 49.003179088207553 ], [ 1.628778360796738, 48.990791683690617 ], [ 1.645284694260028, 48.985295849513513 ], [ 1.659287639859319, 48.992185296541628 ], [ 1.656788790947531, 49.004571440194063 ], [ 1.640280057307575, 49.010069398087147 ] ] ] } },
{ "type": "Feature", "properties": { "hex_id": "871fb4456ffffff", "scale0": 3327, "NDVI": 0.49208876490592957, "NDMI": 0.044704515486955643, "NDBI": -0.044704515486955643, "NDSI": -0.51773673295974731, "NDWI": -0.52665722370147705, "osmnx": null, "PasDeRoute": 97.443073400330746, "motorway": 0.0, "primary": 0.83958783869736675, "secondary": 0.0, "tertiary": 1.6282915659585295, "path": 0.089047195013357075, "population": 9.0005653624805841, "elevation": 28.714187622070312, "foret_encoder": 0.0, "highway_encoder": 0.0, "foret": null, "PasDeforet": 96.081923419412291, "Châtaignier": 0.72509858796590765, "Chênes décidus": 0.0, "Conifères": 0.0, "Douglas": 0.0, "Feuillus": 2.8113471568502737, "Hêtre": 0.0, "Mixte": 0.38163083577153034, "Mélèze": 0.0, "NC": 0.0, "NR": 0.0, "Peuplier": 0.0, "Pin autre": 0.0, "Pin laricio, pin noir": 0.0, "Pin maritime": 0.0, "Pin sylvestre": 0.0, "Pins mélangés": 0.0, "Robinier": 0.0, "Sapin, épicéa": 0.0, "dynamic_world": null, "water": 0.0, "tree": 5.2665055336471189, "grass": 0.4961200865029895, "crops": 0.21625747360386718, "shrub": 65.335199084086, "flooded": 0.44523597506678536, "built": 13.344358224144512, "bare": 0.0, "snow": 0.0, "sinister": 3.0 }, "geometry": { "type": "Polygon", "coordinates": [ [ [ 1.754104789993108, 48.902733618338075 ], [ 1.740124544302467, 48.895848463751832 ], [ 1.742599829178318, 48.883457425915786 ], [ 1.759048453058329, 48.877952816897235 ], [ 1.773024158099768, 48.884837117341547 ], [ 1.770555779591468, 48.897226880546228 ], [ 1.754104789993108, 48.902733618338075 ] ] ] } },
{ "type": "Feature", "properties": { "hex_id": "871fb6a56ffffff", "scale0": 3328, "NDVI": 0.67531388998031616, "NDMI": 0.1856682151556015, "NDBI": -0.1856682151556015, "NDSI": -0.55639344453811646, "NDWI": -0.65095251798629761, "osmnx": null, "PasDeRoute": 98.627325208466971, "motorway": 0.0, "primary": 0.0, "secondary": 1.1417575368826169, "tertiary": 0.2309172546504169, "path": 0.0, "population": 294.99882216149882, "elevation": 35.455741882324219, "foret_encoder": 0.0, "highway_encoder": 0.0, "foret": null, "PasDeforet": 80.705580500320721, "Châtaignier": 0.0, "Chênes décidus": 13.867864015394485, "Conifères": 0.0, "Douglas": 0.0, "Feuillus": 5.1443232841565107, "Hêtre": 0.0, "Mixte": 0.0, "Mélèze": 0.0, "NC": 0.28223220012828737, "NR": 0.0, "Peuplier": 0.0, "Pin autre": 0.0, "Pin laricio, pin noir": 0.0, "Pin maritime": 0.0, "Pin sylvestre": 0.0, "Pins mélangés": 0.0, "Robinier": 0.0, "Sapin, épicéa": 0.0, "dynamic_world": null, "water": 0.01282873636946761, "tree": 30.40410519563823, "grass": 0.2309172546504169, "crops": 0.16677357280307889, "shrub": 40.038486209108406, "flooded": 0.0, "built": 1.2700449005772931, "bare": 0.0, "snow": 0.0, "sinister": 0.0 }, "geometry": { "type": "Polygon", "coordinates": [ [ [ 1.937191345831911, 48.516973383457682 ], [ 1.923303690358998, 48.510072234144353 ], [ 1.925721659226195, 48.497660484440217 ], [ 1.942020477828137, 48.492151186624547 ], [ 1.955903622531419, 48.499051494189551 ], [ 1.953492459070853, 48.511461940928989 ], [ 1.937191345831911, 48.516973383457682 ] ] ] } },
{ "type": "Feature", "properties": { "hex_id": "871fb4784ffffff", "scale0": 3329, "NDVI": 0.5799071192741394, "NDMI": 0.13067957758903503, "NDBI": -0.13067957758903503, "NDSI": -0.48596975207328796, "NDWI": -0.56006240844726562, "osmnx": null, "PasDeRoute": 88.440413845957337, "motorway": 0.0, "primary": 1.366713501085707, "secondary": 0.0, "tertiary": 1.366713501085707, "path": 8.8261591518712468, "population": 1573.9926974012926, "elevation": 37.31573486328125, "foret_encoder": 0.0, "highway_encoder": 0.0, "foret": null, "PasDeforet": 83.829352407714907, "Châtaignier": 1.9414995529441819, "Chênes décidus": 0.58755907523310769, "Conifères": 0.0, "Douglas": 0.0, "Feuillus": 12.530335930514752, "Hêtre": 0.0, "Mixte": 0.68974326223016991, "Mélèze": 0.0, "NC": 0.0, "NR": 0.42150977136288159, "Peuplier": 0.0, "Pin autre": 0.0, "Pin laricio, pin noir": 0.0, "Pin maritime": 0.0, "Pin sylvestre": 0.0, "Pins mélangés": 0.0, "Robinier": 0.0, "Sapin, épicéa": 0.0, "dynamic_world": null, "water": 0.86856558947502882, "tree": 23.719504406693066, "grass": 4.8282028356111892, "crops": 0.90688465959892706, "shrub": 0.66419721548090438, "flooded": 0.85579256610039589, "built": 62.064120577340653, "bare": 0.0, "snow": 0.0, "sinister": 37.0 }, "geometry": { "type": "Polygon", "coordinates": [ [ [ 1.951146125453336, 48.836542849996171 ], [ 1.93718549614188, 48.829680451603096 ], [ 1.939613051284653, 48.817292226578921 ], [ 1.955994359059066, 48.81176769422666 ], [ 1.969950427769275, 48.818629254232803 ], [ 1.96752974896808, 48.831016184582928 ], [ 1.951146125453336, 48.836542849996171 ] ] ] } },
{ "type": "Feature", "properties": { "hex_id": "871fb44e6ffffff", "scale0": 3330, "NDVI": 0.53626972436904907, "NDMI": 0.079134501516819, "NDBI": -0.079134501516819, "NDSI": -0.51100200414657593, "NDWI": -0.54633760452270508, "osmnx": null, "PasDeRoute": 98.971689729592484, "motorway": 0.0, "primary": 0.0, "secondary": 0.0, "tertiary": 1.0283102704075155, "path": 0.0, "population": 74.99994110807495, "elevation": 18.601993560791016, "foret_encoder": 0.0, "highway_encoder": 0.0, "foret": null, "PasDeforet": 94.820363082391779, "Châtaignier": 0.0, "Chênes décidus": 0.0, "Conifères": 0.0, "Douglas": 0.0, "Feuillus": 5.1796369176082262, "Hêtre": 0.0, "Mixte": 0.0, "Mélèze": 0.0, "NC": 0.0, "NR": 0.0, "Peuplier": 0.0, "Pin autre": 0.0, "Pin laricio, pin noir": 0.0, "Pin maritime": 0.0, "Pin sylvestre": 0.0, "Pins mélangés": 0.0, "Robinier": 0.0, "Sapin, épicéa": 0.0, "dynamic_world": null, "water": 0.0, "tree": 6.9315729338580683, "grass": 0.97752951631331719, "crops": 0.27929414751809067, "shrub": 77.161355846134313, "flooded": 0.076171131141297449, "built": 3.8720324996826205, "bare": 0.0, "snow": 0.0, "sinister": 1.0 }, "geometry": { "type": "Polygon", "coordinates": [ [ [ 1.700675620087368, 48.862781133878194 ], [ 1.68670348072725, 48.855883141142293 ], [ 1.689189348221877, 48.843487104557042 ], [ 1.705640453530448, 48.837990331261153 ], [ 1.71960806641591, 48.844887465251666 ], [ 1.717129100154755, 48.857282230883079 ], [ 1.700675620087368, 48.862781133878194 ] ] ] } },
{ "type": "Feature", "properties": { "hex_id": "871fb6b06ffffff", "scale0": 3331, "NDVI": 0.57110852003097534, "NDMI": 0.082708992063999176, "NDBI": -0.082708992063999176, "NDSI": -0.54824841022491455, "NDWI": -0.58291280269622803, "osmnx": null, "PasDeRoute": 98.226135783563038, "motorway": 0.0, "primary": 0.0, "secondary": 1.6590096988259317, "tertiary": 0.0, "path": 0.11485451761102604, "population": 74.999830391255827, "elevation": 37.297420501708984, "foret_encoder": 0.0, "highway_encoder": 0.0, "foret": null, "PasDeforet": 64.701378254211335, "Châtaignier": 0.0, "Chênes décidus": 8.1546707503828486, "Conifères": 0.0, "Douglas": 0.0, "Feuillus": 23.940786115364983, "Hêtre": 0.0, "Mixte": 2.7054619703930576, "Mélèze": 0.0, "NC": 0.31904032669729454, "NR": 0.0, "Peuplier": 0.0, "Pin autre": 0.0, "Pin laricio, pin noir": 0.0, "Pin maritime": 0.0, "Pin sylvestre": 0.0, "Pins mélangés": 0.0, "Robinier": 0.0, "Sapin, épicéa": 0.17866258295048493, "dynamic_world": null, "water": 0.54874936191934665, "tree": 34.775395610005106, "grass": 1.1230219499744767, "crops": 0.37008677896886166, "shrub": 20.967330270546196, "flooded": 0.012761613067891782, "built": 2.6161306789178154, "bare": 0.0, "snow": 0.0, "sinister": 1.0 }, "geometry": { "type": "Polygon", "coordinates": [ [ [ 1.646796018023773, 48.672480443462206 ], [ 1.63286652186512, 48.665552308576665 ], [ 1.635356882874938, 48.65314031528073 ], [ 1.651769877692044, 48.647657728222178 ], [ 1.665694883906384, 48.654584998754672 ], [ 1.663211384943657, 48.666995720300918 ], [ 1.646796018023773, 48.672480443462206 ] ] ] } },
{ "type": "Feature", "properties": { "hex_id": "871fb6b63ffffff", "scale0": 3332, "NDVI": 0.72514116764068604, "NDMI": 0.20332431793212891, "NDBI": -0.20332431793212891, "NDSI": -0.58774030208587646, "NDWI": -0.69084006547927856, "osmnx": null, "PasDeRoute": 91.747448979591837, "motorway": 0.0, "primary": 0.0, "secondary": 1.1352040816326532, "tertiary": 2.1173469387755102, "path": 5.0, "population": 27.999978798906984, "elevation": 39.183311462402344, "foret_encoder": 0.0, "highway_encoder": 0.0, "foret": null, "PasDeforet": 55.051020408163268, "Châtaignier": 0.0, "Chênes décidus": 15.841836734693878, "Conifères": 0.0, "Douglas": 0.0, "Feuillus": 29.107142857142858, "Hêtre": 0.0, "Mixte": 0.0, "Mélèze": 0.0, "NC": 0.0, "NR": 0.0, "Peuplier": 0.0, "Pin autre": 0.0, "Pin laricio, pin noir": 0.0, "Pin maritime": 0.0, "Pin sylvestre": 0.0, "Pins mélangés": 0.0, "Robinier": 0.0, "Sapin, épicéa": 0.0, "dynamic_world": null, "water": 0.19132653061224489, "tree": 50.076530612244895, "grass": 2.079081632653061, "crops": 0.51020408163265307, "shrub": 13.36734693877551, "flooded": 0.31887755102040816, "built": 23.647959183673471, "bare": 0.0, "snow": 0.0, "sinister": 2.0 }, "geometry": { "type": "Polygon", "coordinates": [ [ [ 1.882038214586738, 48.720951399672757 ], [ 1.868102648455216, 48.714065066889646 ], [ 1.870541327418837, 48.701665721293786 ], [ 1.886908716764743, 48.696153999954333 ], [ 1.900839750053334, 48.703039487932806 ], [ 1.898407926509711, 48.715437541661018 ], [ 1.882038214586738, 48.720951399672757 ] ] ] } },
{ "type": "Feature", "properties": { "hex_id": "871fb452bffffff", "scale0": 3333, "NDVI": 0.54592257738113403, "NDMI": 0.096593759953975677, "NDBI": -0.096593759953975677, "NDSI": -0.50342428684234619, "NDWI": -0.54979950189590454, "osmnx": null, "PasDeRoute": 94.103474511793053, "motorway": 0.0, "primary": 0.0, "secondary": 0.35505959928988079, "tertiary": 4.2860765914278467, "path": 1.2553892974892213, "population": 11.000061247602066, "elevation": 16.515975952148438, "foret_encoder": 0.0, "highway_encoder": 0.0, "foret": null, "PasDeforet": 75.348719249302562, "Châtaignier": 0.0, "Chênes décidus": 0.55795079888409838, "Conifères": 0.0, "Douglas": 0.0, "Feuillus": 13.834643672330712, "Hêtre": 0.0, "Mixte": 0.0, "Mélèze": 0.0, "NC": 10.258686279482628, "NR": 0.0, "Peuplier": 0.0, "Pin autre": 0.0, "Pin laricio, pin noir": 0.0, "Pin maritime": 0.0, "Pin sylvestre": 0.0, "Pins mélangés": 0.0, "Robinier": 0.0, "Sapin, épicéa": 0.0, "dynamic_world": null, "water": 10.95612477808775, "tree": 18.285569363428859, "grass": 4.1719502916560991, "crops": 1.6358102967283794, "shrub": 16.611716966776566, "flooded": 0.22825259954349481, "built": 18.082678163834643, "bare": 0.0, "snow": 0.0, "sinister": 1.0 }, "geometry": { "type": "Polygon", "coordinates": [ [ [ 1.564102119909351, 49.081584696049546 ], [ 1.550076480664043, 49.074690920141244 ], [ 1.552602736738809, 49.062306021654287 ], [ 1.569147670232842, 49.056816150291077 ], [ 1.583168771296121, 49.063709057494023 ], [ 1.580649476745627, 49.076092704358523 ], [ 1.564102119909351, 49.081584696049546 ] ] ] } },
{ "type": "Feature", "properties": { "hex_id": "871fb6b54ffffff", "scale0": 3334, "NDVI": null, "NDMI": null, "NDBI": null, "NDSI": null, "NDWI": null, "osmnx": null, "PasDeRoute": null, "motorway": null, "primary": null, "secondary": null, "tertiary": null, "path": null, "population": null, "elevation": null, "foret_encoder": null, "highway_encoder": null, "foret": null, "PasDeforet": null, "Châtaignier": null, "Chênes décidus": null, "Conifères": null, "Douglas": null, "Feuillus": null, "Hêtre": null, "Mixte": null, "Mélèze": null, "NC": null, "NR": null, "Peuplier": null, "Pin autre": null, "Pin laricio, pin noir": null, "Pin maritime": null, "Pin sylvestre": null, "Pins mélangés": null, "Robinier": null, "Sapin, épicéa": null, "dynamic_world": null, "water": null, "tree": null, "grass": null, "crops": null, "shrub": null, "flooded": null, "built": null, "bare": null, "snow": null, "sinister": null }, "geometry": { "type": "Polygon", "coordinates": [ [ [ 1.81727261196101, 48.661682517123758 ], [ 1.80334921362797, 48.654779413085585 ], [ 1.805800268135983, 48.642373251568706 ], [ 1.822167873714727, 48.63687148141419 ], [ 1.836086757802817, 48.643773734941625 ], [ 1.833642550235486, 48.65617860873985 ], [ 1.81727261196101, 48.661682517123758 ] ] ] } },
{ "type": "Feature", "properties": { "hex_id": "871fb6b4bffffff", "scale0": 3335, "NDVI": 0.7045745849609375, "NDMI": 0.19117048382759094, "NDBI": -0.19117048382759094, "NDSI": -0.56859242916107178, "NDWI": -0.66792654991149902, "osmnx": null, "PasDeRoute": 92.311635058944134, "motorway": 0.0, "primary": 0.0, "secondary": 1.460789338800615, "tertiary": 1.8452075858534085, "path": 4.3823680164018457, "population": 209.99904123946004, "elevation": 38.988170623779297, "foret_encoder": 0.0, "highway_encoder": 0.0, "foret": null, "PasDeforet": 59.764223475140952, "Châtaignier": 4.2542286007175809, "Chênes décidus": 8.6109687339825722, "Conifères": 0.12813941568426446, "Douglas": 0.0, "Feuillus": 27.242439774474629, "Hêtre": 0.0, "Mixte": 0.0, "Mélèze": 0.0, "NC": 0.0, "NR": 0.0, "Peuplier": 0.0, "Pin autre": 0.0, "Pin laricio, pin noir": 0.0, "Pin maritime": 0.0, "Pin sylvestre": 0.0, "Pins mélangés": 0.0, "Robinier": 0.0, "Sapin, épicéa": 0.0, "dynamic_world": null, "water": 0.089697590978985137, "tree": 46.194259354177348, "grass": 1.922091235263967, "crops": 0.48692977960020506, "shrub": 33.918503331624805, "flooded": 0.051255766273705788, "built": 3.7416709379805226, "bare": 0.0, "snow": 0.0, "sinister": 0.0 }, "geometry": { "type": "Polygon", "coordinates": [ [ [ 1.987405806131443, 48.650650830979387 ], [ 1.973488754858709, 48.643772687306011 ], [ 1.975900612750819, 48.631372452680289 ], [ 1.992222690054793, 48.625851664926991 ], [ 2.006135203194395, 48.63272897195364 ], [ 2.003730176824324, 48.645127902989238 ], [ 1.987405806131443, 48.650650830979387 ] ] ] } },
{ "type": "Feature", "properties": { "hex_id": "871fb6b0effffff", "scale0": 3336, "NDVI": 0.62421083450317383, "NDMI": 0.11585462838411331, "NDBI": -0.11585462838411331, "NDSI": -0.55517250299453735, "NDWI": -0.6132320761680603, "osmnx": null, "PasDeRoute": 97.793648769289632, "motorway": 0.0, "primary": 0.0, "secondary": 1.3263614334906262, "tertiary": 0.0, "path": 0.87998979721974246, "population": 5.0000659589560685, "elevation": 32.841312408447266, "foret_encoder": 0.0, "highway_encoder": 0.0, "foret": null, "PasDeforet": 47.430174722611909, "Châtaignier": 0.0, "Chênes décidus": 46.180334141053436, "Conifères": 0.0, "Douglas": 0.0, "Feuillus": 3.7877821706414996, "Hêtre": 0.0, "Mixte": 0.0, "Mélèze": 0.0, "NC": 0.0, "NR": 0.0, "Peuplier": 0.0, "Pin autre": 0.0, "Pin laricio, pin noir": 0.0, "Pin maritime": 0.0, "Pin sylvestre": 2.6017089656931511, "Pins mélangés": 0.0, "Robinier": 0.0, "Sapin, épicéa": 0.0, "dynamic_world": null, "water": 0.0, "tree": 53.309526846065559, "grass": 1.3773753347787272, "crops": 0.44637163627088383, "shrub": 32.738171151638824, "flooded": 0.012753475322025252, "built": 0.72694809335543931, "bare": 0.0, "snow": 0.0, "sinister": 0.0 }, "geometry": { "type": "Polygon", "coordinates": [ [ [ 1.726348473188295, 48.657449167170462 ], [ 1.71242408593381, 48.65053156849585 ], [ 1.714895692965663, 48.638121560237494 ], [ 1.7312848341589, 48.632630429766294 ], [ 1.745204721567875, 48.639547170472241 ], [ 1.742739967316907, 48.651955899221953 ], [ 1.726348473188295, 48.657449167170462 ] ] ] } },
{ "type": "Feature", "properties": { "hex_id": "871fb44e5ffffff", "scale0": 3337, "NDVI": 0.49298989772796631, "NDMI": 0.037076860666275024, "NDBI": -0.037076860666275024, "NDSI": -0.51808708906173706, "NDWI": -0.52252483367919922, "osmnx": null, "PasDeRoute": 97.682119205298008, "motorway": 0.0, "primary": 0.076413652572592972, "secondary": 0.0, "tertiary": 1.6556291390728477, "path": 0.5858380030565461, "population": 49.000777373410813, "elevation": 16.516868591308594, "foret_encoder": 0.0, "highway_encoder": 0.0, "foret": null, "PasDeforet": 78.642384105960261, "Châtaignier": 0.0, "Chênes décidus": 0.0, "Conifères": 0.0, "Douglas": 0.0, "Feuillus": 21.255731023942946, "Hêtre": 0.0, "Mixte": 0.10188487009679062, "Mélèze": 0.0, "NC": 0.0, "NR": 0.0, "Peuplier": 0.0, "Pin autre": 0.0, "Pin laricio, pin noir": 0.0, "Pin maritime": 0.0, "Pin sylvestre": 0.0, "Pins mélangés": 0.0, "Robinier": 0.0, "Sapin, épicéa": 0.0, "dynamic_world": null, "water": 0.0, "tree": 22.274579724910851, "grass": 5.7437595517065718, "crops": 1.1334691798267957, "shrub": 37.124299541518084, "flooded": 0.47121752419765661, "built": 10.646968925114621, "bare": 0.0, "snow": 0.0, "sinister": 0.0 }, "geometry": { "type": "Polygon", "coordinates": [ [ [ 1.742599829178318, 48.883457425915786 ], [ 1.72862379579453, 48.876568276424386 ], [ 1.731100922603272, 48.864175373510392 ], [ 1.747547179651752, 48.85867289385579 ], [ 1.761518677040463, 48.865561188151226 ], [ 1.759048453058329, 48.877952816897235 ], [ 1.742599829178318, 48.883457425915786 ] ] ] } },
{ "type": "Feature", "properties": { "hex_id": "871fb40d3ffffff", "scale0": 3338, "NDVI": 0.46278762817382812, "NDMI": 0.045287810266017914, "NDBI": -0.045287810266017914, "NDSI": -0.43936693668365479, "NDWI": -0.464458167552948, "osmnx": null, "PasDeRoute": 89.998722697662544, "motorway": 0.0, "primary": 0.34487163111508495, "secondary": 3.755268872142036, "tertiary": 4.611061438242432, "path": 1.2900753608379103, "population": 2676.9985936608296, "elevation": 5.9756450653076172, "foret_encoder": 0.0, "highway_encoder": 0.0, "foret": null, "PasDeforet": 99.105888363775705, "Châtaignier": 0.0, "Chênes décidus": 0.038319070123898326, "Conifères": 0.0, "Douglas": 0.0, "Feuillus": 0.85579256610039589, "Hêtre": 0.0, "Mixte": 0.0, "Mélèze": 0.0, "NC": 0.0, "NR": 0.0, "Peuplier": 0.0, "Pin autre": 0.0, "Pin laricio, pin noir": 0.0, "Pin maritime": 0.0, "Pin sylvestre": 0.0, "Pins mélangés": 0.0, "Robinier": 0.0, "Sapin, épicéa": 0.0, "dynamic_world": null, "water": 1.3283944309618088, "tree": 0.80470047260186484, "grass": 0.40873674798824883, "crops": 0.076638140247796652, "shrub": 0.17882232724485886, "flooded": 0.20436837399412441, "built": 83.433388683101299, "bare": 0.0, "snow": 0.0, "sinister": 5.0 }, "geometry": { "type": "Polygon", "coordinates": [ [ [ 2.097218753532723, 49.02999584132796 ], [ 2.083216662345702, 49.023178313085978 ], [ 2.085618567768282, 49.010810110177694 ], [ 2.102015654823933, 49.005260737102077 ], [ 2.116013134036602, 49.01207744011532 ], [ 2.113618137811321, 49.024444341036748 ], [ 2.097218753532723, 49.02999584132796 ] ] ] } },
{ "type": "Feature", "properties": { "hex_id": "871fb6a25ffffff", "scale0": 3339, "NDVI": 0.46752285957336426, "NDMI": 0.026277458295226097, "NDBI": -0.026277458295226097, "NDSI": -0.48883357644081116, "NDWI": -0.49499037861824036, "osmnx": null, "PasDeRoute": 97.142128093901505, "motorway": 0.0, "primary": 1.6330696606277111, "secondary": 0.10206685378923194, "tertiary": 0.84205154376116365, "path": 0.28068384792038786, "population": 49.000002355677012, "elevation": 19.295988082885742, "foret_encoder": 0.0, "highway_encoder": 0.0, "foret": null, "PasDeforet": 93.671855065067618, "Châtaignier": 0.0, "Chênes décidus": 1.760653227864251, "Conifères": 0.0, "Douglas": 0.0, "Feuillus": 3.2533809645317686, "Hêtre": 0.0, "Mixte": 0.24240877774942587, "Mélèze": 0.0, "NC": 0.0, "NR": 0.0, "Peuplier": 1.0717019647869355, "Pin autre": 0.0, "Pin laricio, pin noir": 0.0, "Pin maritime": 0.0, "Pin sylvestre": 0.0, "Pins mélangés": 0.0, "Robinier": 0.0, "Sapin, épicéa": 0.0, "dynamic_world": null, "water": 0.0, "tree": 8.178106659862209, "grass": 3.3299311048736921, "crops": 1.1865271752998214, "shrub": 59.74738453687165, "flooded": 0.051033426894615971, "built": 1.1354937484052054, "bare": 0.0, "snow": 0.0, "sinister": 0.0 }, "geometry": { "type": "Polygon", "coordinates": [ [ [ 1.794333930536737, 48.62305817174115 ], [ 1.780418874380202, 48.616147115923553 ], [ 1.782873595365483, 48.603737281829048 ], [ 1.799236532219517, 48.598239789925181 ], [ 1.813147083323739, 48.605149993086151 ], [ 1.810699202307576, 48.617558540413441 ], [ 1.794333930536737, 48.62305817174115 ] ] ] } },
{ "type": "Feature", "properties": { "hex_id": "871fb44aaffffff", "scale0": 3340, "NDVI": 0.40109652280807495, "NDMI": -0.027207311242818832, "NDBI": 0.027207311242818832, "NDSI": -0.48529747128486633, "NDWI": -0.44913691282272339, "osmnx": null, "PasDeRoute": 95.885714285714286, "motorway": 0.0, "primary": 2.2476190476190476, "secondary": 1.180952380952381, "tertiary": 0.68571428571428572, "path": 0.0, "population": 22.000002355677008, "elevation": 19.371555328369141, "foret_encoder": 0.0, "highway_encoder": 0.0, "foret": null, "PasDeforet": 98.641269841269846, "Châtaignier": 0.0, "Chênes décidus": 0.0, "Conifères": 0.0, "Douglas": 0.0, "Feuillus": 1.3587301587301588, "Hêtre": 0.0, "Mixte": 0.0, "Mélèze": 0.0, "NC": 0.0, "NR": 0.0, "Peuplier": 0.0, "Pin autre": 0.0, "Pin laricio, pin noir": 0.0, "Pin maritime": 0.0, "Pin sylvestre": 0.0, "Pins mélangés": 0.0, "Robinier": 0.0, "Sapin, épicéa": 0.0, "dynamic_world": null, "water": 0.0, "tree": 0.0, "grass": 0.63492063492063489, "crops": 0.5714285714285714, "shrub": 63.784126984126985, "flooded": 0.12698412698412698, "built": 17.320634920634919, "bare": 0.0, "snow": 0.0, "sinister": 0.0 }, "geometry": { "type": "Polygon", "coordinates": [ [ [ 1.586427696379372, 48.819917181941342 ], [ 1.57246309909202, 48.812996653163069 ], [ 1.574973324908952, 48.800593105636494 ], [ 1.591441247828259, 48.795111348239885 ], [ 1.605401342608269, 48.802031008695344 ], [ 1.602898016676124, 48.814433294468571 ], [ 1.586427696379372, 48.819917181941342 ] ] ] } },
{ "type": "Feature", "properties": { "hex_id": "871fb44c3ffffff", "scale0": 3341, "NDVI": 0.70012933015823364, "NDMI": 0.21622136235237122, "NDBI": -0.21622136235237122, "NDSI": -0.52453559637069702, "NDWI": -0.6526762843132019, "osmnx": null, "PasDeRoute": 92.888095845016565, "motorway": 0.0, "primary": 0.0, "secondary": 2.1921998470558246, "tertiary": 1.7333673209278613, "path": 3.1863369869997453, "population": 55.001740845304802, "elevation": 32.687812805175781, "foret_encoder": 0.0, "highway_encoder": 0.0, "foret": null, "PasDeforet": 66.428753504970686, "Châtaignier": 0.0, "Chênes décidus": 7.4687738975274032, "Conifères": 0.0, "Douglas": 0.0, "Feuillus": 24.789701758858019, "Hêtre": 0.0, "Mixte": 0.48432322202396122, "Mélèze": 0.0, "NC": 0.20392556716798371, "NR": 0.0, "Peuplier": 0.0, "Pin autre": 0.0, "Pin laricio, pin noir": 0.0, "Pin maritime": 0.0, "Pin sylvestre": 0.0, "Pins mélangés": 0.0, "Robinier": 0.62452204945195, "Sapin, épicéa": 0.0, "dynamic_world": null, "water": 0.16568952332398676, "tree": 41.091001784348713, "grass": 3.8745857761916898, "crops": 4.2824369105276574, "shrub": 17.907213866938569, "flooded": 0.26765230690797859, "built": 11.037471322967116, "bare": 0.0, "snow": 0.0, "sinister": 0.0 }, "geometry": { "type": "Polygon", "coordinates": [ [ [ 1.776317558502529, 48.791194295649298 ], [ 1.762363526361944, 48.784299729268255 ], [ 1.764829176082676, 48.771901360181332 ], [ 1.7812419783214, 48.766398837149211 ], [ 1.795191483131798, 48.77329255052809 ], [ 1.79273271271419, 48.785689639543641 ], [ 1.776317558502529, 48.791194295649298 ] ] ] } },
{ "type": "Feature", "properties": { "hex_id": "871fb471cffffff", "scale0": 3342, "NDVI": 0.58907634019851685, "NDMI": 0.14544478058815002, "NDBI": -0.14544478058815002, "NDSI": -0.47963753342628479, "NDWI": -0.56901931762695312, "osmnx": null, "PasDeRoute": 89.81599795553285, "motorway": 0.0, "primary": 0.95834398159979561, "secondary": 0.0, "tertiary": 2.7089189879887554, "path": 6.5167390748786094, "population": 2268.0031047822895, "elevation": 32.988452911376953, "foret_encoder": 0.0, "highway_encoder": 0.0, "foret": null, "PasDeforet": 79.568106312292358, "Châtaignier": 0.7155635062611807, "Chênes décidus": 2.8111423460260672, "Conifères": 0.0, "Douglas": 0.0, "Feuillus": 16.905187835420392, "Hêtre": 0.0, "Mixte": 0.0, "Mélèze": 0.0, "NC": 0.0, "NR": 0.0, "Peuplier": 0.0, "Pin autre": 0.0, "Pin laricio, pin noir": 0.0, "Pin maritime": 0.0, "Pin sylvestre": 0.0, "Pins mélangés": 0.0, "Robinier": 0.0, "Sapin, épicéa": 0.0, "dynamic_world": null, "water": 0.10222335803731153, "tree": 31.433682596473293, "grass": 0.70278558650651679, "crops": 0.25555839509327882, "shrub": 5.7117301303347814, "flooded": 0.10222335803731153, "built": 52.964477383082034, "bare": 0.038333759263991823, "snow": 0.0, "sinister": 8.0 }, "geometry": { "type": "Polygon", "coordinates": [ [ [ 2.058070894989514, 48.9160911234842 ], [ 2.044094331613128, 48.909254385281159 ], [ 2.046500642738136, 48.896876217006344 ], [ 2.062876630702146, 48.891336088508083 ], [ 2.076848605367456, 48.898171997604891 ], [ 2.074449180429233, 48.91054886391148 ], [ 2.058070894989514, 48.9160911234842 ] ] ] } },
{ "type": "Feature", "properties": { "hex_id": "871fb6b25ffffff", "scale0": 3343, "NDVI": 0.77662569284439087, "NDMI": 0.26530373096466064, "NDBI": -0.26530373096466064, "NDSI": -0.57577812671661377, "NDWI": -0.72345513105392456, "osmnx": null, "PasDeRoute": 91.140854047163799, "motorway": 0.0, "primary": 0.0, "secondary": 1.7208413001912046, "tertiary": 0.0, "path": 7.1383046526449974, "population": 104.99972438579073, "elevation": 18.068098068237305, "foret_encoder": 7.0, "highway_encoder": 0.0, "foret": null, "PasDeforet": 28.604206500956025, "Châtaignier": 0.0, "Chênes décidus": 18.368387507966858, "Conifères": 0.0, "Douglas": 0.0, "Feuillus": 19.031230082855323, "Hêtre": 0.0, "Mixte": 29.152326322498407, "Mélèze": 0.0, "NC": 0.0, "NR": 0.29318036966220523, "Peuplier": 0.0, "Pin autre": 0.0, "Pin laricio, pin noir": 0.0, "Pin maritime": 0.0, "Pin sylvestre": 1.6571064372211599, "Pins mélangés": 2.8935627788400256, "Robinier": 0.0, "Sapin, épicéa": 0.0, "dynamic_world": null, "water": 0.089228808158062459, "tree": 81.032504780114721, "grass": 6.7686424474187383, "crops": 0.0, "shrub": 0.0, "flooded": 0.0, "built": 1.1472275334608031, "bare": 0.0, "snow": 0.0, "sinister": 3.0 }, "geometry": { "type": "Polygon", "coordinates": [ [ [ 1.662234406620583, 48.748360231160845 ], [ 1.648287820946452, 48.741443167067366 ], [ 1.650777771984489, 48.729037274876042 ], [ 1.667207430320229, 48.723549717273436 ], [ 1.681149512456401, 48.730465918773895 ], [ 1.678666439487814, 48.742870540071053 ], [ 1.662234406620583, 48.748360231160845 ] ] ] } },
{ "type": "Feature", "properties": { "hex_id": "871fb44acffffff", "scale0": 3344, "NDVI": 0.47209948301315308, "NDMI": 0.0091568361967802048, "NDBI": -0.0091568361967802048, "NDSI": -0.528572678565979, "NDWI": -0.51353704929351807, "osmnx": null, "PasDeRoute": 99.809547993905539, "motorway": 0.0, "primary": 0.0, "secondary": 0.0, "tertiary": 0.0, "path": 0.19045200609446419, "population": 36.000732615547761, "elevation": 20.014053344726562, "foret_encoder": 0.0, "highway_encoder": 0.0, "foret": null, "PasDeforet": 81.462671406805484, "Châtaignier": 0.0, "Chênes décidus": 1.5744032503809042, "Conifères": 0.0, "Douglas": 0.0, "Feuillus": 16.962925342813612, "Hêtre": 0.0, "Mixte": 0.0, "Mélèze": 0.0, "NC": 0.0, "NR": 0.0, "Peuplier": 0.0, "Pin autre": 0.0, "Pin laricio, pin noir": 0.0, "Pin maritime": 0.0, "Pin sylvestre": 0.0, "Pins mélangés": 0.0, "Robinier": 0.0, "Sapin, épicéa": 0.0, "dynamic_world": null, "water": 0.0, "tree": 8.7861858811579481, "grass": 1.2315896394108685, "crops": 0.85068562722193997, "shrub": 34.382935500253936, "flooded": 0.41899441340782123, "built": 9.6114779075672931, "bare": 0.0, "snow": 0.0, "sinister": 0.0 }, "geometry": { "type": "Polygon", "coordinates": [ [ [ 1.57889921670608, 48.857119799521698 ], [ 1.564925891313486, 48.850202388691862 ], [ 1.567439382992333, 48.837801295843882 ], [ 1.583919290852025, 48.832318873350509 ], [ 1.597888109369235, 48.839235415467485 ], [ 1.595381526602198, 48.851635248388199 ], [ 1.57889921670608, 48.857119799521698 ] ] ] } },
{ "type": "Feature", "properties": { "hex_id": "871fb6a01ffffff", "scale0": 3345, "NDVI": 0.51193869113922119, "NDMI": 0.075421139597892761, "NDBI": -0.075421139597892761, "NDSI": -0.49474248290061951, "NDWI": -0.52876466512680054, "osmnx": null, "PasDeRoute": 100.0, "motorway": 0.0, "primary": 0.0, "secondary": 0.0, "tertiary": 0.0, "path": 0.0, "population": 23.002094196855165, "elevation": 17.785037994384766, "foret_encoder": 0.0, "highway_encoder": 0.0, "foret": null, "PasDeforet": 75.229826353421856, "Châtaignier": 0.0, "Chênes décidus": 22.522982635342188, "Conifères": 0.0, "Douglas": 0.0, "Feuillus": 0.12768130745658834, "Hêtre": 0.0, "Mixte": 0.0, "Mélèze": 0.0, "NC": 0.0, "NR": 2.1195097037793666, "Peuplier": 0.0, "Pin autre": 0.0, "Pin laricio, pin noir": 0.0, "Pin maritime": 0.0, "Pin sylvestre": 0.0, "Pins mélangés": 0.0, "Robinier": 0.0, "Sapin, épicéa": 0.0, "dynamic_world": null, "water": 0.0, "tree": 26.366189989785493, "grass": 2.0173646578140958, "crops": 3.0260469867211439, "shrub": 53.945352400408574, "flooded": 0.063840653728294172, "built": 3.319713993871297, "bare": 0.0, "snow": 0.0, "sinister": 3.0 }, "geometry": { "type": "Polygon", "coordinates": [ [ [ 1.839268039843263, 48.550007857251742 ], [ 1.825370654709288, 48.543095385210428 ], [ 1.827812206963572, 48.530682097488665 ], [ 1.844144323822576, 48.525182574458427 ], [ 1.858037207943677, 48.532094196986051 ], [ 1.855602475896531, 48.544506191665597 ], [ 1.839268039843263, 48.550007857251742 ] ] ] } },
{ "type": "Feature", "properties": { "hex_id": "871fb4449ffffff", "scale0": 3346, "NDVI": 0.62040901184082031, "NDMI": 0.15205562114715576, "NDBI": -0.15205562114715576, "NDSI": -0.52406775951385498, "NDWI": -0.60457837581634521, "osmnx": null, "PasDeRoute": 96.721102322020926, "motorway": 0.0, "primary": 0.0, "secondary": 0.0, "tertiary": 0.47205919877519781, "path": 2.8068384792038787, "population": 472.00043580024555, "elevation": 45.651538848876953, "foret_encoder": 0.0, "highway_encoder": 0.0, "foret": null, "PasDeforet": 60.551161010461854, "Châtaignier": 34.383771370247516, "Chênes décidus": 0.063791783618269968, "Conifères": 0.0, "Douglas": 0.0, "Feuillus": 5.0012758356723657, "Hêtre": 0.0, "Mixte": 0.0, "Mélèze": 0.0, "NC": 0.0, "NR": 0.0, "Peuplier": 0.0, "Pin autre": 0.0, "Pin laricio, pin noir": 0.0, "Pin maritime": 0.0, "Pin sylvestre": 0.0, "Pins mélangés": 0.0, "Robinier": 0.0, "Sapin, épicéa": 0.0, "dynamic_world": null, "water": 0.0, "tree": 38.249553457514672, "grass": 0.85480990048481753, "crops": 1.0589436080632815, "shrub": 41.439142638428173, "flooded": 0.59964276601173772, "built": 3.2916560347027302, "bare": 0.0, "snow": 0.0, "sinister": 5.0 }, "geometry": { "type": "Polygon", "coordinates": [ [ [ 1.94812650315407, 48.930082399207834 ], [ 1.934144175535697, 48.923230317078904 ], [ 1.936576186386371, 48.910848838373866 ], [ 1.952983626621374, 48.905320732928196 ], [ 1.966961379953516, 48.912171976985547 ], [ 1.964536266997384, 48.924552164163075 ], [ 1.94812650315407, 48.930082399207834 ] ] ] } },
{ "type": "Feature", "properties": { "hex_id": "871fb4615ffffff", "scale0": 3347, "NDVI": 0.60730820894241333, "NDMI": 0.16816870868206024, "NDBI": -0.16816870868206024, "NDSI": -0.48913857340812683, "NDWI": -0.58406120538711548, "osmnx": null, "PasDeRoute": 88.866111467008324, "motorway": 0.0, "primary": 1.2940422805893657, "secondary": 1.9730941704035874, "tertiary": 1.8449711723254325, "path": 6.0217809096732866, "population": 5354.0002025882222, "elevation": 48.280967712402344, "foret_encoder": 0.0, "highway_encoder": 0.0, "foret": null, "PasDeforet": 50.057655349135167, "Châtaignier": 11.889814221652786, "Chênes décidus": 22.895579756566303, "Conifères": 0.0, "Douglas": 0.0, "Feuillus": 12.671364509929534, "Hêtre": 0.0, "Mixte": 0.79436258808456106, "Mélèze": 0.0, "NC": 0.0, "NR": 1.6912235746316464, "Peuplier": 0.0, "Pin autre": 0.0, "Pin laricio, pin noir": 0.0, "Pin maritime": 0.0, "Pin sylvestre": 0.0, "Pins mélangés": 0.0, "Robinier": 0.0, "Sapin, épicéa": 0.0, "dynamic_world": null, "water": 0.0, "tree": 10.352338244714925, "grass": 10.454836643177451, "crops": 0.089686098654708515, "shrub": 0.038436899423446511, "flooded": 0.25624599615631005, "built": 15.592568866111467, "bare": 0.0, "snow": 0.0, "sinister": 17.0 }, "geometry": { "type": "Polygon", "coordinates": [ [ [ 2.140241360865695, 48.807262398668037 ], [ 2.126291897823076, 48.800425795142644 ], [ 2.128675128045471, 48.788042967129684 ], [ 2.145000965952716, 48.782498055015964 ], [ 2.158945844553162, 48.789333835532254 ], [ 2.156569469331403, 48.801715350780242 ], [ 2.140241360865695, 48.807262398668037 ] ] ] } },
{ "type": "Feature", "properties": { "hex_id": "871fb451dffffff", "scale0": 3348, "NDVI": 0.73930650949478149, "NDMI": 0.24549093842506409, "NDBI": -0.24549093842506409, "NDSI": -0.56900614500045776, "NDWI": -0.69686490297317505, "osmnx": null, "PasDeRoute": 99.860636006588123, "motorway": 0.0, "primary": 0.0, "secondary": 0.0, "tertiary": 0.0, "path": 0.13936399341188394, "population": 196.99913075518612, "elevation": 35.361785888671875, "foret_encoder": 2.0, "highway_encoder": 0.0, "foret": null, "PasDeforet": 24.363359939186623, "Châtaignier": 0.0, "Chênes décidus": 41.53047003674142, "Conifères": 1.1655897630812113, "Douglas": 0.70948942100595458, "Feuillus": 29.203091346762953, "Hêtre": 0.0, "Mixte": 0.0, "Mélèze": 0.0, "NC": 0.19004180919802355, "NR": 0.49410870391486128, "Peuplier": 0.0, "Pin autre": 0.0, "Pin laricio, pin noir": 2.3438489801089575, "Pin maritime": 0.0, "Pin sylvestre": 0.0, "Pins mélangés": 0.0, "Robinier": 0.0, "Sapin, épicéa": 0.0, "dynamic_world": null, "water": 0.0, "tree": 78.385911567211451, "grass": 0.44343088812872167, "crops": 0.41809198023565186, "shrub": 13.125554288610161, "flooded": 0.03800836183960471, "built": 0.24071962498416316, "bare": 0.0, "snow": 0.0, "sinister": 3.0 }, "geometry": { "type": "Polygon", "coordinates": [ [ [ 1.529622236862466, 49.02373100907004 ], [ 1.515609370618843, 49.016825222463432 ], [ 1.518141112333757, 49.004434679093009 ], [ 1.534678769301373, 48.998951172174507 ], [ 1.548687111440054, 49.005856086974894 ], [ 1.546162320418838, 49.018245380093489 ], [ 1.529622236862466, 49.02373100907004 ] ] ] } },
{ "type": "Feature", "properties": { "hex_id": "871fb6b2bffffff", "scale0": 3349, "NDVI": 0.79581034183502197, "NDMI": 0.29521775245666504, "NDBI": -0.29521775245666504, "NDSI": -0.57511609792709351, "NDWI": -0.73747783899307251, "osmnx": null, "PasDeRoute": 95.967330270546185, "motorway": 0.0, "primary": 0.0, "secondary": 2.233282286881062, "tertiary": 1.3016845329249618, "path": 0.49770290964777947, "population": 4.0000164897390178, "elevation": 28.485237121582031, "foret_encoder": 5.0, "highway_encoder": 0.0, "foret": null, "PasDeforet": 22.320061255742726, "Châtaignier": 0.22970903522205208, "Chênes décidus": 19.959162838182746, "Conifères": 0.0, "Douglas": 0.0, "Feuillus": 25.56151097498724, "Hêtre": 0.0, "Mixte": 3.3180193976518635, "Mélèze": 0.0, "NC": 2.2588055130168452, "NR": 0.14037774374680959, "Peuplier": 0.0, "Pin autre": 0.0, "Pin laricio, pin noir": 14.305768249106688, "Pin maritime": 0.0, "Pin sylvestre": 11.906584992343031, "Pins mélangés": 0.0, "Robinier": 0.0, "Sapin, épicéa": 0.0, "dynamic_world": null, "water": 0.4466564573762124, "tree": 72.052067381317002, "grass": 1.0081674323634506, "crops": 0.22970903522205208, "shrub": 0.8933129147524248, "flooded": 0.75293517100561513, "built": 6.2404287901990809, "bare": 0.0, "snow": 0.0, "sinister": 3.0 }, "geometry": { "type": "Polygon", "coordinates": [ [ [ 1.749272065313132, 48.696086932286846 ], [ 1.73533931096976, 48.689177288215191 ], [ 1.737807262699614, 48.676770959249097 ], [ 1.754201108665971, 48.671275554415978 ], [ 1.768129353954466, 48.678184342653786 ], [ 1.765668262016292, 48.690589391162185 ], [ 1.749272065313132, 48.696086932286846 ] ] ] } },
{ "type": "Feature", "properties": { "hex_id": "871fb4408ffffff", "scale0": 3350, "NDVI": 0.44585064053535461, "NDMI": 0.016831010580062866, "NDBI": -0.016831010580062866, "NDSI": -0.50624525547027588, "NDWI": -0.49526819586753845, "osmnx": null, "PasDeRoute": 96.030534351145036, "motorway": 0.0, "primary": 1.0305343511450382, "secondary": 1.5776081424936386, "tertiary": 1.361323155216285, "path": 0.0, "population": 39.000405176444424, "elevation": 27.64448356628418, "foret_encoder": 0.0, "highway_encoder": 0.0, "foret": null, "PasDeforet": 79.503816793893137, "Châtaignier": 2.2137404580152671, "Chênes décidus": 3.5368956743002542, "Conifères": 0.0, "Douglas": 0.0, "Feuillus": 14.185750636132315, "Hêtre": 0.0, "Mixte": 0.0, "Mélèze": 0.0, "NC": 0.55979643765903309, "NR": 0.0, "Peuplier": 0.0, "Pin autre": 0.0, "Pin laricio, pin noir": 0.0, "Pin maritime": 0.0, "Pin sylvestre": 0.0, "Pins mélangés": 0.0, "Robinier": 0.0, "Sapin, épicéa": 0.0, "dynamic_world": null, "water": 0.0, "tree": 25.08905852417303, "grass": 0.87786259541984735, "crops": 0.076335877862595422, "shrub": 65.190839694656489, "flooded": 0.089058524173027995, "built": 1.9592875318066159, "bare": 0.0, "snow": 0.0, "sinister": 2.0 }, "geometry": { "type": "Polygon", "coordinates": [ [ [ 1.704718130688356, 48.919243773734344 ], [ 1.690733025971984, 48.912352909518027 ], [ 1.693220292133814, 48.899961197179124 ], [ 1.709685748870149, 48.894461618248542 ], [ 1.723666318032355, 48.901351624379444 ], [ 1.721185965698353, 48.913742067124979 ], [ 1.704718130688356, 48.919243773734344 ] ] ] } },
{ "type": "Feature", "properties": { "hex_id": "871fb44a9ffffff", "scale0": 3351, "NDVI": 0.49693861603736877, "NDMI": 0.039763666689395905, "NDBI": -0.039763666689395905, "NDSI": -0.50010299682617188, "NDWI": -0.51617127656936646, "osmnx": null, "PasDeRoute": 99.211195928753185, "motorway": 0.0, "primary": 0.16539440203562342, "secondary": 0.62340966921119589, "tertiary": 0.0, "path": 0.0, "population": 39.000970538925003, "elevation": 21.652040481567383, "foret_encoder": 0.0, "highway_encoder": 0.0, "foret": null, "PasDeforet": 92.493638676844782, "Châtaignier": 0.0, "Chênes décidus": 1.2977099236641221, "Conifères": 0.0, "Douglas": 0.0, "Feuillus": 6.2086513994910941, "Hêtre": 0.0, "Mixte": 0.0, "Mélèze": 0.0, "NC": 0.0, "NR": 0.0, "Peuplier": 0.0, "Pin autre": 0.0, "Pin laricio, pin noir": 0.0, "Pin maritime": 0.0, "Pin sylvestre": 0.0, "Pins mélangés": 0.0, "Robinier": 0.0, "Sapin, épicéa": 0.0, "dynamic_world": null, "water": 0.0, "tree": 7.4936386768447845, "grass": 6.1577608142493645, "crops": 1.1959287531806615, "shrub": 49.05852417302799, "flooded": 0.66157760814249367, "built": 10.865139949109414, "bare": 0.0, "snow": 0.0, "sinister": 3.0 }, "geometry": { "type": "Polygon", "coordinates": [ [ [ 1.628329355311315, 48.840661085946522 ], [ 1.61436082596431, 48.833749398501048 ], [ 1.616862328045512, 48.821348969313121 ], [ 1.633325457630986, 48.815861492148962 ], [ 1.647289474924657, 48.822772314811864 ], [ 1.64479487438134, 48.835171479020218 ], [ 1.628329355311315, 48.840661085946522 ] ] ] } },
{ "type": "Feature", "properties": { "hex_id": "871fb472effffff", "scale0": 3352, "NDVI": null, "NDMI": null, "NDBI": null, "NDSI": null, "NDWI": null, "osmnx": null, "PasDeRoute": null, "motorway": null, "primary": null, "secondary": null, "tertiary": null, "path": null, "population": null, "elevation": null, "foret_encoder": null, "highway_encoder": null, "foret": null, "PasDeforet": null, "Châtaignier": null, "Chênes décidus": null, "Conifères": null, "Douglas": null, "Feuillus": null, "Hêtre": null, "Mixte": null, "Mélèze": null, "NC": null, "NR": null, "Peuplier": null, "Pin autre": null, "Pin laricio, pin noir": null, "Pin maritime": null, "Pin sylvestre": null, "Pins mélangés": null, "Robinier": null, "Sapin, épicéa": null, "dynamic_world": null, "water": null, "tree": null, "grass": null, "crops": null, "shrub": null, "flooded": null, "built": null, "bare": null, "snow": null, "sinister": null }, "geometry": { "type": "Polygon", "coordinates": [ [ [ 2.074024461071021, 48.991618484195669 ], [ 2.060030749532986, 48.984792934566876 ], [ 2.062436429612311, 48.972420967437287 ], [ 2.078828918663963, 48.966875850618564 ], [ 2.092818027583766, 48.973700572892689 ], [ 2.090419249716557, 48.986071238944348 ], [ 2.074024461071021, 48.991618484195669 ] ] ] } },
{ "type": "Feature", "properties": { "hex_id": "871fb6b0dffffff", "scale0": 3353, "NDVI": 0.69759911298751831, "NDMI": 0.14822834730148315, "NDBI": -0.14822834730148315, "NDSI": -0.57844406366348267, "NDWI": -0.65827512741088867, "osmnx": null, "PasDeRoute": 98.738692827111734, "motorway": 0.0, "primary": 0.0, "secondary": 1.2613071728882661, "tertiary": 0.0, "path": 0.0, "population": 4.0011519260541899, "elevation": 24.051031112670898, "foret_encoder": 2.0, "highway_encoder": 0.0, "foret": null, "PasDeforet": 11.122435979105619, "Châtaignier": 0.0, "Chênes décidus": 54.860491782392664, "Conifères": 0.0, "Douglas": 0.0, "Feuillus": 13.746974136832717, "Hêtre": 0.0, "Mixte": 1.7709262326411008, "Mélèze": 0.0, "NC": 0.40769524780226779, "NR": 2.9175691170849789, "Peuplier": 0.0, "Pin autre": 0.0, "Pin laricio, pin noir": 4.4591667728373041, "Pin maritime": 0.0, "Pin sylvestre": 10.714740731303349, "Pins mélangés": 0.0, "Robinier": 0.0, "Sapin, épicéa": 0.0, "dynamic_world": null, "water": 0.0, "tree": 66.059370620461209, "grass": 4.5101286788125874, "crops": 0.25480952987641736, "shrub": 3.0322334055293667, "flooded": 0.0, "built": 0.0, "bare": 0.0, "snow": 0.0, "sinister": 1.0 }, "geometry": { "type": "Polygon", "coordinates": [ [ [ 1.768129353954466, 48.678184342653786 ], [ 1.754201108665971, 48.671275554415978 ], [ 1.75666403298859, 48.658868664592383 ], [ 1.773048347939014, 48.653371845333737 ], [ 1.78697208396801, 48.66027977915688 ], [ 1.784516013989258, 48.672685386257655 ], [ 1.768129353954466, 48.678184342653786 ] ] ] } },
{ "type": "Feature", "properties": { "hex_id": "871fb44f6ffffff", "scale0": 3354, "NDVI": 0.64279806613922119, "NDMI": 0.15609441697597504, "NDBI": -0.15609441697597504, "NDSI": -0.53462737798690796, "NDWI": -0.62172430753707886, "osmnx": null, "PasDeRoute": 97.771836007130119, "motorway": 0.0, "primary": 0.0, "secondary": 0.0, "tertiary": 1.7443340972752737, "path": 0.48382989559460143, "population": 467.99789166908295, "elevation": 33.462047576904297, "foret_encoder": 0.0, "highway_encoder": 0.0, "foret": null, "PasDeforet": 80.366692131398011, "Châtaignier": 0.45836516424751722, "Chênes décidus": 0.0, "Conifères": 0.0, "Douglas": 0.0, "Feuillus": 19.174942704354471, "Hêtre": 0.0, "Mixte": 0.0, "Mélèze": 0.0, "NC": 0.0, "NR": 0.0, "Peuplier": 0.0, "Pin autre": 0.0, "Pin laricio, pin noir": 0.0, "Pin maritime": 0.0, "Pin sylvestre": 0.0, "Pins mélangés": 0.0, "Robinier": 0.0, "Sapin, épicéa": 0.0, "dynamic_world": null, "water": 0.0, "tree": 13.025210084033615, "grass": 3.297682709447415, "crops": 0.7766743060860708, "shrub": 29.831932773109244, "flooded": 1.1077158135981666, "built": 14.540361599185129, "bare": 0.0, "snow": 0.0, "sinister": 0.0 }, "geometry": { "type": "Polygon", "coordinates": [ [ [ 1.647289474924657, 48.822772314811864 ], [ 1.633325457630986, 48.815861492148962 ], [ 1.635821885580725, 48.803460470887742 ], [ 1.652275434448401, 48.797971539156748 ], [ 1.666234939435718, 48.804881498474927 ], [ 1.663745407555139, 48.817281252468213 ], [ 1.647289474924657, 48.822772314811864 ] ] ] } },
{ "type": "Feature", "properties": { "hex_id": "871fb46a4ffffff", "scale0": 3355, "NDVI": 0.57809853553771973, "NDMI": 0.11285353451967239, "NDBI": -0.11285353451967239, "NDSI": -0.49545940756797791, "NDWI": -0.55941838026046753, "osmnx": null, "PasDeRoute": 86.877480476251449, "motorway": 0.0, "primary": 0.89617206503648705, "secondary": 1.5490974267059274, "tertiary": 1.7411342977851747, "path": 8.9361157342209694, "population": 31.000871600490907, "elevation": 37.5013427734375, "foret_encoder": 0.0, "highway_encoder": 0.0, "foret": null, "PasDeforet": 71.117654589681223, "Châtaignier": 0.0, "Chênes décidus": 9.5762386378184612, "Conifères": 0.0, "Douglas": 0.0, "Feuillus": 19.293304314428369, "Hêtre": 0.0, "Mixte": 0.0, "Mélèze": 0.0, "NC": 0.0, "NR": 0.012802458071949815, "Peuplier": 0.0, "Pin autre": 0.0, "Pin laricio, pin noir": 0.0, "Pin maritime": 0.0, "Pin sylvestre": 0.0, "Pins mélangés": 0.0, "Robinier": 0.0, "Sapin, épicéa": 0.0, "dynamic_world": null, "water": 0.0, "tree": 30.700294456535655, "grass": 4.0071693765202916, "crops": 0.17923441300729739, "shrub": 16.143899628728718, "flooded": 0.038407374215849444, "built": 35.129944949430289, "bare": 0.0, "snow": 0.0, "sinister": 6.0 }, "geometry": { "type": "Polygon", "coordinates": [ [ [ 2.05656325471781, 48.766198706662145 ], [ 2.042621270915022, 48.759344475782164 ], [ 2.045021960063071, 48.746955318832995 ], [ 2.061357780423159, 48.741421698784158 ], [ 2.075295198437896, 48.748275099492723 ], [ 2.072901361532766, 48.760662950029634 ], [ 2.05656325471781, 48.766198706662145 ] ] ] } },
{ "type": "Feature", "properties": { "hex_id": "871fb4469ffffff", "scale0": 3356, "NDVI": 0.43322122097015381, "NDMI": -0.011350627057254314, "NDBI": 0.011350627057254314, "NDSI": -0.49849879741668701, "NDWI": -0.47365358471870422, "osmnx": null, "PasDeRoute": 96.060181053168421, "motorway": 1.7850312380466657, "primary": 0.0, "secondary": 1.0072676271834757, "tertiary": 0.77776361086319012, "path": 0.36975647073823792, "population": 607.00583501193512, "elevation": 24.865734100341797, "foret_encoder": 0.0, "highway_encoder": 0.0, "foret": null, "PasDeforet": 96.697692209613678, "Châtaignier": 0.0, "Chênes décidus": 0.0, "Conifères": 0.0, "Douglas": 0.0, "Feuillus": 2.562794848909856, "Hêtre": 0.0, "Mixte": 0.73951294147647584, "Mélèze": 0.0, "NC": 0.0, "NR": 0.0, "Peuplier": 0.0, "Pin autre": 0.0, "Pin laricio, pin noir": 0.0, "Pin maritime": 0.0, "Pin sylvestre": 0.0, "Pins mélangés": 0.0, "Robinier": 0.0, "Sapin, épicéa": 0.0, "dynamic_world": null, "water": 0.0, "tree": 2.2950401632028559, "grass": 2.6902970801989037, "crops": 0.70126227208976155, "shrub": 47.379829147010071, "flooded": 1.6192783373709039, "built": 30.090526584215223, "bare": 0.0, "snow": 0.0, "sinister": 76.0 }, "geometry": { "type": "Polygon", "coordinates": [ [ [ 1.921968276308544, 48.985125416219169 ], [ 1.907972596009747, 48.978275658333516 ], [ 1.91041281813139, 48.965897226708101 ], [ 1.926841807710662, 48.960369840007004 ], [ 1.940832909333345, 48.96721875798395 ], [ 1.938399599715164, 48.979595902172122 ], [ 1.921968276308544, 48.985125416219169 ] ] ] } },
{ "type": "Feature", "properties": { "hex_id": "871fb444effffff", "scale0": 3357, "NDVI": 0.51158922910690308, "NDMI": 0.056992717087268829, "NDBI": -0.056992717087268829, "NDSI": -0.51737082004547119, "NDWI": -0.53448981046676636, "osmnx": null, "PasDeRoute": 98.610579987253018, "motorway": 0.0, "primary": 0.0, "secondary": 0.0, "tertiary": 0.0, "path": 1.3894200127469727, "population": 20.000833909658866, "elevation": 34.003669738769531, "foret_encoder": 0.0, "highway_encoder": 0.0, "foret": null, "PasDeforet": 50.401529636711281, "Châtaignier": 1.478648820905035, "Chênes décidus": 2.2307202039515617, "Conifères": 0.0, "Douglas": 0.0, "Feuillus": 44.84384958572339, "Hêtre": 0.0, "Mixte": 0.0, "Mélèze": 0.0, "NC": 0.36966220522625876, "NR": 0.0, "Peuplier": 0.67558954748247291, "Pin autre": 0.0, "Pin laricio, pin noir": 0.0, "Pin maritime": 0.0, "Pin sylvestre": 0.0, "Pins mélangés": 0.0, "Robinier": 0.0, "Sapin, épicéa": 0.0, "dynamic_world": null, "water": 0.0, "tree": 54.225621414913959, "grass": 4.486934353091141, "crops": 0.19120458891013384, "shrub": 30.070108349267048, "flooded": 0.17845761631612492, "built": 2.6003824091778203, "bare": 0.0, "snow": 0.0, "sinister": 1.0 }, "geometry": { "type": "Polygon", "coordinates": [ [ [ 1.887320109593204, 48.927423208624262 ], [ 1.873337038827531, 48.920561441795208 ], [ 1.875782851545046, 48.90817738823386 ], [ 1.892204832752317, 48.902656387164193 ], [ 1.906183338844192, 48.90951731091166 ], [ 1.90374442806945, 48.92190007841225 ], [ 1.887320109593204, 48.927423208624262 ] ] ] } },
{ "type": "Feature", "properties": { "hex_id": "871fb4533ffffff", "scale0": 3358, "NDVI": 0.32328665256500244, "NDMI": -0.029623037204146385, "NDBI": 0.029623037204146385, "NDSI": -0.41173538565635681, "NDWI": -0.37753987312316895, "osmnx": null, "PasDeRoute": 97.238408918165703, "motorway": 0.012667848999239929, "primary": 1.3807955409171524, "secondary": 0.0, "tertiary": 1.3174562959209526, "path": 0.050671395996959717, "population": 53.999771499330777, "elevation": 17.982715606689453, "foret_encoder": 0.0, "highway_encoder": 0.0, "foret": null, "PasDeforet": 98.923232835064596, "Châtaignier": 0.0, "Chênes décidus": 0.0, "Conifères": 0.0, "Douglas": 0.0, "Feuillus": 1.076767164935394, "Hêtre": 0.0, "Mixte": 0.0, "Mélèze": 0.0, "NC": 0.0, "NR": 0.0, "Peuplier": 0.0, "Pin autre": 0.0, "Pin laricio, pin noir": 0.0, "Pin maritime": 0.0, "Pin sylvestre": 0.0, "Pins mélangés": 0.0, "Robinier": 0.0, "Sapin, épicéa": 0.0, "dynamic_world": null, "water": 0.0, "tree": 0.45604256397263743, "grass": 0.050671395996959717, "crops": 0.19001773498859895, "shrub": 65.480111477071191, "flooded": 0.6207246009627565, "built": 0.0, "bare": 0.0, "snow": 0.0, "sinister": 0.0 }, "geometry": { "type": "Polygon", "coordinates": [ [ [ 1.430263597737764, 49.056608825753095 ], [ 1.416241183956232, 49.049691530736588 ], [ 1.418797121636111, 49.037299771380262 ], [ 1.435368507355383, 49.03182654668614 ], [ 1.449386407682498, 49.038742961976496 ], [ 1.446837435457586, 49.051133481278178 ], [ 1.430263597737764, 49.056608825753095 ] ] ] } },
{ "type": "Feature", "properties": { "hex_id": "871fb44f0ffffff", "scale0": 3359, "NDVI": 0.75182867050170898, "NDMI": 0.27364856004714966, "NDBI": -0.27364856004714966, "NDSI": -0.53640490770339966, "NDWI": -0.69884753227233887, "osmnx": null, "PasDeRoute": 97.775517986525998, "motorway": 0.0, "primary": 0.78810219905936196, "secondary": 0.0, "tertiary": 0.31778314478200076, "path": 1.1185966696326428, "population": 34.999922262658927, "elevation": 45.916522979736328, "foret_encoder": 5.0, "highway_encoder": 0.0, "foret": null, "PasDeforet": 11.808821660099149, "Châtaignier": 6.0887250540231346, "Chênes décidus": 7.4107029363162571, "Conifères": 0.0, "Douglas": 0.0, "Feuillus": 60.124570992754542, "Hêtre": 0.0, "Mixte": 4.3599847464090509, "Mélèze": 0.0, "NC": 0.0, "NR": 0.0, "Peuplier": 0.0, "Pin autre": 0.0, "Pin laricio, pin noir": 6.1904156603533744, "Pin maritime": 0.0, "Pin sylvestre": 4.0167789500444897, "Pins mélangés": 0.0, "Robinier": 0.0, "Sapin, épicéa": 0.0, "dynamic_world": null, "water": 0.0, "tree": 90.008897928053898, "grass": 3.177831447820008, "crops": 0.12711325791280031, "shrub": 0.29236049319944074, "flooded": 0.063556628956400157, "built": 1.614338375492564, "bare": 0.24151519003432056, "snow": 0.0, "sinister": 3.0 }, "geometry": { "type": "Polygon", "coordinates": [ [ [ 1.677709122621897, 48.824187224706996 ], [ 1.663745407555139, 48.817281252468213 ], [ 1.666234939435718, 48.804881498474927 ], [ 1.682681291928277, 48.799388986341377 ], [ 1.696640489806648, 48.806294097726173 ], [ 1.694157852071095, 48.818692581698421 ], [ 1.677709122621897, 48.824187224706996 ] ] ] } },
{ "type": "Feature", "properties": { "hex_id": "871fb472affffff", "scale0": 3360, "NDVI": 0.75508379936218262, "NDMI": 0.23234280943870544, "NDBI": -0.23234280943870544, "NDSI": -0.58208996057510376, "NDWI": -0.70477551221847534, "osmnx": null, "PasDeRoute": 95.115714103055865, "motorway": 0.0, "primary": 3.0303030303030303, "secondary": 0.0, "tertiary": 0.23014959723820483, "path": 1.6238332694028899, "population": 93.003542938211666, "elevation": 5.8242063522338867, "foret_encoder": 5.0, "highway_encoder": 0.0, "foret": null, "PasDeforet": 12.338575629714871, "Châtaignier": 0.0, "Chênes décidus": 14.870221199335123, "Conifères": 0.0, "Douglas": 0.0, "Feuillus": 47.461961386012021, "Hêtre": 8.988620381025445, "Mixte": 2.1352768188211226, "Mélèze": 0.0, "NC": 0.0, "NR": 10.893747602608363, "Peuplier": 0.0, "Pin autre": 0.0, "Pin laricio, pin noir": 3.3115969824830582, "Pin maritime": 0.0, "Pin sylvestre": 0.0, "Pins mélangés": 0.0, "Robinier": 0.0, "Sapin, épicéa": 0.0, "dynamic_world": null, "water": 0.0, "tree": 83.365298555171975, "grass": 0.076716532412734947, "crops": 0.08950262114819077, "shrub": 0.038358266206367474, "flooded": 0.08950262114819077, "built": 4.0276179516685851, "bare": 0.0, "snow": 0.0, "sinister": 2.0 }, "geometry": { "type": "Polygon", "coordinates": [ [ [ 2.092818027583766, 48.973700572892689 ], [ 2.078828918663963, 48.966875850618564 ], [ 2.081229583594852, 48.954503305501831 ], [ 2.097612460453826, 48.948956785605894 ], [ 2.111596966673961, 48.955780681973899 ], [ 2.109203198379579, 48.968151923748785 ], [ 2.092818027583766, 48.973700572892689 ] ] ] } },
{ "type": "Feature", "properties": { "hex_id": "871fb6a2affffff", "scale0": 3361, "NDVI": 0.51880890130996704, "NDMI": 0.063182897865772247, "NDBI": -0.063182897865772247, "NDSI": -0.49766811728477478, "NDWI": -0.52955996990203857, "osmnx": null, "PasDeRoute": 96.73094113140084, "motorway": 0.0, "primary": 0.0, "secondary": 0.0, "tertiary": 0.0, "path": 3.2690588685991568, "population": 29.999863370733866, "elevation": 10.226498603820801, "foret_encoder": 0.0, "highway_encoder": 0.0, "foret": null, "PasDeforet": 95.479504533265228, "Châtaignier": 0.0, "Chênes décidus": 3.2690588685991568, "Conifères": 0.0, "Douglas": 0.0, "Feuillus": 1.2514365981356148, "Hêtre": 0.0, "Mixte": 0.0, "Mélèze": 0.0, "NC": 0.0, "NR": 0.0, "Peuplier": 0.0, "Pin autre": 0.0, "Pin laricio, pin noir": 0.0, "Pin maritime": 0.0, "Pin sylvestre": 0.0, "Pins mélangés": 0.0, "Robinier": 0.0, "Sapin, épicéa": 0.0, "dynamic_world": null, "water": 0.0, "tree": 5.3122206614736305, "grass": 0.58740901545141111, "crops": 8.1471076490869621, "shrub": 54.194866555995404, "flooded": 0.038309283616396371, "built": 1.9026944196143531, "bare": 0.0, "snow": 0.0, "sinister": 1.0 }, "geometry": { "type": "Polygon", "coordinates": [ [ [ 1.850729860689674, 48.569327820118616 ], [ 1.836828320242588, 48.562419318043112 ], [ 1.839268039843263, 48.550007857251742 ], [ 1.855602475896531, 48.544506191665597 ], [ 1.869499510753472, 48.551413845307543 ], [ 1.8670666148237, 48.563824012577058 ], [ 1.850729860689674, 48.569327820118616 ] ] ] } },
{ "type": "Feature", "properties": { "hex_id": "871fb4720ffffff", "scale0": 3362, "NDVI": 0.521584153175354, "NDMI": 0.10319801419973373, "NDBI": -0.10319801419973373, "NDSI": -0.42885956168174744, "NDWI": -0.49316230416297913, "osmnx": null, "PasDeRoute": 89.227823867262273, "motorway": 0.0, "primary": 0.0, "secondary": 3.3439693682195277, "tertiary": 1.9144862795149968, "path": 5.5137204850031907, "population": 1147.9973310179564, "elevation": 20.70623779296875, "foret_encoder": 0.0, "highway_encoder": 0.0, "foret": null, "PasDeforet": 50.491384811742179, "Châtaignier": 15.95405232929164, "Chênes décidus": 1.6975111678366306, "Conifères": 0.0, "Douglas": 0.0, "Feuillus": 31.589023611997447, "Hêtre": 0.0, "Mixte": 0.0, "Mélèze": 0.0, "NC": 0.26802807913209953, "NR": 0.0, "Peuplier": 0.0, "Pin autre": 0.0, "Pin laricio, pin noir": 0.0, "Pin maritime": 0.0, "Pin sylvestre": 0.0, "Pins mélangés": 0.0, "Robinier": 0.0, "Sapin, épicéa": 0.0, "dynamic_world": null, "water": 0.0, "tree": 38.813018506700701, "grass": 3.4205488194001279, "crops": 0.39566049776643269, "shrub": 2.1314613911933633, "flooded": 0.612635609444799, "built": 49.023611997447354, "bare": 0.0, "snow": 0.0, "sinister": 5.0 }, "geometry": { "type": "Polygon", "coordinates": [ [ [ 2.024806207157504, 49.00825032158707 ], [ 2.010807487852573, 49.001419102666404 ], [ 2.013225099511601, 48.989046421584696 ], [ 2.029634520261637, 48.983506255112353 ], [ 2.043628641813634, 48.990336642714112 ], [ 2.041217940019759, 49.002708027710014 ], [ 2.024806207157504, 49.00825032158707 ] ] ] } },
{ "type": "Feature", "properties": { "hex_id": "871fb44ecffffff", "scale0": 3363, "NDVI": null, "NDMI": null, "NDBI": null, "NDSI": null, "NDWI": null, "osmnx": null, "PasDeRoute": null, "motorway": null, "primary": null, "secondary": null, "tertiary": null, "path": null, "population": null, "elevation": null, "foret_encoder": null, "highway_encoder": null, "foret": null, "PasDeforet": null, "Châtaignier": null, "Chênes décidus": null, "Conifères": null, "Douglas": null, "Feuillus": null, "Hêtre": null, "Mixte": null, "Mélèze": null, "NC": null, "NR": null, "Peuplier": null, "Pin autre": null, "Pin laricio, pin noir": null, "Pin maritime": null, "Pin sylvestre": null, "Pins mélangés": null, "Robinier": null, "Sapin, épicéa": null, "dynamic_world": null, "water": null, "tree": null, "grass": null, "crops": null, "shrub": null, "flooded": null, "built": null, "bare": null, "snow": null, "sinister": null }, "geometry": { "type": "Polygon", "coordinates": [ [ [ 1.791928869067731, 48.866938584110336 ], [ 1.777957704880369, 48.8600551363647 ], [ 1.780422874525782, 48.847662920887338 ], [ 1.796852312675707, 48.842155431951497 ], [ 1.810818935811699, 48.849038028439317 ], [ 1.808360661526872, 48.861428964722023 ], [ 1.791928869067731, 48.866938584110336 ] ] ] } },
{ "type": "Feature", "properties": { "hex_id": "871fb6b5dffffff", "scale0": 3364, "NDVI": 0.82124066352844238, "NDMI": 0.2817329466342926, "NDBI": -0.2817329466342926, "NDSI": -0.6170991063117981, "NDWI": -0.7627260684967041, "osmnx": null, "PasDeRoute": 95.480732300601716, "motorway": 0.0, "primary": 0.0, "secondary": 2.1764178722314687, "tertiary": 0.0, "path": 2.3428498271668161, "population": 61.999950530782961, "elevation": 39.389659881591797, "foret_encoder": 5.0, "highway_encoder": 0.0, "foret": null, "PasDeforet": 11.176545896812188, "Châtaignier": 0.0, "Chênes décidus": 38.625016003072588, "Conifères": 0.0, "Douglas": 0.0, "Feuillus": 48.521316092689801, "Hêtre": 0.0, "Mixte": 1.2162335168352323, "Mélèze": 0.0, "NC": 0.0, "NR": 0.46088849059019332, "Peuplier": 0.0, "Pin autre": 0.0, "Pin laricio, pin noir": 0.0, "Pin maritime": 0.0, "Pin sylvestre": 0.0, "Pins mélangés": 0.0, "Robinier": 0.0, "Sapin, épicéa": 0.0, "dynamic_world": null, "water": 0.02560491614389963, "tree": 89.988477787735249, "grass": 4.2120087056714892, "crops": 0.0, "shrub": 0.02560491614389963, "flooded": 0.0, "built": 1.1266163103315836, "bare": 0.0, "snow": 0.0, "sinister": 0.0 }, "geometry": { "type": "Polygon", "coordinates": [ [ [ 1.926900923041065, 48.647925031590397 ], [ 1.912983114589943, 48.641037249323574 ], [ 1.915408641561182, 48.628634415672749 ], [ 1.931745141109048, 48.623120662048997 ], [ 1.945658420876348, 48.630007602685986 ], [ 1.943239729446952, 48.64240913818437 ], [ 1.926900923041065, 48.647925031590397 ] ] ] } },
{ "type": "Feature", "properties": { "hex_id": "871fb6b68ffffff", "scale0": 3365, "NDVI": 0.66876929998397827, "NDMI": 0.16788682341575623, "NDBI": -0.16788682341575623, "NDSI": -0.56266152858734131, "NDWI": -0.64665991067886353, "osmnx": null, "PasDeRoute": 95.408620028136596, "motorway": 0.0, "primary": 0.0, "secondary": 0.0, "tertiary": 0.639467962655071, "path": 3.9519120092083386, "population": 73.999891638857903, "elevation": 51.080257415771484, "foret_encoder": 0.0, "highway_encoder": 0.0, "foret": null, "PasDeforet": 68.103338022765058, "Châtaignier": 0.0, "Chênes décidus": 4.0925949609924546, "Conifères": 0.0, "Douglas": 0.0, "Feuillus": 27.804067016242485, "Hêtre": 0.0, "Mixte": 0.0, "Mélèze": 0.0, "NC": 0.0, "NR": 0.0, "Peuplier": 0.0, "Pin autre": 0.0, "Pin laricio, pin noir": 0.0, "Pin maritime": 0.0, "Pin sylvestre": 0.0, "Pins mélangés": 0.0, "Robinier": 0.0, "Sapin, épicéa": 0.0, "dynamic_world": null, "water": 0.0, "tree": 32.727970328686531, "grass": 0.15347231103721704, "crops": 0.99757002174191078, "shrub": 51.02954341987467, "flooded": 0.01278935925310142, "built": 1.4451975956004603, "bare": 0.0, "snow": 0.0, "sinister": 1.0 }, "geometry": { "type": "Polygon", "coordinates": [ [ [ 1.942640448050339, 48.723678331874126 ], [ 1.928705617171456, 48.716801654047103 ], [ 1.931130587291397, 48.70440489491385 ], [ 1.947483536538055, 48.698886110533749 ], [ 1.961413825055229, 48.705761948543987 ], [ 1.958995706351977, 48.71815741035784 ], [ 1.942640448050339, 48.723678331874126 ] ] ] } },
{ "type": "Feature", "properties": { "hex_id": "871fb46b0ffffff", "scale0": 3366, "NDVI": 0.6402745246887207, "NDMI": 0.17048315703868866, "NDBI": -0.17048315703868866, "NDSI": -0.53893792629241943, "NDWI": -0.62762618064880371, "osmnx": null, "PasDeRoute": 88.196133657662273, "motorway": 0.0, "primary": 1.4722826782742287, "secondary": 0.85776469082063755, "tertiary": 2.2148252464473179, "path": 7.258993726795544, "population": 4.0002449904082535, "elevation": 42.219150543212891, "foret_encoder": 5.0, "highway_encoder": 0.0, "foret": null, "PasDeforet": 27.717321725771349, "Châtaignier": 0.69133273588528998, "Chênes décidus": 19.088464985277174, "Conifères": 0.0, "Douglas": 0.0, "Feuillus": 45.000640122903597, "Hêtre": 0.0, "Mixte": 0.0, "Mélèze": 0.0, "NC": 0.0, "NR": 0.0, "Peuplier": 0.10241966457559852, "Pin autre": 0.0, "Pin laricio, pin noir": 4.1736013314556395, "Pin maritime": 0.0, "Pin sylvestre": 3.2262194341313535, "Pins mélangés": 0.0, "Robinier": 0.0, "Sapin, épicéa": 0.0, "dynamic_world": null, "water": 0.12802458071949813, "tree": 68.505953143003467, "grass": 1.8819613365766228, "crops": 0.02560491614389963, "shrub": 6.0427602099603117, "flooded": 0.0, "built": 3.2518243502752529, "bare": 0.0, "snow": 0.0, "sinister": 5.0 }, "geometry": { "type": "Polygon", "coordinates": [ [ [ 2.021957445969163, 48.70845102101859 ], [ 2.00802793434285, 48.701584825788146 ], [ 2.010434218963227, 48.689190119303113 ], [ 2.026763172988353, 48.68366291266311 ], [ 2.040688132673198, 48.690528274487477 ], [ 2.038288689931019, 48.702921675966394 ], [ 2.021957445969163, 48.70845102101859 ] ] ] } },
{ "type": "Feature", "properties": { "hex_id": "871fb4406ffffff", "scale0": 3367, "NDVI": 0.41858455538749695, "NDMI": -0.029121411964297295, "NDBI": 0.029121411964297295, "NDSI": -0.51509487628936768, "NDWI": -0.47475025057792664, "osmnx": null, "PasDeRoute": 97.993141115203869, "motorway": 0.0, "primary": 0.0, "secondary": 0.8637114187730216, "tertiary": 1.1431474660231171, "path": 0.0, "population": 1.0007326155477563, "elevation": 20.679880142211914, "foret_encoder": 0.0, "highway_encoder": 0.0, "foret": null, "PasDeforet": 96.278419916169184, "Châtaignier": 0.0, "Chênes décidus": 0.0, "Conifères": 0.0, "Douglas": 0.0, "Feuillus": 3.6961768068080785, "Hêtre": 0.0, "Mixte": 0.0, "Mélèze": 0.0, "NC": 0.025403277022735933, "NR": 0.0, "Peuplier": 0.0, "Pin autre": 0.0, "Pin laricio, pin noir": 0.0, "Pin maritime": 0.0, "Pin sylvestre": 0.0, "Pins mélangés": 0.0, "Robinier": 0.0, "Sapin, épicéa": 0.0, "dynamic_world": null, "water": 0.0, "tree": 3.6072653372285024, "grass": 1.7274228375460432, "crops": 0.39375079385240697, "shrub": 62.377746729328088, "flooded": 0.44455734789787882, "built": 12.104661501333672, "bare": 0.0, "snow": 0.0, "sinister": 3.0 }, "geometry": { "type": "Polygon", "coordinates": [ [ [ 1.594309710423384, 48.932923291282897 ], [ 1.580319178458832, 48.92601698726741 ], [ 1.582832293731638, 48.91362209114142 ], [ 1.59932901555431, 48.908134757649989 ], [ 1.613315026950512, 48.915040194644263 ], [ 1.610808836789694, 48.927433831747557 ], [ 1.594309710423384, 48.932923291282897 ] ] ] } },
{ "type": "Feature", "properties": { "hex_id": "871fb6a1effffff", "scale0": 3368, "NDVI": 0.54592257738113403, "NDMI": 0.096593759953975677, "NDBI": -0.096593759953975677, "NDSI": -0.50342428684234619, "NDWI": -0.54979950189590454, "osmnx": null, "PasDeRoute": 99.604339502233557, "motorway": 0.0, "primary": 0.0, "secondary": 0.05105296745373325, "tertiary": 0.0, "path": 0.34460753031269942, "population": 13.000268547178278, "elevation": 14.796857833862305, "foret_encoder": 0.0, "highway_encoder": 0.0, "foret": null, "PasDeforet": 100.0, "Châtaignier": 0.0, "Chênes décidus": 0.0, "Conifères": 0.0, "Douglas": 0.0, "Feuillus": 0.0, "Hêtre": 0.0, "Mixte": 0.0, "Mélèze": 0.0, "NC": 0.0, "NR": 0.0, "Peuplier": 0.0, "Pin autre": 0.0, "Pin laricio, pin noir": 0.0, "Pin maritime": 0.0, "Pin sylvestre": 0.0, "Pins mélangés": 0.0, "Robinier": 0.0, "Sapin, épicéa": 0.0, "dynamic_world": null, "water": 0.0, "tree": 0.0, "grass": 0.025526483726866625, "crops": 2.4377791959157626, "shrub": 83.969368219527766, "flooded": 0.0, "built": 0.34460753031269942, "bare": 0.0, "snow": 0.0, "sinister": 0.0 }, "geometry": { "type": "Polygon", "coordinates": [ [ [ 1.804918490002554, 48.492013204116745 ], [ 1.791033562805452, 48.48508883301578 ], [ 1.793480598375377, 48.472670078945725 ], [ 1.809805751002896, 48.467176987181723 ], [ 1.823686190893533, 48.474100505524611 ], [ 1.821245965145441, 48.486517967998005 ], [ 1.804918490002554, 48.492013204116745 ] ] ] } },
{ "type": "Feature", "properties": { "hex_id": "871fb44d5ffffff", "scale0": 3369, "NDVI": 0.74619048833847046, "NDMI": 0.25745502114295959, "NDBI": -0.25745502114295959, "NDSI": -0.54531341791152954, "NDWI": -0.69532668590545654, "osmnx": null, "PasDeRoute": 96.307613954672775, "motorway": 0.0, "primary": 0.0, "secondary": 0.0, "tertiary": 1.1331805449452508, "path": 2.5592055003819709, "population": 10.000256768793266, "elevation": 41.935710906982422, "foret_encoder": 2.0, "highway_encoder": 0.0, "foret": null, "PasDeforet": 22.307104660045837, "Châtaignier": 0.0, "Chênes décidus": 27.030812324929972, "Conifères": 0.0, "Douglas": 0.0, "Feuillus": 14.08199643493761, "Hêtre": 0.0, "Mixte": 1.3878278584160937, "Mélèze": 0.0, "NC": 0.0, "NR": 12.757830404889228, "Peuplier": 0.0, "Pin autre": 0.0, "Pin laricio, pin noir": 14.514896867838045, "Pin maritime": 0.0, "Pin sylvestre": 7.9195314489432134, "Pins mélangés": 0.0, "Robinier": 0.0, "Sapin, épicéa": 0.0, "dynamic_world": null, "water": 0.0, "tree": 69.238604532722178, "grass": 5.1056786350904, "crops": 0.48382989559460143, "shrub": 2.5082760376878026, "flooded": 0.012732365673542143, "built": 1.5151515151515151, "bare": 0.0, "snow": 0.0, "sinister": 0.0 }, "geometry": { "type": "Polygon", "coordinates": [ [ [ 1.71555722080407, 48.788398942417587 ], [ 1.701602540347747, 48.781494690451566 ], [ 1.704081954530769, 48.769093769452745 ], [ 1.720509165653437, 48.763598374604449 ], [ 1.734459328461615, 48.770501768584502 ], [ 1.731986797482148, 48.782901415000097 ], [ 1.71555722080407, 48.788398942417587 ] ] ] } },
{ "type": "Feature", "properties": { "hex_id": "871fb4634ffffff", "scale0": 3370, "NDVI": 0.64663124084472656, "NDMI": 0.16558308899402618, "NDBI": -0.16558308899402618, "NDSI": -0.5111234188079834, "NDWI": -0.60712981224060059, "osmnx": null, "PasDeRoute": 87.272959836275263, "motorway": 3.5942696341775391, "primary": 1.9826042466103861, "secondary": 1.2535175236633409, "tertiary": 1.7523663341007931, "path": 4.144282425172678, "population": 1248.0020376606071, "elevation": 31.846567153930664, "foret_encoder": 0.0, "highway_encoder": 0.0, "foret": null, "PasDeforet": 68.009721156305957, "Châtaignier": 4.7454591967255055, "Chênes décidus": 14.837554361729344, "Conifères": 0.0, "Douglas": 0.0, "Feuillus": 10.501407009465337, "Hêtre": 0.0, "Mixte": 0.0, "Mélèze": 0.0, "NC": 0.0, "NR": 1.9058582757738554, "Peuplier": 0.0, "Pin autre": 0.0, "Pin laricio, pin noir": 0.0, "Pin maritime": 0.0, "Pin sylvestre": 0.0, "Pins mélangés": 0.0, "Robinier": 0.0, "Sapin, épicéa": 0.0, "dynamic_world": null, "water": 0.0, "tree": 34.215911997953441, "grass": 2.7884369403939626, "crops": 0.37093885904323354, "shrub": 18.393451010488615, "flooded": 0.47326682015860833, "built": 30.813507290867232, "bare": 0.0, "snow": 0.0, "sinister": 2.0 }, "geometry": { "type": "Polygon", "coordinates": [ [ [ 2.08404064176844, 48.861036528005592 ], [ 2.07007742580353, 48.854197446874096 ], [ 2.07247561125169, 48.841816280450622 ], [ 2.088830140695785, 48.836275500786002 ], [ 2.102788772427878, 48.843113754616553 ], [ 2.100397458596392, 48.855493615019476 ], [ 2.08404064176844, 48.861036528005592 ] ] ] } },
{ "type": "Feature", "properties": { "hex_id": "871fb4786ffffff", "scale0": 3371, "NDVI": 0.56718301773071289, "NDMI": 0.11686338484287262, "NDBI": -0.11686338484287262, "NDSI": -0.48026734590530396, "NDWI": -0.54721206426620483, "osmnx": null, "PasDeRoute": 91.874281333844394, "motorway": 0.0, "primary": 1.0732081257186661, "secondary": 2.0825348153826497, "tertiary": 2.721349175929475, "path": 2.2486265491248241, "population": 1573.9926974012926, "elevation": 43.324142456054688, "foret_encoder": 0.0, "highway_encoder": 0.0, "foret": null, "PasDeforet": 55.985690558323753, "Châtaignier": 0.63881436054682506, "Chênes décidus": 15.983135300881566, "Conifères": 0.0, "Douglas": 0.0, "Feuillus": 26.472467101060431, "Hêtre": 0.0, "Mixte": 0.0, "Mélèze": 0.0, "NC": 0.0, "NR": 0.0, "Peuplier": 0.0, "Pin autre": 0.0, "Pin laricio, pin noir": 0.0, "Pin maritime": 0.0, "Pin sylvestre": 0.91989267918742812, "Pins mélangés": 0.0, "Robinier": 0.0, "Sapin, épicéa": 0.0, "dynamic_world": null, "water": 0.63881436054682506, "tree": 49.329244921425833, "grass": 2.4274945700779353, "crops": 0.63881436054682506, "shrub": 13.900600485498915, "flooded": 0.76657723265619016, "built": 17.810144372045482, "bare": 0.79212980707806313, "snow": 0.0, "sinister": 7.0 }, "geometry": { "type": "Polygon", "coordinates": [ [ [ 1.939613051284653, 48.817292226578921 ], [ 1.925656602508054, 48.810425834707566 ], [ 1.928086017806685, 48.798035750333916 ], [ 1.944465008693012, 48.792513351645567 ], [ 1.958416901505517, 48.79937890406206 ], [ 1.955994359059066, 48.81176769422666 ], [ 1.939613051284653, 48.817292226578921 ] ] ] } },
{ "type": "Feature", "properties": { "hex_id": "871fb6b1bffffff", "scale0": 3372, "NDVI": 0.64213329553604126, "NDMI": 0.13286396861076355, "NDBI": -0.13286396861076355, "NDSI": -0.55377155542373657, "NDWI": -0.62313675880432129, "osmnx": null, "PasDeRoute": 98.618395804016885, "motorway": 0.0, "primary": 0.0, "secondary": 0.0, "tertiary": 1.1897147243187922, "path": 0.19188947166432135, "population": 5.0000353351550375, "elevation": 31.028974533081055, "foret_encoder": 0.0, "highway_encoder": 0.0, "foret": null, "PasDeforet": 53.626711014455672, "Châtaignier": 0.0, "Chênes décidus": 39.094281693744406, "Conifères": 0.0, "Douglas": 0.0, "Feuillus": 2.6992452347447871, "Hêtre": 0.0, "Mixte": 3.824996801842139, "Mélèze": 0.0, "NC": 0.0, "NR": 0.038377894332864274, "Peuplier": 0.0, "Pin autre": 0.0, "Pin laricio, pin noir": 0.0, "Pin maritime": 0.0, "Pin sylvestre": 0.71638736088013311, "Pins mélangés": 0.0, "Robinier": 0.0, "Sapin, épicéa": 0.0, "dynamic_world": null, "water": 0.0, "tree": 58.027376231290773, "grass": 4.7972367916080341, "crops": 0.76755788665728542, "shrub": 20.173979787642317, "flooded": 0.063963157221440456, "built": 4.8356146859408975, "bare": 0.0, "snow": 0.0, "sinister": 1.0 }, "geometry": { "type": "Polygon", "coordinates": [ [ [ 1.722304112133759, 48.600886750819257 ], [ 1.708392577185371, 48.59396206484751 ], [ 1.710862806511431, 48.581547833684638 ], [ 1.727237730120936, 48.576059568915639 ], [ 1.741144774194553, 48.582983396192112 ], [ 1.738681385222489, 48.595396346537747 ], [ 1.722304112133759, 48.600886750819257 ] ] ] } },
{ "type": "Feature", "properties": { "hex_id": "871fb4548ffffff", "scale0": 3373, "NDVI": null, "NDMI": null, "NDBI": null, "NDSI": null, "NDWI": null, "osmnx": null, "PasDeRoute": null, "motorway": null, "primary": null, "secondary": null, "tertiary": null, "path": null, "population": null, "elevation": null, "foret_encoder": null, "highway_encoder": null, "foret": null, "PasDeforet": null, "Châtaignier": null, "Chênes décidus": null, "Conifères": null, "Douglas": null, "Feuillus": null, "Hêtre": null, "Mixte": null, "Mélèze": null, "NC": null, "NR": null, "Peuplier": null, "Pin autre": null, "Pin laricio, pin noir": null, "Pin maritime": null, "Pin sylvestre": null, "Pins mélangés": null, "Robinier": null, "Sapin, épicéa": null, "dynamic_world": null, "water": null, "tree": null, "grass": null, "crops": null, "shrub": null, "flooded": null, "built": null, "bare": null, "snow": null, "sinister": null }, "geometry": { "type": "Polygon", "coordinates": [ [ [ 1.785372937151113, 49.054057335033903 ], [ 1.771358252084857, 49.047194486795632 ], [ 1.773832587350801, 49.034815905834741 ], [ 1.790314668623592, 49.029301445513632 ], [ 1.804324785404568, 49.036163443001065 ], [ 1.801857388873426, 49.048540751158015 ], [ 1.785372937151113, 49.054057335033903 ] ] ] } },
{ "type": "Feature", "properties": { "hex_id": "871fb6a54ffffff", "scale0": 3374, "NDVI": 0.7855759859085083, "NDMI": 0.27335843443870544, "NDBI": -0.27335843443870544, "NDSI": -0.59646373987197876, "NDWI": -0.73464888334274292, "osmnx": null, "PasDeRoute": 93.768431850237207, "motorway": 0.0, "primary": 0.0, "secondary": 1.205282728554943, "tertiary": 1.0129503782536222, "path": 4.0133350429542247, "population": 41.999870437764869, "elevation": 44.621265411376953, "foret_encoder": 0.0, "highway_encoder": 0.0, "foret": null, "PasDeforet": 53.917168867803568, "Châtaignier": 0.0, "Chênes décidus": 36.594435183997945, "Conifères": 0.0, "Douglas": 0.0, "Feuillus": 9.4883959481984874, "Hêtre": 0.0, "Mixte": 0.0, "Mélèze": 0.0, "NC": 0.0, "NR": 0.0, "Peuplier": 0.0, "Pin autre": 0.0, "Pin laricio, pin noir": 0.0, "Pin maritime": 0.0, "Pin sylvestre": 0.0, "Pins mélangés": 0.0, "Robinier": 0.0, "Sapin, épicéa": 0.0, "dynamic_world": null, "water": 0.0, "tree": 69.034491601487375, "grass": 0.70521861777150918, "crops": 0.025644313373509427, "shrub": 13.912040005128862, "flooded": 0.0, "built": 7.4240287216309779, "bare": 0.0, "snow": 0.0, "sinister": 2.0 }, "geometry": { "type": "Polygon", "coordinates": [ [ [ 1.948667013681047, 48.536280489196919 ], [ 1.934775218547917, 48.52938330911936 ], [ 1.937191345831911, 48.516973383457682 ], [ 1.953492459070853, 48.511461940928989 ], [ 1.967379738865479, 48.518358280345183 ], [ 1.96497042042665, 48.530766902561723 ], [ 1.948667013681047, 48.536280489196919 ] ] ] } },
{ "type": "Feature", "properties": { "hex_id": "871fb445dffffff", "scale0": 3375, "NDVI": null, "NDMI": null, "NDBI": null, "NDSI": null, "NDWI": null, "osmnx": null, "PasDeRoute": null, "motorway": null, "primary": null, "secondary": null, "tertiary": null, "path": null, "population": null, "elevation": null, "foret_encoder": null, "highway_encoder": null, "foret": null, "PasDeforet": null, "Châtaignier": null, "Chênes décidus": null, "Conifères": null, "Douglas": null, "Feuillus": null, "Hêtre": null, "Mixte": null, "Mélèze": null, "NC": null, "NR": null, "Peuplier": null, "Pin autre": null, "Pin laricio, pin noir": null, "Pin maritime": null, "Pin sylvestre": null, "Pins mélangés": null, "Robinier": null, "Sapin, épicéa": null, "dynamic_world": null, "water": null, "tree": null, "grass": null, "crops": null, "shrub": null, "flooded": null, "built": null, "bare": null, "snow": null, "sinister": null }, "geometry": { "type": "Polygon", "coordinates": [ [ [ 1.875782851545046, 48.90817738823386 ], [ 1.861803981257002, 48.901311621920989 ], [ 1.864251652522924, 48.888925699077035 ], [ 1.880671295320658, 48.883406827747727 ], [ 1.89464560559364, 48.890271749920018 ], [ 1.892204832752317, 48.902656387164193 ], [ 1.875782851545046, 48.90817738823386 ] ] ] } },
{ "type": "Feature", "properties": { "hex_id": "871fb6a75ffffff", "scale0": 3376, "NDVI": 0.7078898549079895, "NDMI": 0.19872166216373444, "NDBI": -0.19872166216373444, "NDSI": -0.56879764795303345, "NDWI": -0.67132478952407837, "osmnx": null, "PasDeRoute": 93.07082587573511, "motorway": 0.0, "primary": 2.3267706468933778, "secondary": 0.0, "tertiary": 0.0, "path": 4.6024034773715163, "population": 1.0000918714030951, "elevation": 34.767635345458984, "foret_encoder": 5.0, "highway_encoder": 0.0, "foret": null, "PasDeforet": 31.206852467399642, "Châtaignier": 0.80542060854001529, "Chênes décidus": 28.73945282536436, "Conifères": 0.0, "Douglas": 0.0, "Feuillus": 35.080542060854, "Hêtre": 0.0, "Mixte": 2.787010994630529, "Mélèze": 0.0, "NC": 0.0, "NR": 0.012784454103809769, "Peuplier": 0.0, "Pin autre": 0.0, "Pin laricio, pin noir": 0.0, "Pin maritime": 0.0, "Pin sylvestre": 1.3679365891076452, "Pins mélangés": 0.0, "Robinier": 0.0, "Sapin, épicéa": 0.0, "dynamic_world": null, "water": 0.26847353618000508, "tree": 75.722321656865262, "grass": 8.4121708003068267, "crops": 0.17898235745333674, "shrub": 1.3935054973152645, "flooded": 0.17898235745333674, "built": 8.4249552544106354, "bare": 0.0, "snow": 0.0, "sinister": 5.0 }, "geometry": { "type": "Polygon", "coordinates": [ [ [ 1.9529082331882, 48.592798248629769 ], [ 1.939003630428616, 48.58590817251519 ], [ 1.941421039463443, 48.573502431226864 ], [ 1.957736229748914, 48.567988067826647 ], [ 1.971636308145452, 48.574877304047746 ], [ 1.969225720285187, 48.58728174317185 ], [ 1.9529082331882, 48.592798248629769 ] ] ] } },
{ "type": "Feature", "properties": { "hex_id": "871fb446bffffff", "scale0": 3377, "NDVI": 0.55079811811447144, "NDMI": 0.0849904865026474, "NDBI": -0.0849904865026474, "NDSI": -0.52214932441711426, "NDWI": -0.55866700410842896, "osmnx": null, "PasDeRoute": 95.360101975780751, "motorway": 0.0, "primary": 1.5423836838750795, "secondary": 0.11472275334608031, "tertiary": 1.6698534098151689, "path": 1.3129381771829189, "population": 227.00054651706461, "elevation": 41.069072723388672, "foret_encoder": 0.0, "highway_encoder": 0.0, "foret": null, "PasDeforet": 72.122370936902485, "Châtaignier": 13.167622689611216, "Chênes décidus": 0.0, "Conifères": 0.0, "Douglas": 0.0, "Feuillus": 14.582536647546206, "Hêtre": 0.0, "Mixte": 0.0, "Mélèze": 0.0, "NC": 0.0, "NR": 0.12746972594008923, "Peuplier": 0.0, "Pin autre": 0.0, "Pin laricio, pin noir": 0.0, "Pin maritime": 0.0, "Pin sylvestre": 0.0, "Pins mélangés": 0.0, "Robinier": 0.0, "Sapin, épicéa": 0.0, "dynamic_world": null, "water": 0.063734862970044617, "tree": 37.488846398980243, "grass": 2.2817080943275969, "crops": 1.4149139579349905, "shrub": 37.374123645634164, "flooded": 0.24219247928616955, "built": 8.2727852135117903, "bare": 0.0, "snow": 0.0, "sinister": 12.0 }, "geometry": { "type": "Polygon", "coordinates": [ [ [ 1.91041281813139, 48.965897226708101 ], [ 1.896421342359701, 48.95904346409614 ], [ 1.898863430507812, 48.946663156147167 ], [ 1.915290085109156, 48.941137897391194 ], [ 1.929276986876533, 48.947990819037514 ], [ 1.926841807710662, 48.960369840007004 ], [ 1.91041281813139, 48.965897226708101 ] ] ] } },
{ "type": "Feature", "properties": { "hex_id": "871fb40b0ffffff", "scale0": 3378, "NDVI": null, "NDMI": null, "NDBI": null, "NDSI": null, "NDWI": null, "osmnx": null, "PasDeRoute": null, "motorway": null, "primary": null, "secondary": null, "tertiary": null, "path": null, "population": null, "elevation": null, "foret_encoder": null, "highway_encoder": null, "foret": null, "PasDeforet": null, "Châtaignier": null, "Chênes décidus": null, "Conifères": null, "Douglas": null, "Feuillus": null, "Hêtre": null, "Mixte": null, "Mélèze": null, "NC": null, "NR": null, "Peuplier": null, "Pin autre": null, "Pin laricio, pin noir": null, "Pin maritime": null, "Pin sylvestre": null, "Pins mélangés": null, "Robinier": null, "Sapin, épicéa": null, "dynamic_world": null, "water": null, "tree": null, "grass": null, "crops": null, "shrub": null, "flooded": null, "built": null, "bare": null, "snow": null, "sinister": null }, "geometry": { "type": "Polygon", "coordinates": [ [ [ 1.838983896093047, 49.093851644020361 ], [ 1.824961095458963, 49.087001676468915 ], [ 1.827424767838363, 49.074628142101979 ], [ 1.843904296667912, 49.069105851344567 ], [ 1.857922514742014, 49.075954972745336 ], [ 1.855465786215668, 49.088327230651984 ], [ 1.838983896093047, 49.093851644020361 ] ] ] } },
{ "type": "Feature", "properties": { "hex_id": "871fb441cffffff", "scale0": 3379, "NDVI": 0.40460065007209778, "NDMI": -0.03386201336979866, "NDBI": 0.03386201336979866, "NDSI": -0.50897657871246338, "NDWI": -0.4651431143283844, "osmnx": null, "PasDeRoute": 98.99822470200354, "motorway": 0.0, "primary": 1.0017752979964494, "secondary": 0.0, "tertiary": 0.0, "path": 0.0, "population": 11.001043564912079, "elevation": 19.629589080810547, "foret_encoder": 0.0, "highway_encoder": 0.0, "foret": null, "PasDeforet": 93.253867613492275, "Châtaignier": 0.0, "Chênes décidus": 0.0, "Conifères": 0.0, "Douglas": 0.0, "Feuillus": 6.7461323865077345, "Hêtre": 0.0, "Mixte": 0.0, "Mélèze": 0.0, "NC": 0.0, "NR": 0.0, "Peuplier": 0.0, "Pin autre": 0.0, "Pin laricio, pin noir": 0.0, "Pin maritime": 0.0, "Pin sylvestre": 0.0, "Pins mélangés": 0.0, "Robinier": 0.0, "Sapin, épicéa": 0.0, "dynamic_world": null, "water": 0.0, "tree": 9.3710372812579248, "grass": 0.76084199847831602, "crops": 0.2155718995688562, "shrub": 78.607659142784684, "flooded": 0.17752979964494039, "built": 2.3712908952574181, "bare": 0.0, "snow": 0.0, "sinister": 1.0 }, "geometry": { "type": "Polygon", "coordinates": [ [ [ 1.632305636099679, 48.897155017821341 ], [ 1.6183241455393, 48.890250446399151 ], [ 1.620827075362869, 48.877854337556123 ], [ 1.637304581303918, 48.872364063351434 ], [ 1.651281550768669, 48.879267770648248 ], [ 1.648785535081852, 48.89166261587286 ], [ 1.632305636099679, 48.897155017821341 ] ] ] } },
{ "type": "Feature", "properties": { "hex_id": "871fb6b66ffffff", "scale0": 3380, "NDVI": 0.59540766477584839, "NDMI": 0.14115220308303833, "NDBI": -0.14115220308303833, "NDSI": -0.47803738713264465, "NDWI": -0.55980926752090454, "osmnx": null, "PasDeRoute": 96.451818761965541, "motorway": 0.0, "primary": 1.4422463305679643, "secondary": 0.0, "tertiary": 0.74026802807913206, "path": 1.3656668793873643, "population": 422.99812959246015, "elevation": 14.099453926086426, "foret_encoder": 2.0, "highway_encoder": 0.0, "foret": null, "PasDeforet": 31.652839821314615, "Châtaignier": 0.0, "Chênes décidus": 62.029355456285899, "Conifères": 0.0, "Douglas": 0.0, "Feuillus": 3.5481812380344606, "Hêtre": 0.0, "Mixte": 0.0, "Mélèze": 0.0, "NC": 0.038289725590299938, "NR": 2.7313337587747286, "Peuplier": 0.0, "Pin autre": 0.0, "Pin laricio, pin noir": 0.0, "Pin maritime": 0.0, "Pin sylvestre": 0.0, "Pins mélangés": 0.0, "Robinier": 0.0, "Sapin, épicéa": 0.0, "dynamic_world": null, "water": 8.2450542437779184, "tree": 72.878111040204203, "grass": 1.8634333120612634, "crops": 0.22973835354179961, "shrub": 2.9227823867262286, "flooded": 0.076579451180599875, "built": 6.1135928525845564, "bare": 0.0, "snow": 0.0, "sinister": 5.0 }, "geometry": { "type": "Polygon", "coordinates": [ [ [ 1.832895550435416, 48.737483086115788 ], [ 1.818955100863325, 48.730591074454018 ], [ 1.821405655806528, 48.718190999871403 ], [ 1.837789797120459, 48.712684223430813 ], [ 1.851725718799294, 48.719575386372881 ], [ 1.849282026732983, 48.731974174079653 ], [ 1.832895550435416, 48.737483086115788 ] ] ] } },
{ "type": "Feature", "properties": { "hex_id": "871fb4445ffffff", "scale0": 3381, "NDVI": 0.71164017915725708, "NDMI": 0.22333571314811707, "NDBI": -0.22333571314811707, "NDSI": -0.54431748390197754, "NDWI": -0.66876286268234253, "osmnx": null, "PasDeRoute": 97.171974522292999, "motorway": 0.0, "primary": 0.0, "secondary": 0.0, "tertiary": 2.2038216560509554, "path": 0.62420382165605093, "population": 13.000737326901762, "elevation": 50.945346832275391, "foret_encoder": 0.0, "highway_encoder": 0.0, "foret": null, "PasDeforet": 69.796178343949038, "Châtaignier": 6.3821656050955413, "Chênes décidus": 2.573248407643312, "Conifères": 0.0, "Douglas": 0.0, "Feuillus": 19.146496815286625, "Hêtre": 0.0, "Mixte": 0.82802547770700641, "Mélèze": 0.0, "NC": 0.0, "NR": 0.39490445859872608, "Peuplier": 0.0, "Pin autre": 0.0, "Pin laricio, pin noir": 0.87898089171974525, "Pin maritime": 0.0, "Pin sylvestre": 0.0, "Pins mélangés": 0.0, "Robinier": 0.0, "Sapin, épicéa": 0.0, "dynamic_world": null, "water": 0.0, "tree": 33.133757961783438, "grass": 8.2292993630573257, "crops": 1.5159235668789808, "shrub": 19.579617834394906, "flooded": 2.3184713375796178, "built": 21.477707006369425, "bare": 0.0, "snow": 0.0, "sinister": 14.0 }, "geometry": { "type": "Polygon", "coordinates": [ [ [ 1.8495496820643, 48.963228944763102 ], [ 1.835557482440925, 48.95636548742899 ], [ 1.838013394602329, 48.943982613734583 ], [ 1.854454593046098, 48.93846447847762 ], [ 1.868442228324777, 48.945327089834763 ], [ 1.865993229174559, 48.957708682026315 ], [ 1.8495496820643, 48.963228944763102 ] ] ] } },
{ "type": "Feature", "properties": { "hex_id": "871fb4409ffffff", "scale0": 3382, "NDVI": 0.34198477864265442, "NDMI": -0.051194231957197189, "NDBI": 0.051194231957197189, "NDSI": -0.48174327611923218, "NDWI": -0.42722606658935547, "osmnx": null, "PasDeRoute": 100.0, "motorway": 0.0, "primary": 0.0, "secondary": 0.0, "tertiary": 0.0, "path": 0.0, "population": 9.0005653624805841, "elevation": 19.451013565063477, "foret_encoder": 0.0, "highway_encoder": 0.0, "foret": null, "PasDeforet": 97.879903516567225, "Châtaignier": 0.0, "Chênes décidus": 0.64745461470102827, "Conifères": 0.0, "Douglas": 0.0, "Feuillus": 1.4726418687317506, "Hêtre": 0.0, "Mixte": 0.0, "Mélèze": 0.0, "NC": 0.0, "NR": 0.0, "Peuplier": 0.0, "Pin autre": 0.0, "Pin laricio, pin noir": 0.0, "Pin maritime": 0.0, "Pin sylvestre": 0.0, "Pins mélangés": 0.0, "Robinier": 0.0, "Sapin, épicéa": 0.0, "dynamic_world": null, "water": 0.0, "tree": 1.1171765900723627, "grass": 0.012695188523549577, "crops": 0.025390377047099153, "shrub": 88.49815919766408, "flooded": 0.088866319664847024, "built": 4.3544496635775038, "bare": 0.0, "snow": 0.0, "sinister": 10.0 }, "geometry": { "type": "Polygon", "coordinates": [ [ [ 1.735170751825827, 48.920628077298794 ], [ 1.721185965698353, 48.913742067124979 ], [ 1.723666318032355, 48.901351624379444 ], [ 1.740124544302467, 48.895848463751832 ], [ 1.754104789993108, 48.902733618338075 ], [ 1.75163134953326, 48.915122788738699 ], [ 1.735170751825827, 48.920628077298794 ] ] ] } },
{ "type": "Feature", "properties": { "hex_id": "871fb4712ffffff", "scale0": 3383, "NDVI": 0.65446162223815918, "NDMI": 0.1534595787525177, "NDBI": -0.1534595787525177, "NDSI": -0.53892534971237183, "NDWI": -0.62429571151733398, "osmnx": null, "PasDeRoute": 95.070242656449551, "motorway": 0.0, "primary": 1.0727969348659003, "secondary": 0.0, "tertiary": 0.0, "path": 3.856960408684547, "population": 10.000537094356556, "elevation": 36.096187591552734, "foret_encoder": 0.0, "highway_encoder": 0.0, "foret": null, "PasDeforet": 73.333333333333329, "Châtaignier": 5.2745849297573439, "Chênes décidus": 8.8888888888888893, "Conifères": 0.0, "Douglas": 0.0, "Feuillus": 12.31162196679438, "Hêtre": 0.0, "Mixte": 0.0, "Mélèze": 0.0, "NC": 0.19157088122605362, "NR": 0.0, "Peuplier": 0.0, "Pin autre": 0.0, "Pin laricio, pin noir": 0.0, "Pin maritime": 0.0, "Pin sylvestre": 0.0, "Pins mélangés": 0.0, "Robinier": 0.0, "Sapin, épicéa": 0.0, "dynamic_world": null, "water": 0.20434227330779056, "tree": 29.450830140485312, "grass": 10.229885057471265, "crops": 0.95785440613026818, "shrub": 9.9489144316730513, "flooded": 0.089399744572158366, "built": 23.742017879948914, "bare": 0.0, "snow": 0.0, "sinister": 7.0 }, "geometry": { "type": "Polygon", "coordinates": [ [ [ 1.985781630256887, 48.894259562130934 ], [ 1.971808451340795, 48.887409154701722 ], [ 1.97423041112208, 48.87502652188067 ], [ 1.990618662661022, 48.869495592155808 ], [ 2.004587267038666, 48.876345164397897 ], [ 2.002172194073026, 48.888726501156292 ], [ 1.985781630256887, 48.894259562130934 ] ] ] } },
{ "type": "Feature", "properties": { "hex_id": "871fb6a63ffffff", "scale0": 3384, "NDVI": 0.67501264810562134, "NDMI": 0.15126115083694458, "NDBI": -0.15126115083694458, "NDSI": -0.5690838098526001, "NDWI": -0.64558559656143188, "osmnx": null, "PasDeRoute": 97.362355953905251, "motorway": 0.72983354673495515, "primary": 0.0, "secondary": 0.0, "tertiary": 1.3188220230473751, "path": 0.58898847631242002, "population": 40.000153119005162, "elevation": 35.741222381591797, "foret_encoder": 0.0, "highway_encoder": 0.0, "foret": null, "PasDeforet": 50.729833546734959, "Châtaignier": 0.0, "Chênes décidus": 15.070422535211266, "Conifères": 0.0, "Douglas": 0.0, "Feuillus": 27.925736235595387, "Hêtre": 0.0, "Mixte": 3.5083226632522404, "Mélèze": 0.0, "NC": 0.0, "NR": 0.0, "Peuplier": 1.7797695262483995, "Pin autre": 0.0, "Pin laricio, pin noir": 0.90909090909090906, "Pin maritime": 0.0, "Pin sylvestre": 0.076824583866837381, "Pins mélangés": 0.0, "Robinier": 0.0, "Sapin, épicéa": 0.0, "dynamic_world": null, "water": 0.65300896286811771, "tree": 65.339308578745204, "grass": 7.9001280409731116, "crops": 0.92189500640204869, "shrub": 3.3802816901408446, "flooded": 0.15364916773367476, "built": 3.4571062740076828, "bare": 0.0, "snow": 0.0, "sinister": 2.0 }, "geometry": { "type": "Polygon", "coordinates": [ [ [ 2.01334405599126, 48.595527438355823 ], [ 1.999440222734434, 48.588646989467932 ], [ 2.001843991428253, 48.576243855223701 ], [ 2.018144775890437, 48.57072247707049 ], [ 2.032044075380909, 48.57760209104385 ], [ 2.029647123834968, 48.59000391769537 ], [ 2.01334405599126, 48.595527438355823 ] ] ] } },
{ "type": "Feature", "properties": { "hex_id": "871fb44d1ffffff", "scale0": 3385, "NDVI": 0.8328324556350708, "NDMI": 0.34095680713653564, "NDBI": -0.34095680713653564, "NDSI": -0.58504492044448853, "NDWI": -0.76993811130523682, "osmnx": null, "PasDeRoute": 95.405371006745582, "motorway": 0.0, "primary": 0.0, "secondary": 0.0, "tertiary": 0.0, "path": 4.5946289932544229, "population": 7.9999858659379868, "elevation": 28.391582489013672, "foret_encoder": 2.0, "highway_encoder": 0.0, "foret": null, "PasDeforet": 3.9582537864324809, "Châtaignier": 0.0, "Chênes décidus": 65.203003690976203, "Conifères": 0.52182766959399263, "Douglas": 1.8963981163293879, "Feuillus": 22.896779941453481, "Hêtre": 0.0, "Mixte": 3.5382461499299986, "Mélèze": 0.0, "NC": 0.0, "NR": 0.53455517373043149, "Peuplier": 0.0, "Pin autre": 0.0, "Pin laricio, pin noir": 0.0, "Pin maritime": 0.0, "Pin sylvestre": 1.4509354715540281, "Pins mélangés": 0.0, "Robinier": 0.0, "Sapin, épicéa": 0.0, "dynamic_world": null, "water": 0.0, "tree": 92.007127402316399, "grass": 0.64910271095838112, "crops": 0.0, "shrub": 0.0, "flooded": 0.0, "built": 0.0, "bare": 0.0, "snow": 0.0, "sinister": 1.0 }, "geometry": { "type": "Polygon", "coordinates": [ [ [ 1.734459328461615, 48.770501768584502 ], [ 1.720509165653437, 48.763598374604449 ], [ 1.722983530787048, 48.751196876381151 ], [ 1.739401180678146, 48.745700048599339 ], [ 1.753346825619569, 48.752602586023855 ], [ 1.750879338221853, 48.765002807387674 ], [ 1.734459328461615, 48.770501768584502 ] ] ] } },
{ "type": "Feature", "properties": { "hex_id": "871fb479bffffff", "scale0": 3386, "NDVI": 0.67036360502243042, "NDMI": 0.18324445188045502, "NDBI": -0.18324445188045502, "NDSI": -0.55245989561080933, "NDWI": -0.64755791425704956, "osmnx": null, "PasDeRoute": 91.816903209308279, "motorway": 0.0, "primary": 0.0, "secondary": 2.403784682265695, "tertiary": 1.0228870988364658, "path": 4.7564250095895666, "population": 28.999915195627917, "elevation": 42.767204284667969, "foret_encoder": 0.0, "highway_encoder": 0.0, "foret": null, "PasDeforet": 40.928270042194093, "Châtaignier": 0.0, "Chênes décidus": 30.686612965093978, "Conifères": 0.0, "Douglas": 0.0, "Feuillus": 28.091036951796443, "Hêtre": 0.0, "Mixte": 0.0, "Mélèze": 0.0, "NC": 0.0, "NR": 0.0, "Peuplier": 0.29408004091548395, "Pin autre": 0.0, "Pin laricio, pin noir": 0.0, "Pin maritime": 0.0, "Pin sylvestre": 0.0, "Pins mélangés": 0.0, "Robinier": 0.0, "Sapin, épicéa": 0.0, "dynamic_world": null, "water": 0.0, "tree": 58.189489835059462, "grass": 2.0585602864083876, "crops": 0.19179133103183738, "shrub": 16.634701444828025, "flooded": 0.11507479861910241, "built": 3.938115330520394, "bare": 0.0, "snow": 0.0, "sinister": 0.0 }, "geometry": { "type": "Polygon", "coordinates": [ [ [ 2.01474105999415, 48.74562720198594 ], [ 2.000802835838857, 48.73876415936158 ], [ 2.003212243447266, 48.726371846966032 ], [ 2.019553024035969, 48.720843880031474 ], [ 2.033486691741649, 48.727706088907937 ], [ 2.031084134964999, 48.740097098074514 ], [ 2.01474105999415, 48.74562720198594 ] ] ] } },
{ "type": "Feature", "properties": { "hex_id": "871fb46b3ffffff", "scale0": 3387, "NDVI": 0.56885141134262085, "NDMI": 0.11629267036914825, "NDBI": -0.11629267036914825, "NDSI": -0.50748622417449951, "NDWI": -0.57235556840896606, "osmnx": null, "PasDeRoute": 99.731045081967224, "motorway": 0.0, "primary": 0.0, "secondary": 0.0, "tertiary": 0.23053278688524589, "path": 0.038422131147540985, "population": 7.0013262461523702, "elevation": 24.244911193847656, "foret_encoder": 0.0, "highway_encoder": 0.0, "foret": null, "PasDeforet": 94.736168032786878, "Châtaignier": 0.0, "Chênes décidus": 3.2274590163934427, "Conifères": 0.0, "Douglas": 0.0, "Feuillus": 2.036372950819672, "Hêtre": 0.0, "Mixte": 0.0, "Mélèze": 0.0, "NC": 0.0, "NR": 0.0, "Peuplier": 0.0, "Pin autre": 0.0, "Pin laricio, pin noir": 0.0, "Pin maritime": 0.0, "Pin sylvestre": 0.0, "Pins mélangés": 0.0, "Robinier": 0.0, "Sapin, épicéa": 0.0, "dynamic_world": null, "water": 0.0, "tree": 11.039959016393443, "grass": 0.49948770491803285, "crops": 0.12807377049180327, "shrub": 49.654200819672127, "flooded": 0.012807377049180328, "built": 10.732581967213115, "bare": 0.0, "snow": 0.0, "sinister": 0.0 }, "geometry": { "type": "Polygon", "coordinates": [ [ [ 2.040688132673198, 48.690528274487477 ], [ 2.026763172988353, 48.68366291266311 ], [ 2.029164479403951, 48.67126766561838 ], [ 2.045483908771752, 48.665739087256256 ], [ 2.059404316414934, 48.672603617090843 ], [ 2.057009846387044, 48.684997556886493 ], [ 2.040688132673198, 48.690528274487477 ] ] ] } },
{ "type": "Feature", "properties": { "hex_id": "871fb4708ffffff", "scale0": 3388, "NDVI": 0.55946731567382812, "NDMI": 0.12733978033065796, "NDBI": -0.12733978033065796, "NDSI": -0.44964048266410828, "NDWI": -0.53172224760055542, "osmnx": null, "PasDeRoute": 89.650761161570941, "motorway": 1.7525905078674682, "primary": 0.76755788665728542, "secondary": 0.55008315210438785, "tertiary": 0.0, "path": 7.2790072917999229, "population": 363.00065487820677, "elevation": 6.7945199012756348, "foret_encoder": 0.0, "highway_encoder": 0.0, "foret": null, "PasDeforet": 82.665984392989628, "Châtaignier": 0.0, "Chênes décidus": 0.0, "Conifères": 0.0, "Douglas": 0.0, "Feuillus": 8.1233209671229378, "Hêtre": 0.0, "Mixte": 0.0, "Mélèze": 0.0, "NC": 9.210694639887425, "NR": 0.0, "Peuplier": 0.0, "Pin autre": 0.0, "Pin laricio, pin noir": 0.0, "Pin maritime": 0.0, "Pin sylvestre": 0.0, "Pins mélangés": 0.0, "Robinier": 0.0, "Sapin, épicéa": 0.0, "dynamic_world": null, "water": 8.3152104387872594, "tree": 18.779582960214917, "grass": 1.8037610336446206, "crops": 0.35819368044006655, "shrub": 5.9997441473711142, "flooded": 0.17909684022003328, "built": 46.846616348982984, "bare": 0.0, "snow": 0.0, "sinister": 14.0 }, "geometry": { "type": "Polygon", "coordinates": [ [ [ 2.130361291382332, 48.937858821171417 ], [ 2.116381387935936, 48.931035749263408 ], [ 2.118772042238027, 48.918662060604213 ], [ 2.135135714135973, 48.913112751319304 ], [ 2.149111014741867, 48.919935000211005 ], [ 2.146727245931887, 48.932307381010155 ], [ 2.130361291382332, 48.937858821171417 ] ] ] } },
{ "type": "Feature", "properties": { "hex_id": "871fb445cffffff", "scale0": 3389, "NDVI": null, "NDMI": null, "NDBI": null, "NDSI": null, "NDWI": null, "osmnx": null, "PasDeRoute": null, "motorway": null, "primary": null, "secondary": null, "tertiary": null, "path": null, "population": null, "elevation": null, "foret_encoder": null, "highway_encoder": null, "foret": null, "PasDeforet": null, "Châtaignier": null, "Chênes décidus": null, "Conifères": null, "Douglas": null, "Feuillus": null, "Hêtre": null, "Mixte": null, "Mélèze": null, "NC": null, "NR": null, "Peuplier": null, "Pin autre": null, "Pin laricio, pin noir": null, "Pin maritime": null, "Pin sylvestre": null, "Pins mélangés": null, "Robinier": null, "Sapin, épicéa": null, "dynamic_world": null, "water": null, "tree": null, "grass": null, "crops": null, "shrub": null, "flooded": null, "built": null, "bare": null, "snow": null, "sinister": null }, "geometry": { "type": "Polygon", "coordinates": [ [ [ 1.845374738731444, 48.906829063983174 ], [ 1.831395512378681, 48.899958453298417 ], [ 1.833850084071171, 48.887571247592568 ], [ 1.850276981361387, 48.882055935034828 ], [ 1.864251652522924, 48.888925699077035 ], [ 1.861803981257002, 48.901311621920989 ], [ 1.845374738731444, 48.906829063983174 ] ] ] } },
{ "type": "Feature", "properties": { "hex_id": "871fb6a6cffffff", "scale0": 3390, "NDVI": 0.68048685789108276, "NDMI": 0.17110289633274078, "NDBI": -0.17110289633274078, "NDSI": -0.55122953653335571, "NDWI": -0.64384490251541138, "osmnx": null, "PasDeRoute": 99.486718850250227, "motorway": 0.0, "primary": 0.0, "secondary": 0.51328114974977546, "tertiary": 0.0, "path": 0.0, "population": 7.0005700738345897, "elevation": 26.45789909362793, "foret_encoder": 0.0, "highway_encoder": 0.0, "foret": null, "PasDeforet": 78.904144745284228, "Châtaignier": 2.7588861799050428, "Chênes décidus": 5.7102527909662522, "Conifères": 0.0, "Douglas": 0.0, "Feuillus": 6.7111510329783144, "Hêtre": 0.0, "Mixte": 1.5911715642243041, "Mélèze": 0.0, "NC": 0.0, "NR": 3.0540228410111636, "Peuplier": 0.0, "Pin autre": 0.0, "Pin laricio, pin noir": 0.0, "Pin maritime": 0.0, "Pin sylvestre": 1.2703708456306944, "Pins mélangés": 0.0, "Robinier": 0.0, "Sapin, épicéa": 0.0, "dynamic_world": null, "water": 0.51328114974977546, "tree": 84.267932760169387, "grass": 3.1310150134736299, "crops": 0.26947260361863212, "shrub": 0.21814448864365454, "flooded": 0.076992172462466313, "built": 3.8881047093545491, "bare": 0.012832028743744384, "snow": 0.0, "sinister": 0.0 }, "geometry": { "type": "Polygon", "coordinates": [ [ [ 2.05506304197892, 48.616151207886318 ], [ 2.041155467083891, 48.609279547717321 ], [ 2.043550560376266, 48.59687955565655 ], [ 2.0598464096692, 48.591352534153685 ], [ 2.073749441527906, 48.598223362986204 ], [ 2.071361166784892, 48.610622044268908 ], [ 2.05506304197892, 48.616151207886318 ] ] ] } },
{ "type": "Feature", "properties": { "hex_id": "871fb44f3ffffff", "scale0": 3391, "NDVI": null, "NDMI": null, "NDBI": null, "NDSI": null, "NDWI": null, "osmnx": null, "PasDeRoute": null, "motorway": null, "primary": null, "secondary": null, "tertiary": null, "path": null, "population": null, "elevation": null, "foret_encoder": null, "highway_encoder": null, "foret": null, "PasDeforet": null, "Châtaignier": null, "Chênes décidus": null, "Conifères": null, "Douglas": null, "Feuillus": null, "Hêtre": null, "Mixte": null, "Mélèze": null, "NC": null, "NR": null, "Peuplier": null, "Pin autre": null, "Pin laricio, pin noir": null, "Pin maritime": null, "Pin sylvestre": null, "Pins mélangés": null, "Robinier": null, "Sapin, épicéa": null, "dynamic_world": null, "water": null, "tree": null, "grass": null, "crops": null, "shrub": null, "flooded": null, "built": null, "bare": null, "snow": null, "sinister": null }, "geometry": { "type": "Polygon", "coordinates": [ [ [ 1.696640489806648, 48.806294097726173 ], [ 1.682681291928277, 48.799388986341377 ], [ 1.685165761691201, 48.786988646751894 ], [ 1.701602540347747, 48.781494690451566 ], [ 1.71555722080407, 48.788398942417587 ], [ 1.713079639714452, 48.800798009703321 ], [ 1.696640489806648, 48.806294097726173 ] ] ] } },
{ "type": "Feature", "properties": { "hex_id": "871fb6b72ffffff", "scale0": 3392, "NDVI": 0.61053413152694702, "NDMI": 0.11959497630596161, "NDBI": -0.11959497630596161, "NDSI": -0.52662020921707153, "NDWI": -0.58979064226150513, "osmnx": null, "PasDeRoute": 94.472105195965781, "motorway": 0.0, "primary": 0.0, "secondary": 1.9660411081322611, "tertiary": 0.0, "path": 3.5618536959019531, "population": 273.00473962212891, "elevation": 28.690769195556641, "foret_encoder": 2.0, "highway_encoder": 0.0, "foret": null, "PasDeforet": 18.881654538490999, "Châtaignier": 0.0, "Chênes décidus": 53.376739435720665, "Conifères": 0.0, "Douglas": 0.0, "Feuillus": 8.349291459211031, "Hêtre": 0.0, "Mixte": 1.4298480786416443, "Mélèze": 0.0, "NC": 0.0, "NR": 3.7150517043278439, "Peuplier": 0.0, "Pin autre": 0.0, "Pin laricio, pin noir": 10.519596578577811, "Pin maritime": 0.0, "Pin sylvestre": 0.0, "Pins mélangés": 3.7278182050300015, "Robinier": 0.0, "Sapin, épicéa": 0.0, "dynamic_world": null, "water": 0.0, "tree": 73.77760755776842, "grass": 11.464317630537471, "crops": 0.79152304353376746, "shrub": 0.74045704072513729, "flooded": 0.012766500702157539, "built": 0.49789352738414405, "bare": 0.0, "snow": 0.0, "sinister": 2.0 }, "geometry": { "type": "Polygon", "coordinates": [ [ [ 1.798443926381687, 48.679589342223089 ], [ 1.784516013989258, 48.672685386257655 ], [ 1.78697208396801, 48.66027977915688 ], [ 1.80334921362797, 48.654779413085585 ], [ 1.81727261196101, 48.661682517123758 ], [ 1.814823394373522, 48.674086838765348 ], [ 1.798443926381687, 48.679589342223089 ] ] ] } },
{ "type": "Feature", "properties": { "hex_id": "871fb6a60ffffff", "scale0": 3393, "NDVI": 0.78551614284515381, "NDMI": 0.25070875883102417, "NDBI": -0.25070875883102417, "NDSI": -0.59470850229263306, "NDWI": -0.72566092014312744, "osmnx": null, "PasDeRoute": 96.166175150660337, "motorway": 0.0, "primary": 1.0770611616873957, "secondary": 1.1027054750609051, "tertiary": 0.33337607385562251, "path": 1.3206821387357353, "population": 23.000127206558137, "elevation": 34.801700592041016, "foret_encoder": 5.0, "highway_encoder": 0.0, "foret": null, "PasDeforet": 27.875368637004744, "Châtaignier": 0.0, "Chênes décidus": 10.283369662777279, "Conifères": 0.0, "Douglas": 0.0, "Feuillus": 61.841261700217977, "Hêtre": 0.0, "Mixte": 0.0, "Mélèze": 0.0, "NC": 0.0, "NR": 0.0, "Peuplier": 0.0, "Pin autre": 0.0, "Pin laricio, pin noir": 0.0, "Pin maritime": 0.0, "Pin sylvestre": 0.0, "Pins mélangés": 0.0, "Robinier": 0.0, "Sapin, épicéa": 0.0, "dynamic_world": null, "water": 0.0, "tree": 76.240543659443517, "grass": 7.7830491088601104, "crops": 0.34619823054237725, "shrub": 0.20515450698807541, "flooded": 0.051288626747018853, "built": 1.1796384151814336, "bare": 0.0, "snow": 0.0, "sinister": 0.0 }, "geometry": { "type": "Polygon", "coordinates": [ [ [ 1.994629572711145, 48.61345089547244 ], [ 1.98072120579812, 48.606569610264359 ], [ 1.983129942283633, 48.594167004779266 ], [ 1.999440222734434, 48.588646989467932 ], [ 2.01334405599126, 48.595527438355823 ], [ 2.010942142114523, 48.607928738484972 ], [ 1.994629572711145, 48.61345089547244 ] ] ] } },
{ "type": "Feature", "properties": { "hex_id": "871fb6b51ffffff", "scale0": 3394, "NDVI": 0.82479268312454224, "NDMI": 0.29832619428634644, "NDBI": -0.29832619428634644, "NDSI": -0.61115807294845581, "NDWI": -0.76476597785949707, "osmnx": null, "PasDeRoute": 95.977011494252878, "motorway": 0.0, "primary": 1.3026819923371646, "secondary": 0.0, "tertiary": 0.0, "path": 2.7203065134099615, "population": 11.000070670310075, "elevation": 17.061275482177734, "foret_encoder": 2.0, "highway_encoder": 0.0, "foret": null, "PasDeforet": 2.3371647509578546, "Châtaignier": 0.0, "Chênes décidus": 53.716475095785441, "Conifères": 0.0, "Douglas": 0.0, "Feuillus": 27.98212005108557, "Hêtre": 0.0, "Mixte": 6.3729246487867179, "Mélèze": 0.0, "NC": 0.0, "NR": 0.0, "Peuplier": 0.0, "Pin autre": 0.0, "Pin laricio, pin noir": 1.4176245210727969, "Pin maritime": 0.0, "Pin sylvestre": 8.1736909323116222, "Pins mélangés": 0.0, "Robinier": 0.0, "Sapin, épicéa": 0.0, "dynamic_world": null, "water": 0.0, "tree": 99.4125159642401, "grass": 0.0, "crops": 0.0, "shrub": 0.0, "flooded": 0.0, "built": 0.0, "bare": 0.0, "snow": 0.0, "sinister": 3.0 }, "geometry": { "type": "Polygon", "coordinates": [ [ [ 1.866365706231889, 48.64516585521816 ], [ 1.85244717266315, 48.638268427219977 ], [ 1.854886376689649, 48.625863005436166 ], [ 1.87123727443912, 48.620356303960861 ], [ 1.885151288819574, 48.627252885350337 ], [ 1.88271892431244, 48.639657014430576 ], [ 1.866365706231889, 48.64516585521816 ] ] ] } },
{ "type": "Feature", "properties": { "hex_id": "871fb46b1ffffff", "scale0": 3395, "NDVI": 0.66170084476470947, "NDMI": 0.18343859910964966, "NDBI": -0.18343859910964966, "NDSI": -0.54612898826599121, "NDWI": -0.64304322004318237, "osmnx": null, "PasDeRoute": 90.129304826526692, "motorway": 0.0, "primary": 0.47369094866214317, "secondary": 0.76814748431698887, "tertiary": 1.38266547177058, "path": 7.246191268723595, "population": 19.000221433638231, "elevation": 42.446521759033203, "foret_encoder": 0.0, "highway_encoder": 0.0, "foret": null, "PasDeforet": 53.258225579311222, "Châtaignier": 0.0, "Chênes décidus": 31.673281270003841, "Conifères": 0.0, "Douglas": 0.0, "Feuillus": 12.968890026885163, "Hêtre": 0.0, "Mixte": 0.0, "Mélèze": 0.0, "NC": 0.0, "NR": 0.0, "Peuplier": 0.0, "Pin autre": 0.0, "Pin laricio, pin noir": 0.0, "Pin maritime": 0.0, "Pin sylvestre": 2.0996031237997697, "Pins mélangés": 0.0, "Robinier": 0.0, "Sapin, épicéa": 0.0, "dynamic_world": null, "water": 0.0, "tree": 20.304698502112405, "grass": 1.1394187684035335, "crops": 0.24324670336704646, "shrub": 19.766995263090514, "flooded": 0.11522212264754833, "built": 9.3585968505953154, "bare": 0.0, "snow": 0.0, "sinister": 5.0 }, "geometry": { "type": "Polygon", "coordinates": [ [ [ 2.05221780108397, 48.709783052515697 ], [ 2.038288689931019, 48.702921675966394 ], [ 2.040688132673198, 48.690528274487477 ], [ 2.057009846387044, 48.684997556886493 ], [ 2.070934400891372, 48.691858102526936 ], [ 2.068541797984013, 48.704250196286225 ], [ 2.05221780108397, 48.709783052515697 ] ] ] } },
{ "type": "Feature", "properties": { "hex_id": "871fb4706ffffff", "scale0": 3396, "NDVI": null, "NDMI": null, "NDBI": null, "NDSI": null, "NDWI": null, "osmnx": null, "PasDeRoute": null, "motorway": null, "primary": null, "secondary": null, "tertiary": null, "path": null, "population": null, "elevation": null, "foret_encoder": null, "highway_encoder": null, "foret": null, "PasDeforet": null, "Châtaignier": null, "Chênes décidus": null, "Conifères": null, "Douglas": null, "Feuillus": null, "Hêtre": null, "Mixte": null, "Mélèze": null, "NC": null, "NR": null, "Peuplier": null, "Pin autre": null, "Pin laricio, pin noir": null, "Pin maritime": null, "Pin sylvestre": null, "Pins mélangés": null, "Robinier": null, "Sapin, épicéa": null, "dynamic_world": null, "water": null, "tree": null, "grass": null, "crops": null, "shrub": null, "flooded": null, "built": null, "bare": null, "snow": null, "sinister": null }, "geometry": { "type": "Polygon", "coordinates": [ [ [ 2.020471638714367, 48.951923450949941 ], [ 2.006485898207009, 48.945085050204952 ], [ 2.008902240229552, 48.932708030754377 ], [ 2.025297425113596, 48.927170709094227 ], [ 2.039278577106426, 48.934008277845841 ], [ 2.036869132382414, 48.946383999854881 ], [ 2.020471638714367, 48.951923450949941 ] ] ] } },
{ "type": "Feature", "properties": { "hex_id": "871fb46a6ffffff", "scale0": 3397, "NDVI": 0.65037626028060913, "NDMI": 0.17027729749679565, "NDBI": -0.17027729749679565, "NDSI": -0.53929787874221802, "NDWI": -0.62983304262161255, "osmnx": null, "PasDeRoute": 94.978221880604664, "motorway": 0.0, "primary": 0.0, "secondary": 1.6653856008198822, "tertiary": 0.62772226492441718, "path": 2.7286702536510377, "population": 14.000025912447029, "elevation": 45.131427764892578, "foret_encoder": 0.0, "highway_encoder": 0.0, "foret": null, "PasDeforet": 52.677427619779657, "Châtaignier": 3.4588777863182165, "Chênes décidus": 13.579297975915964, "Conifères": 0.0, "Douglas": 0.0, "Feuillus": 30.284396617986165, "Hêtre": 0.0, "Mixte": 0.0, "Mélèze": 0.0, "NC": 0.0, "NR": 0.0, "Peuplier": 0.0, "Pin autre": 0.0, "Pin laricio, pin noir": 0.0, "Pin maritime": 0.0, "Pin sylvestre": 0.0, "Pins mélangés": 0.0, "Robinier": 0.0, "Sapin, épicéa": 0.0, "dynamic_world": null, "water": 0.24340251088905968, "tree": 51.60133230848065, "grass": 0.39713041250320263, "crops": 0.076863950807071479, "shrub": 23.161670509864209, "flooded": 0.025621316935690495, "built": 4.0225467589034078, "bare": 0.0, "snow": 0.0, "sinister": 4.0 }, "geometry": { "type": "Polygon", "coordinates": [ [ [ 2.045021960063071, 48.746955318832995 ], [ 2.031084134964999, 48.740097098074514 ], [ 2.033486691741649, 48.727706088907937 ], [ 2.04982022448293, 48.722174606052668 ], [ 2.063753488412734, 48.729031995562202 ], [ 2.061357780423159, 48.741421698784158 ], [ 2.045021960063071, 48.746955318832995 ] ] ] } },
{ "type": "Feature", "properties": { "hex_id": "871fb4692ffffff", "scale0": 3398, "NDVI": 0.73740857839584351, "NDMI": 0.22026009857654572, "NDBI": -0.22026009857654572, "NDSI": -0.57726579904556274, "NDWI": -0.69346237182617188, "osmnx": null, "PasDeRoute": 97.540668630716027, "motorway": 0.0, "primary": 0.3714615089022672, "secondary": 0.53797873703086974, "tertiary": 0.64045087741770212, "path": 0.90944024593313699, "population": 48.999870437764876, "elevation": 37.745899200439453, "foret_encoder": 0.0, "highway_encoder": 0.0, "foret": null, "PasDeforet": 78.685794799538883, "Châtaignier": 6.4557448443704368, "Chênes décidus": 3.3559625976687588, "Conifères": 0.0, "Douglas": 0.0, "Feuillus": 10.554630459843729, "Hêtre": 0.0, "Mixte": 0.0, "Mélèze": 0.0, "NC": 0.0, "NR": 0.94786729857819907, "Peuplier": 0.0, "Pin autre": 0.0, "Pin laricio, pin noir": 0.0, "Pin maritime": 0.0, "Pin sylvestre": 0.0, "Pins mélangés": 0.0, "Robinier": 0.0, "Sapin, épicéa": 0.0, "dynamic_world": null, "water": 0.064045087741770201, "tree": 29.640066606891253, "grass": 5.5078775457922378, "crops": 0.83258614064301262, "shrub": 27.270398360445753, "flooded": 0.23056231587037274, "built": 20.225438708851033, "bare": 0.0, "snow": 0.0, "sinister": 0.0 }, "geometry": { "type": "Polygon", "coordinates": [ [ [ 2.0363621782407, 48.634077166811586 ], [ 2.022450060403664, 48.627204673898717 ], [ 2.02485011700789, 48.614805210275016 ], [ 2.041155467083891, 48.609279547717321 ], [ 2.05506304197892, 48.616151207886318 ], [ 2.052669809396445, 48.628549362967036 ], [ 2.0363621782407, 48.634077166811586 ] ] ] } },
{ "type": "Feature", "properties": { "hex_id": "871fb4614ffffff", "scale0": 3399, "NDVI": null, "NDMI": null, "NDBI": null, "NDSI": null, "NDWI": null, "osmnx": null, "PasDeRoute": null, "motorway": null, "primary": null, "secondary": null, "tertiary": null, "path": null, "population": null, "elevation": null, "foret_encoder": null, "highway_encoder": null, "foret": null, "PasDeforet": null, "Châtaignier": null, "Chênes décidus": null, "Conifères": null, "Douglas": null, "Feuillus": null, "Hêtre": null, "Mixte": null, "Mélèze": null, "NC": null, "NR": null, "Peuplier": null, "Pin autre": null, "Pin laricio, pin noir": null, "Pin maritime": null, "Pin sylvestre": null, "Pins mélangés": null, "Robinier": null, "Sapin, épicéa": null, "dynamic_world": null, "water": null, "tree": null, "grass": null, "crops": null, "shrub": null, "flooded": null, "built": null, "bare": null, "snow": null, "sinister": null }, "geometry": { "type": "Polygon", "coordinates": [ [ [ 2.10995650250598, 48.805969335344038 ], [ 2.096006614394407, 48.799127911570544 ], [ 2.098396701701111, 48.786743773501534 ], [ 2.114729819681064, 48.781202368870389 ], [ 2.128675128045471, 48.788042967129684 ], [ 2.126291897823076, 48.800425795142644 ], [ 2.10995650250598, 48.805969335344038 ] ] ] } },
{ "type": "Feature", "properties": { "hex_id": "871fb6b6dffffff", "scale0": 3400, "NDVI": null, "NDMI": null, "NDBI": null, "NDSI": null, "NDWI": null, "osmnx": null, "PasDeRoute": null, "motorway": null, "primary": null, "secondary": null, "tertiary": null, "path": null, "population": null, "elevation": null, "foret_encoder": null, "highway_encoder": null, "foret": null, "PasDeforet": null, "Châtaignier": null, "Chênes décidus": null, "Conifères": null, "Douglas": null, "Feuillus": null, "Hêtre": null, "Mixte": null, "Mélèze": null, "NC": null, "NR": null, "Peuplier": null, "Pin autre": null, "Pin laricio, pin noir": null, "Pin maritime": null, "Pin sylvestre": null, "Pins mélangés": null, "Robinier": null, "Sapin, épicéa": null, "dynamic_world": null, "water": null, "tree": null, "grass": null, "crops": null, "shrub": null, "flooded": null, "built": null, "bare": null, "snow": null, "sinister": null }, "geometry": { "type": "Polygon", "coordinates": [ [ [ 1.954156330851105, 48.742945934352491 ], [ 1.940217332686732, 48.736073242569333 ], [ 1.942640448050339, 48.723678331874126 ], [ 1.958995706351977, 48.71815741035784 ], [ 1.972930157538974, 48.725029263398284 ], [ 1.970513897064727, 48.737422876304308 ], [ 1.954156330851105, 48.742945934352491 ] ] ] } },
{ "type": "Feature", "properties": { "hex_id": "871fb4718ffffff", "scale0": 3401, "NDVI": 0.60560792684555054, "NDMI": 0.16465170681476593, "NDBI": -0.16465170681476593, "NDSI": -0.46552851796150208, "NDWI": -0.56945347785949707, "osmnx": null, "PasDeRoute": 92.864450127877234, "motorway": 0.0, "primary": 0.30690537084398978, "secondary": 0.0, "tertiary": 2.0971867007672635, "path": 4.7314578005115093, "population": 3781.9918234451252, "elevation": 44.175857543945312, "foret_encoder": 0.0, "highway_encoder": 0.0, "foret": null, "PasDeforet": 74.603580562659843, "Châtaignier": 1.80306905370844, "Chênes décidus": 1.7519181585677752, "Conifères": 0.0, "Douglas": 0.0, "Feuillus": 21.84143222506394, "Hêtre": 0.0, "Mixte": 0.0, "Mélèze": 0.0, "NC": 0.0, "NR": 0.0, "Peuplier": 0.0, "Pin autre": 0.0, "Pin laricio, pin noir": 0.0, "Pin maritime": 0.0, "Pin sylvestre": 0.0, "Pins mélangés": 0.0, "Robinier": 0.0, "Sapin, épicéa": 0.0, "dynamic_world": null, "water": 0.0, "tree": 21.342710997442456, "grass": 0.0, "crops": 0.0, "shrub": 0.0, "flooded": 0.0, "built": 70.127877237851663, "bare": 0.0, "snow": 0.0, "sinister": 11.0 }, "geometry": { "type": "Polygon", "coordinates": [ [ [ 2.076848605367456, 48.898171997604891 ], [ 2.062876630702146, 48.891336088508083 ], [ 2.065277936196426, 48.878957352044758 ], [ 2.081644335369486, 48.873415828510971 ], [ 2.095611721236481, 48.880250909941516 ], [ 2.093217296376507, 48.892628342178092 ], [ 2.076848605367456, 48.898171997604891 ] ] ] } },
{ "type": "Feature", "properties": { "hex_id": "871fb6b0affffff", "scale0": 3402, "NDVI": 0.62476950883865356, "NDMI": 0.12439277023077011, "NDBI": -0.12439277023077011, "NDSI": -0.54079753160476685, "NDWI": -0.60700547695159912, "osmnx": null, "PasDeRoute": 96.015325670498086, "motorway": 0.0, "primary": 0.0, "secondary": 1.6347381864623245, "tertiary": 2.0945083014048533, "path": 0.2554278416347382, "population": 223.99901768269001, "elevation": 33.968589782714844, "foret_encoder": 0.0, "highway_encoder": 0.0, "foret": null, "PasDeforet": 63.933588761174967, "Châtaignier": 0.0, "Chênes décidus": 30.498084291187737, "Conifères": 0.0, "Douglas": 0.0, "Feuillus": 5.3512132822477652, "Hêtre": 0.0, "Mixte": 0.0, "Mélèze": 0.0, "NC": 0.21711366538952745, "NR": 0.0, "Peuplier": 0.0, "Pin autre": 0.0, "Pin laricio, pin noir": 0.0, "Pin maritime": 0.0, "Pin sylvestre": 0.0, "Pins mélangés": 0.0, "Robinier": 0.0, "Sapin, épicéa": 0.0, "dynamic_world": null, "water": 1.5581098339719028, "tree": 39.795657726692205, "grass": 1.5453384418901661, "crops": 3.9208173690932311, "shrub": 19.70625798212005, "flooded": 0.076628352490421464, "built": 11.226053639846743, "bare": 0.0, "snow": 0.0, "sinister": 1.0 }, "geometry": { "type": "Polygon", "coordinates": [ [ [ 1.745204721567875, 48.639547170472241 ], [ 1.7312848341589, 48.632630429766294 ], [ 1.733751415884758, 48.6202198644826 ], [ 1.750131037358902, 48.614727321281691 ], [ 1.764046424709344, 48.621643205434005 ], [ 1.761586690330327, 48.634052488945464 ], [ 1.745204721567875, 48.639547170472241 ] ] ] } },
{ "type": "Feature", "properties": { "hex_id": "871fb6a55ffffff", "scale0": 3403, "NDVI": 0.75676333904266357, "NDMI": 0.24847494065761566, "NDBI": -0.24847494065761566, "NDSI": -0.57898706197738647, "NDWI": -0.70670545101165771, "osmnx": null, "PasDeRoute": 100.0, "motorway": 0.0, "primary": 0.0, "secondary": 0.0, "tertiary": 0.0, "path": 0.0, "population": 279.99938045694842, "elevation": 43.32110595703125, "foret_encoder": 0.0, "highway_encoder": 0.0, "foret": null, "PasDeforet": 79.491786447638603, "Châtaignier": 0.0, "Chênes décidus": 14.168377823408623, "Conifères": 0.0, "Douglas": 0.0, "Feuillus": 1.2191991786447638, "Hêtre": 0.0, "Mixte": 0.48767967145790558, "Mélèze": 0.0, "NC": 0.0, "NR": 1.2320328542094456, "Peuplier": 0.0, "Pin autre": 0.0, "Pin laricio, pin noir": 0.0, "Pin maritime": 0.0, "Pin sylvestre": 3.4009240246406574, "Pins mélangés": 0.0, "Robinier": 0.0, "Sapin, épicéa": 0.0, "dynamic_world": null, "water": 0.33367556468172482, "tree": 83.072381930184804, "grass": 2.4897330595482545, "crops": 0.12833675564681724, "shrub": 0.038501026694045176, "flooded": 0.0, "built": 4.6714579055441474, "bare": 0.0, "snow": 0.0, "sinister": 0.0 }, "geometry": { "type": "Polygon", "coordinates": [ [ [ 1.978861836622916, 48.537659272032286 ], [ 1.96497042042665, 48.530766902561723 ], [ 1.967379738865479, 48.518358280345183 ], [ 1.983673666320396, 48.512843333369098 ], [ 1.997560562482178, 48.519734864664194 ], [ 1.995158050887461, 48.532142180721685 ], [ 1.978861836622916, 48.537659272032286 ] ] ] } },
{ "type": "Feature", "properties": { "hex_id": "871fb6a46ffffff", "scale0": 3404, "NDVI": null, "NDMI": null, "NDBI": null, "NDSI": null, "NDWI": null, "osmnx": null, "PasDeRoute": null, "motorway": null, "primary": null, "secondary": null, "tertiary": null, "path": null, "population": null, "elevation": null, "foret_encoder": null, "highway_encoder": null, "foret": null, "PasDeforet": null, "Châtaignier": null, "Chênes décidus": null, "Conifères": null, "Douglas": null, "Feuillus": null, "Hêtre": null, "Mixte": null, "Mélèze": null, "NC": null, "NR": null, "Peuplier": null, "Pin autre": null, "Pin laricio, pin noir": null, "Pin maritime": null, "Pin sylvestre": null, "Pins mélangés": null, "Robinier": null, "Sapin, épicéa": null, "dynamic_world": null, "water": null, "tree": null, "grass": null, "crops": null, "shrub": null, "flooded": null, "built": null, "bare": null, "snow": null, "sinister": null }, "geometry": { "type": "Polygon", "coordinates": [ [ [ 1.990349919558328, 48.556954465054915 ], [ 1.976454365650716, 48.550066067323286 ], [ 1.978861836622916, 48.537659272032286 ], [ 1.995158050887461, 48.532142180721685 ], [ 2.009049080187519, 48.539029741365496 ], [ 2.006648419493031, 48.551435230018448 ], [ 1.990349919558328, 48.556954465054915 ] ] ] } },
{ "type": "Feature", "properties": { "hex_id": "871fb6b32ffffff", "scale0": 3405, "NDVI": 0.43889012932777405, "NDMI": -0.0059108054265379906, "NDBI": 0.0059108054265379906, "NDSI": -0.51265949010848999, "NDWI": -0.49459999799728394, "osmnx": null, "PasDeRoute": 96.757375381485247, "motorway": 0.0, "primary": 0.0, "secondary": 1.6403865717192267, "tertiary": 1.2589013224821972, "path": 0.34333672431332651, "population": 2.000866889136895, "elevation": 23.13447380065918, "foret_encoder": 0.0, "highway_encoder": 0.0, "foret": null, "PasDeforet": 93.730925737538158, "Châtaignier": 0.0, "Chênes décidus": 1.7675483214649033, "Conifères": 0.0, "Douglas": 0.0, "Feuillus": 4.5015259409969488, "Hêtre": 0.0, "Mixte": 0.0, "Mélèze": 0.0, "NC": 0.0, "NR": 0.0, "Peuplier": 0.0, "Pin autre": 0.0, "Pin laricio, pin noir": 0.0, "Pin maritime": 0.0, "Pin sylvestre": 0.0, "Pins mélangés": 0.0, "Robinier": 0.0, "Sapin, épicéa": 0.0, "dynamic_world": null, "water": 0.0, "tree": 11.113936927772126, "grass": 0.50864699898270604, "crops": 2.32706002034588, "shrub": 47.227873855544253, "flooded": 0.038148524923702951, "built": 0.26703967446592064, "bare": 0.0, "snow": 0.0, "sinister": 0.0 }, "geometry": { "type": "Polygon", "coordinates": [ [ [ 1.586084521618533, 48.669578065871562 ], [ 1.57215444854469, 48.662640247202141 ], [ 1.574658539334736, 48.650225718660209 ], [ 1.591085837066504, 48.644750274635321 ], [ 1.605011429922886, 48.651687223989278 ], [ 1.602514204967049, 48.664100486284703 ], [ 1.586084521618533, 48.669578065871562 ] ] ] } },
{ "type": "Feature", "properties": { "hex_id": "871fb4474ffffff", "scale0": 3406, "NDVI": 0.54464340209960938, "NDMI": 0.091446869075298309, "NDBI": -0.091446869075298309, "NDSI": -0.48625645041465759, "NDWI": -0.53297805786132812, "osmnx": null, "PasDeRoute": 92.968849332485689, "motorway": 0.0, "primary": 0.0, "secondary": 0.0, "tertiary": 0.0, "path": 7.0311506675143036, "population": 68.008065838056339, "elevation": 33.272212982177734, "foret_encoder": 0.0, "highway_encoder": 0.0, "foret": null, "PasDeforet": 67.832167832167841, "Châtaignier": 0.0, "Chênes décidus": 0.0, "Conifères": 0.0, "Douglas": 0.0, "Feuillus": 29.535918626827716, "Hêtre": 0.0, "Mixte": 1.080737444373808, "Mélèze": 0.0, "NC": 1.551176096630642, "NR": 0.0, "Peuplier": 0.0, "Pin autre": 0.0, "Pin laricio, pin noir": 0.0, "Pin maritime": 0.0, "Pin sylvestre": 0.0, "Pins mélangés": 0.0, "Robinier": 0.0, "Sapin, épicéa": 0.0, "dynamic_world": null, "water": 0.038143674507310869, "tree": 37.685950413223139, "grass": 3.2803560076287348, "crops": 0.68658614113159566, "shrub": 30.413223140495866, "flooded": 0.43229497774952319, "built": 6.306420851875397, "bare": 0.0, "snow": 0.0, "sinister": 4.0 }, "geometry": { "type": "Polygon", "coordinates": [ [ [ 1.739248030374297, 48.977056291695817 ], [ 1.725250256635246, 48.970177423789814 ], [ 1.727731995941331, 48.957791325107202 ], [ 1.744204584172063, 48.952285364904512 ], [ 1.758197808355672, 48.959163377872535 ], [ 1.755722993545451, 48.971548205579396 ], [ 1.739248030374297, 48.977056291695817 ] ] ] } },
{ "type": "Feature", "properties": { "hex_id": "871fb4419ffffff", "scale0": 3407, "NDVI": 0.39226815104484558, "NDMI": -0.040322680026292801, "NDBI": 0.040322680026292801, "NDSI": -0.50220310688018799, "NDWI": -0.45429006218910217, "osmnx": null, "PasDeRoute": 97.994160213279173, "motorway": 0.0, "primary": 0.0, "secondary": 0.0, "tertiary": 1.6757648851085438, "path": 0.33007490161228892, "population": 1.0000329794780343, "elevation": 17.481927871704102, "foret_encoder": 0.0, "highway_encoder": 0.0, "foret": null, "PasDeforet": 88.256950615716647, "Châtaignier": 0.0, "Chênes décidus": 1.2949092294020565, "Conifères": 0.0, "Douglas": 0.0, "Feuillus": 9.4960010156150805, "Hêtre": 0.0, "Mixte": 0.0, "Mélèze": 0.0, "NC": 0.0, "NR": 0.95213913926621807, "Peuplier": 0.0, "Pin autre": 0.0, "Pin laricio, pin noir": 0.0, "Pin maritime": 0.0, "Pin sylvestre": 0.0, "Pins mélangés": 0.0, "Robinier": 0.0, "Sapin, épicéa": 0.0, "dynamic_world": null, "water": 0.0, "tree": 13.228386441538657, "grass": 0.88866319664847016, "crops": 0.93944395074266851, "shrub": 66.38314078964072, "flooded": 0.1523422622825949, "built": 2.4882569506157166, "bare": 0.0, "snow": 0.0, "sinister": 2.0 }, "geometry": { "type": "Polygon", "coordinates": [ [ [ 1.681728511141089, 48.880672758874994 ], [ 1.667751845539023, 48.873773905951978 ], [ 1.670242783848185, 48.861378462952935 ], [ 1.68670348072725, 48.855883141142293 ], [ 1.700675620087368, 48.862781133878194 ], [ 1.698191588499355, 48.875175308210792 ], [ 1.681728511141089, 48.880672758874994 ] ] ] } },
{ "type": "Feature", "properties": { "hex_id": "871fb6b5effffff", "scale0": 3408, "NDVI": 0.81086057424545288, "NDMI": 0.29476863145828247, "NDBI": -0.29476863145828247, "NDSI": -0.59404677152633667, "NDWI": -0.75039112567901611, "osmnx": null, "PasDeRoute": 92.524916943521589, "motorway": 0.0, "primary": 1.5716841298236646, "secondary": 0.47278303092256579, "tertiary": 1.3289036544850499, "path": 4.1017122412471245, "population": 1.0001436962971484, "elevation": 32.725200653076172, "foret_encoder": 5.0, "highway_encoder": 0.0, "foret": null, "PasDeforet": 19.780219780219781, "Châtaignier": 0.0, "Chênes décidus": 16.227958088423204, "Conifères": 0.0, "Douglas": 0.0, "Feuillus": 39.688218757986199, "Hêtre": 0.0, "Mixte": 4.5617173524150267, "Mélèze": 0.0, "NC": 3.002811142346026, "NR": 0.0, "Peuplier": 0.0, "Pin autre": 0.0, "Pin laricio, pin noir": 0.0, "Pin maritime": 8.791208791208792, "Pin sylvestre": 7.9478660874009703, "Pins mélangés": 0.0, "Robinier": 0.0, "Sapin, épicéa": 0.0, "dynamic_world": null, "water": 0.33222591362126247, "tree": 78.277536417071303, "grass": 1.8144646051622797, "crops": 0.076667518527983647, "shrub": 0.025555839509327882, "flooded": 0.0, "built": 2.7855865065167391, "bare": 0.0, "snow": 0.0, "sinister": 0.0 }, "geometry": { "type": "Polygon", "coordinates": [ [ [ 1.885151288819574, 48.627252885350337 ], [ 1.87123727443912, 48.620356303960861 ], [ 1.873671481396789, 48.607950338360531 ], [ 1.890012868338713, 48.602442248711291 ], [ 1.90392236337166, 48.609337984903512 ], [ 1.90149499048216, 48.621742655549674 ], [ 1.885151288819574, 48.627252885350337 ] ] ] } },
{ "type": "Feature", "properties": { "hex_id": "871fb451affffff", "scale0": 3409, "NDVI": 0.47731015086174011, "NDMI": 0.022997448220849037, "NDBI": -0.022997448220849037, "NDSI": -0.5042794942855835, "NDWI": -0.50546431541442871, "osmnx": null, "PasDeRoute": 97.336039578840541, "motorway": 0.0, "primary": 0.0, "secondary": 1.4715209945452239, "tertiary": 1.1924394266142331, "path": 0.0, "population": 20.999988221614991, "elevation": 20.336540222167969, "foret_encoder": 0.0, "highway_encoder": 0.0, "foret": null, "PasDeforet": 87.733096536851448, "Châtaignier": 0.0, "Chênes décidus": 0.0, "Conifères": 0.0, "Douglas": 0.0, "Feuillus": 12.266903463148546, "Hêtre": 0.0, "Mixte": 0.0, "Mélèze": 0.0, "NC": 0.0, "NR": 0.0, "Peuplier": 0.0, "Pin autre": 0.0, "Pin laricio, pin noir": 0.0, "Pin maritime": 0.0, "Pin sylvestre": 0.0, "Pins mélangés": 0.0, "Robinier": 0.0, "Sapin, épicéa": 0.0, "dynamic_world": null, "water": 0.0, "tree": 11.455029810985666, "grass": 1.2558670556894584, "crops": 0.21565393885576556, "shrub": 50.234682227578332, "flooded": 0.088798680705315242, "built": 5.4294050488392749, "bare": 0.0, "snow": 0.0, "sinister": 1.0 }, "geometry": { "type": "Polygon", "coordinates": [ [ [ 1.506666066199727, 48.985132472144997 ], [ 1.492661708207034, 48.978218687247441 ], [ 1.495197094554394, 48.965824392348495 ], [ 1.511729895121223, 48.96034513127362 ], [ 1.525729738371426, 48.96725804229429 ], [ 1.523201295503051, 48.97965108786051 ], [ 1.506666066199727, 48.985132472144997 ] ] ] } },
{ "type": "Feature", "properties": { "hex_id": "871fb4790ffffff", "scale0": 3410, "NDVI": 0.48796331882476807, "NDMI": 0.055808849632740021, "NDBI": -0.055808849632740021, "NDSI": -0.45736518502235413, "NDWI": -0.48465955257415771, "osmnx": null, "PasDeRoute": 90.78258649304226, "motorway": 0.0, "primary": 0.75322354142729475, "secondary": 0.0, "tertiary": 3.3320566832631173, "path": 5.1321332822673309, "population": 483.00325083426344, "elevation": 22.384529113769531, "foret_encoder": 0.0, "highway_encoder": 0.0, "foret": null, "PasDeforet": 92.620962594152942, "Châtaignier": 0.0, "Chênes décidus": 2.9235286607940765, "Conifères": 0.0, "Douglas": 0.0, "Feuillus": 4.4555087450529811, "Hêtre": 0.0, "Mixte": 0.0, "Mélèze": 0.0, "NC": 0.0, "NR": 0.0, "Peuplier": 0.0, "Pin autre": 0.0, "Pin laricio, pin noir": 0.0, "Pin maritime": 0.0, "Pin sylvestre": 0.0, "Pins mélangés": 0.0, "Robinier": 0.0, "Sapin, épicéa": 0.0, "dynamic_world": null, "water": 0.42129452317119875, "tree": 5.6300268096514747, "grass": 0.165964509128048, "crops": 0.165964509128048, "shrub": 6.7534788714413372, "flooded": 0.37022852036256865, "built": 82.203498021192388, "bare": 0.0, "snow": 0.0, "sinister": 12.0 }, "geometry": { "type": "Polygon", "coordinates": [ [ [ 1.916565021207125, 48.778773425386049 ], [ 1.902616929496279, 48.771899051843597 ], [ 1.905050057675739, 48.759505255866785 ], [ 1.921424411355983, 48.753987126313376 ], [ 1.935367956364086, 48.76086065826307 ], [ 1.932941694060959, 48.773253160964117 ], [ 1.916565021207125, 48.778773425386049 ] ] ] } },
{ "type": "Feature", "properties": { "hex_id": "871fb448bffffff", "scale0": 3411, "NDVI": null, "NDMI": null, "NDBI": null, "NDSI": null, "NDWI": null, "osmnx": null, "PasDeRoute": null, "motorway": null, "primary": null, "secondary": null, "tertiary": null, "path": null, "population": null, "elevation": null, "foret_encoder": null, "highway_encoder": null, "foret": null, "PasDeforet": null, "Châtaignier": null, "Chênes décidus": null, "Conifères": null, "Douglas": null, "Feuillus": null, "Hêtre": null, "Mixte": null, "Mélèze": null, "NC": null, "NR": null, "Peuplier": null, "Pin autre": null, "Pin laricio, pin noir": null, "Pin maritime": null, "Pin sylvestre": null, "Pins mélangés": null, "Robinier": null, "Sapin, épicéa": null, "dynamic_world": null, "water": null, "tree": null, "grass": null, "crops": null, "shrub": null, "flooded": null, "built": null, "bare": null, "snow": null, "sinister": null }, "geometry": { "type": "Polygon", "coordinates": [ [ [ 1.643304684908426, 48.766252523484937 ], [ 1.629353595942623, 48.759334595369516 ], [ 1.631848605874454, 48.74692928305366 ], [ 1.648287820946452, 48.741443167067366 ], [ 1.662234406620583, 48.748360231160845 ], [ 1.659746280209109, 48.760764274862929 ], [ 1.643304684908426, 48.766252523484937 ] ] ] } },
{ "type": "Feature", "properties": { "hex_id": "871fb6ae2ffffff", "scale0": 3412, "NDVI": 0.54592257738113403, "NDMI": 0.096593759953975677, "NDBI": -0.096593759953975677, "NDSI": -0.50342428684234619, "NDWI": -0.54979950189590454, "osmnx": null, "PasDeRoute": 97.443762781186095, "motorway": 1.5593047034764826, "primary": 0.56237218813905931, "secondary": 0.0, "tertiary": 0.43456032719836402, "path": 0.0, "population": 13.99997879890698, "elevation": 7.5915136337280273, "foret_encoder": 0.0, "highway_encoder": 0.0, "foret": null, "PasDeforet": 99.143660531697336, "Châtaignier": 0.0, "Chênes décidus": 0.0, "Conifères": 0.0, "Douglas": 0.0, "Feuillus": 0.8563394683026585, "Hêtre": 0.0, "Mixte": 0.0, "Mélèze": 0.0, "NC": 0.0, "NR": 0.0, "Peuplier": 0.0, "Pin autre": 0.0, "Pin laricio, pin noir": 0.0, "Pin maritime": 0.0, "Pin sylvestre": 0.0, "Pins mélangés": 0.0, "Robinier": 0.0, "Sapin, épicéa": 0.0, "dynamic_world": null, "water": 0.0, "tree": 0.81799591002045002, "grass": 0.14059304703476483, "crops": 0.10224948875255625, "shrub": 82.770961145194278, "flooded": 0.063905930470347649, "built": 5.6620654396728014, "bare": 0.0, "snow": 0.0, "sinister": 0.0 }, "geometry": { "type": "Polygon", "coordinates": [ [ [ 1.902800214721119, 48.459017323402904 ], [ 1.888924970335347, 48.452104277194017 ], [ 1.891348449314841, 48.439687069815641 ], [ 1.907640377256073, 48.434184209773662 ], [ 1.921511124553533, 48.44109641096933 ], [ 1.919094440670972, 48.453512316831038 ], [ 1.902800214721119, 48.459017323402904 ] ] ] } },
{ "type": "Feature", "properties": { "hex_id": "871fb6b20ffffff", "scale0": 3413, "NDVI": 0.7999272346496582, "NDMI": 0.29948341846466064, "NDBI": -0.29948341846466064, "NDSI": -0.58017146587371826, "NDWI": -0.74455147981643677, "osmnx": null, "PasDeRoute": 97.848778004073324, "motorway": 0.0, "primary": 0.0, "secondary": 0.0, "tertiary": 0.0, "path": 2.1512219959266803, "population": 104.99972438579073, "elevation": 40.745948791503906, "foret_encoder": 0.0, "highway_encoder": 0.0, "foret": null, "PasDeforet": 48.727087576374743, "Châtaignier": 8.0702647657841151, "Chênes décidus": 15.236761710794298, "Conifères": 0.0, "Douglas": 0.0, "Feuillus": 21.703156822810591, "Hêtre": 0.0, "Mixte": 1.5784114052953158, "Mélèze": 0.0, "NC": 0.0, "NR": 0.0, "Peuplier": 0.0, "Pin autre": 0.0, "Pin laricio, pin noir": 1.0310590631364562, "Pin maritime": 0.95468431771894102, "Pin sylvestre": 1.5402240325865579, "Pins mélangés": 1.1583503054989817, "Robinier": 0.0, "Sapin, épicéa": 0.0, "dynamic_world": null, "water": 0.0, "tree": 62.5, "grass": 12.24541751527495, "crops": 0.02545824847250509, "shrub": 2.5458248472505094, "flooded": 0.038187372708757633, "built": 1.2474541751527495, "bare": 0.0, "snow": 0.0, "sinister": 1.0 }, "geometry": { "type": "Polygon", "coordinates": [ [ [ 1.650777771984489, 48.729037274876042 ], [ 1.636835387627727, 48.722116230129075 ], [ 1.639327160830814, 48.709708491830725 ], [ 1.655754443548175, 48.704223068302696 ], [ 1.669692328986327, 48.711143249397225 ], [ 1.667207430320229, 48.723549717273436 ], [ 1.650777771984489, 48.729037274876042 ] ] ] } },
{ "type": "Feature", "properties": { "hex_id": "871fb4730ffffff", "scale0": 3414, "NDVI": 0.56261420249938965, "NDMI": 0.11393376439809799, "NDBI": -0.11393376439809799, "NDSI": -0.46622782945632935, "NDWI": -0.53621715307235718, "osmnx": null, "PasDeRoute": 91.781521184277693, "motorway": 1.28892291985707, "primary": 1.2251148545176112, "secondary": 0.0, "tertiary": 3.1648800408371618, "path": 2.5395610005104645, "population": 960.99762547758166, "elevation": 29.847198486328125, "foret_encoder": 0.0, "highway_encoder": 0.0, "foret": null, "PasDeforet": 61.051556916794283, "Châtaignier": 13.501786625829503, "Chênes décidus": 3.4966819806023479, "Conifères": 0.0, "Douglas": 0.0, "Feuillus": 21.949974476773864, "Hêtre": 0.0, "Mixte": 0.0, "Mélèze": 0.0, "NC": 0.0, "NR": 0.0, "Peuplier": 0.0, "Pin autre": 0.0, "Pin laricio, pin noir": 0.0, "Pin maritime": 0.0, "Pin sylvestre": 0.0, "Pins mélangés": 0.0, "Robinier": 0.0, "Sapin, épicéa": 0.0, "dynamic_world": null, "water": 0.0, "tree": 34.558448187850942, "grass": 0.6763654925982644, "crops": 0.6763654925982644, "shrub": 12.149055640632977, "flooded": 0.58703420112302196, "built": 36.077080142930065, "bare": 0.0, "snow": 0.0, "sinister": 17.0 }, "geometry": { "type": "Polygon", "coordinates": [ [ [ 1.971245330300169, 48.968531891301595 ], [ 1.957254610966139, 48.961687816135175 ], [ 1.959682883180483, 48.949310084879301 ], [ 1.976094969476298, 48.943777720837375 ], [ 1.990081105193624, 48.95062096005379 ], [ 1.987659737889299, 48.962997398864772 ], [ 1.971245330300169, 48.968531891301595 ] ] ] } },
{ "type": "Feature", "properties": { "hex_id": "871fb454effffff", "scale0": 3415, "NDVI": null, "NDMI": null, "NDBI": null, "NDSI": null, "NDWI": null, "osmnx": null, "PasDeRoute": null, "motorway": null, "primary": null, "secondary": null, "tertiary": null, "path": null, "population": null, "elevation": null, "foret_encoder": null, "highway_encoder": null, "foret": null, "PasDeforet": null, "Châtaignier": null, "Chênes décidus": null, "Conifères": null, "Douglas": null, "Feuillus": null, "Hêtre": null, "Mixte": null, "Mélèze": null, "NC": null, "NR": null, "Peuplier": null, "Pin autre": null, "Pin laricio, pin noir": null, "Pin maritime": null, "Pin sylvestre": null, "Pins mélangés": null, "Robinier": null, "Sapin, épicéa": null, "dynamic_world": null, "water": null, "tree": null, "grass": null, "crops": null, "shrub": null, "flooded": null, "built": null, "bare": null, "snow": null, "sinister": null }, "geometry": { "type": "Polygon", "coordinates": [ [ [ 1.754866521252246, 49.052707482432282 ], [ 1.740851502693337, 49.045839773395699 ], [ 1.743332778678579, 49.033459922382931 ], [ 1.759822132182053, 49.027949050055653 ], [ 1.773832587350801, 49.034815905834741 ], [ 1.771358252084857, 49.047194486795632 ], [ 1.754866521252246, 49.052707482432282 ] ] ] } },
{ "type": "Feature", "properties": { "hex_id": "871fb40deffffff", "scale0": 3416, "NDVI": null, "NDMI": null, "NDBI": null, "NDSI": null, "NDWI": null, "osmnx": null, "PasDeRoute": null, "motorway": null, "primary": null, "secondary": null, "tertiary": null, "path": null, "population": null, "elevation": null, "foret_encoder": null, "highway_encoder": null, "foret": null, "PasDeforet": null, "Châtaignier": null, "Chênes décidus": null, "Conifères": null, "Douglas": null, "Feuillus": null, "Hêtre": null, "Mixte": null, "Mélèze": null, "NC": null, "NR": null, "Peuplier": null, "Pin autre": null, "Pin laricio, pin noir": null, "Pin maritime": null, "Pin sylvestre": null, "Pins mélangés": null, "Robinier": null, "Sapin, épicéa": null, "dynamic_world": null, "water": null, "tree": null, "grass": null, "crops": null, "shrub": null, "flooded": null, "built": null, "bare": null, "snow": null, "sinister": null }, "geometry": { "type": "Polygon", "coordinates": [ [ [ 2.127619804147574, 49.031257031837505 ], [ 2.113618137811321, 49.024444341036748 ], [ 2.116013134036602, 49.01207744011532 ], [ 2.132402889143636, 49.006524534304837 ], [ 2.146399938752817, 49.013336402393556 ], [ 2.144011849622229, 49.025701998609179 ], [ 2.127619804147574, 49.031257031837505 ] ] ] } },
{ "type": "Feature", "properties": { "hex_id": "871fb6b5bffffff", "scale0": 3417, "NDVI": 0.8015066385269165, "NDMI": 0.27910342812538147, "NDBI": -0.27910342812538147, "NDSI": -0.59751701354980469, "NDWI": -0.7450021505355835, "osmnx": null, "PasDeRoute": 91.367827868852459, "motorway": 0.0, "primary": 1.5368852459016393, "secondary": 0.0, "tertiary": 1.1782786885245902, "path": 5.9170081967213113, "population": 162.00175262368984, "elevation": 35.065353393554688, "foret_encoder": 5.0, "highway_encoder": 0.0, "foret": null, "PasDeforet": 5.2894467213114753, "Châtaignier": 1.677766393442623, "Chênes décidus": 7.2233606557377055, "Conifères": 0.0, "Douglas": 0.94774590163934425, "Feuillus": 74.718237704918039, "Hêtre": 0.0, "Mixte": 0.0, "Mélèze": 0.0, "NC": 0.0, "NR": 4.1623975409836067, "Peuplier": 0.0, "Pin autre": 0.0, "Pin laricio, pin noir": 3.3427254098360657, "Pin maritime": 0.0, "Pin sylvestre": 0.0, "Pins mélangés": 2.6383196721311477, "Robinier": 0.0, "Sapin, épicéa": 0.0, "dynamic_world": null, "water": 0.0, "tree": 98.629610655737707, "grass": 0.1408811475409836, "crops": 0.051229508196721313, "shrub": 0.025614754098360656, "flooded": 0.038422131147540985, "built": 0.32018442622950821, "bare": 0.0, "snow": 0.0, "sinister": 0.0 }, "geometry": { "type": "Polygon", "coordinates": [ [ [ 1.934165681918573, 48.610717289080412 ], [ 1.920256554929071, 48.603826371665981 ], [ 1.922678942663584, 48.591421163617795 ], [ 1.939003630428616, 48.58590817251519 ], [ 1.9529082331882, 48.592798248629769 ], [ 1.950492672079891, 48.605202156755446 ], [ 1.934165681918573, 48.610717289080412 ] ] ] } },
{ "type": "Feature", "properties": { "hex_id": "871fb44c4ffffff", "scale0": 3418, "NDVI": 0.54847151041030884, "NDMI": 0.1002507209777832, "NDBI": -0.1002507209777832, "NDSI": -0.49082061648368835, "NDWI": -0.54786074161529541, "osmnx": null, "PasDeRoute": 95.090932214167623, "motorway": 0.0, "primary": 0.0, "secondary": 1.9966933740302684, "tertiary": 1.1191657128322523, "path": 1.7932086989698588, "population": 261.00012485088115, "elevation": 27.871467590332031, "foret_encoder": 0.0, "highway_encoder": 0.0, "foret": null, "PasDeforet": 72.478697698079614, "Châtaignier": 2.7724786976980798, "Chênes décidus": 0.0, "Conifères": 0.0, "Douglas": 0.0, "Feuillus": 23.947602696171945, "Hêtre": 0.0, "Mixte": 0.41968714231209459, "Mélèze": 0.0, "NC": 0.0, "NR": 0.38153376573826786, "Peuplier": 0.0, "Pin autre": 0.0, "Pin laricio, pin noir": 0.0, "Pin maritime": 0.0, "Pin sylvestre": 0.0, "Pins mélangés": 0.0, "Robinier": 0.0, "Sapin, épicéa": 0.0, "dynamic_world": null, "water": 0.0, "tree": 41.180211115350374, "grass": 3.3066259697316545, "crops": 0.57230064860740182, "shrub": 9.5383441434566958, "flooded": 0.85209207681546484, "built": 32.748314892534658, "bare": 0.0, "snow": 0.0, "sinister": 2.0 }, "geometry": { "type": "Polygon", "coordinates": [ [ [ 1.738525863011015, 48.826991762804099 ], [ 1.724562776825389, 48.820095486119591 ], [ 1.727038522350898, 48.807698274918771 ], [ 1.743470463481728, 48.802198615522457 ], [ 1.757429022749879, 48.809094036337939 ], [ 1.754960167488569, 48.821489972019734 ], [ 1.738525863011015, 48.826991762804099 ] ] ] } },
{ "type": "Feature", "properties": { "hex_id": "871fb4719ffffff", "scale0": 3419, "NDVI": 0.57697904109954834, "NDMI": 0.15754950046539307, "NDBI": -0.15754950046539307, "NDSI": -0.43142706155776978, "NDWI": -0.5352102518081665, "osmnx": null, "PasDeRoute": 90.8660611487783, "motorway": 0.0, "primary": 4.1703978508379178, "secondary": 1.6886273506460281, "tertiary": 1.9700652424203657, "path": 1.3048484073173852, "population": 4303.9896703563454, "elevation": 27.729133605957031, "foret_encoder": 0.0, "highway_encoder": 0.0, "foret": null, "PasDeforet": 86.580529614941796, "Châtaignier": 0.0, "Chênes décidus": 0.0, "Conifères": 0.0, "Douglas": 0.0, "Feuillus": 13.419470385058208, "Hêtre": 0.0, "Mixte": 0.0, "Mélèze": 0.0, "NC": 0.0, "NR": 0.0, "Peuplier": 0.0, "Pin autre": 0.0, "Pin laricio, pin noir": 0.0, "Pin maritime": 0.0, "Pin sylvestre": 0.0, "Pins mélangés": 0.0, "Robinier": 0.0, "Sapin, épicéa": 0.0, "dynamic_world": null, "water": 1.2152999872073684, "tree": 8.3407957016758356, "grass": 0.95944735832160688, "crops": 0.0, "shrub": 0.11513368299859281, "flooded": 0.089548420110016638, "built": 46.936164769093004, "bare": 0.0, "snow": 0.0, "sinister": 11.0 }, "geometry": { "type": "Polygon", "coordinates": [ [ [ 2.107188853458211, 48.899459422168746 ], [ 2.093217296376507, 48.892628342178092 ], [ 2.095611721236481, 48.880250909941516 ], [ 2.111970824270267, 48.874705864244568 ], [ 2.125937787823892, 48.881536119077936 ], [ 2.123550241516447, 48.893912244372075 ], [ 2.107188853458211, 48.899459422168746 ] ] ] } },
{ "type": "Feature", "properties": { "hex_id": "871fb446dffffff", "scale0": 3420, "NDVI": 0.45650604367256165, "NDMI": 0.025810357183218002, "NDBI": -0.025810357183218002, "NDSI": -0.46686071157455444, "NDWI": -0.47346580028533936, "osmnx": null, "PasDeRoute": 92.561457139217936, "motorway": 1.7704750987135396, "primary": 2.0252197172334734, "secondary": 0.11463507833397019, "tertiary": 0.1273723092599669, "path": 3.4008406572411158, "population": 384.00171493285785, "elevation": 11.599599838256836, "foret_encoder": 0.0, "highway_encoder": 0.0, "foret": null, "PasDeforet": 86.893389377149404, "Châtaignier": 0.0, "Chênes décidus": 0.0, "Conifères": 0.0, "Douglas": 0.0, "Feuillus": 10.801171825245191, "Hêtre": 0.0, "Mixte": 0.0, "Mélèze": 0.0, "NC": 2.3054387976054009, "NR": 0.0, "Peuplier": 0.0, "Pin autre": 0.0, "Pin laricio, pin noir": 0.0, "Pin maritime": 0.0, "Pin sylvestre": 0.0, "Pins mélangés": 0.0, "Robinier": 0.0, "Sapin, épicéa": 0.0, "dynamic_world": null, "water": 0.40759138963189406, "tree": 10.852120748949179, "grass": 1.2227741688956821, "crops": 0.77697108648579793, "shrub": 10.762960132467201, "flooded": 0.20379569481594703, "built": 32.199719780919629, "bare": 0.0, "snow": 0.0, "sinister": 57.0 }, "geometry": { "type": "Polygon", "coordinates": [ [ [ 1.903088971094076, 49.003030049812587 ], [ 1.889088712266981, 48.996179450565513 ], [ 1.891533983921632, 48.983801612446797 ], [ 1.907972596009747, 48.978275658333516 ], [ 1.921968276308544, 48.985125416219169 ], [ 1.919529922711456, 48.997501969180213 ], [ 1.903088971094076, 49.003030049812587 ] ] ] } },
{ "type": "Feature", "properties": { "hex_id": "871fb4798ffffff", "scale0": 3421, "NDVI": null, "NDMI": null, "NDBI": null, "NDSI": null, "NDWI": null, "osmnx": null, "PasDeRoute": null, "motorway": null, "primary": null, "secondary": null, "tertiary": null, "path": null, "population": null, "elevation": null, "foret_encoder": null, "highway_encoder": null, "foret": null, "PasDeforet": null, "Châtaignier": null, "Chênes décidus": null, "Conifères": null, "Douglas": null, "Feuillus": null, "Hêtre": null, "Mixte": null, "Mélèze": null, "NC": null, "NR": null, "Peuplier": null, "Pin autre": null, "Pin laricio, pin noir": null, "Pin maritime": null, "Pin sylvestre": null, "Pins mélangés": null, "Robinier": null, "Sapin, épicéa": null, "dynamic_world": null, "water": null, "tree": null, "grass": null, "crops": null, "shrub": null, "flooded": null, "built": null, "bare": null, "snow": null, "sinister": null }, "geometry": { "type": "Polygon", "coordinates": [ [ [ 1.995980892963745, 48.763546382025645 ], [ 1.982038112469229, 48.756682504230248 ], [ 1.984452512244383, 48.744290742605308 ], [ 2.000802835838857, 48.73876415936158 ], [ 2.01474105999415, 48.74562720198594 ], [ 2.012333516552572, 48.758017662632056 ], [ 1.995980892963745, 48.763546382025645 ] ] ] } },
{ "type": "Feature", "properties": { "hex_id": "871fb4573ffffff", "scale0": 3422, "NDVI": 0.61203587055206299, "NDMI": 0.15669383108615875, "NDBI": -0.15669383108615875, "NDSI": -0.45478326082229614, "NDWI": -0.54839879274368286, "osmnx": null, "PasDeRoute": 97.526008627251969, "motorway": 0.0, "primary": 0.0, "secondary": 0.49479827454960668, "tertiary": 1.4843948236488202, "path": 0.49479827454960668, "population": 17.000704347423728, "elevation": 5.9474472999572754, "foret_encoder": 0.0, "highway_encoder": 0.0, "foret": null, "PasDeforet": 53.615833544785588, "Châtaignier": 0.0, "Chênes décidus": 18.789647297640194, "Conifères": 0.0, "Douglas": 0.0, "Feuillus": 20.400913473737631, "Hêtre": 0.0, "Mixte": 1.2179649835067241, "Mélèze": 0.0, "NC": 0.46942400405988333, "NR": 4.5039330119259073, "Peuplier": 1.0022836843440752, "Pin autre": 0.0, "Pin laricio, pin noir": 0.0, "Pin maritime": 0.0, "Pin sylvestre": 0.0, "Pins mélangés": 0.0, "Robinier": 0.0, "Sapin, épicéa": 0.0, "dynamic_world": null, "water": 8.3988835320984521, "tree": 42.197411824410047, "grass": 2.9814767825425017, "crops": 0.40598832783557476, "shrub": 1.4970819588936817, "flooded": 0.16493275818320224, "built": 1.053032225323522, "bare": 2.1314387211367674, "snow": 0.0, "sinister": 1.0 }, "geometry": { "type": "Polygon", "coordinates": [ [ [ 1.644278237744157, 49.066489657616117 ], [ 1.630257719665271, 49.059606493153616 ], [ 1.632764938794753, 49.047223472508165 ], [ 1.649285723553356, 49.041724875391743 ], [ 1.663301693248101, 49.048607177619431 ], [ 1.660801426258429, 49.060988938793095 ], [ 1.644278237744157, 49.066489657616117 ] ] ] } },
{ "type": "Feature", "properties": { "hex_id": "871fb6a22ffffff", "scale0": 3423, "NDVI": 0.49342051148414612, "NDMI": 0.055198777467012405, "NDBI": -0.055198777467012405, "NDSI": -0.4977584183216095, "NDWI": -0.52126383781433105, "osmnx": null, "PasDeRoute": 97.611139499233531, "motorway": 0.0, "primary": 0.0, "secondary": 1.5457332652018394, "tertiary": 0.0, "path": 0.84312723556463975, "population": 4.0000518248940544, "elevation": 16.844631195068359, "foret_encoder": 0.0, "highway_encoder": 0.0, "foret": null, "PasDeforet": 80.378129790495649, "Châtaignier": 0.0, "Chênes décidus": 12.659683188553908, "Conifères": 0.0, "Douglas": 0.0, "Feuillus": 6.9621870209504344, "Hêtre": 0.0, "Mixte": 0.0, "Mélèze": 0.0, "NC": 0.0, "NR": 0.0, "Peuplier": 0.0, "Pin autre": 0.0, "Pin laricio, pin noir": 0.0, "Pin maritime": 0.0, "Pin sylvestre": 0.0, "Pins mélangés": 0.0, "Robinier": 0.0, "Sapin, épicéa": 0.0, "dynamic_world": null, "water": 0.0, "tree": 21.755237608584569, "grass": 2.0822687787429741, "crops": 1.251916198262647, "shrub": 52.938170669391923, "flooded": 0.12774655084312722, "built": 5.0715380684721509, "bare": 0.0, "snow": 0.0, "sinister": 0.0 }, "geometry": { "type": "Polygon", "coordinates": [ [ [ 1.771419258826522, 48.584410586026941 ], [ 1.757512539464326, 48.577491585623633 ], [ 1.759970917126181, 48.565078088535948 ], [ 1.776329180832887, 48.559584877269053 ], [ 1.790231404318339, 48.566503022867167 ], [ 1.787779859658105, 48.578915234143487 ], [ 1.771419258826522, 48.584410586026941 ] ] ] } },
{ "type": "Feature", "properties": { "hex_id": "871fb47b5ffffff", "scale0": 3424, "NDVI": 0.44824361801147461, "NDMI": 0.00093528151046484709, "NDBI": -0.00093528151046484709, "NDSI": -0.49351519346237183, "NDWI": -0.48388579487800598, "osmnx": null, "PasDeRoute": 98.418165582344685, "motorway": 0.0, "primary": 0.0, "secondary": 0.22962112514351321, "tertiary": 1.0588085214950886, "path": 0.29340477101671131, "population": 580.99795527236199, "elevation": 34.190486907958984, "foret_encoder": 0.0, "highway_encoder": 0.0, "foret": null, "PasDeforet": 96.275035081005228, "Châtaignier": 0.0, "Chênes décidus": 0.0, "Conifères": 0.0, "Douglas": 0.0, "Feuillus": 3.72496491899477, "Hêtre": 0.0, "Mixte": 0.0, "Mélèze": 0.0, "NC": 0.0, "NR": 0.0, "Peuplier": 0.0, "Pin autre": 0.0, "Pin laricio, pin noir": 0.0, "Pin maritime": 0.0, "Pin sylvestre": 0.0, "Pins mélangés": 0.0, "Robinier": 0.0, "Sapin, épicéa": 0.0, "dynamic_world": null, "water": 0.051026916698558494, "tree": 4.7965301696644982, "grass": 5.2557724199515246, "crops": 0.72713356295445852, "shrub": 50.363566781477232, "flooded": 1.2756729174639623, "built": 19.326444699579028, "bare": 0.0, "snow": 0.0, "sinister": 7.0 }, "geometry": { "type": "Polygon", "coordinates": [ [ [ 1.901961577320927, 48.853112945862804 ], [ 1.887996017042734, 48.846244870781113 ], [ 1.890435475283679, 48.833855925377435 ], [ 1.906833609593877, 48.828336344338794 ], [ 1.920794614194852, 48.835203577097751 ], [ 1.918362039829384, 48.847591232821614 ], [ 1.901961577320927, 48.853112945862804 ] ] ] } },
{ "type": "Feature", "properties": { "hex_id": "871fb4705ffffff", "scale0": 3425, "NDVI": 0.59888529777526855, "NDMI": 0.1398991197347641, "NDBI": -0.1398991197347641, "NDSI": -0.49647587537765503, "NDWI": -0.5712960958480835, "osmnx": null, "PasDeRoute": 89.738019169329078, "motorway": 0.0, "primary": 2.8242811501597442, "secondary": 0.0, "tertiary": 2.0319488817891371, "path": 5.4057507987220452, "population": 44.001453452710514, "elevation": 5.3626565933227539, "foret_encoder": 0.0, "highway_encoder": 0.0, "foret": null, "PasDeforet": 78.172523961661341, "Châtaignier": 0.0, "Chênes décidus": 17.08626198083067, "Conifères": 0.0, "Douglas": 0.0, "Feuillus": 2.0575079872204469, "Hêtre": 1.0479233226837061, "Mixte": 0.0, "Mélèze": 0.0, "NC": 1.6357827476038338, "NR": 0.0, "Peuplier": 0.0, "Pin autre": 0.0, "Pin laricio, pin noir": 0.0, "Pin maritime": 0.0, "Pin sylvestre": 0.0, "Pins mélangés": 0.0, "Robinier": 0.0, "Sapin, épicéa": 0.0, "dynamic_world": null, "water": 2.4153354632587858, "tree": 24.230031948881788, "grass": 1.6485623003194887, "crops": 0.47284345047923321, "shrub": 1.2140575079872205, "flooded": 1.4185303514376997, "built": 49.738019169329071, "bare": 2.4920127795527156, "snow": 0.0, "sinister": 32.0 }, "geometry": { "type": "Polygon", "coordinates": [ [ [ 2.062436429612311, 48.972420967437287 ], [ 2.048446905913796, 48.965591409703102 ], [ 2.050854469565632, 48.953217563964515 ], [ 2.067244657842987, 48.947674576186259 ], [ 2.081229583594852, 48.954503305501831 ], [ 2.078828918663963, 48.966875850618564 ], [ 2.062436429612311, 48.972420967437287 ] ] ] } },
{ "type": "Feature", "properties": { "hex_id": "871fb6a44ffffff", "scale0": 3426, "NDVI": 0.6443105936050415, "NDMI": 0.12842866778373718, "NDBI": -0.12842866778373718, "NDSI": -0.56284540891647339, "NDWI": -0.62594771385192871, "osmnx": null, "PasDeRoute": 94.820512820512832, "motorway": 1.5, "primary": 0.0, "secondary": 1.3205128205128205, "tertiary": 0.0, "path": 2.358974358974359, "population": 40.000153119005162, "elevation": 43.073307037353516, "foret_encoder": 0.0, "highway_encoder": 0.0, "foret": null, "PasDeforet": 65.064102564102569, "Châtaignier": 0.0, "Chênes décidus": 28.320512820512821, "Conifères": 0.0, "Douglas": 0.0, "Feuillus": 6.0256410256410255, "Hêtre": 0.0, "Mixte": 0.58974358974358976, "Mélèze": 0.0, "NC": 0.0, "NR": 0.0, "Peuplier": 0.0, "Pin autre": 0.0, "Pin laricio, pin noir": 0.0, "Pin maritime": 0.0, "Pin sylvestre": 0.0, "Pins mélangés": 0.0, "Robinier": 0.0, "Sapin, épicéa": 0.0, "dynamic_world": null, "water": 0.93589743589743601, "tree": 42.923076923076927, "grass": 11.974358974358974, "crops": 1.0897435897435896, "shrub": 13.87179487179487, "flooded": 0.064102564102564097, "built": 1.2564102564102564, "bare": 0.0, "snow": 0.0, "sinister": 0.0 }, "geometry": { "type": "Polygon", "coordinates": [ [ [ 2.001843991428253, 48.576243855223701 ], [ 1.987944298500235, 48.5693594310208 ], [ 1.990349919558328, 48.556954465054915 ], [ 2.006648419493031, 48.551435230018448 ], [ 2.020543583236188, 48.558318818220542 ], [ 2.018144775890437, 48.57072247707049 ], [ 2.001843991428253, 48.576243855223701 ] ] ] } },
{ "type": "Feature", "properties": { "hex_id": "871fb4723ffffff", "scale0": 3427, "NDVI": null, "NDMI": null, "NDBI": null, "NDSI": null, "NDWI": null, "osmnx": null, "PasDeRoute": null, "motorway": null, "primary": null, "secondary": null, "tertiary": null, "path": null, "population": null, "elevation": null, "foret_encoder": null, "highway_encoder": null, "foret": null, "PasDeforet": null, "Châtaignier": null, "Chênes décidus": null, "Conifères": null, "Douglas": null, "Feuillus": null, "Hêtre": null, "Mixte": null, "Mélèze": null, "NC": null, "NR": null, "Peuplier": null, "Pin autre": null, "Pin laricio, pin noir": null, "Pin maritime": null, "Pin sylvestre": null, "Pins mélangés": null, "Robinier": null, "Sapin, épicéa": null, "dynamic_world": null, "water": null, "tree": null, "grass": null, "crops": null, "shrub": null, "flooded": null, "built": null, "bare": null, "snow": null, "sinister": null }, "geometry": { "type": "Polygon", "coordinates": [ [ [ 2.043628641813634, 48.990336642714112 ], [ 2.029634520261637, 48.983506255112353 ], [ 2.032047104632867, 48.971132989627336 ], [ 2.048446905913796, 48.965591409703102 ], [ 2.062436429612311, 48.972420967437287 ], [ 2.060030749532986, 48.984792934566876 ], [ 2.043628641813634, 48.990336642714112 ] ] ] } },
{ "type": "Feature", "properties": { "hex_id": "871fb6b02ffffff", "scale0": 3428, "NDVI": 0.61727046966552734, "NDMI": 0.12874382734298706, "NDBI": -0.12874382734298706, "NDSI": -0.55176693201065063, "NDWI": -0.61552983522415161, "osmnx": null, "PasDeRoute": 97.933673469387756, "motorway": 0.0, "primary": 0.0, "secondary": 1.8112244897959182, "tertiary": 0.0, "path": 0.25510204081632654, "population": 74.999830391255827, "elevation": 37.199050903320312, "foret_encoder": 0.0, "highway_encoder": 0.0, "foret": null, "PasDeforet": 57.423469387755098, "Châtaignier": 0.0, "Chênes décidus": 17.831632653061224, "Conifères": 0.0, "Douglas": 0.0, "Feuillus": 19.885204081632654, "Hêtre": 0.0, "Mixte": 3.4821428571428572, "Mélèze": 0.0, "NC": 0.0, "NR": 0.0, "Peuplier": 0.0, "Pin autre": 0.0, "Pin laricio, pin noir": 0.0, "Pin maritime": 0.0, "Pin sylvestre": 0.48469387755102039, "Pins mélangés": 0.0, "Robinier": 0.0, "Sapin, épicéa": 0.89285714285714279, "dynamic_world": null, "water": 0.0, "tree": 50.229591836734699, "grass": 1.8367346938775513, "crops": 0.36989795918367346, "shrub": 25.905612244897959, "flooded": 0.15306122448979592, "built": 8.7882653061224492, "bare": 0.0, "snow": 0.0, "sinister": 2.0 }, "geometry": { "type": "Polygon", "coordinates": [ [ [ 1.665694883906384, 48.654584998754672 ], [ 1.651769877692044, 48.647657728222178 ], [ 1.654255196051011, 48.635245169176052 ], [ 1.670658663697507, 48.629761154286662 ], [ 1.684579179723701, 48.636687561884045 ], [ 1.682100717985598, 48.649098846908807 ], [ 1.665694883906384, 48.654584998754672 ] ] ] } },
{ "type": "Feature", "properties": { "hex_id": "871fb44e4ffffff", "scale0": 3429, "NDVI": 0.42064261436462402, "NDMI": -0.012658385559916496, "NDBI": 0.012658385559916496, "NDSI": -0.50448203086853027, "NDWI": -0.47388139367103577, "osmnx": null, "PasDeRoute": 97.275620623806489, "motorway": 0.0, "primary": 0.0, "secondary": 0.0, "tertiary": 2.609802673456397, "path": 0.11457670273711013, "population": 9.0003203720723306, "elevation": 13.93839168548584, "foret_encoder": 0.0, "highway_encoder": 0.0, "foret": null, "PasDeforet": 92.056015276893703, "Châtaignier": 0.0, "Chênes décidus": 0.0, "Conifères": 0.0, "Douglas": 0.0, "Feuillus": 7.9439847231063023, "Hêtre": 0.0, "Mixte": 0.0, "Mélèze": 0.0, "NC": 0.0, "NR": 0.0, "Peuplier": 0.0, "Pin autre": 0.0, "Pin laricio, pin noir": 0.0, "Pin maritime": 0.0, "Pin sylvestre": 0.0, "Pins mélangés": 0.0, "Robinier": 0.0, "Sapin, épicéa": 0.0, "dynamic_world": null, "water": 0.0, "tree": 6.8491406747294716, "grass": 4.073838319541693, "crops": 0.8784213876511775, "shrub": 60.865690642902614, "flooded": 0.76384468491406743, "built": 12.030553787396563, "bare": 0.0, "snow": 0.0, "sinister": 2.0 }, "geometry": { "type": "Polygon", "coordinates": [ [ [ 1.71216794207221, 48.882069308530205 ], [ 1.698191588499355, 48.875175308210792 ], [ 1.700675620087368, 48.862781133878194 ], [ 1.717129100154755, 48.857282230883079 ], [ 1.731100922603272, 48.864175373510392 ], [ 1.72862379579453, 48.876568276424386 ], [ 1.71216794207221, 48.882069308530205 ] ] ] } },
{ "type": "Feature", "properties": { "hex_id": "871fb4403ffffff", "scale0": 3430, "NDVI": 0.53251826763153076, "NDMI": 0.068102329969406128, "NDBI": -0.068102329969406128, "NDSI": -0.51983422040939331, "NDWI": -0.54628264904022217, "osmnx": null, "PasDeRoute": 94.731483838126749, "motorway": 0.0, "primary": 2.9651310766098242, "secondary": 2.0234156273861035, "tertiary": 0.0, "path": 0.27996945787732247, "population": 11.001043564912079, "elevation": 27.297250747680664, "foret_encoder": 0.0, "highway_encoder": 0.0, "foret": null, "PasDeforet": 67.612624077373368, "Châtaignier": 0.0, "Chênes décidus": 0.0, "Conifères": 0.0, "Douglas": 0.0, "Feuillus": 30.605752099770932, "Hêtre": 0.0, "Mixte": 0.63629422244846023, "Mélèze": 0.0, "NC": 0.80173072028505987, "NR": 0.34359888012216849, "Peuplier": 0.0, "Pin autre": 0.0, "Pin laricio, pin noir": 0.0, "Pin maritime": 0.0, "Pin sylvestre": 0.0, "Pins mélangés": 0.0, "Robinier": 0.0, "Sapin, épicéa": 0.0, "dynamic_world": null, "water": 0.0, "tree": 36.141511835072535, "grass": 2.8251463476711631, "crops": 1.8834308984474419, "shrub": 28.989564774751848, "flooded": 1.7561720539577501, "built": 12.980402137948587, "bare": 0.0, "snow": 0.0, "sinister": 0.0 }, "geometry": { "type": "Polygon", "coordinates": [ [ [ 1.64379025382211, 48.916449838713255 ], [ 1.629804536464758, 48.909549261081331 ], [ 1.632305636099679, 48.897155017821341 ], [ 1.648785535081852, 48.89166261587286 ], [ 1.662766726685542, 48.898562330427097 ], [ 1.660272544753074, 48.910955309605093 ], [ 1.64379025382211, 48.916449838713255 ] ] ] } },
{ "type": "Feature", "properties": { "hex_id": "871fb6a0dffffff", "scale0": 3431, "NDVI": 0.48461723327636719, "NDMI": 0.044715408235788345, "NDBI": -0.044715408235788345, "NDSI": -0.50512737035751343, "NDWI": -0.51887780427932739, "osmnx": null, "PasDeRoute": 92.166666666666657, "motorway": 3.0128205128205128, "primary": 0.12820512820512819, "secondary": 0.0, "tertiary": 2.4230769230769229, "path": 2.2692307692307692, "population": 6.0001908098371981, "elevation": 18.957853317260742, "foret_encoder": 0.0, "highway_encoder": 0.0, "foret": null, "PasDeforet": 76.948717948717942, "Châtaignier": 0.0, "Chênes décidus": 18.358974358974358, "Conifères": 0.0, "Douglas": 0.0, "Feuillus": 3.7179487179487181, "Hêtre": 0.0, "Mixte": 0.0, "Mélèze": 0.0, "NC": 0.97435897435897445, "NR": 0.0, "Peuplier": 0.0, "Pin autre": 0.0, "Pin laricio, pin noir": 0.0, "Pin maritime": 0.0, "Pin sylvestre": 0.0, "Pins mélangés": 0.0, "Robinier": 0.0, "Sapin, épicéa": 0.0, "dynamic_world": null, "water": 0.0, "tree": 27.269230769230766, "grass": 0.55128205128205121, "crops": 0.24358974358974361, "shrub": 41.628205128205124, "flooded": 0.064102564102564097, "built": 5.2307692307692308, "bare": 0.0, "snow": 0.0, "sinister": 0.0 }, "geometry": { "type": "Polygon", "coordinates": [ [ [ 1.899723448166762, 48.552811493853916 ], [ 1.885826771577586, 48.545908656847864 ], [ 1.888254685382408, 48.533497957935296 ], [ 1.904572459181191, 48.527991394126815 ], [ 1.918464625285177, 48.534893386586376 ], [ 1.916043527747263, 48.547302787009976 ], [ 1.899723448166762, 48.552811493853916 ] ] ] } },
{ "type": "Feature", "properties": { "hex_id": "871fb444bffffff", "scale0": 3432, "NDVI": 0.52778971195220947, "NDMI": 0.079267591238021851, "NDBI": -0.079267591238021851, "NDSI": -0.50952738523483276, "NDWI": -0.54454201459884644, "osmnx": null, "PasDeRoute": 98.392036753445637, "motorway": 0.0, "primary": 0.75293517100561513, "secondary": 0.0, "tertiary": 0.39561000510464522, "path": 0.45941807044410415, "population": 43.000080093018092, "elevation": 29.382888793945312, "foret_encoder": 0.0, "highway_encoder": 0.0, "foret": null, "PasDeforet": 57.108218478815722, "Châtaignier": 21.835119959162839, "Chênes décidus": 1.2761613067891782, "Conifères": 0.0, "Douglas": 0.0, "Feuillus": 19.27003573251659, "Hêtre": 0.0, "Mixte": 0.0, "Mélèze": 0.0, "NC": 0.0, "NR": 0.0, "Peuplier": 0.51046452271567122, "Pin autre": 0.0, "Pin laricio, pin noir": 0.0, "Pin maritime": 0.0, "Pin sylvestre": 0.0, "Pins mélangés": 0.0, "Robinier": 0.0, "Sapin, épicéa": 0.0, "dynamic_world": null, "water": 0.0, "tree": 44.423175089331288, "grass": 1.1102603369065851, "crops": 2.2077590607452784, "shrub": 31.559469116896377, "flooded": 0.038284839203675348, "built": 1.4293006636038794, "bare": 0.0, "snow": 0.0, "sinister": 0.0 }, "geometry": { "type": "Polygon", "coordinates": [ [ [ 1.936576186386371, 48.910848838373866 ], [ 1.922598052615402, 48.903992755380003 ], [ 1.925031929044907, 48.891609406470728 ], [ 1.941437044519094, 48.886083431225593 ], [ 1.955410608662586, 48.892938675086128 ], [ 1.952983626621374, 48.905320732928196 ], [ 1.936576186386371, 48.910848838373866 ] ] ] } },
{ "type": "Feature", "properties": { "hex_id": "871fb4465ffffff", "scale0": 3433, "NDVI": 0.53958481550216675, "NDMI": 0.12172853201627731, "NDBI": -0.12172853201627731, "NDSI": -0.44589990377426147, "NDWI": -0.51194608211517334, "osmnx": null, "PasDeRoute": 96.117617107942976, "motorway": 0.0, "primary": 1.6929735234215888, "secondary": 0.0, "tertiary": 0.10183299389002036, "path": 2.0875763747454172, "population": 46.002080062793155, "elevation": 31.999153137207031, "foret_encoder": 0.0, "highway_encoder": 0.0, "foret": null, "PasDeforet": 83.286659877800403, "Châtaignier": 0.0, "Chênes décidus": 0.0, "Conifères": 0.0, "Douglas": 0.0, "Feuillus": 11.90173116089613, "Hêtre": 0.0, "Mixte": 0.0, "Mélèze": 0.0, "NC": 4.8116089613034623, "NR": 0.0, "Peuplier": 0.0, "Pin autre": 0.0, "Pin laricio, pin noir": 0.0, "Pin maritime": 0.0, "Pin sylvestre": 0.0, "Pins mélangés": 0.0, "Robinier": 0.0, "Sapin, épicéa": 0.0, "dynamic_world": null, "water": 7.8156822810590638, "tree": 9.1395112016293272, "grass": 2.3167006109979633, "crops": 0.78920570264765788, "shrub": 21.486761710794298, "flooded": 0.84012219959266798, "built": 34.381364562118129, "bare": 0.0, "snow": 0.0, "sinister": 4.0 }, "geometry": { "type": "Polygon", "coordinates": [ [ [ 1.823261909895572, 49.018267482789014 ], [ 1.80925636159402, 49.011406334591797 ], [ 1.811720542631753, 48.999026536621884 ], [ 1.828183344007717, 48.993509163837153 ], [ 1.842184323643306, 49.000369464202336 ], [ 1.839727070240921, 49.012747984783225 ], [ 1.823261909895572, 49.018267482789014 ] ] ] } },
{ "type": "Feature", "properties": { "hex_id": "871fb4794ffffff", "scale0": 3434, "NDVI": 0.61229848861694336, "NDMI": 0.1290559321641922, "NDBI": -0.1290559321641922, "NDSI": -0.52669471502304077, "NDWI": -0.59519970417022705, "osmnx": null, "PasDeRoute": 96.182328907048003, "motorway": 0.0, "primary": 0.0, "secondary": 0.0, "tertiary": 0.75331971399387132, "path": 3.0643513789581207, "population": 998.99653008777557, "elevation": 39.951381683349609, "foret_encoder": 0.0, "highway_encoder": 0.0, "foret": null, "PasDeforet": 77.438712972420845, "Châtaignier": 1.9662921348314606, "Chênes décidus": 2.4004085801838611, "Conifères": 0.0, "Douglas": 0.0, "Feuillus": 18.194586312563839, "Hêtre": 0.0, "Mixte": 0.0, "Mélèze": 0.0, "NC": 0.0, "NR": 0.0, "Peuplier": 0.0, "Pin autre": 0.0, "Pin laricio, pin noir": 0.0, "Pin maritime": 0.0, "Pin sylvestre": 0.0, "Pins mélangés": 0.0, "Robinier": 0.0, "Sapin, épicéa": 0.0, "dynamic_world": null, "water": 0.0, "tree": 25.804392236976508, "grass": 2.8728294177732381, "crops": 0.9831460674157303, "shrub": 36.721144024514814, "flooded": 1.0597548518896833, "built": 21.054647599591419, "bare": 0.0, "snow": 0.0, "sinister": 4.0 }, "geometry": { "type": "Polygon", "coordinates": [ [ [ 1.897747512502037, 48.79668422597112 ], [ 1.883794874236784, 48.789809009407307 ], [ 1.886233018586484, 48.777415777034157 ], [ 1.902616929496279, 48.771899051843597 ], [ 1.916565021207125, 48.778773425386049 ], [ 1.914133748230481, 48.791165366744941 ], [ 1.897747512502037, 48.79668422597112 ] ] ] } },
{ "type": "Feature", "properties": { "hex_id": "871fb4551ffffff", "scale0": 3435, "NDVI": 0.45826542377471924, "NDMI": 0.087572313845157623, "NDBI": -0.087572313845157623, "NDSI": -0.37936031818389893, "NDWI": -0.43657612800598145, "osmnx": null, "PasDeRoute": 91.57239100038133, "motorway": 0.0, "primary": 0.0, "secondary": 4.7159018685648917, "tertiary": 0.012711325791280032, "path": 3.6989958052624887, "population": 130.00058420789662, "elevation": 10.721643447875977, "foret_encoder": 0.0, "highway_encoder": 0.0, "foret": null, "PasDeforet": 87.098004321850766, "Châtaignier": 0.0, "Chênes décidus": 0.0, "Conifères": 0.0, "Douglas": 0.0, "Feuillus": 12.90199567814923, "Hêtre": 0.0, "Mixte": 0.0, "Mélèze": 0.0, "NC": 0.0, "NR": 0.0, "Peuplier": 0.0, "Pin autre": 0.0, "Pin laricio, pin noir": 0.0, "Pin maritime": 0.0, "Pin sylvestre": 0.0, "Pins mélangés": 0.0, "Robinier": 0.0, "Sapin, épicéa": 0.0, "dynamic_world": null, "water": 18.253463836278126, "tree": 8.5801449091140203, "grass": 0.69912291852040165, "crops": 0.49574170585992117, "shrub": 0.25422651582560063, "flooded": 0.54658700902504131, "built": 59.260200838947505, "bare": 0.0, "snow": 0.0, "sinister": 2.0 }, "geometry": { "type": "Polygon", "coordinates": [ [ [ 1.682310387271443, 49.030722591194461 ], [ 1.668298966210416, 49.02384114973745 ], [ 1.670795973581505, 49.011456885316072 ], [ 1.687297460624031, 49.005955326030822 ], [ 1.701304332809406, 49.012835908178914 ], [ 1.698814266514473, 49.025218908517296 ], [ 1.682310387271443, 49.030722591194461 ] ] ] } },
{ "type": "Feature", "properties": { "hex_id": "871fb6a2dffffff", "scale0": 3436, "NDVI": 0.58714491128921509, "NDMI": 0.12218088656663895, "NDBI": -0.12218088656663895, "NDSI": -0.52672111988067627, "NDWI": -0.5854867696762085, "osmnx": null, "PasDeRoute": 87.967229902713768, "motorway": 0.0, "primary": 0.0, "secondary": 0.0, "tertiary": 0.79365079365079361, "path": 11.239119303635432, "population": 278.99873500144975, "elevation": 25.652585983276367, "foret_encoder": 0.0, "highway_encoder": 0.0, "foret": null, "PasDeforet": 45.36610343061956, "Châtaignier": 0.0, "Chênes décidus": 38.376856118791601, "Conifères": 0.0, "Douglas": 0.0, "Feuillus": 16.231438812083972, "Hêtre": 0.0, "Mixte": 0.0, "Mélèze": 0.0, "NC": 0.0, "NR": 0.0, "Peuplier": 0.025601638504864313, "Pin autre": 0.0, "Pin laricio, pin noir": 0.0, "Pin maritime": 0.0, "Pin sylvestre": 0.0, "Pins mélangés": 0.0, "Robinier": 0.0, "Sapin, épicéa": 0.0, "dynamic_world": null, "water": 0.0, "tree": 52.828981054787505, "grass": 4.2242703533026118, "crops": 0.2560163850486431, "shrub": 30.376344086021508, "flooded": 0.0, "built": 0.089605734767025089, "bare": 0.0, "snow": 0.0, "sinister": 1.0 }, "geometry": { "type": "Polygon", "coordinates": [ [ [ 1.873671481396789, 48.607950338360531 ], [ 1.859761626325844, 48.601049781614442 ], [ 1.862197673280841, 48.588641981886852 ], [ 1.878536744378844, 48.583136032990772 ], [ 1.892442084692319, 48.590035743461542 ], [ 1.890012868338713, 48.602442248711291 ], [ 1.873671481396789, 48.607950338360531 ] ] ] } },
{ "type": "Feature", "properties": { "hex_id": "871fb4556ffffff", "scale0": 3437, "NDVI": 0.55480152368545532, "NDMI": 0.12045036256313324, "NDBI": -0.12045036256313324, "NDSI": -0.45471501350402832, "NDWI": -0.52541595697402954, "osmnx": null, "PasDeRoute": 93.093817443189025, "motorway": 1.1679573441665609, "primary": 1.6630696965849943, "secondary": 0.0, "tertiary": 1.7646312047733907, "path": 2.3105243112860228, "population": 167.99959953490961, "elevation": 11.967327117919922, "foret_encoder": 0.0, "highway_encoder": 0.0, "foret": null, "PasDeforet": 80.182810714739119, "Châtaignier": 0.0, "Chênes décidus": 0.0, "Conifères": 0.0, "Douglas": 0.0, "Feuillus": 18.15411958867589, "Hêtre": 0.0, "Mixte": 0.0, "Mélèze": 0.0, "NC": 1.6630696965849943, "NR": 0.0, "Peuplier": 0.0, "Pin autre": 0.0, "Pin laricio, pin noir": 0.0, "Pin maritime": 0.0, "Pin sylvestre": 0.0, "Pins mélangés": 0.0, "Robinier": 0.0, "Sapin, épicéa": 0.0, "dynamic_world": null, "water": 7.7948457534594393, "tree": 12.669798146502476, "grass": 0.77440649993652411, "crops": 0.5712834835597308, "shrub": 8.3661292370191696, "flooded": 0.076171131141297449, "built": 41.068934873682871, "bare": 0.0, "snow": 0.0, "sinister": 1.0 }, "geometry": { "type": "Polygon", "coordinates": [ [ [ 1.62125772701243, 49.027951398658651 ], [ 1.607245703149439, 49.021060224467696 ], [ 1.609756598498534, 49.008673440165211 ], [ 1.626272572447365, 49.003179088207553 ], [ 1.640280057307575, 49.010069398087147 ], [ 1.637776106914759, 49.022454923830814 ], [ 1.62125772701243, 49.027951398658651 ] ] ] } },
{ "type": "Feature", "properties": { "hex_id": "871fb440bffffff", "scale0": 3438, "NDVI": 0.51938307285308838, "NDMI": 0.068311139941215515, "NDBI": -0.068311139941215515, "NDSI": -0.51922428607940674, "NDWI": -0.54345983266830444, "osmnx": null, "PasDeRoute": 97.021005728835135, "motorway": 0.0, "primary": 1.7695735200509231, "secondary": 0.0, "tertiary": 1.2094207511139401, "path": 0.0, "population": 39.000405176444424, "elevation": 25.118236541748047, "foret_encoder": 0.0, "highway_encoder": 0.0, "foret": null, "PasDeforet": 63.526416295353286, "Châtaignier": 2.8771483131763209, "Chênes décidus": 1.4258434118395926, "Conifères": 0.0, "Douglas": 0.0, "Feuillus": 32.170591979630807, "Hêtre": 0.0, "Mixte": 0.0, "Mélèze": 0.0, "NC": 0.0, "NR": 0.0, "Peuplier": 0.0, "Pin autre": 0.0, "Pin laricio, pin noir": 0.0, "Pin maritime": 0.0, "Pin sylvestre": 0.0, "Pins mélangés": 0.0, "Robinier": 0.0, "Sapin, épicéa": 0.0, "dynamic_world": null, "water": 0.0, "tree": 41.234882240611078, "grass": 0.89115213239974544, "crops": 0.3309993634627626, "shrub": 45.537873965626993, "flooded": 0.42011457670273711, "built": 3.4373010821133039, "bare": 0.0, "snow": 0.0, "sinister": 4.0 }, "geometry": { "type": "Polygon", "coordinates": [ [ [ 1.723666318032355, 48.901351624379444 ], [ 1.709685748870149, 48.894461618248542 ], [ 1.71216794207221, 48.882069308530205 ], [ 1.72862379579453, 48.876568276424386 ], [ 1.742599829178318, 48.883457425915786 ], [ 1.740124544302467, 48.895848463751832 ], [ 1.723666318032355, 48.901351624379444 ] ] ] } },
{ "type": "Feature", "properties": { "hex_id": "871fb47b2ffffff", "scale0": 3439, "NDVI": 0.56882685422897339, "NDMI": 0.097630023956298828, "NDBI": -0.097630023956298828, "NDSI": -0.52041441202163696, "NDWI": -0.56914991140365601, "osmnx": null, "PasDeRoute": 94.092127089447501, "motorway": 0.0, "primary": 1.1739185912976906, "secondary": 1.3142784228658926, "tertiary": 2.2967972438433075, "path": 1.1228786525456169, "population": 1407.9941390756182, "elevation": 34.254684448242188, "foret_encoder": 0.0, "highway_encoder": 0.0, "foret": null, "PasDeforet": 92.344009187188973, "Châtaignier": 0.0, "Chênes décidus": 0.0, "Conifères": 0.0, "Douglas": 0.0, "Feuillus": 6.3544723746331506, "Hêtre": 0.0, "Mixte": 0.0, "Mélèze": 0.0, "NC": 0.0, "NR": 0.61247926502488192, "Peuplier": 0.68903917315299212, "Pin autre": 0.0, "Pin laricio, pin noir": 0.0, "Pin maritime": 0.0, "Pin sylvestre": 0.0, "Pins mélangés": 0.0, "Robinier": 0.0, "Sapin, épicéa": 0.0, "dynamic_world": null, "water": 1.773637871634554, "tree": 17.774658670409597, "grass": 4.300114839862192, "crops": 0.17863978563225724, "shrub": 57.649610820467011, "flooded": 0.28071966313640423, "built": 4.300114839862192, "bare": 0.0, "snow": 0.0, "sinister": 4.0 }, "geometry": { "type": "Polygon", "coordinates": [ [ [ 1.878915417363219, 48.814593050261671 ], [ 1.864958232699337, 48.807716989245485 ], [ 1.867401399737304, 48.795324324641626 ], [ 1.883794874236784, 48.789809009407307 ], [ 1.897747512502037, 48.79668422597112 ], [ 1.895311222335993, 48.809075601825462 ], [ 1.878915417363219, 48.814593050261671 ] ] ] } },
{ "type": "Feature", "properties": { "hex_id": "871fb6a0bffffff", "scale0": 3440, "NDVI": null, "NDMI": null, "NDBI": null, "NDSI": null, "NDWI": null, "osmnx": null, "PasDeRoute": null, "motorway": null, "primary": null, "secondary": null, "tertiary": null, "path": null, "population": null, "elevation": null, "foret_encoder": null, "highway_encoder": null, "foret": null, "PasDeforet": null, "Châtaignier": null, "Chênes décidus": null, "Conifères": null, "Douglas": null, "Feuillus": null, "Hêtre": null, "Mixte": null, "Mélèze": null, "NC": null, "NR": null, "Peuplier": null, "Pin autre": null, "Pin laricio, pin noir": null, "Pin maritime": null, "Pin sylvestre": null, "Pins mélangés": null, "Robinier": null, "Sapin, épicéa": null, "dynamic_world": null, "water": null, "tree": null, "grass": null, "crops": null, "shrub": null, "flooded": null, "built": null, "bare": null, "snow": null, "sinister": null }, "geometry": { "type": "Polygon", "coordinates": [ [ [ 1.906995397300931, 48.515580167736701 ], [ 1.893107374110876, 48.508674206755401 ], [ 1.89553215036948, 48.496261156803662 ], [ 1.911838142098311, 48.490755367690731 ], [ 1.925721659226195, 48.497660484440217 ], [ 1.923303690358998, 48.510072234144353 ], [ 1.906995397300931, 48.515580167736701 ] ] ] } },
{ "type": "Feature", "properties": { "hex_id": "871fb6b56ffffff", "scale0": 3441, "NDVI": 0.51167798042297363, "NDMI": 0.049572847783565521, "NDBI": -0.049572847783565521, "NDSI": -0.50305777788162231, "NDWI": -0.5209231972694397, "osmnx": null, "PasDeRoute": 92.871742462953506, "motorway": 0.0, "primary": 1.8140010219724068, "secondary": 3.1936637710781812, "tertiary": 0.65150740929994888, "path": 1.4690853346959631, "population": 273.00473962212891, "elevation": 22.452564239501953, "foret_encoder": 0.0, "highway_encoder": 0.0, "foret": null, "PasDeforet": 89.601430761369443, "Châtaignier": 0.0, "Chênes décidus": 7.9969340827797648, "Conifères": 0.0, "Douglas": 0.0, "Feuillus": 2.401635155850792, "Hêtre": 0.0, "Mixte": 0.0, "Mélèze": 0.0, "NC": 0.0, "NR": 0.0, "Peuplier": 0.0, "Pin autre": 0.0, "Pin laricio, pin noir": 0.0, "Pin maritime": 0.0, "Pin sylvestre": 0.0, "Pins mélangés": 0.0, "Robinier": 0.0, "Sapin, épicéa": 0.0, "dynamic_world": null, "water": 0.19161982626469087, "tree": 12.148696985181399, "grass": 2.1461420541645375, "crops": 1.0475217169136433, "shrub": 24.080224833929485, "flooded": 0.68983137455288712, "built": 37.072049054675524, "bare": 0.0, "snow": 0.0, "sinister": 4.0 }, "geometry": { "type": "Polygon", "coordinates": [ [ [ 1.805800268135983, 48.642373251568706 ], [ 1.791881041563671, 48.635466170743356 ], [ 1.794333930536737, 48.62305817174115 ], [ 1.810699202307576, 48.617558540413441 ], [ 1.8246139192334, 48.624464769655454 ], [ 1.822167873714727, 48.63687148141419 ], [ 1.805800268135983, 48.642373251568706 ] ] ] } },
{ "type": "Feature", "properties": { "hex_id": "871fb4481ffffff", "scale0": 3442, "NDVI": 0.37813630700111389, "NDMI": -0.033927962183952332, "NDBI": 0.033927962183952332, "NDSI": -0.47540503740310669, "NDWI": -0.43865498900413513, "osmnx": null, "PasDeRoute": 93.996438565250571, "motorway": 0.0, "primary": 0.0, "secondary": 2.5438819638768759, "tertiary": 1.4754515390485881, "path": 1.9842279318239633, "population": 5.0007561723177814, "elevation": 18.685966491699219, "foret_encoder": 0.0, "highway_encoder": 0.0, "foret": null, "PasDeforet": 96.018824726532699, "Châtaignier": 0.0, "Chênes décidus": 0.69956754006614097, "Conifères": 0.69956754006614097, "Douglas": 0.0, "Feuillus": 2.5820401933350294, "Hêtre": 0.0, "Mixte": 0.0, "Mélèze": 0.0, "NC": 0.0, "NR": 0.0, "Peuplier": 0.0, "Pin autre": 0.0, "Pin laricio, pin noir": 0.0, "Pin maritime": 0.0, "Pin sylvestre": 0.0, "Pins mélangés": 0.0, "Robinier": 0.0, "Sapin, épicéa": 0.0, "dynamic_world": null, "water": 0.0, "tree": 1.9842279318239633, "grass": 1.8315950139913508, "crops": 0.92851691681505966, "shrub": 53.586873569066398, "flooded": 0.36886288476214701, "built": 13.597049096921904, "bare": 0.0, "snow": 0.0, "sinister": 2.0 }, "geometry": { "type": "Polygon", "coordinates": [ [ [ 1.574973324908952, 48.800593105636494 ], [ 1.561012947458267, 48.79366859198791 ], [ 1.563524991096812, 48.781263190718093 ], [ 1.579990515562789, 48.775783563979708 ], [ 1.593946395142265, 48.782707208254429 ], [ 1.591441247828259, 48.795111348239885 ], [ 1.574973324908952, 48.800593105636494 ] ] ] } },
{ "type": "Feature", "properties": { "hex_id": "871fb4090ffffff", "scale0": 3443, "NDVI": 0.61697816848754883, "NDMI": 0.1372322291135788, "NDBI": -0.1372322291135788, "NDSI": -0.51089560985565186, "NDWI": -0.58915615081787109, "osmnx": null, "PasDeRoute": 95.899656182350697, "motorway": 0.0, "primary": 1.1333248440086592, "secondary": 0.0, "tertiary": 0.0, "path": 2.9670189736406472, "population": 3.0000541805710563, "elevation": 31.211816787719727, "foret_encoder": 0.0, "highway_encoder": 0.0, "foret": null, "PasDeforet": 87.826308417165407, "Châtaignier": 0.0, "Chênes décidus": 0.0, "Conifères": 0.0, "Douglas": 0.0, "Feuillus": 12.173691582834586, "Hêtre": 0.0, "Mixte": 0.0, "Mélèze": 0.0, "NC": 0.0, "NR": 0.0, "Peuplier": 0.0, "Pin autre": 0.0, "Pin laricio, pin noir": 0.0, "Pin maritime": 0.0, "Pin sylvestre": 0.0, "Pins mélangés": 0.0, "Robinier": 0.0, "Sapin, épicéa": 0.0, "dynamic_world": null, "water": 0.0, "tree": 18.451547179421876, "grass": 8.0860817521966126, "crops": 1.5790143894053226, "shrub": 30.396026996052466, "flooded": 0.11460588310199923, "built": 14.771424933146568, "bare": 0.0, "snow": 0.0, "sinister": 2.0 }, "geometry": { "type": "Polygon", "coordinates": [ [ [ 1.865286292010898, 49.038833203953331 ], [ 1.851276876600513, 49.031980917615527 ], [ 1.853732267082755, 49.019604279005712 ], [ 1.870190143470371, 49.014081206921958 ], [ 1.884194980670524, 49.020932648985607 ], [ 1.881746519360575, 49.033308007006497 ], [ 1.865286292010898, 49.038833203953331 ] ] ] } },
{ "type": "Feature", "properties": { "hex_id": "871fb6a6effffff", "scale0": 3444, "NDVI": null, "NDMI": null, "NDBI": null, "NDSI": null, "NDWI": null, "osmnx": null, "PasDeRoute": null, "motorway": null, "primary": null, "secondary": null, "tertiary": null, "path": null, "population": null, "elevation": null, "foret_encoder": null, "highway_encoder": null, "foret": null, "PasDeforet": null, "Châtaignier": null, "Chênes décidus": null, "Conifères": null, "Douglas": null, "Feuillus": null, "Hêtre": null, "Mixte": null, "Mélèze": null, "NC": null, "NR": null, "Peuplier": null, "Pin autre": null, "Pin laricio, pin noir": null, "Pin maritime": null, "Pin sylvestre": null, "Pins mélangés": null, "Robinier": null, "Sapin, épicéa": null, "dynamic_world": null, "water": null, "tree": null, "grass": null, "crops": null, "shrub": null, "flooded": null, "built": null, "bare": null, "snow": null, "sinister": null }, "geometry": { "type": "Polygon", "coordinates": [ [ [ 2.043550560376266, 48.59687955565655 ], [ 2.029647123834968, 48.59000391769537 ], [ 2.032044075380909, 48.57760209104385 ], [ 2.048337648005748, 48.572077212267203 ], [ 2.062236546096368, 48.578952017804873 ], [ 2.0598464096692, 48.591352534153685 ], [ 2.043550560376266, 48.59687955565655 ] ] ] } },
{ "type": "Feature", "properties": { "hex_id": "871fb4095ffffff", "scale0": 3445, "NDVI": 0.49173608422279358, "NDMI": 0.047515198588371277, "NDBI": -0.047515198588371277, "NDSI": -0.49160477519035339, "NDWI": -0.51220232248306274, "osmnx": null, "PasDeRoute": 96.679389312977108, "motorway": 0.0, "primary": 0.0, "secondary": 0.86513994910941472, "tertiary": 1.7557251908396947, "path": 0.69974554707379133, "population": 23.999948175105949, "elevation": 23.085908889770508, "foret_encoder": 0.0, "highway_encoder": 0.0, "foret": null, "PasDeforet": 91.221374045801525, "Châtaignier": 0.0, "Chênes décidus": 0.0, "Conifères": 0.0, "Douglas": 0.0, "Feuillus": 7.7480916030534353, "Hêtre": 0.0, "Mixte": 0.61068702290076338, "Mélèze": 0.0, "NC": 0.41984732824427484, "NR": 0.0, "Peuplier": 0.0, "Pin autre": 0.0, "Pin laricio, pin noir": 0.0, "Pin maritime": 0.0, "Pin sylvestre": 0.0, "Pins mélangés": 0.0, "Robinier": 0.0, "Sapin, épicéa": 0.0, "dynamic_world": null, "water": 0.24173027989821882, "tree": 26.195928753180663, "grass": 8.7531806615776091, "crops": 0.41984732824427484, "shrub": 30.267175572519083, "flooded": 0.1272264631043257, "built": 9.0458015267175576, "bare": 0.0, "snow": 0.0, "sinister": 0.0 }, "geometry": { "type": "Polygon", "coordinates": [ [ [ 1.876846402292581, 49.0580562349719 ], [ 1.862832766951992, 49.051207958257322 ], [ 1.865286292010898, 49.038833203953331 ], [ 1.881746519360575, 49.033308007006497 ], [ 1.895755571801719, 49.040155440496974 ], [ 1.893308979458399, 49.052528913757563 ], [ 1.876846402292581, 49.0580562349719 ] ] ] } },
{ "type": "Feature", "properties": { "hex_id": "871fb44deffffff", "scale0": 3446, "NDVI": 0.82006901502609253, "NDMI": 0.34026849269866943, "NDBI": -0.34026849269866943, "NDSI": -0.57161003351211548, "NDWI": -0.75902861356735229, "osmnx": null, "PasDeRoute": 91.357552581261942, "motorway": 0.0, "primary": 0.0, "secondary": 1.3639260675589548, "tertiary": 0.0, "path": 7.2785213511790943, "population": 1.0005300273255473, "elevation": 45.095302581787109, "foret_encoder": 5.0, "highway_encoder": 0.0, "foret": null, "PasDeforet": 5.3792224346717656, "Châtaignier": 0.0, "Chênes décidus": 15.372848948374763, "Conifères": 3.7985978330146586, "Douglas": 0.0, "Feuillus": 48.540471637985974, "Hêtre": 0.0, "Mixte": 7.1128107074569789, "Mélèze": 0.0, "NC": 0.0, "NR": 4.5889101338432123, "Peuplier": 0.0, "Pin autre": 0.0, "Pin laricio, pin noir": 0.981516889738687, "Pin maritime": 0.0, "Pin sylvestre": 14.225621414913958, "Pins mélangés": 0.0, "Robinier": 0.0, "Sapin, épicéa": 0.0, "dynamic_world": null, "water": 0.0, "tree": 96.175908221797329, "grass": 0.063734862970044617, "crops": 0.0, "shrub": 0.0, "flooded": 0.0, "built": 0.28043339706819631, "bare": 0.0, "snow": 0.0, "sinister": 7.0 }, "geometry": { "type": "Polygon", "coordinates": [ [ [ 1.753346825619569, 48.752602586023855 ], [ 1.739401180678146, 48.745700048599339 ], [ 1.741870503285466, 48.733297977334445 ], [ 1.758278598247536, 48.727799722229285 ], [ 1.772219725111129, 48.734701404526355 ], [ 1.76975727477402, 48.747102196658702 ], [ 1.753346825619569, 48.752602586023855 ] ] ] } },
{ "type": "Feature", "properties": { "hex_id": "871fb6a34ffffff", "scale0": 3447, "NDVI": 0.44376170635223389, "NDMI": 0.010228740982711315, "NDBI": -0.010228740982711315, "NDSI": -0.50169855356216431, "NDWI": -0.4918665885925293, "osmnx": null, "PasDeRoute": 97.968829841594271, "motorway": 0.0, "primary": 1.2135922330097086, "secondary": 0.0, "tertiary": 0.65150740929994888, "path": 0.16607051609606541, "population": 54.99988457182689, "elevation": 19.157800674438477, "foret_encoder": 0.0, "highway_encoder": 0.0, "foret": null, "PasDeforet": 75.498211548288197, "Châtaignier": 0.0, "Chênes décidus": 23.045477772100153, "Conifères": 0.0, "Douglas": 0.0, "Feuillus": 0.67705671946857426, "Hêtre": 0.0, "Mixte": 0.45988758303525806, "Mélèze": 0.0, "NC": 0.0, "NR": 0.31936637710781807, "Peuplier": 0.0, "Pin autre": 0.0, "Pin laricio, pin noir": 0.0, "Pin maritime": 0.0, "Pin sylvestre": 0.0, "Pins mélangés": 0.0, "Robinier": 0.0, "Sapin, épicéa": 0.0, "dynamic_world": null, "water": 0.0, "tree": 27.095043433827286, "grass": 0.11497189575881452, "crops": 0.40878896269800719, "shrub": 67.577925396014308, "flooded": 0.0, "built": 0.26826775677056719, "bare": 0.0, "snow": 0.0, "sinister": 0.0 }, "geometry": { "type": "Polygon", "coordinates": [ [ [ 1.710862806511431, 48.581547833684638 ], [ 1.696955445759781, 48.5746191777896 ], [ 1.699427495216427, 48.562203117287659 ], [ 1.715800068256119, 48.556716992623912 ], [ 1.729702942718458, 48.563644788751816 ], [ 1.727237730120936, 48.576059568915639 ], [ 1.710862806511431, 48.581547833684638 ] ] ] } },
{ "type": "Feature", "properties": { "hex_id": "871fb6b60ffffff", "scale0": 3448, "NDVI": 0.55380368232727051, "NDMI": 0.066191032528877258, "NDBI": -0.066191032528877258, "NDSI": -0.52559661865234375, "NDWI": -0.55493241548538208, "osmnx": null, "PasDeRoute": 96.907348242811494, "motorway": 0.0, "primary": 1.4952076677316293, "secondary": 0.0, "tertiary": 1.1118210862619808, "path": 0.48562300319488816, "population": 13.003827975128953, "elevation": 26.825843811035156, "foret_encoder": 0.0, "highway_encoder": 0.0, "foret": null, "PasDeforet": 86.04472843450479, "Châtaignier": 0.0, "Chênes décidus": 6.0958466453674118, "Conifères": 0.0, "Douglas": 0.0, "Feuillus": 7.8594249201277959, "Hêtre": 0.0, "Mixte": 0.0, "Mélèze": 0.0, "NC": 0.0, "NR": 0.0, "Peuplier": 0.0, "Pin autre": 0.0, "Pin laricio, pin noir": 0.0, "Pin maritime": 0.0, "Pin sylvestre": 0.0, "Pins mélangés": 0.0, "Robinier": 0.0, "Sapin, épicéa": 0.0, "dynamic_world": null, "water": 0.0, "tree": 12.408945686900958, "grass": 1.6485623003194887, "crops": 0.24281150159744408, "shrub": 53.214057507987221, "flooded": 0.14057507987220447, "built": 12.984025559105431, "bare": 0.0, "snow": 0.0, "sinister": 2.0 }, "geometry": { "type": "Polygon", "coordinates": [ [ [ 1.863222125546223, 48.738861353089824 ], [ 1.849282026732983, 48.731974174079653 ], [ 1.851725718799294, 48.719575386372881 ], [ 1.868102648455216, 48.714065066889646 ], [ 1.882038214586738, 48.720951399672757 ], [ 1.879601383416443, 48.73334889777113 ], [ 1.863222125546223, 48.738861353089824 ] ] ] } },
{ "type": "Feature", "properties": { "hex_id": "871fb471bffffff", "scale0": 3449, "NDVI": 0.65757334232330322, "NDMI": 0.17676612734794617, "NDBI": -0.17676612734794617, "NDSI": -0.51940220594406128, "NDWI": -0.61764389276504517, "osmnx": null, "PasDeRoute": 91.92681678607984, "motorway": 0.0, "primary": 0.49897645854657113, "secondary": 2.3157625383828044, "tertiary": 0.11514841351074719, "path": 5.1432958034800409, "population": 207.00489980816511, "elevation": 44.024883270263672, "foret_encoder": 0.0, "highway_encoder": 0.0, "foret": null, "PasDeforet": 48.912487205731829, "Châtaignier": 17.566530194472875, "Chênes décidus": 1.7528147389969293, "Conifères": 0.0, "Douglas": 0.0, "Feuillus": 27.955475946775842, "Hêtre": 0.0, "Mixte": 0.0, "Mélèze": 0.0, "NC": 0.0, "NR": 3.8126919140225182, "Peuplier": 0.0, "Pin autre": 0.0, "Pin laricio, pin noir": 0.0, "Pin maritime": 0.0, "Pin sylvestre": 0.0, "Pins mélangés": 0.0, "Robinier": 0.0, "Sapin, épicéa": 0.0, "dynamic_world": null, "water": 2.6228249744114636, "tree": 58.904810644831116, "grass": 2.0982599795291708, "crops": 0.31985670419651996, "shrub": 17.822415557830094, "flooded": 0.051177072671443197, "built": 8.7001023541453435, "bare": 0.0, "snow": 0.0, "sinister": 12.0 }, "geometry": { "type": "Polygon", "coordinates": [ [ [ 2.095611721236481, 48.880250909941516 ], [ 2.081644335369486, 48.873415828510971 ], [ 2.08404064176844, 48.861036528005592 ], [ 2.100397458596392, 48.855493615019476 ], [ 2.114360255585081, 48.862327870221243 ], [ 2.111970824270267, 48.874705864244568 ], [ 2.095611721236481, 48.880250909941516 ] ] ] } },
{ "type": "Feature", "properties": { "hex_id": "871fb4756ffffff", "scale0": 3450, "NDVI": 0.3814443051815033, "NDMI": 0.041565433144569397, "NDBI": -0.041565433144569397, "NDSI": -0.35823541879653931, "NDWI": -0.38532364368438721, "osmnx": null, "PasDeRoute": 97.451331967213122, "motorway": 0.0, "primary": 0.0, "secondary": 0.051229508196721313, "tertiary": 1.1526639344262295, "path": 1.3447745901639343, "population": 4424.002456971114, "elevation": 7.688056468963623, "foret_encoder": 0.0, "highway_encoder": 0.0, "foret": null, "PasDeforet": 99.180327868852459, "Châtaignier": 0.0, "Chênes décidus": 0.0, "Conifères": 0.0, "Douglas": 0.0, "Feuillus": 0.81967213114754101, "Hêtre": 0.0, "Mixte": 0.0, "Mélèze": 0.0, "NC": 0.0, "NR": 0.0, "Peuplier": 0.0, "Pin autre": 0.0, "Pin laricio, pin noir": 0.0, "Pin maritime": 0.0, "Pin sylvestre": 0.0, "Pins mélangés": 0.0, "Robinier": 0.0, "Sapin, épicéa": 0.0, "dynamic_world": null, "water": 12.090163934426229, "tree": 1.8186475409836065, "grass": 1.0502049180327868, "crops": 0.43545081967213112, "shrub": 0.34579918032786883, "flooded": 0.38422131147540983, "built": 79.764344262295083, "bare": 0.0, "snow": 0.0, "sinister": 19.0 }, "geometry": { "type": "Polygon", "coordinates": [ [ [ 2.179442234428027, 48.921199595737995 ], [ 2.165467370894434, 48.914382172916177 ], [ 2.167846149777739, 48.902009228812084 ], [ 2.184192914017126, 48.896455019961266 ], [ 2.198163169944645, 48.903271623720393 ], [ 2.195791268875717, 48.915643255000532 ], [ 2.179442234428027, 48.921199595737995 ] ] ] } },
{ "type": "Feature", "properties": { "hex_id": "871fb4435ffffff", "scale0": 3451, "NDVI": null, "NDMI": null, "NDBI": null, "NDSI": null, "NDWI": null, "osmnx": null, "PasDeRoute": null, "motorway": null, "primary": null, "secondary": null, "tertiary": null, "path": null, "population": null, "elevation": null, "foret_encoder": null, "highway_encoder": null, "foret": null, "PasDeforet": null, "Châtaignier": null, "Chênes décidus": null, "Conifères": null, "Douglas": null, "Feuillus": null, "Hêtre": null, "Mixte": null, "Mélèze": null, "NC": null, "NR": null, "Peuplier": null, "Pin autre": null, "Pin laricio, pin noir": null, "Pin maritime": null, "Pin sylvestre": null, "Pins mélangés": null, "Robinier": null, "Sapin, épicéa": null, "dynamic_world": null, "water": null, "tree": null, "grass": null, "crops": null, "shrub": null, "flooded": null, "built": null, "bare": null, "snow": null, "sinister": null }, "geometry": { "type": "Polygon", "coordinates": [ [ [ 1.556254903608961, 48.968683204639426 ], [ 1.542255331340834, 48.961775162224782 ], [ 1.544778658411325, 48.949381495604833 ], [ 1.561294621355717, 48.943897125408682 ], [ 1.575289673613481, 48.950804297896823 ], [ 1.572773282638, 48.963196710102615 ], [ 1.556254903608961, 48.968683204639426 ] ] ] } },
{ "type": "Feature", "properties": { "hex_id": "871fb40b6ffffff", "scale0": 3452, "NDVI": 0.61710649728775024, "NDMI": 0.13737271726131439, "NDBI": -0.13737271726131439, "NDSI": -0.54119414091110229, "NDWI": -0.60697072744369507, "osmnx": null, "PasDeRoute": 97.025549764840463, "motorway": 0.0, "primary": 0.0, "secondary": 0.0, "tertiary": 0.2796491674081607, "path": 2.6948010677513663, "population": 223.99920142549621, "elevation": 54.709049224853516, "foret_encoder": 0.0, "highway_encoder": 0.0, "foret": null, "PasDeforet": 61.408414897673822, "Châtaignier": 31.117325537053514, "Chênes décidus": 0.47031905427736109, "Conifères": 0.0, "Douglas": 0.012711325791280032, "Feuillus": 6.9912291852040163, "Hêtre": 0.0, "Mixte": 0.0, "Mélèze": 0.0, "NC": 0.0, "NR": 0.0, "Peuplier": 0.0, "Pin autre": 0.0, "Pin laricio, pin noir": 0.0, "Pin maritime": 0.0, "Pin sylvestre": 0.0, "Pins mélangés": 0.0, "Robinier": 0.0, "Sapin, épicéa": 0.0, "dynamic_world": null, "water": 0.0, "tree": 35.718825473496885, "grass": 8.2496504385407405, "crops": 1.2838439049192831, "shrub": 26.795474768018305, "flooded": 0.34320579636456083, "built": 7.3090123299860172, "bare": 0.0, "snow": 0.0, "sinister": 0.0 }, "geometry": { "type": "Polygon", "coordinates": [ [ [ 1.808471906234268, 49.092522505681835 ], [ 1.79444875724529, 49.085667677752078 ], [ 1.796919375485257, 49.073292869673487 ], [ 1.813406196525987, 49.067774162833544 ], [ 1.827424767838363, 49.074628142101979 ], [ 1.824961095458963, 49.087001676468915 ], [ 1.808471906234268, 49.092522505681835 ] ] ] } },
{ "type": "Feature", "properties": { "hex_id": "871fb6a74ffffff", "scale0": 3453, "NDVI": 0.67809593677520752, "NDMI": 0.18501494824886322, "NDBI": -0.18501494824886322, "NDSI": -0.55002087354660034, "NDWI": -0.6473119854927063, "osmnx": null, "PasDeRoute": 92.331288343558285, "motorway": 0.0, "primary": 0.0, "secondary": 1.4059304703476483, "tertiary": 0.40899795501022501, "path": 5.8537832310838445, "population": 13.00089044590692, "elevation": 43.427139282226562, "foret_encoder": 0.0, "highway_encoder": 0.0, "foret": null, "PasDeforet": 44.146216768916155, "Châtaignier": 0.14059304703476483, "Chênes décidus": 35.467791411042946, "Conifères": 0.0, "Douglas": 0.0, "Feuillus": 15.120143149284255, "Hêtre": 0.0, "Mixte": 0.0, "Mélèze": 0.0, "NC": 0.0, "NR": 0.0, "Peuplier": 0.0, "Pin autre": 0.0, "Pin laricio, pin noir": 5.1252556237218814, "Pin maritime": 0.0, "Pin sylvestre": 0.0, "Pins mélangés": 0.0, "Robinier": 0.0, "Sapin, épicéa": 0.0, "dynamic_world": null, "water": 0.0, "tree": 56.160531697341511, "grass": 2.0577709611451942, "crops": 0.025562372188139063, "shrub": 17.548568507157462, "flooded": 0.076687116564417179, "built": 19.798057259713701, "bare": 0.0, "snow": 0.0, "sinister": 4.0 }, "geometry": { "type": "Polygon", "coordinates": [ [ [ 1.922678942663584, 48.591421163617795 ], [ 1.908773967130111, 48.584526271213697 ], [ 1.911198199337053, 48.572119230479608 ], [ 1.927520583574086, 48.566608381204169 ], [ 1.941421039463443, 48.573502431226864 ], [ 1.939003630428616, 48.58590817251519 ], [ 1.922678942663584, 48.591421163617795 ] ] ] } },
{ "type": "Feature", "properties": { "hex_id": "871fb448affffff", "scale0": 3454, "NDVI": null, "NDMI": null, "NDBI": null, "NDSI": null, "NDWI": null, "osmnx": null, "PasDeRoute": null, "motorway": null, "primary": null, "secondary": null, "tertiary": null, "path": null, "population": null, "elevation": null, "foret_encoder": null, "highway_encoder": null, "foret": null, "PasDeforet": null, "Châtaignier": null, "Chênes décidus": null, "Conifères": null, "Douglas": null, "Feuillus": null, "Hêtre": null, "Mixte": null, "Mélèze": null, "NC": null, "NR": null, "Peuplier": null, "Pin autre": null, "Pin laricio, pin noir": null, "Pin maritime": null, "Pin sylvestre": null, "Pins mélangés": null, "Robinier": null, "Sapin, épicéa": null, "dynamic_world": null, "water": null, "tree": null, "grass": null, "crops": null, "shrub": null, "flooded": null, "built": null, "bare": null, "snow": null, "sinister": null }, "geometry": { "type": "Polygon", "coordinates": [ [ [ 1.612904817861071, 48.764819264118927 ], [ 1.598953436426061, 48.757896487784201 ], [ 1.601455331784802, 48.745489909608672 ], [ 1.617901722849528, 48.7400073732274 ], [ 1.631848605874454, 48.74692928305366 ], [ 1.629353595942623, 48.759334595369516 ], [ 1.612904817861071, 48.764819264118927 ] ] ] } },
{ "type": "Feature", "properties": { "hex_id": "871fb4082ffffff", "scale0": 3455, "NDVI": 0.59610861539840698, "NDMI": 0.12008111923933029, "NDBI": -0.12008111923933029, "NDSI": -0.50787508487701416, "NDWI": -0.57627022266387939, "osmnx": null, "PasDeRoute": 97.36440030557678, "motorway": 0.0, "primary": 1.3114336643748408, "secondary": 0.0, "tertiary": 1.0949834479246243, "path": 0.22918258212375861, "population": 382.99871144467971, "elevation": 32.229316711425781, "foret_encoder": 0.0, "highway_encoder": 0.0, "foret": null, "PasDeforet": 94.754265342500631, "Châtaignier": 0.0, "Chênes décidus": 3.8451744334097273, "Conifères": 0.15278838808250572, "Douglas": 0.0, "Feuillus": 0.76394194041252872, "Hêtre": 0.0, "Mixte": 0.0, "Mélèze": 0.0, "NC": 0.0, "NR": 0.0, "Peuplier": 0.0, "Pin autre": 0.0, "Pin laricio, pin noir": 0.48382989559460143, "Pin maritime": 0.0, "Pin sylvestre": 0.0, "Pins mélangés": 0.0, "Robinier": 0.0, "Sapin, épicéa": 0.0, "dynamic_world": null, "water": 0.0, "tree": 8.2378405907817669, "grass": 4.7873694932518456, "crops": 4.2016806722689077, "shrub": 46.536796536796537, "flooded": 0.03819709702062643, "built": 9.3710211357270179, "bare": 0.0, "snow": 0.0, "sinister": 0.0 }, "geometry": { "type": "Polygon", "coordinates": [ [ [ 1.907322248497206, 49.059372336939163 ], [ 1.893308979458399, 49.052528913757563 ], [ 1.895755571801719, 49.040155440496974 ], [ 1.912208502159006, 49.034626673801974 ], [ 1.926217183450693, 49.041469256270567 ], [ 1.923777521794756, 49.053841445746876 ], [ 1.907322248497206, 49.059372336939163 ] ] ] } },
{ "type": "Feature", "properties": { "hex_id": "871fb449bffffff", "scale0": 3456, "NDVI": 0.64743363857269287, "NDMI": 0.14457124471664429, "NDBI": -0.14457124471664429, "NDSI": -0.57143837213516235, "NDWI": -0.64239209890365601, "osmnx": null, "PasDeRoute": 99.706894354530391, "motorway": 0.0, "primary": 0.063718618580349176, "secondary": 0.0, "tertiary": 0.0, "path": 0.22938702688925705, "population": 1.0002497017622578, "elevation": 37.251510620117188, "foret_encoder": 0.0, "highway_encoder": 0.0, "foret": null, "PasDeforet": 41.327896011214477, "Châtaignier": 3.3133681661781571, "Chênes décidus": 10.768446540079012, "Conifères": 0.39505543519816488, "Douglas": 0.0, "Feuillus": 34.280616796227861, "Hêtre": 0.0, "Mixte": 6.4228367528991974, "Mélèze": 0.0, "NC": 0.0, "NR": 0.0, "Peuplier": 0.0, "Pin autre": 0.0, "Pin laricio, pin noir": 2.7399005989550149, "Pin maritime": 0.0, "Pin sylvestre": 0.75187969924812026, "Pins mélangés": 0.0, "Robinier": 0.0, "Sapin, épicéa": 0.0, "dynamic_world": null, "water": 0.0, "tree": 63.871543264942019, "grass": 0.76462342296419006, "crops": 0.43328660634637439, "shrub": 17.14030839811393, "flooded": 0.038231171148209508, "built": 4.2818911685994641, "bare": 0.0, "snow": 0.0, "sinister": 2.0 }, "geometry": { "type": "Polygon", "coordinates": [ [ [ 1.590011872434036, 48.726154726581832 ], [ 1.5760689079806, 48.719223990105938 ], [ 1.578574435963822, 48.706813719222069 ], [ 1.595016049763864, 48.70133544932964 ], [ 1.608954525049612, 48.708265317184527 ], [ 1.606455875403849, 48.720674323152998 ], [ 1.590011872434036, 48.726154726581832 ] ] ] } },
{ "type": "Feature", "properties": { "hex_id": "871fb4772ffffff", "scale0": 3457, "NDVI": 0.40236189961433411, "NDMI": 0.014522930607199669, "NDBI": -0.014522930607199669, "NDSI": -0.41609680652618408, "NDWI": -0.42283153533935547, "osmnx": null, "PasDeRoute": 94.967345370726093, "motorway": 0.0, "primary": 2.2794211806889488, "secondary": 1.2805736970162633, "tertiary": 1.050070431553336, "path": 0.42258932001536686, "population": 2450.0064521993099, "elevation": 6.237544059753418, "foret_encoder": 0.0, "highway_encoder": 0.0, "foret": null, "PasDeforet": 100.0, "Châtaignier": 0.0, "Chênes décidus": 0.0, "Conifères": 0.0, "Douglas": 0.0, "Feuillus": 0.0, "Hêtre": 0.0, "Mixte": 0.0, "Mélèze": 0.0, "NC": 0.0, "NR": 0.0, "Peuplier": 0.0, "Pin autre": 0.0, "Pin laricio, pin noir": 0.0, "Pin maritime": 0.0, "Pin sylvestre": 0.0, "Pins mélangés": 0.0, "Robinier": 0.0, "Sapin, épicéa": 0.0, "dynamic_world": null, "water": 0.08964015879113843, "tree": 0.012805736970162632, "grass": 0.0, "crops": 0.012805736970162632, "shrub": 1.9848892303752081, "flooded": 0.14086310667178897, "built": 94.032526571904214, "bare": 0.0, "snow": 0.0, "sinister": 20.0 }, "geometry": { "type": "Polygon", "coordinates": [ [ [ 2.172308483592627, 48.958310365408423 ], [ 2.158324840709216, 48.951496129375066 ], [ 2.160706717023718, 48.939125624335524 ], [ 2.177065349005709, 48.933570665964972 ], [ 2.19104437966835, 48.940384082565643 ], [ 2.188669390206671, 48.952753276576175 ], [ 2.172308483592627, 48.958310365408423 ] ] ] } },
{ "type": "Feature", "properties": { "hex_id": "871fb6a28ffffff", "scale0": 3458, "NDVI": 0.61680644750595093, "NDMI": 0.13730326294898987, "NDBI": -0.13730326294898987, "NDSI": -0.52544206380844116, "NDWI": -0.59971386194229126, "osmnx": null, "PasDeRoute": 92.861711654087244, "motorway": 0.0, "primary": 0.0, "secondary": 1.7525905078674682, "tertiary": 2.4050147115261611, "path": 2.9806831265191249, "population": 29.999863370733866, "elevation": 27.605148315429688, "foret_encoder": 0.0, "highway_encoder": 0.0, "foret": null, "PasDeforet": 78.45720864781886, "Châtaignier": 0.0, "Chênes décidus": 13.086861967506715, "Conifères": 0.0, "Douglas": 0.0, "Feuillus": 7.4197262376870921, "Hêtre": 0.0, "Mixte": 0.0, "Mélèze": 0.0, "NC": 0.0, "NR": 0.0, "Peuplier": 1.0362031469873352, "Pin autre": 0.0, "Pin laricio, pin noir": 0.0, "Pin maritime": 0.0, "Pin sylvestre": 0.0, "Pins mélangés": 0.0, "Robinier": 0.0, "Sapin, épicéa": 0.0, "dynamic_world": null, "water": 0.025585262888576182, "tree": 25.559677625687605, "grass": 2.0468210310860946, "crops": 0.74197262376870921, "shrub": 30.983753358065751, "flooded": 0.063963157221440456, "built": 9.0827683254445439, "bare": 0.0, "snow": 0.0, "sinister": 2.0 }, "geometry": { "type": "Polygon", "coordinates": [ [ [ 1.862197673280841, 48.588641981886852 ], [ 1.848291976187879, 48.581737451577574 ], [ 1.850729860689674, 48.569327820118616 ], [ 1.8670666148237, 48.563824012577058 ], [ 1.880967801744983, 48.57072769553222 ], [ 1.878536744378844, 48.583136032990772 ], [ 1.862197673280841, 48.588641981886852 ] ] ] } },
{ "type": "Feature", "properties": { "hex_id": "871fb478affffff", "scale0": 3459, "NDVI": null, "NDMI": null, "NDBI": null, "NDSI": null, "NDWI": null, "osmnx": null, "PasDeRoute": null, "motorway": null, "primary": null, "secondary": null, "tertiary": null, "path": null, "population": null, "elevation": null, "foret_encoder": null, "highway_encoder": null, "foret": null, "PasDeforet": null, "Châtaignier": null, "Chênes décidus": null, "Conifères": null, "Douglas": null, "Feuillus": null, "Hêtre": null, "Mixte": null, "Mélèze": null, "NC": null, "NR": null, "Peuplier": null, "Pin autre": null, "Pin laricio, pin noir": null, "Pin maritime": null, "Pin sylvestre": null, "Pins mélangés": null, "Robinier": null, "Sapin, épicéa": null, "dynamic_world": null, "water": null, "tree": null, "grass": null, "crops": null, "shrub": null, "flooded": null, "built": null, "bare": null, "snow": null, "sinister": null }, "geometry": { "type": "Polygon", "coordinates": [ [ [ 2.037816775415465, 48.784120385066025 ], [ 2.023870225919076, 48.777265322589827 ], [ 2.026275902720104, 48.764876716062268 ], [ 2.042621270915022, 48.759344475782164 ], [ 2.05656325471781, 48.766198706662145 ], [ 2.05416443567306, 48.778586009025844 ], [ 2.037816775415465, 48.784120385066025 ] ] ] } },
{ "type": "Feature", "properties": { "hex_id": "871fb44c1ffffff", "scale0": 3460, "NDVI": 0.61273616552352905, "NDMI": 0.14873996376991272, "NDBI": -0.14873996376991272, "NDSI": -0.50759154558181763, "NDWI": -0.59357976913452148, "osmnx": null, "PasDeRoute": 95.621181262729124, "motorway": 0.0, "primary": 0.0, "secondary": 3.1440936863543789, "tertiary": 0.0, "path": 1.2347250509164969, "population": 33.00091400267695, "elevation": 36.075672149658203, "foret_encoder": 0.0, "highway_encoder": 0.0, "foret": null, "PasDeforet": 78.538696537678206, "Châtaignier": 4.1624236252545828, "Chênes décidus": 0.0, "Conifères": 0.0, "Douglas": 0.0, "Feuillus": 17.298879837067211, "Hêtre": 0.0, "Mixte": 0.0, "Mélèze": 0.0, "NC": 0.0, "NR": 0.0, "Peuplier": 0.0, "Pin autre": 0.0, "Pin laricio, pin noir": 0.0, "Pin maritime": 0.0, "Pin sylvestre": 0.0, "Pins mélangés": 0.0, "Robinier": 0.0, "Sapin, épicéa": 0.0, "dynamic_world": null, "water": 0.0, "tree": 30.168024439918533, "grass": 8.4266802443991864, "crops": 1.0947046843177191, "shrub": 27.864052953156822, "flooded": 0.22912423625254583, "built": 24.529022403258654, "bare": 0.0, "snow": 0.0, "sinister": 9.0 }, "geometry": { "type": "Polygon", "coordinates": [ [ [ 1.78781197670903, 48.810481388276813 ], [ 1.773853748928924, 48.803590810086583 ], [ 1.776317558502529, 48.791194295649298 ], [ 1.79273271271419, 48.785689639543641 ], [ 1.806686408531428, 48.792579365793308 ], [ 1.804229481778932, 48.804974599691427 ], [ 1.78781197670903, 48.810481388276813 ] ] ] } },
{ "type": "Feature", "properties": { "hex_id": "871fb4611ffffff", "scale0": 3461, "NDVI": 0.70688527822494507, "NDMI": 0.21606898307800293, "NDBI": -0.21606898307800293, "NDSI": -0.53877753019332886, "NDWI": -0.66079533100128174, "osmnx": null, "PasDeRoute": 88.401896706394979, "motorway": 0.0, "primary": 0.0, "secondary": 2.2170959887222863, "tertiary": 1.8967063949762912, "path": 7.4843009099064464, "population": 818.00006831463327, "elevation": 55.827007293701172, "foret_encoder": 0.0, "highway_encoder": 0.0, "foret": null, "PasDeforet": 54.427784185569649, "Châtaignier": 9.3297449698833788, "Chênes décidus": 16.608996539792386, "Conifères": 0.0, "Douglas": 0.0, "Feuillus": 17.916186082276049, "Hêtre": 0.0, "Mixte": 0.0, "Mélèze": 0.0, "NC": 0.0, "NR": 1.2046648724849416, "Peuplier": 0.0, "Pin autre": 0.0, "Pin laricio, pin noir": 0.51262334999359216, "Pin maritime": 0.0, "Pin sylvestre": 0.0, "Pins mélangés": 0.0, "Robinier": 0.0, "Sapin, épicéa": 0.0, "dynamic_world": null, "water": 0.0, "tree": 28.732538767140841, "grass": 4.7545815711905677, "crops": 0.07689350249903884, "shrub": 0.07689350249903884, "flooded": 0.012815583749839805, "built": 17.288222478533896, "bare": 0.0, "snow": 0.0, "sinister": 10.0 }, "geometry": { "type": "Polygon", "coordinates": [ [ [ 2.158945844553162, 48.789333835532254 ], [ 2.145000965952716, 48.782498055015964 ], [ 2.147379224110408, 48.770114681422243 ], [ 2.163695511043274, 48.764568402961068 ], [ 2.177635805146175, 48.771403361894002 ], [ 2.175264396455071, 48.783785420481038 ], [ 2.158945844553162, 48.789333835532254 ] ] ] } },
{ "type": "Feature", "properties": { "hex_id": "871fb4450ffffff", "scale0": 3462, "NDVI": 0.41516092419624329, "NDMI": -0.003044717013835907, "NDBI": 0.003044717013835907, "NDSI": -0.49505135416984558, "NDWI": -0.47411039471626282, "osmnx": null, "PasDeRoute": 98.484848484848484, "motorway": 0.0, "primary": 0.0, "secondary": 1.1459129106187931, "tertiary": 0.36923860453272217, "path": 0.0, "population": 17.000030623801035, "elevation": 25.047805786132812, "foret_encoder": 0.0, "highway_encoder": 0.0, "foret": null, "PasDeforet": 98.981410746116623, "Châtaignier": 0.0, "Chênes décidus": 0.0, "Conifères": 0.0, "Douglas": 0.0, "Feuillus": 1.0185892538833716, "Hêtre": 0.0, "Mixte": 0.0, "Mélèze": 0.0, "NC": 0.0, "NR": 0.0, "Peuplier": 0.0, "Pin autre": 0.0, "Pin laricio, pin noir": 0.0, "Pin maritime": 0.0, "Pin sylvestre": 0.0, "Pins mélangés": 0.0, "Robinier": 0.0, "Sapin, épicéa": 0.0, "dynamic_world": null, "water": 0.0, "tree": 1.2987012987012987, "grass": 0.012732365673542143, "crops": 0.076394194041252861, "shrub": 90.272472625413798, "flooded": 0.03819709702062643, "built": 1.5533486121721416, "bare": 0.0, "snow": 0.0, "sinister": 0.0 }, "geometry": { "type": "Polygon", "coordinates": [ [ [ 1.78453569365224, 48.904107185373007 ], [ 1.770555779591468, 48.897226880546228 ], [ 1.773024158099768, 48.884837117341547 ], [ 1.789465545948639, 48.879328935941714 ], [ 1.803440914501123, 48.886208389125258 ], [ 1.800979440390898, 48.898596874952268 ], [ 1.78453569365224, 48.904107185373007 ] ] ] } },
{ "type": "Feature", "properties": { "hex_id": "871fb47adffffff", "scale0": 3463, "NDVI": 0.67045176029205322, "NDMI": 0.18492522835731506, "NDBI": -0.18492522835731506, "NDSI": -0.53932470083236694, "NDWI": -0.64169067144393921, "osmnx": null, "PasDeRoute": 89.734083354640759, "motorway": 1.3040143185885964, "primary": 2.4929685502429044, "secondary": 0.0, "tertiary": 0.4858092559447712, "path": 5.9831245205829715, "population": 86.002419280281515, "elevation": 41.486629486083984, "foret_encoder": 0.0, "highway_encoder": 0.0, "foret": null, "PasDeforet": 56.008693428790593, "Châtaignier": 11.390948606494502, "Chênes décidus": 17.693684479672715, "Conifères": 0.0, "Douglas": 0.0, "Feuillus": 7.1465098440296595, "Hêtre": 0.0, "Mixte": 0.0, "Mélèze": 0.0, "NC": 0.0, "NR": 7.7601636410125279, "Peuplier": 0.0, "Pin autre": 0.0, "Pin laricio, pin noir": 0.0, "Pin maritime": 0.0, "Pin sylvestre": 0.0, "Pins mélangés": 0.0, "Robinier": 0.0, "Sapin, épicéa": 0.0, "dynamic_world": null, "water": 0.0, "tree": 47.430324725134234, "grass": 3.4006647916133983, "crops": 0.26847353618000508, "shrub": 0.12784454103809767, "flooded": 0.038353362311429301, "built": 33.316287394528253, "bare": 0.0, "snow": 0.0, "sinister": 8.0 }, "geometry": { "type": "Polygon", "coordinates": [ [ [ 2.034936446767709, 48.877655438992683 ], [ 2.020968240481838, 48.870810698852559 ], [ 2.023378303265781, 48.858428793534053 ], [ 2.039749692762938, 48.852892929008355 ], [ 2.053713319641941, 48.859736837905501 ], [ 2.051310136083074, 48.872117442176886 ], [ 2.034936446767709, 48.877655438992683 ] ] ] } },
{ "type": "Feature", "properties": { "hex_id": "871fb450bffffff", "scale0": 3464, "NDVI": 0.59552246332168579, "NDMI": 0.1392267644405365, "NDBI": -0.1392267644405365, "NDSI": -0.49591150879859924, "NDWI": -0.57351529598236084, "osmnx": null, "PasDeRoute": 94.03401878649403, "motorway": 2.6148768723026148, "primary": 1.3962934755013963, "secondary": 1.0027925869510028, "tertiary": 0.0, "path": 0.95201827875095202, "population": 152.99971731875971, "elevation": 23.013753890991211, "foret_encoder": 0.0, "highway_encoder": 0.0, "foret": null, "PasDeforet": 43.297791317593301, "Châtaignier": 0.0, "Chênes décidus": 11.259202843361258, "Conifères": 0.0, "Douglas": 0.0, "Feuillus": 41.952272150291954, "Hêtre": 0.0, "Mixte": 2.6148768723026148, "Mélèze": 0.0, "NC": 0.87585681645087587, "NR": 0.0, "Peuplier": 0.0, "Pin autre": 0.0, "Pin laricio, pin noir": 0.0, "Pin maritime": 0.0, "Pin sylvestre": 0.0, "Pins mélangés": 0.0, "Robinier": 0.0, "Sapin, épicéa": 0.0, "dynamic_world": null, "water": 0.038080731150038079, "tree": 60.510281797410514, "grass": 0.52043665905052039, "crops": 0.15232292460015232, "shrub": 2.982990606752983, "flooded": 0.3935008885503935, "built": 22.937293729372936, "bare": 0.0, "snow": 0.0, "sinister": 0.0 }, "geometry": { "type": "Polygon", "coordinates": [ [ [ 1.590720082366751, 49.026553088552745 ], [ 1.576707769460632, 49.019657045326426 ], [ 1.579225611689542, 49.0072690052314 ], [ 1.595748819641046, 49.001778263749749 ], [ 1.609756598498534, 49.008673440165211 ], [ 1.607245703149439, 49.021060224467696 ], [ 1.590720082366751, 49.026553088552745 ] ] ] } },
{ "type": "Feature", "properties": { "hex_id": "871fb4091ffffff", "scale0": 3465, "NDVI": 0.5666164755821228, "NDMI": 0.1296156644821167, "NDBI": -0.1296156644821167, "NDSI": -0.45646041631698608, "NDWI": -0.53675013780593872, "osmnx": null, "PasDeRoute": 90.640519546670063, "motorway": 0.0, "primary": 4.2022157137399718, "secondary": 1.9228320387113207, "tertiary": 0.98051699987266017, "path": 2.2539157010059849, "population": 1.0000188454160197, "elevation": 24.615022659301758, "foret_encoder": 0.0, "highway_encoder": 0.0, "foret": null, "PasDeforet": 76.92601553546416, "Châtaignier": 0.0, "Chênes décidus": 2.9542849866293137, "Conifères": 0.0, "Douglas": 0.0, "Feuillus": 18.094995543104549, "Hêtre": 0.0, "Mixte": 2.0247039348019866, "Mélèze": 0.0, "NC": 0.0, "NR": 0.0, "Peuplier": 0.0, "Pin autre": 0.0, "Pin laricio, pin noir": 0.0, "Pin maritime": 0.0, "Pin sylvestre": 0.0, "Pins mélangés": 0.0, "Robinier": 0.0, "Sapin, épicéa": 0.0, "dynamic_world": null, "water": 2.2921176620399848, "tree": 19.202852413090536, "grass": 3.8201961033999745, "crops": 0.48389150643066348, "shrub": 4.3040876098306384, "flooded": 0.20374379218133198, "built": 48.503756526168345, "bare": 0.0, "snow": 0.0, "sinister": 7.0 }, "geometry": { "type": "Polygon", "coordinates": [ [ [ 1.895755571801719, 49.040155440496974 ], [ 1.881746519360575, 49.033308007006497 ], [ 1.884194980670524, 49.020932648985607 ], [ 1.900645566935588, 49.015406007385202 ], [ 1.914650036318828, 49.022252599111205 ], [ 1.912208502159006, 49.034626673801974 ], [ 1.895755571801719, 49.040155440496974 ] ] ] } },
{ "type": "Feature", "properties": { "hex_id": "871fb6ae6ffffff", "scale0": 3466, "NDVI": 0.54592257738113403, "NDMI": 0.096593759953975677, "NDBI": -0.096593759953975677, "NDSI": -0.50342428684234619, "NDWI": -0.54979950189590454, "osmnx": null, "PasDeRoute": 96.935897435897431, "motorway": 0.91025641025641013, "primary": 0.0, "secondary": 0.0, "tertiary": 2.1538461538461537, "path": 0.0, "population": 72.999769143653779, "elevation": 9.5947084426879883, "foret_encoder": 0.0, "highway_encoder": 0.0, "foret": null, "PasDeforet": 100.0, "Châtaignier": 0.0, "Chênes décidus": 0.0, "Conifères": 0.0, "Douglas": 0.0, "Feuillus": 0.0, "Hêtre": 0.0, "Mixte": 0.0, "Mélèze": 0.0, "NC": 0.0, "NR": 0.0, "Peuplier": 0.0, "Pin autre": 0.0, "Pin laricio, pin noir": 0.0, "Pin maritime": 0.0, "Pin sylvestre": 0.0, "Pins mélangés": 0.0, "Robinier": 0.0, "Sapin, épicéa": 0.0, "dynamic_world": null, "water": 0.0, "tree": 0.038461538461538464, "grass": 0.02564102564102564, "crops": 0.85897435897435892, "shrub": 88.858974358974365, "flooded": 0.05128205128205128, "built": 1.653846153846154, "bare": 0.0, "snow": 0.0, "sinister": 0.0 }, "geometry": { "type": "Polygon", "coordinates": [ [ [ 1.884074880730488, 48.476936357997587 ], [ 1.870195139407614, 48.470022465383721 ], [ 1.872623584625616, 48.457605775535498 ], [ 1.888924970335347, 48.452104277194017 ], [ 1.902800214721119, 48.459017323402904 ], [ 1.900378570008793, 48.471432713968454 ], [ 1.884074880730488, 48.476936357997587 ] ] ] } },
{ "type": "Feature", "properties": { "hex_id": "871fb472dffffff", "scale0": 3467, "NDVI": 0.49976745247840881, "NDMI": 0.063149191439151764, "NDBI": -0.063149191439151764, "NDSI": -0.45991238951683044, "NDWI": -0.49452725052833557, "osmnx": null, "PasDeRoute": 98.018662917039507, "motorway": 0.0, "primary": 0.0, "secondary": 0.0, "tertiary": 0.0, "path": 1.981337082960501, "population": 248.00638152899964, "elevation": 6.1539998054504395, "foret_encoder": 0.0, "highway_encoder": 0.0, "foret": null, "PasDeforet": 87.945800843666106, "Châtaignier": 0.0, "Chênes décidus": 0.0, "Conifères": 0.0, "Douglas": 0.0, "Feuillus": 9.2164131407388474, "Hêtre": 0.0, "Mixte": 0.0, "Mélèze": 0.0, "NC": 1.4955899271379267, "NR": 0.17895947846094848, "Peuplier": 0.57522689505304869, "Pin autre": 0.0, "Pin laricio, pin noir": 0.0, "Pin maritime": 0.0, "Pin sylvestre": 0.58800971494311649, "Pins mélangés": 0.0, "Robinier": 0.0, "Sapin, épicéa": 0.0, "dynamic_world": null, "water": 2.7483062763645658, "tree": 16.477054838297327, "grass": 1.0993225105458264, "crops": 2.2242106608717882, "shrub": 11.095487664578805, "flooded": 0.766969193404065, "built": 13.243001406110189, "bare": 0.025565639780135499, "snow": 0.0, "sinister": 15.0 }, "geometry": { "type": "Polygon", "coordinates": [ [ [ 2.116013134036602, 49.01207744011532 ], [ 2.102015654823933, 49.005260737102077 ], [ 2.104412543123511, 48.992891952449874 ], [ 2.120800006669805, 48.987341174667662 ], [ 2.134792873835528, 48.994157053904857 ], [ 2.132402889143636, 49.006524534304837 ], [ 2.116013134036602, 49.01207744011532 ] ] ] } },
{ "type": "Feature", "properties": { "hex_id": "871fb6b11ffffff", "scale0": 3468, "NDVI": 0.59905433654785156, "NDMI": 0.12332064658403397, "NDBI": -0.12332064658403397, "NDSI": -0.52700942754745483, "NDWI": -0.59065854549407959, "osmnx": null, "PasDeRoute": 96.739684156902698, "motorway": 0.0, "primary": 0.0, "secondary": 1.0825267447784004, "tertiary": 0.0, "path": 2.1777890983188994, "population": 605.00007302598715, "elevation": 45.161945343017578, "foret_encoder": 0.0, "highway_encoder": 0.0, "foret": null, "PasDeforet": 72.109016811003571, "Châtaignier": 0.0, "Chênes décidus": 11.487519103413144, "Conifères": 0.0, "Douglas": 0.0, "Feuillus": 12.633723892002038, "Hêtre": 0.0, "Mixte": 3.7697401935812529, "Mélèze": 0.0, "NC": 0.0, "NR": 0.0, "Peuplier": 0.0, "Pin autre": 0.0, "Pin laricio, pin noir": 0.0, "Pin maritime": 0.0, "Pin sylvestre": 0.0, "Pins mélangés": 0.0, "Robinier": 0.0, "Sapin, épicéa": 0.0, "dynamic_world": null, "water": 0.0, "tree": 37.315333672949571, "grass": 0.36933265410086602, "crops": 1.0061130922058075, "shrub": 40.448293428425877, "flooded": 0.11462047885888946, "built": 10.354049923586347, "bare": 0.0, "snow": 0.0, "sinister": 0.0 }, "geometry": { "type": "Polygon", "coordinates": [ [ [ 1.654255196051011, 48.635245169176052 ], [ 1.640334377814834, 48.628313925517176 ], [ 1.642821513119774, 48.615899531366608 ], [ 1.659222613251028, 48.610417654022456 ], [ 1.673138945897053, 48.617348033680628 ], [ 1.670658663697507, 48.629761154286662 ], [ 1.654255196051011, 48.635245169176052 ] ] ] } },
{ "type": "Feature", "properties": { "hex_id": "871fb44abffffff", "scale0": 3469, "NDVI": 0.45585036277770996, "NDMI": 0.014264801517128944, "NDBI": -0.014264801517128944, "NDSI": -0.49263235926628113, "NDWI": -0.48769715428352356, "osmnx": null, "PasDeRoute": 97.420256703520153, "motorway": 0.0, "primary": 0.0, "secondary": 0.0, "tertiary": 2.5797432964798577, "path": 0.0, "population": 39.000970538925003, "elevation": 17.36689567565918, "foret_encoder": 0.0, "highway_encoder": 0.0, "foret": null, "PasDeforet": 97.877748125555968, "Châtaignier": 0.0, "Chênes décidus": 0.0, "Conifères": 0.0, "Douglas": 0.0, "Feuillus": 1.4741390265599186, "Hêtre": 0.0, "Mixte": 0.64811284788410217, "Mélèze": 0.0, "NC": 0.0, "NR": 0.0, "Peuplier": 0.0, "Pin autre": 0.0, "Pin laricio, pin noir": 0.0, "Pin maritime": 0.0, "Pin sylvestre": 0.0, "Pins mélangés": 0.0, "Robinier": 0.0, "Sapin, épicéa": 0.0, "dynamic_world": null, "water": 0.47019951709238789, "tree": 3.4057694751556742, "grass": 0.77519379844961245, "crops": 0.33041047147032659, "shrub": 76.947515567416445, "flooded": 0.15249714067861228, "built": 2.4780785360274495, "bare": 0.0, "snow": 0.0, "sinister": 0.0 }, "geometry": { "type": "Polygon", "coordinates": [ [ [ 1.616862328045512, 48.821348969313121 ], [ 1.602898016676124, 48.814433294468571 ], [ 1.605401342608269, 48.802031008695344 ], [ 1.62186208162401, 48.796545661877538 ], [ 1.635821885580725, 48.803460470887742 ], [ 1.633325457630986, 48.815861492148962 ], [ 1.616862328045512, 48.821348969313121 ] ] ] } },
{ "type": "Feature", "properties": { "hex_id": "871fb6b18ffffff", "scale0": 3470, "NDVI": null, "NDMI": null, "NDBI": null, "NDSI": null, "NDWI": null, "osmnx": null, "PasDeRoute": null, "motorway": null, "primary": null, "secondary": null, "tertiary": null, "path": null, "population": null, "elevation": null, "foret_encoder": null, "highway_encoder": null, "foret": null, "PasDeforet": null, "Châtaignier": null, "Chênes décidus": null, "Conifères": null, "Douglas": null, "Feuillus": null, "Hêtre": null, "Mixte": null, "Mélèze": null, "NC": null, "NR": null, "Peuplier": null, "Pin autre": null, "Pin laricio, pin noir": null, "Pin maritime": null, "Pin sylvestre": null, "Pins mélangés": null, "Robinier": null, "Sapin, épicéa": null, "dynamic_world": null, "water": null, "tree": null, "grass": null, "crops": null, "shrub": null, "flooded": null, "built": null, "bare": null, "snow": null, "sinister": null }, "geometry": { "type": "Polygon", "coordinates": [ [ [ 1.703448918220327, 48.618788142643368 ], [ 1.689532892618588, 48.61186259656543 ], [ 1.692008145142915, 48.59944891858779 ], [ 1.708392577185371, 48.59396206484751 ], [ 1.722304112133759, 48.600886750819257 ], [ 1.719835705383739, 48.613299150241716 ], [ 1.703448918220327, 48.618788142643368 ] ] ] } },
{ "type": "Feature", "properties": { "hex_id": "871fb46aeffffff", "scale0": 3471, "NDVI": 0.64065766334533691, "NDMI": 0.15232180058956146, "NDBI": -0.15232180058956146, "NDSI": -0.53270870447158813, "NDWI": -0.61592775583267212, "osmnx": null, "PasDeRoute": 98.974884674525882, "motorway": 0.0, "primary": 0.0, "secondary": 0.0, "tertiary": 0.20502306509482315, "path": 0.82009226037929261, "population": 808.99646884017341, "elevation": 41.241897583007812, "foret_encoder": 0.0, "highway_encoder": 0.0, "foret": null, "PasDeforet": 89.915427985648392, "Châtaignier": 3.1137878011276268, "Chênes décidus": 2.2936955407483341, "Conifères": 0.0, "Douglas": 0.0, "Feuillus": 4.6770886724756533, "Hêtre": 0.0, "Mixte": 0.0, "Mélèze": 0.0, "NC": 0.0, "NR": 0.0, "Peuplier": 0.0, "Pin autre": 0.0, "Pin laricio, pin noir": 0.0, "Pin maritime": 0.0, "Pin sylvestre": 0.0, "Pins mélangés": 0.0, "Robinier": 0.0, "Sapin, épicéa": 0.0, "dynamic_world": null, "water": 0.0, "tree": 60.123013839056895, "grass": 3.0625320348539211, "crops": 0.65351101998974881, "shrub": 8.559712967708867, "flooded": 0.076883649410558697, "built": 9.8282931829830869, "bare": 0.0, "snow": 0.0, "sinister": 0.0 }, "geometry": { "type": "Polygon", "coordinates": [ [ [ 2.124264070968214, 48.731658828398679 ], [ 2.110331638626651, 48.724811072166816 ], [ 2.112715530721908, 48.712422137718384 ], [ 2.129025015652022, 48.706882272718786 ], [ 2.142952877354546, 48.713729204122266 ], [ 2.140575824411853, 48.726116824963732 ], [ 2.124264070968214, 48.731658828398679 ] ] ] } },
{ "type": "Feature", "properties": { "hex_id": "871fb4401ffffff", "scale0": 3472, "NDVI": 0.63256329298019409, "NDMI": 0.14452722668647766, "NDBI": -0.14452722668647766, "NDSI": -0.53383016586303711, "NDWI": -0.60978543758392334, "osmnx": null, "PasDeRoute": 95.371544509256907, "motorway": 0.0, "primary": 1.2680699974638601, "secondary": 0.0, "tertiary": 0.0, "path": 3.360385493279229, "population": 2.0008291983048561, "elevation": 37.169467926025391, "foret_encoder": 0.0, "highway_encoder": 0.0, "foret": null, "PasDeforet": 66.54831346690338, "Châtaignier": 0.58331219883337559, "Chênes décidus": 6.2008622875982748, "Conifères": 0.12680699974638598, "Douglas": 0.0, "Feuillus": 24.942936850114126, "Hêtre": 0.0, "Mixte": 0.51990869896018266, "Mélèze": 0.0, "NC": 0.65939639868120714, "NR": 0.24093329951813341, "Peuplier": 0.17752979964494039, "Pin autre": 0.0, "Pin laricio, pin noir": 0.0, "Pin maritime": 0.0, "Pin sylvestre": 0.0, "Pins mélangés": 0.0, "Robinier": 0.0, "Sapin, épicéa": 0.0, "dynamic_world": null, "water": 0.0, "tree": 48.795333502409335, "grass": 3.8802941922394112, "crops": 0.74816129850367741, "shrub": 20.27643925944712, "flooded": 1.0017752979964494, "built": 6.5559218868881564, "bare": 0.0, "snow": 0.0, "sinister": 6.0 }, "geometry": { "type": "Polygon", "coordinates": [ [ [ 1.655280932402062, 48.935738796099756 ], [ 1.641290986857397, 48.928842214031562 ], [ 1.64379025382211, 48.916449838713255 ], [ 1.660272544753074, 48.910955309605093 ], [ 1.674257959881618, 48.917851029642563 ], [ 1.671765614186185, 48.930242140416361 ], [ 1.655280932402062, 48.935738796099756 ] ] ] } },
{ "type": "Feature", "properties": { "hex_id": "871fb6a00ffffff", "scale0": 3473, "NDVI": 0.56459587812423706, "NDMI": 0.10757848620414734, "NDBI": -0.10757848620414734, "NDSI": -0.51326447725296021, "NDWI": -0.56399065256118774, "osmnx": null, "PasDeRoute": 98.466061613191869, "motorway": 0.0, "primary": 0.0, "secondary": 0.0, "tertiary": 0.0, "path": 1.53393838680813, "population": 27.001908098371974, "elevation": 22.802400588989258, "foret_encoder": 0.0, "highway_encoder": 0.0, "foret": null, "PasDeforet": 54.531509651029019, "Châtaignier": 0.0, "Chênes décidus": 44.650389876006649, "Conifères": 0.0, "Douglas": 0.0, "Feuillus": 0.81810047296433597, "Hêtre": 0.0, "Mixte": 0.0, "Mélèze": 0.0, "NC": 0.0, "NR": 0.0, "Peuplier": 0.0, "Pin autre": 0.0, "Pin laricio, pin noir": 0.0, "Pin maritime": 0.0, "Pin sylvestre": 0.0, "Pins mélangés": 0.0, "Robinier": 0.0, "Sapin, épicéa": 0.0, "dynamic_world": null, "water": 0.012782819890067749, "tree": 50.747794963568957, "grass": 1.7640291448293495, "crops": 2.7227406365844304, "shrub": 30.065192381439342, "flooded": 0.038348459670203248, "built": 1.53393838680813, "bare": 0.063914099450338741, "snow": 0.0, "sinister": 0.0 }, "geometry": { "type": "Polygon", "coordinates": [ [ [ 1.809029049458406, 48.548593523436189 ], [ 1.795131322044754, 48.541676231237354 ], [ 1.797579696460425, 48.529261653200955 ], [ 1.813918975809365, 48.523765657285502 ], [ 1.827812206963572, 48.530682097488665 ], [ 1.825370654709288, 48.543095385210428 ], [ 1.809029049458406, 48.548593523436189 ] ] ] } },
{ "type": "Feature", "properties": { "hex_id": "871fb4504ffffff", "scale0": 3474, "NDVI": null, "NDMI": null, "NDBI": null, "NDSI": null, "NDWI": null, "osmnx": null, "PasDeRoute": null, "motorway": null, "primary": null, "secondary": null, "tertiary": null, "path": null, "population": null, "elevation": null, "foret_encoder": null, "highway_encoder": null, "foret": null, "PasDeforet": null, "Châtaignier": null, "Chênes décidus": null, "Conifères": null, "Douglas": null, "Feuillus": null, "Hêtre": null, "Mixte": null, "Mélèze": null, "NC": null, "NR": null, "Peuplier": null, "Pin autre": null, "Pin laricio, pin noir": null, "Pin maritime": null, "Pin sylvestre": null, "Pins mélangés": null, "Robinier": null, "Sapin, épicéa": null, "dynamic_world": null, "water": null, "tree": null, "grass": null, "crops": null, "shrub": null, "flooded": null, "built": null, "bare": null, "snow": null, "sinister": null }, "geometry": { "type": "Polygon", "coordinates": [ [ [ 1.472338887927892, 49.077342942730063 ], [ 1.458312451211772, 49.070434531917115 ], [ 1.460859603263781, 49.058045895215272 ], [ 1.477426224524611, 49.052566912211233 ], [ 1.491448138064765, 49.059474446821767 ], [ 1.488907953228093, 49.071861840230149 ], [ 1.472338887927892, 49.077342942730063 ] ] ] } },
{ "type": "Feature", "properties": { "hex_id": "871fb6a61ffffff", "scale0": 3475, "NDVI": 0.75315892696380615, "NDMI": 0.23418590426445007, "NDBI": -0.23418590426445007, "NDSI": -0.58682471513748169, "NDWI": -0.70730113983154297, "osmnx": null, "PasDeRoute": 96.575166752180607, "motorway": 0.0, "primary": 1.1800923550538738, "secondary": 0.525910723447922, "tertiary": 0.32067727039507443, "path": 1.3981528989225243, "population": 7.0003109493643221, "elevation": 43.811355590820312, "foret_encoder": 0.0, "highway_encoder": 0.0, "foret": null, "PasDeforet": 46.729091841970245, "Châtaignier": 1.8984094407388403, "Chênes décidus": 37.673165726013345, "Conifères": 0.0, "Douglas": 0.0, "Feuillus": 13.699332991277577, "Hêtre": 0.0, "Mixte": 0.0, "Mélèze": 0.0, "NC": 0.0, "NR": 0.0, "Peuplier": 0.0, "Pin autre": 0.0, "Pin laricio, pin noir": 0.0, "Pin maritime": 0.0, "Pin sylvestre": 0.0, "Pins mélangés": 0.0, "Robinier": 0.0, "Sapin, épicéa": 0.0, "dynamic_world": null, "water": 0.0, "tree": 70.433555669574147, "grass": 20.677270395074395, "crops": 0.33350436121087734, "shrub": 0.12827090815802974, "flooded": 0.0, "built": 1.4879425346331452, "bare": 0.0, "snow": 0.0, "sinister": 0.0 }, "geometry": { "type": "Polygon", "coordinates": [ [ [ 2.02485011700789, 48.614805210275016 ], [ 2.010942142114523, 48.607928738484972 ], [ 2.01334405599126, 48.595527438355823 ], [ 2.029647123834968, 48.59000391769537 ], [ 2.043550560376266, 48.59687955565655 ], [ 2.041155467083891, 48.609279547717321 ], [ 2.02485011700789, 48.614805210275016 ] ] ] } },
{ "type": "Feature", "properties": { "hex_id": "871fb4411ffffff", "scale0": 3476, "NDVI": 0.47667980194091797, "NDMI": 0.0014503354905173182, "NDBI": -0.0014503354905173182, "NDSI": -0.53610342741012573, "NDWI": -0.51477748155593872, "osmnx": null, "PasDeRoute": 98.462906504065046, "motorway": 0.0, "primary": 0.6732723577235773, "secondary": 0.0, "tertiary": 0.86382113821138218, "path": 0.0, "population": 241.99892109993294, "elevation": 20.073266983032227, "foret_encoder": 0.0, "highway_encoder": 0.0, "foret": null, "PasDeforet": 92.644817073170728, "Châtaignier": 0.0, "Chênes décidus": 0.0, "Conifères": 0.0, "Douglas": 0.0, "Feuillus": 6.9232723577235769, "Hêtre": 0.0, "Mixte": 0.0, "Mélèze": 0.0, "NC": 0.0, "NR": 0.43191056910569109, "Peuplier": 0.0, "Pin autre": 0.0, "Pin laricio, pin noir": 0.0, "Pin maritime": 0.0, "Pin sylvestre": 0.0, "Pins mélangés": 0.0, "Robinier": 0.0, "Sapin, épicéa": 0.0, "dynamic_world": null, "water": 0.25406504065040647, "tree": 16.018800813008131, "grass": 6.9994918699186988, "crops": 0.71138211382113814, "shrub": 51.15599593495935, "flooded": 0.3048780487804878, "built": 5.2718495934959346, "bare": 0.0, "snow": 0.0, "sinister": 0.0 }, "geometry": { "type": "Polygon", "coordinates": [ [ [ 1.601837034812623, 48.895739253067831 ], [ 1.587855253480372, 48.888829823014056 ], [ 1.59036509935567, 48.876432453312752 ], [ 1.606849810208581, 48.870945774120713 ], [ 1.620827075362869, 48.877854337556123 ], [ 1.6183241455393, 48.890250446399151 ], [ 1.601837034812623, 48.895739253067831 ] ] ] } },
{ "type": "Feature", "properties": { "hex_id": "871fb4793ffffff", "scale0": 3477, "NDVI": 0.65833961963653564, "NDMI": 0.15337875485420227, "NDBI": -0.15337875485420227, "NDSI": -0.54205721616744995, "NDWI": -0.62729978561401367, "osmnx": null, "PasDeRoute": 93.188498402555908, "motorway": 0.0, "primary": 0.0, "secondary": 0.0, "tertiary": 3.6549520766773163, "path": 3.1565495207667729, "population": 73.999891638857903, "elevation": 34.094600677490234, "foret_encoder": 0.0, "highway_encoder": 0.0, "foret": null, "PasDeforet": 83.654952076677318, "Châtaignier": 0.0, "Chênes décidus": 10.249201277955272, "Conifères": 0.0, "Douglas": 0.0, "Feuillus": 3.2587859424920129, "Hêtre": 0.0, "Mixte": 0.95846645367412142, "Mélèze": 0.0, "NC": 1.5079872204472844, "NR": 0.37060702875399359, "Peuplier": 0.0, "Pin autre": 0.0, "Pin laricio, pin noir": 0.0, "Pin maritime": 0.0, "Pin sylvestre": 0.0, "Pins mélangés": 0.0, "Robinier": 0.0, "Sapin, épicéa": 0.0, "dynamic_world": null, "water": 0.12779552715654952, "tree": 16.421725239616613, "grass": 2.8242811501597442, "crops": 0.8562300319488817, "shrub": 4.1789137380191699, "flooded": 0.089456869009584661, "built": 47.361022364217256, "bare": 0.0, "snow": 0.0, "sinister": 23.0 }, "geometry": { "type": "Polygon", "coordinates": [ [ [ 1.935367956364086, 48.76086065826307 ], [ 1.921424411355983, 48.753987126313376 ], [ 1.923852529875869, 48.741592770896524 ], [ 1.940217332686732, 48.736073242569333 ], [ 1.954156330851105, 48.742945934352491 ], [ 1.951735072712979, 48.755338994235267 ], [ 1.935367956364086, 48.76086065826307 ] ] ] } },
{ "type": "Feature", "properties": { "hex_id": "871fb6b1dffffff", "scale0": 3478, "NDVI": 0.6929735541343689, "NDMI": 0.16613319516181946, "NDBI": -0.16613319516181946, "NDSI": -0.57046723365783691, "NDWI": -0.66066962480545044, "osmnx": null, "PasDeRoute": 98.533163265306129, "motorway": 0.0, "primary": 0.0, "secondary": 1.4668367346938775, "tertiary": 0.0, "path": 0.0, "population": 3.0005794965425987, "elevation": 30.103738784790039, "foret_encoder": 0.0, "highway_encoder": 0.0, "foret": null, "PasDeforet": 49.451530612244895, "Châtaignier": 0.0, "Chênes décidus": 45.522959183673464, "Conifères": 0.0, "Douglas": 0.0, "Feuillus": 4.7066326530612246, "Hêtre": 0.0, "Mixte": 0.31887755102040816, "Mélèze": 0.0, "NC": 0.0, "NR": 0.0, "Peuplier": 0.0, "Pin autre": 0.0, "Pin laricio, pin noir": 0.0, "Pin maritime": 0.0, "Pin sylvestre": 0.0, "Pins mélangés": 0.0, "Robinier": 0.0, "Sapin, épicéa": 0.0, "dynamic_world": null, "water": 0.11479591836734696, "tree": 59.52806122448979, "grass": 4.5153061224489797, "crops": 0.90561224489795911, "shrub": 13.533163265306122, "flooded": 0.17857142857142858, "built": 3.8010204081632653, "bare": 0.0, "snow": 0.0, "sinister": 1.0 }, "geometry": { "type": "Polygon", "coordinates": [ [ [ 1.714895692965663, 48.638121560237494 ], [ 1.700975487217368, 48.631199986959508 ], [ 1.703448918220327, 48.618788142643368 ], [ 1.719835705383739, 48.613299150241716 ], [ 1.733751415884758, 48.6202198644826 ], [ 1.7312848341589, 48.632630429766294 ], [ 1.714895692965663, 48.638121560237494 ] ] ] } },
{ "type": "Feature", "properties": { "hex_id": "871fb6a1cffffff", "scale0": 3479, "NDVI": null, "NDMI": null, "NDBI": null, "NDSI": null, "NDWI": null, "osmnx": null, "PasDeRoute": null, "motorway": null, "primary": null, "secondary": null, "tertiary": null, "path": null, "population": null, "elevation": null, "foret_encoder": null, "highway_encoder": null, "foret": null, "PasDeforet": null, "Châtaignier": null, "Chênes décidus": null, "Conifères": null, "Douglas": null, "Feuillus": null, "Hêtre": null, "Mixte": null, "Mélèze": null, "NC": null, "NR": null, "Peuplier": null, "Pin autre": null, "Pin laricio, pin noir": null, "Pin maritime": null, "Pin sylvestre": null, "Pins mélangés": null, "Robinier": null, "Sapin, épicéa": null, "dynamic_world": null, "water": null, "tree": null, "grass": null, "crops": null, "shrub": null, "flooded": null, "built": null, "bare": null, "snow": null, "sinister": null }, "geometry": { "type": "Polygon", "coordinates": [ [ [ 1.816362358274647, 48.511350545038461 ], [ 1.802473279766279, 48.504430138480906 ], [ 1.804918490002554, 48.492013204116745 ], [ 1.821245965145441, 48.486517967998005 ], [ 1.835130551782781, 48.493437522879603 ], [ 1.832692154829118, 48.505853165164183 ], [ 1.816362358274647, 48.511350545038461 ] ] ] } },
{ "type": "Feature", "properties": { "hex_id": "871fb4610ffffff", "scale0": 3480, "NDVI": 0.65411949157714844, "NDMI": 0.18071769177913666, "NDBI": -0.18071769177913666, "NDSI": -0.52003335952758789, "NDWI": -0.62026345729827881, "osmnx": null, "PasDeRoute": 88.599974381964913, "motorway": 0.0, "primary": 0.0, "secondary": 1.4730370180607146, "tertiary": 1.3321378250288203, "path": 8.5948507749455612, "population": 35.00231091913939, "elevation": 49.426605224609375, "foret_encoder": 0.0, "highway_encoder": 0.0, "foret": null, "PasDeforet": 64.903291917509932, "Châtaignier": 4.6112463174074545, "Chênes décidus": 11.118227231971307, "Conifères": 0.0, "Douglas": 0.0, "Feuillus": 19.367234533111311, "Hêtre": 0.0, "Mixte": 0.0, "Mélèze": 0.0, "NC": 0.0, "NR": 0.0, "Peuplier": 0.0, "Pin autre": 0.0, "Pin laricio, pin noir": 0.0, "Pin maritime": 0.0, "Pin sylvestre": 0.0, "Pins mélangés": 0.0, "Robinier": 0.0, "Sapin, épicéa": 0.0, "dynamic_world": null, "water": 0.3714615089022672, "tree": 29.396695273472524, "grass": 2.1391059305751248, "crops": 0.064045087741770201, "shrub": 0.90944024593313699, "flooded": 0.01280901754835404, "built": 36.582554118099139, "bare": 0.0, "snow": 0.0, "sinister": 15.0 }, "geometry": { "type": "Polygon", "coordinates": [ [ [ 2.128675128045471, 48.788042967129684 ], [ 2.114729819681064, 48.781202368870389 ], [ 2.117114929393594, 48.76881768297644 ], [ 2.133438495560086, 48.763274907251031 ], [ 2.147379224110408, 48.770114681422243 ], [ 2.145000965952716, 48.782498055015964 ], [ 2.128675128045471, 48.788042967129684 ] ] ] } },
{ "type": "Feature", "properties": { "hex_id": "871fb4444ffffff", "scale0": 3481, "NDVI": 0.61338281631469727, "NDMI": 0.14336974918842316, "NDBI": -0.14336974918842316, "NDSI": -0.5035165548324585, "NDWI": -0.5894349217414856, "osmnx": null, "PasDeRoute": 95.173204279164551, "motorway": 0.0, "primary": 1.4263881813550687, "secondary": 0.0, "tertiary": 0.72592969943963315, "path": 2.6744778400407543, "population": 338.00000706703105, "elevation": 38.886524200439453, "foret_encoder": 0.0, "highway_encoder": 0.0, "foret": null, "PasDeforet": 68.046357615894038, "Châtaignier": 0.0, "Chênes décidus": 0.0, "Conifères": 0.0, "Douglas": 0.0, "Feuillus": 31.113092205807437, "Hêtre": 0.0, "Mixte": 0.0, "Mélèze": 0.0, "NC": 0.0, "NR": 0.0, "Peuplier": 0.84055017829852263, "Pin autre": 0.0, "Pin laricio, pin noir": 0.0, "Pin maritime": 0.0, "Pin sylvestre": 0.0, "Pins mélangés": 0.0, "Robinier": 0.0, "Sapin, épicéa": 0.0, "dynamic_world": null, "water": 0.0, "tree": 39.773306164034636, "grass": 1.0952623535404993, "crops": 0.70045848191543558, "shrub": 33.685685175751402, "flooded": 1.4518593988792663, "built": 17.422312786551196, "bare": 0.0, "snow": 0.0, "sinister": 14.0 }, "geometry": { "type": "Polygon", "coordinates": [ [ [ 1.819106665781421, 48.961882181354163 ], [ 1.805114116468902, 48.955013873943486 ], [ 1.807576943639704, 48.942629721488736 ], [ 1.824025404787003, 48.937115154804928 ], [ 1.838013394602329, 48.943982613734583 ], [ 1.835557482440925, 48.95636548742899 ], [ 1.819106665781421, 48.961882181354163 ] ] ] } },
{ "type": "Feature", "properties": { "hex_id": "871fb4704ffffff", "scale0": 3482, "NDVI": 0.4372134804725647, "NDMI": 0.064426131546497345, "NDBI": -0.064426131546497345, "NDSI": -0.37761446833610535, "NDWI": -0.41467985510826111, "osmnx": null, "PasDeRoute": 92.159366619844207, "motorway": 0.0, "primary": 2.1070105989018004, "secondary": 0.99604137402630566, "tertiary": 1.723917762737837, "path": 3.0136636444898479, "population": 1147.9973310179564, "elevation": 4.2699217796325684, "foret_encoder": 0.0, "highway_encoder": 0.0, "foret": null, "PasDeforet": 90.269441961435319, "Châtaignier": 0.0, "Chênes décidus": 0.0, "Conifères": 0.0, "Douglas": 0.0, "Feuillus": 3.0392031669007791, "Hêtre": 0.0, "Mixte": 0.0, "Mélèze": 0.0, "NC": 6.6913548716638998, "NR": 0.0, "Peuplier": 0.0, "Pin autre": 0.0, "Pin laricio, pin noir": 0.0, "Pin maritime": 0.0, "Pin sylvestre": 0.0, "Pins mélangés": 0.0, "Robinier": 0.0, "Sapin, épicéa": 0.0, "dynamic_world": null, "water": 9.0026816498531481, "tree": 4.9035883028987355, "grass": 3.6010726599412588, "crops": 0.48525092580768736, "shrub": 0.66402758268420381, "flooded": 0.49802068701315283, "built": 55.012131273145194, "bare": 1.6728387179159749, "snow": 0.0, "sinister": 20.0 }, "geometry": { "type": "Polygon", "coordinates": [ [ [ 2.032047104632867, 48.971132989627336 ], [ 2.018057174267807, 48.964298594587568 ], [ 2.020471638714367, 48.951923450949941 ], [ 2.036869132382414, 48.946383999854881 ], [ 2.050854469565632, 48.953217563964515 ], [ 2.048446905913796, 48.965591409703102 ], [ 2.032047104632867, 48.971132989627336 ] ] ] } },
{ "type": "Feature", "properties": { "hex_id": "871fb6b5cffffff", "scale0": 3483, "NDVI": 0.83488714694976807, "NDMI": 0.30864858627319336, "NDBI": -0.30864858627319336, "NDSI": -0.61579221487045288, "NDWI": -0.77524268627166748, "osmnx": null, "PasDeRoute": 96.970858895705518, "motorway": 0.0, "primary": 0.0, "secondary": 0.0, "tertiary": 0.0, "path": 3.0291411042944785, "population": 39.999851592348854, "elevation": 23.038192749023438, "foret_encoder": 5.0, "highway_encoder": 0.0, "foret": null, "PasDeforet": 1.7638036809815949, "Châtaignier": 0.0, "Chênes décidus": 3.1058282208588959, "Conifères": 0.0, "Douglas": 0.0, "Feuillus": 81.377811860940696, "Hêtre": 0.0, "Mixte": 4.8824130879345606, "Mélèze": 0.0, "NC": 0.0, "NR": 2.0322085889570554, "Peuplier": 0.0, "Pin autre": 0.0, "Pin laricio, pin noir": 4.7801635991820035, "Pin maritime": 0.0, "Pin sylvestre": 2.0577709611451942, "Pins mélangés": 0.0, "Robinier": 0.0, "Sapin, épicéa": 0.0, "dynamic_world": null, "water": 0.0, "tree": 99.156441717791409, "grass": 0.0, "crops": 0.0, "shrub": 0.0, "flooded": 0.0, "built": 0.0, "bare": 0.0, "snow": 0.0, "sinister": 0.0 }, "geometry": { "type": "Polygon", "coordinates": [ [ [ 1.896637099333284, 48.646549618673454 ], [ 1.88271892431244, 48.639657014430576 ], [ 1.885151288819574, 48.627252885350337 ], [ 1.90149499048216, 48.621742655549674 ], [ 1.915408641561182, 48.628634415672749 ], [ 1.912983114589943, 48.641037249323574 ], [ 1.896637099333284, 48.646549618673454 ] ] ] } },
{ "type": "Feature", "properties": { "hex_id": "871fb450dffffff", "scale0": 3484, "NDVI": 0.55400174856185913, "NDMI": 0.096917763352394104, "NDBI": -0.096917763352394104, "NDSI": -0.46811231970787048, "NDWI": -0.52398771047592163, "osmnx": null, "PasDeRoute": 96.028332911712624, "motorway": 0.0, "primary": 0.29091828990640023, "secondary": 0.0, "tertiary": 3.086263597267898, "path": 0.59448520111307868, "population": 11.000061247602066, "elevation": 20.800859451293945, "foret_encoder": 0.0, "highway_encoder": 0.0, "foret": null, "PasDeforet": 91.348343030609669, "Châtaignier": 0.0, "Chênes décidus": 0.0, "Conifères": 0.0, "Douglas": 0.0, "Feuillus": 8.651656969390336, "Hêtre": 0.0, "Mixte": 0.0, "Mélèze": 0.0, "NC": 0.0, "NR": 0.0, "Peuplier": 0.0, "Pin autre": 0.0, "Pin laricio, pin noir": 0.0, "Pin maritime": 0.0, "Pin sylvestre": 0.0, "Pins mélangés": 0.0, "Robinier": 0.0, "Sapin, épicéa": 0.0, "dynamic_world": null, "water": 6.7164179104477615, "tree": 8.3480900581836579, "grass": 2.4917783961548192, "crops": 0.68302555021502653, "shrub": 19.529471287629647, "flooded": 0.063243106501391338, "built": 18.922337465216291, "bare": 0.0, "snow": 0.0, "sinister": 11.0 }, "geometry": { "type": "Polygon", "coordinates": [ [ [ 1.583168771296121, 49.063709057494023 ], [ 1.569147670232842, 49.056816150291077 ], [ 1.571668799437241, 49.04443061900168 ], [ 1.58820407340178, 49.038939248446681 ], [ 1.602220636001689, 49.045831288411307 ], [ 1.59970646279695, 49.058215565762922 ], [ 1.583168771296121, 49.063709057494023 ] ] ] } },
{ "type": "Feature", "properties": { "hex_id": "871fb47a9ffffff", "scale0": 3485, "NDVI": 0.55644518136978149, "NDMI": 0.092659413814544678, "NDBI": -0.092659413814544678, "NDSI": -0.50270777940750122, "NDWI": -0.55276727676391602, "osmnx": null, "PasDeRoute": 95.345863700294075, "motorway": 0.0, "primary": 1.6494054468738015, "secondary": 0.94617056642373099, "tertiary": 1.8539828666410945, "path": 0.20457741976729321, "population": 528.00071612580882, "elevation": 30.983757019042969, "foret_encoder": 0.0, "highway_encoder": 0.0, "foret": null, "PasDeforet": 96.061884669479596, "Châtaignier": 0.0, "Chênes décidus": 0.0, "Conifères": 0.0, "Douglas": 0.0, "Feuillus": 3.8230405319012917, "Hêtre": 0.0, "Mixte": 0.0, "Mélèze": 0.0, "NC": 0.0, "NR": 0.11507479861910241, "Peuplier": 0.0, "Pin autre": 0.0, "Pin laricio, pin noir": 0.0, "Pin maritime": 0.0, "Pin sylvestre": 0.0, "Pins mélangés": 0.0, "Robinier": 0.0, "Sapin, épicéa": 0.0, "dynamic_world": null, "water": 0.0, "tree": 4.7308528321186554, "grass": 2.6339342795039, "crops": 4.7564250095895666, "shrub": 43.536632144227084, "flooded": 0.23014959723820483, "built": 23.449686740825982, "bare": 0.0, "snow": 0.0, "sinister": 8.0 }, "geometry": { "type": "Polygon", "coordinates": [ [ [ 2.053713319641941, 48.859736837905501 ], [ 2.039749692762938, 48.852892929008355 ], [ 2.042154751897585, 48.840510459280694 ], [ 2.058516563875574, 48.834973201360619 ], [ 2.07247561125169, 48.841816280450622 ], [ 2.07007742580353, 48.854197446874096 ], [ 2.053713319641941, 48.859736837905501 ] ] ] } },
{ "type": "Feature", "properties": { "hex_id": "871fb4625ffffff", "scale0": 3486, "NDVI": 0.48918375372886658, "NDMI": 0.093918904662132263, "NDBI": -0.093918904662132263, "NDSI": -0.4236263632774353, "NDWI": -0.48625120520591736, "osmnx": null, "PasDeRoute": 97.99078576913233, "motorway": 0.0, "primary": 0.20476068594829791, "secondary": 1.3309444586639365, "tertiary": 0.12797542871768622, "path": 0.34553365753775278, "population": 4424.002456971114, "elevation": 21.87849235534668, "foret_encoder": 0.0, "highway_encoder": 0.0, "foret": null, "PasDeforet": 99.142564627591497, "Châtaignier": 0.0, "Chênes décidus": 0.0, "Conifères": 0.0, "Douglas": 0.0, "Feuillus": 0.85743537240849754, "Hêtre": 0.0, "Mixte": 0.0, "Mélèze": 0.0, "NC": 0.0, "NR": 0.0, "Peuplier": 0.0, "Pin autre": 0.0, "Pin laricio, pin noir": 0.0, "Pin maritime": 0.0, "Pin sylvestre": 0.0, "Pins mélangés": 0.0, "Robinier": 0.0, "Sapin, épicéa": 0.0, "dynamic_world": null, "water": 9.751727668287689, "tree": 7.8065011517788578, "grass": 0.65267468646019966, "crops": 0.30714102892244688, "shrub": 0.30714102892244688, "flooded": 0.16636805733299206, "built": 67.391860762733558, "bare": 0.0, "snow": 0.0, "sinister": 0.0 }, "geometry": { "type": "Polygon", "coordinates": [ [ [ 2.167846149777739, 48.902009228812084 ], [ 2.153875452071862, 48.895187801495474 ], [ 2.156256121919202, 48.882812985856667 ], [ 2.172600614753769, 48.877260909507434 ], [ 2.186566709507427, 48.884081516687793 ], [ 2.184192914017126, 48.896455019961266 ], [ 2.167846149777739, 48.902009228812084 ] ] ] } },
{ "type": "Feature", "properties": { "hex_id": "871fb4684ffffff", "scale0": 3487, "NDVI": 0.59717357158660889, "NDMI": 0.12620018422603607, "NDBI": -0.12620018422603607, "NDSI": -0.52550125122070312, "NDWI": -0.59274393320083618, "osmnx": null, "PasDeRoute": 91.294871794871796, "motorway": 0.0, "primary": 0.94871794871794879, "secondary": 0.21794871794871795, "tertiary": 0.93589743589743601, "path": 6.6025641025641031, "population": 86.003868021638013, "elevation": 36.835002899169922, "foret_encoder": 0.0, "highway_encoder": 0.0, "foret": null, "PasDeforet": 47.410256410256416, "Châtaignier": 0.0, "Chênes décidus": 9.3333333333333339, "Conifères": 0.0, "Douglas": 0.0, "Feuillus": 38.602564102564102, "Hêtre": 0.0, "Mixte": 1.8076923076923077, "Mélèze": 0.0, "NC": 0.0, "NR": 0.0, "Peuplier": 0.0, "Pin autre": 0.0, "Pin laricio, pin noir": 0.0, "Pin maritime": 0.0, "Pin sylvestre": 2.8461538461538463, "Pins mélangés": 0.0, "Robinier": 0.0, "Sapin, épicéa": 0.0, "dynamic_world": null, "water": 0.0, "tree": 51.294871794871796, "grass": 0.5641025641025641, "crops": 0.23076923076923078, "shrub": 21.474358974358974, "flooded": 0.05128205128205128, "built": 12.564102564102564, "bare": 0.0, "snow": 0.0, "sinister": 5.0 }, "geometry": { "type": "Polygon", "coordinates": [ [ [ 2.082470500653991, 48.711106755967172 ], [ 2.068541797984013, 48.704250196286225 ], [ 2.070934400891372, 48.691858102526936 ], [ 2.087248868338328, 48.686323878488508 ], [ 2.101173009664186, 48.693179609758822 ], [ 2.098787244537659, 48.705570393087768 ], [ 2.082470500653991, 48.711106755967172 ] ] ] } },
{ "type": "Feature", "properties": { "hex_id": "871fb44d2ffffff", "scale0": 3488, "NDVI": 0.80932307243347168, "NDMI": 0.34127160906791687, "NDBI": -0.34127160906791687, "NDSI": -0.55462056398391724, "NDWI": -0.7536158561706543, "osmnx": null, "PasDeRoute": 95.760122230710465, "motorway": 0.0, "primary": 0.0, "secondary": 1.4260249554367201, "tertiary": 0.0, "path": 2.8138528138528138, "population": 1.0000565362480585, "elevation": 24.220058441162109, "foret_encoder": 15.0, "highway_encoder": 0.0, "foret": null, "PasDeforet": 3.0430353959765726, "Châtaignier": 0.0, "Chênes décidus": 9.0272472625413798, "Conifères": 0.0, "Douglas": 0.0, "Feuillus": 22.205245734657499, "Hêtre": 0.0, "Mixte": 12.757830404889228, "Mélèze": 0.0, "NC": 0.0, "NR": 11.382734912146677, "Peuplier": 0.0, "Pin autre": 0.0, "Pin laricio, pin noir": 0.0, "Pin maritime": 3.1066972243442832, "Pin sylvestre": 37.369493251846194, "Pins mélangés": 1.1077158135981666, "Robinier": 0.0, "Sapin, épicéa": 0.0, "dynamic_world": null, "water": 0.0, "tree": 98.001018589253889, "grass": 0.12732365673542145, "crops": 0.0, "shrub": 0.0, "flooded": 0.0, "built": 0.0, "bare": 0.0, "snow": 0.0, "sinister": 0.0 }, "geometry": { "type": "Polygon", "coordinates": [ [ [ 1.692612719693404, 48.749782760183059 ], [ 1.678666439487814, 48.742870540071053 ], [ 1.681149512456401, 48.730465918773895 ], [ 1.69757198917324, 48.724974790833421 ], [ 1.711513760982619, 48.731886150839813 ], [ 1.709037564161218, 48.744289498493899 ], [ 1.692612719693404, 48.749782760183059 ] ] ] } },
{ "type": "Feature", "properties": { "hex_id": "871fb478effffff", "scale0": 3489, "NDVI": 0.48791232705116272, "NDMI": 0.096259348094463348, "NDBI": -0.096259348094463348, "NDSI": -0.42154029011726379, "NDWI": -0.48228350281715393, "osmnx": null, "PasDeRoute": 90.470708621130726, "motorway": 0.19186492709132769, "primary": 2.8140189306728063, "secondary": 2.0849322077257608, "tertiary": 0.9976976208749041, "path": 3.4407776925044771, "population": 2206.9977997976803, "elevation": 22.734832763671875, "foret_encoder": 0.0, "highway_encoder": 0.0, "foret": null, "PasDeforet": 84.177539012535178, "Châtaignier": 0.0, "Chênes décidus": 0.0, "Conifères": 0.0, "Douglas": 0.0, "Feuillus": 15.822460987464826, "Hêtre": 0.0, "Mixte": 0.0, "Mélèze": 0.0, "NC": 0.0, "NR": 0.0, "Peuplier": 0.0, "Pin autre": 0.0, "Pin laricio, pin noir": 0.0, "Pin maritime": 0.0, "Pin sylvestre": 0.0, "Pins mélangés": 0.0, "Robinier": 0.0, "Sapin, épicéa": 0.0, "dynamic_world": null, "water": 20.324891276541315, "tree": 21.527244819646967, "grass": 2.4686620619084163, "crops": 0.38372985418265537, "shrub": 7.1117932975185472, "flooded": 0.19186492709132769, "built": 34.906625735482223, "bare": 0.0, "snow": 0.0, "sinister": 9.0 }, "geometry": { "type": "Polygon", "coordinates": [ [ [ 2.019055747623695, 48.802040124981211 ], [ 2.005104632535474, 48.795184229481535 ], [ 2.007515303491385, 48.782796177526365 ], [ 2.023870225919076, 48.777265322589827 ], [ 2.037816775415465, 48.784120385066025 ], [ 2.035412967731389, 48.796507135108968 ], [ 2.019055747623695, 48.802040124981211 ] ] ] } },
{ "type": "Feature", "properties": { "hex_id": "871fb6b61ffffff", "scale0": 3490, "NDVI": 0.62659090757369995, "NDMI": 0.13484428822994232, "NDBI": -0.13484428822994232, "NDSI": -0.54954260587692261, "NDWI": -0.61637604236602783, "osmnx": null, "PasDeRoute": 95.040265882653713, "motorway": 0.0, "primary": 1.227150709446504, "secondary": 0.0, "tertiary": 0.39626741659210019, "path": 3.3363159913076825, "population": 1227.9956773327008, "elevation": 40.637870788574219, "foret_encoder": 0.0, "highway_encoder": 0.0, "foret": null, "PasDeforet": 90.208359964208114, "Châtaignier": 0.0, "Chênes décidus": 0.0, "Conifères": 0.0, "Douglas": 0.0, "Feuillus": 9.7916400357918967, "Hêtre": 0.0, "Mixte": 0.0, "Mélèze": 0.0, "NC": 0.0, "NR": 0.0, "Peuplier": 0.0, "Pin autre": 0.0, "Pin laricio, pin noir": 0.0, "Pin maritime": 0.0, "Pin sylvestre": 0.0, "Pins mélangés": 0.0, "Robinier": 0.0, "Sapin, épicéa": 0.0, "dynamic_world": null, "water": 0.0, "tree": 16.438706378627124, "grass": 1.9941199028505687, "crops": 0.93314585197494559, "shrub": 19.659976990924196, "flooded": 0.57522689505304869, "built": 43.014188930077971, "bare": 0.0, "snow": 0.0, "sinister": 9.0 }, "geometry": { "type": "Polygon", "coordinates": [ [ [ 1.893541123404317, 48.740231245914146 ], [ 1.879601383416443, 48.73334889777113 ], [ 1.882038214586738, 48.720951399672757 ], [ 1.898407926509711, 48.715437541661018 ], [ 1.91234312903902, 48.722319046070687 ], [ 1.909913156773187, 48.734715251830934 ], [ 1.893541123404317, 48.740231245914146 ] ] ] } },
{ "type": "Feature", "properties": { "hex_id": "871fb4472ffffff", "scale0": 3491, "NDVI": 0.43742182850837708, "NDMI": 0.0089264223352074623, "NDBI": -0.0089264223352074623, "NDSI": -0.49390015006065369, "NDWI": -0.48419252038002014, "osmnx": null, "PasDeRoute": 97.593889242520689, "motorway": 0.0, "primary": 0.0, "secondary": 0.0, "tertiary": 1.8714194780394651, "path": 0.53469127943984718, "population": 145.99989635021191, "elevation": 26.44154167175293, "foret_encoder": 0.0, "highway_encoder": 0.0, "foret": null, "PasDeforet": 87.180140038192235, "Châtaignier": 0.0, "Chênes décidus": 0.63653723742838952, "Conifères": 0.0, "Douglas": 0.0, "Feuillus": 11.635900700190961, "Hêtre": 0.0, "Mixte": 0.0, "Mélèze": 0.0, "NC": 0.28007638446849142, "NR": 0.26734563971992359, "Peuplier": 0.0, "Pin autre": 0.0, "Pin laricio, pin noir": 0.0, "Pin maritime": 0.0, "Pin sylvestre": 0.0, "Pins mélangés": 0.0, "Robinier": 0.0, "Sapin, épicéa": 0.0, "dynamic_world": null, "water": 0.0, "tree": 18.637810311903248, "grass": 5.066836409929981, "crops": 0.26734563971992359, "shrub": 55.875238701464035, "flooded": 0.28007638446849142, "built": 7.3456397199236161, "bare": 0.0, "snow": 0.0, "sinister": 0.0 }, "geometry": { "type": "Polygon", "coordinates": [ [ [ 1.746681247312861, 48.93989866316781 ], [ 1.732692242844687, 48.933016650716084 ], [ 1.735170751825827, 48.920628077298794 ], [ 1.75163134953326, 48.915122788738699 ], [ 1.765615808901777, 48.92200394665408 ], [ 1.763144215343774, 48.934391247264912 ], [ 1.746681247312861, 48.93989866316781 ] ] ] } },
{ "type": "Feature", "properties": { "hex_id": "871fb446affffff", "scale0": 3492, "NDVI": 0.64598846435546875, "NDMI": 0.16998909413814545, "NDBI": -0.16998909413814545, "NDSI": -0.54668086767196655, "NDWI": -0.63154631853103638, "osmnx": null, "PasDeRoute": 98.484076433121018, "motorway": 0.0, "primary": 0.0, "secondary": 0.0, "tertiary": 0.0, "path": 1.5159235668789808, "population": 1.0015406127595905, "elevation": 45.067893981933594, "foret_encoder": 5.0, "highway_encoder": 0.0, "foret": null, "PasDeforet": 19.184713375796179, "Châtaignier": 15.566878980891719, "Chênes décidus": 5.9235668789808917, "Conifères": 0.0, "Douglas": 0.0, "Feuillus": 50.420382165605091, "Hêtre": 0.0, "Mixte": 4.9044585987261149, "Mélèze": 0.0, "NC": 0.0, "NR": 2.1656050955414012, "Peuplier": 0.0, "Pin autre": 0.0, "Pin laricio, pin noir": 1.8343949044585985, "Pin maritime": 0.0, "Pin sylvestre": 0.0, "Pins mélangés": 0.0, "Robinier": 0.0, "Sapin, épicéa": 0.0, "dynamic_world": null, "water": 0.0, "tree": 90.063694267515928, "grass": 0.43312101910828027, "crops": 0.30573248407643311, "shrub": 5.7834394904458595, "flooded": 0.0, "built": 0.38216560509554143, "bare": 0.0, "snow": 0.0, "sinister": 3.0 }, "geometry": { "type": "Polygon", "coordinates": [ [ [ 1.879985070948724, 48.964567291092436 ], [ 1.865993229174559, 48.957708682026315 ], [ 1.868442228324777, 48.945327089834763 ], [ 1.884876157914031, 48.939805390552905 ], [ 1.898863430507812, 48.946663156147167 ], [ 1.896421342359701, 48.95904346409614 ], [ 1.879985070948724, 48.964567291092436 ] ] ] } },
{ "type": "Feature", "properties": { "hex_id": "871fb4728ffffff", "scale0": 3493, "NDVI": null, "NDMI": null, "NDBI": null, "NDSI": null, "NDWI": null, "osmnx": null, "PasDeRoute": null, "motorway": null, "primary": null, "secondary": null, "tertiary": null, "path": null, "population": null, "elevation": null, "foret_encoder": null, "highway_encoder": null, "foret": null, "PasDeforet": null, "Châtaignier": null, "Chênes décidus": null, "Conifères": null, "Douglas": null, "Feuillus": null, "Hêtre": null, "Mixte": null, "Mélèze": null, "NC": null, "NR": null, "Peuplier": null, "Pin autre": null, "Pin laricio, pin noir": null, "Pin maritime": null, "Pin sylvestre": null, "Pins mélangés": null, "Robinier": null, "Sapin, épicéa": null, "dynamic_world": null, "water": null, "tree": null, "grass": null, "crops": null, "shrub": null, "flooded": null, "built": null, "bare": null, "snow": null, "sinister": null }, "geometry": { "type": "Polygon", "coordinates": [ [ [ 2.104412543123511, 48.992891952449874 ], [ 2.090419249716557, 48.986071238944348 ], [ 2.092818027583766, 48.973700572892689 ], [ 2.109203198379579, 48.968151923748785 ], [ 2.123191884415385, 48.974971812413564 ], [ 2.120800006669805, 48.987341174667662 ], [ 2.104412543123511, 48.992891952449874 ] ] ] } },
{ "type": "Feature", "properties": { "hex_id": "871fb470affffff", "scale0": 3494, "NDVI": 0.54136329889297485, "NDMI": 0.12000251561403275, "NDBI": -0.12000251561403275, "NDSI": -0.43836954236030579, "NDWI": -0.51971215009689331, "osmnx": null, "PasDeRoute": 87.989255564082896, "motorway": 0.0, "primary": 3.7349705807111793, "secondary": 1.4709644410335125, "tertiary": 0.94653364031721665, "path": 5.8582757738552056, "population": 4303.9896703563454, "elevation": 5.9814143180847168, "foret_encoder": 0.0, "highway_encoder": 0.0, "foret": null, "PasDeforet": 97.99181376311077, "Châtaignier": 0.0, "Chênes décidus": 0.14070094653364032, "Conifères": 0.0, "Douglas": 0.0, "Feuillus": 1.8674852903555896, "Hêtre": 0.0, "Mixte": 0.0, "Mélèze": 0.0, "NC": 0.0, "NR": 0.0, "Peuplier": 0.0, "Pin autre": 0.0, "Pin laricio, pin noir": 0.0, "Pin maritime": 0.0, "Pin sylvestre": 0.0, "Pins mélangés": 0.0, "Robinier": 0.0, "Sapin, épicéa": 0.0, "dynamic_world": null, "water": 10.309542082374008, "tree": 1.5093374264517778, "grass": 0.23023791250959325, "crops": 0.21744691737017141, "shrub": 0.076745970836531077, "flooded": 0.19186492709132769, "built": 82.757738552059351, "bare": 0.0, "snow": 0.0, "sinister": 10.0 }, "geometry": { "type": "Polygon", "coordinates": [ [ [ 2.118772042238027, 48.918662060604213 ], [ 2.104796312629627, 48.911834983788893 ], [ 2.107188853458211, 48.899459422168746 ], [ 2.123550241516447, 48.893912244372075 ], [ 2.137521372942702, 48.900738497100939 ], [ 2.135135714135973, 48.913112751319304 ], [ 2.118772042238027, 48.918662060604213 ] ] ] } },
{ "type": "Feature", "properties": { "hex_id": "871fb6b40ffffff", "scale0": 3495, "NDVI": 0.67133009433746338, "NDMI": 0.12946207821369171, "NDBI": -0.12946207821369171, "NDSI": -0.57629895210266113, "NDWI": -0.64284265041351318, "osmnx": null, "PasDeRoute": 97.588362893964529, "motorway": 0.0, "primary": 0.0, "secondary": 1.5567181319382417, "tertiary": 0.0, "path": 0.85491897409723094, "population": 80.999811545839819, "elevation": 11.414018630981445, "foret_encoder": 0.0, "highway_encoder": 0.0, "foret": null, "PasDeforet": 83.998979201224955, "Châtaignier": 0.0, "Chênes décidus": 14.380502743396709, "Conifères": 0.0, "Douglas": 0.0, "Feuillus": 1.5694781166262599, "Hêtre": 0.0, "Mixte": 0.0, "Mélèze": 0.0, "NC": 0.0, "NR": 0.051039938752073494, "Peuplier": 0.0, "Pin autre": 0.0, "Pin laricio, pin noir": 0.0, "Pin maritime": 0.0, "Pin sylvestre": 0.0, "Pins mélangés": 0.0, "Robinier": 0.0, "Sapin, épicéa": 0.0, "dynamic_world": null, "water": 0.0, "tree": 21.015694781166264, "grass": 15.273701671557994, "crops": 0.51039938752073499, "shrub": 15.29922164093403, "flooded": 0.48487941814469826, "built": 4.5553145336225596, "bare": 0.0, "snow": 0.0, "sinister": 4.0 }, "geometry": { "type": "Polygon", "coordinates": [ [ [ 1.889342389120656, 48.683754100636733 ], [ 1.875415523739482, 48.676864630868245 ], [ 1.877851042444867, 48.664462888342868 ], [ 1.894206579732528, 48.658951908843875 ], [ 1.908128916724054, 48.66584053415373 ], [ 1.905700244488195, 48.678240983027678 ], [ 1.889342389120656, 48.683754100636733 ] ] ] } },
{ "type": "Feature", "properties": { "hex_id": "871fb6b65ffffff", "scale0": 3496, "NDVI": 0.54933911561965942, "NDMI": 0.080709509551525116, "NDBI": -0.080709509551525116, "NDSI": -0.51054340600967407, "NDWI": -0.54852879047393799, "osmnx": null, "PasDeRoute": 97.321086873325683, "motorway": 0.0, "primary": 0.0, "secondary": 0.0, "tertiary": 2.194157418038015, "path": 0.48475570863630563, "population": 1227.9956773327008, "elevation": 32.994430541992188, "foret_encoder": 0.0, "highway_encoder": 0.0, "foret": null, "PasDeforet": 71.093251690266612, "Châtaignier": 0.0, "Chênes décidus": 9.0062507972955732, "Conifères": 0.0, "Douglas": 0.0, "Feuillus": 18.905472636815919, "Hêtre": 0.0, "Mixte": 0.0, "Mélèze": 0.0, "NC": 0.99502487562189057, "NR": 0.0, "Peuplier": 0.0, "Pin autre": 0.0, "Pin laricio, pin noir": 0.0, "Pin maritime": 0.0, "Pin sylvestre": 0.0, "Pins mélangés": 0.0, "Robinier": 0.0, "Sapin, épicéa": 0.0, "dynamic_world": null, "water": 0.063783645873198111, "tree": 29.365990560020411, "grass": 0.19135093761959435, "crops": 1.3777267508610791, "shrub": 54.624314325806864, "flooded": 0.29340477101671131, "built": 2.2579410639112134, "bare": 0.0, "snow": 0.0, "sinister": 2.0 }, "geometry": { "type": "Polygon", "coordinates": [ [ [ 1.874724557538587, 48.758141484693091 ], [ 1.860780280249084, 48.751258291392254 ], [ 1.863222125546223, 48.738861353089824 ], [ 1.879601383416443, 48.73334889777113 ], [ 1.893541123404317, 48.740231245914146 ], [ 1.891106142494521, 48.75262689413848 ], [ 1.874724557538587, 48.758141484693091 ] ] ] } },
{ "type": "Feature", "properties": { "hex_id": "871fb44aeffffff", "scale0": 3497, "NDVI": 0.42164799571037292, "NDMI": -0.022232798859477043, "NDBI": 0.022232798859477043, "NDSI": -0.49911600351333618, "NDWI": -0.46877536177635193, "osmnx": null, "PasDeRoute": 98.257219183310013, "motorway": 0.0, "primary": 0.0, "secondary": 0.0, "tertiary": 1.5774074545223256, "path": 0.16537336216766316, "population": 4.0001248508811296, "elevation": 17.90301513671875, "foret_encoder": 0.0, "highway_encoder": 0.0, "foret": null, "PasDeforet": 99.885510749268533, "Châtaignier": 0.0, "Chênes décidus": 0.0, "Conifères": 0.0, "Douglas": 0.0, "Feuillus": 0.11448925073145909, "Hêtre": 0.0, "Mixte": 0.0, "Mélèze": 0.0, "NC": 0.0, "NR": 0.0, "Peuplier": 0.0, "Pin autre": 0.0, "Pin laricio, pin noir": 0.0, "Pin maritime": 0.0, "Pin sylvestre": 0.0, "Pins mélangés": 0.0, "Robinier": 0.0, "Sapin, épicéa": 0.0, "dynamic_world": null, "water": 0.0, "tree": 0.025442055718102024, "grass": 0.38163083577153034, "crops": 3.1675359369037017, "shrub": 55.921638468388245, "flooded": 0.13993130644956112, "built": 1.8318280117033454, "bare": 0.0, "snow": 0.0, "sinister": 0.0 }, "geometry": { "type": "Polygon", "coordinates": [ [ [ 1.567439382992333, 48.837801295843882 ], [ 1.55347028347432, 48.830879897304463 ], [ 1.555985594345124, 48.818476946435162 ], [ 1.57246309909202, 48.812996653163069 ], [ 1.586427696379372, 48.819917181941342 ], [ 1.583919290852025, 48.832318873350509 ], [ 1.567439382992333, 48.837801295843882 ] ] ] } },
{ "type": "Feature", "properties": { "hex_id": "871fb4732ffffff", "scale0": 3498, "NDVI": null, "NDMI": null, "NDBI": null, "NDSI": null, "NDWI": null, "osmnx": null, "PasDeRoute": null, "motorway": null, "primary": null, "secondary": null, "tertiary": null, "path": null, "population": null, "elevation": null, "foret_encoder": null, "highway_encoder": null, "foret": null, "PasDeforet": null, "Châtaignier": null, "Chênes décidus": null, "Conifères": null, "Douglas": null, "Feuillus": null, "Hêtre": null, "Mixte": null, "Mélèze": null, "NC": null, "NR": null, "Peuplier": null, "Pin autre": null, "Pin laricio, pin noir": null, "Pin maritime": null, "Pin sylvestre": null, "Pins mélangés": null, "Robinier": null, "Sapin, épicéa": null, "dynamic_world": null, "water": null, "tree": null, "grass": null, "crops": null, "shrub": null, "flooded": null, "built": null, "bare": null, "snow": null, "sinister": null }, "geometry": { "type": "Polygon", "coordinates": [ [ [ 1.959682883180483, 48.949310084879301 ], [ 1.945696360374205, 48.942462005360689 ], [ 1.94812650315407, 48.930082399207834 ], [ 1.964536266997384, 48.924552164163075 ], [ 1.978518210854367, 48.931399406671247 ], [ 1.976094969476298, 48.943777720837375 ], [ 1.959682883180483, 48.949310084879301 ] ] ] } },
{ "type": "Feature", "properties": { "hex_id": "871fb451bffffff", "scale0": 3499, "NDVI": 0.45869043469429016, "NDMI": 0.014524282887578011, "NDBI": -0.014524282887578011, "NDSI": -0.50535124540328979, "NDWI": -0.49809938669204712, "osmnx": null, "PasDeRoute": 98.173052524739916, "motorway": 0.0, "primary": 0.0, "secondary": 0.0, "tertiary": 1.8269474752600865, "path": 0.0, "population": 10.000494692170513, "elevation": 24.73652458190918, "foret_encoder": 0.0, "highway_encoder": 0.0, "foret": null, "PasDeforet": 90.916011164679006, "Châtaignier": 0.0, "Chênes décidus": 0.0, "Conifères": 0.0, "Douglas": 0.0, "Feuillus": 8.8936818066480594, "Hêtre": 0.0, "Mixte": 0.0, "Mélèze": 0.0, "NC": 0.19030702867292568, "NR": 0.0, "Peuplier": 0.0, "Pin autre": 0.0, "Pin laricio, pin noir": 0.0, "Pin maritime": 0.0, "Pin sylvestre": 0.0, "Pins mélangés": 0.0, "Robinier": 0.0, "Sapin, épicéa": 0.0, "dynamic_world": null, "water": 0.0, "tree": 12.433392539964476, "grass": 1.2940877949758944, "crops": 1.1925907130170008, "shrub": 63.613296117736617, "flooded": 0.41867546308043646, "built": 5.9883278355747267, "bare": 0.0, "snow": 0.0, "sinister": 7.0 }, "geometry": { "type": "Polygon", "coordinates": [ [ [ 1.537205387490995, 48.986560001657843 ], [ 1.523201295503051, 48.97965108786051 ], [ 1.525729738371426, 48.96725804229429 ], [ 1.542255331340834, 48.961775162224782 ], [ 1.556254903608961, 48.968683204639426 ], [ 1.553733402330029, 48.98107499810056 ], [ 1.537205387490995, 48.986560001657843 ] ] ] } },
{ "type": "Feature", "properties": { "hex_id": "871fb6b34ffffff", "scale0": 3500, "NDVI": 0.53803986310958862, "NDMI": 0.050634633749723434, "NDBI": -0.050634633749723434, "NDSI": -0.55422210693359375, "NDWI": -0.56865054368972778, "osmnx": null, "PasDeRoute": 99.51684678957406, "motorway": 0.0, "primary": 0.0, "secondary": 0.3687221869040051, "tertiary": 0.0, "path": 0.11443102352193261, "population": 35.999919906981923, "elevation": 29.007444381713867, "foret_encoder": 0.0, "highway_encoder": 0.0, "foret": null, "PasDeforet": 75.982199618563257, "Châtaignier": 0.0, "Chênes décidus": 22.034329307056581, "Conifères": 0.0, "Douglas": 0.0, "Feuillus": 1.9834710743801653, "Hêtre": 0.0, "Mixte": 0.0, "Mélèze": 0.0, "NC": 0.0, "NR": 0.0, "Peuplier": 0.0, "Pin autre": 0.0, "Pin laricio, pin noir": 0.0, "Pin maritime": 0.0, "Pin sylvestre": 0.0, "Pins mélangés": 0.0, "Robinier": 0.0, "Sapin, épicéa": 0.0, "dynamic_world": null, "water": 0.0, "tree": 29.777495232040685, "grass": 0.64844246662428484, "crops": 0.16528925619834711, "shrub": 47.933884297520663, "flooded": 0.45772409408773046, "built": 2.1487603305785123, "bare": 0.0, "snow": 0.0, "sinister": 0.0 }, "geometry": { "type": "Polygon", "coordinates": [ [ [ 1.578574435963822, 48.706813719222069 ], [ 1.564635677922195, 48.699879005378129 ], [ 1.567143018531329, 48.68746689171973 ], [ 1.583582242089962, 48.681990755947197 ], [ 1.597516515578564, 48.688924600112856 ], [ 1.595016049763864, 48.70133544932964 ], [ 1.578574435963822, 48.706813719222069 ] ] ] } },
{ "type": "Feature", "properties": { "hex_id": "871fb479dffffff", "scale0": 3501, "NDVI": 0.62865990400314331, "NDMI": 0.16061870753765106, "NDBI": -0.16061870753765106, "NDSI": -0.53117930889129639, "NDWI": -0.6155778169631958, "osmnx": null, "PasDeRoute": 88.050153531218015, "motorway": 0.0, "primary": 0.0, "secondary": 3.0706243602865912, "tertiary": 2.6612077789150463, "path": 6.2180143295803481, "population": 94.000011778385016, "elevation": 28.794687271118164, "foret_encoder": 0.0, "highway_encoder": 0.0, "foret": null, "PasDeforet": 56.908904810644835, "Châtaignier": 0.0, "Chênes décidus": 23.144831115660182, "Conifères": 0.0, "Douglas": 0.0, "Feuillus": 19.319344933469807, "Hêtre": 0.0, "Mixte": 0.0, "Mélèze": 0.0, "NC": 0.0, "NR": 0.62691914022517914, "Peuplier": 0.0, "Pin autre": 0.0, "Pin laricio, pin noir": 0.0, "Pin maritime": 0.0, "Pin sylvestre": 0.0, "Pins mélangés": 0.0, "Robinier": 0.0, "Sapin, épicéa": 0.0, "dynamic_world": null, "water": 0.99795291709314227, "tree": 48.451893551688848, "grass": 0.11514841351074719, "crops": 0.17911975435005117, "shrub": 1.7400204708290685, "flooded": 0.076765609007164781, "built": 42.169907881269189, "bare": 0.0, "snow": 0.0, "sinister": 26.0 }, "geometry": { "type": "Polygon", "coordinates": [ [ [ 2.007515303491385, 48.782796177526365 ], [ 1.993568356360474, 48.775936289999244 ], [ 1.995980892963745, 48.763546382025645 ], [ 2.012333516552572, 48.758017662632056 ], [ 2.026275902720104, 48.764876716062268 ], [ 2.023870225919076, 48.777265322589827 ], [ 2.007515303491385, 48.782796177526365 ] ] ] } },
{ "type": "Feature", "properties": { "hex_id": "871fb6a21ffffff", "scale0": 3502, "NDVI": 0.44393953680992126, "NDMI": 0.020020527765154839, "NDBI": -0.020020527765154839, "NDSI": -0.48154151439666748, "NDWI": -0.48343899846076965, "osmnx": null, "PasDeRoute": 100.0, "motorway": 0.0, "primary": 0.0, "secondary": 0.0, "tertiary": 0.0, "path": 0.0, "population": 33.999884571826883, "elevation": 18.314304351806641, "foret_encoder": 0.0, "highway_encoder": 0.0, "foret": null, "PasDeforet": 88.850618701364965, "Châtaignier": 0.0, "Chênes décidus": 8.4832249011353493, "Conifères": 0.0, "Douglas": 0.0, "Feuillus": 1.9007526470213039, "Hêtre": 0.0, "Mixte": 0.0, "Mélèze": 0.0, "NC": 0.0, "NR": 0.0, "Peuplier": 0.76540375047837739, "Pin autre": 0.0, "Pin laricio, pin noir": 0.0, "Pin maritime": 0.0, "Pin sylvestre": 0.0, "Pins mélangés": 0.0, "Robinier": 0.0, "Sapin, épicéa": 0.0, "dynamic_world": null, "water": 0.0, "tree": 9.758897818599312, "grass": 0.29340477101671131, "crops": 1.1353488965429264, "shrub": 71.896925628268917, "flooded": 0.089297104222477358, "built": 2.2196708763872941, "bare": 0.0, "snow": 0.0, "sinister": 1.0 }, "geometry": { "type": "Polygon", "coordinates": [ [ [ 1.813147083323739, 48.605149993086151 ], [ 1.799236532219517, 48.598239789925181 ], [ 1.801686246281996, 48.585829409424335 ], [ 1.818039676594094, 48.580330520712941 ], [ 1.831945722459393, 48.587239872627357 ], [ 1.829502842931209, 48.599648964106223 ], [ 1.813147083323739, 48.605149993086151 ] ] ] } },
{ "type": "Feature", "properties": { "hex_id": "871fb44f4ffffff", "scale0": 3503, "NDVI": 0.65847903490066528, "NDMI": 0.17357093095779419, "NDBI": -0.17357093095779419, "NDSI": -0.54115098714828491, "NDWI": -0.63669478893280029, "osmnx": null, "PasDeRoute": 97.879903516567225, "motorway": 0.0, "primary": 0.0, "secondary": 0.0, "tertiary": 1.3964707375904533, "path": 0.72362574584232575, "population": 467.99789166908295, "elevation": 38.935173034667969, "foret_encoder": 0.0, "highway_encoder": 0.0, "foret": null, "PasDeforet": 83.115399263679066, "Châtaignier": 0.91405357369556939, "Chênes décidus": 3.5800431636409802, "Conifères": 0.0, "Douglas": 0.0, "Feuillus": 11.590707122000762, "Hêtre": 0.0, "Mixte": 0.79979687698362323, "Mélèze": 0.0, "NC": 0.0, "NR": 0.0, "Peuplier": 0.0, "Pin autre": 0.0, "Pin laricio, pin noir": 0.0, "Pin maritime": 0.0, "Pin sylvestre": 0.0, "Pins mélangés": 0.0, "Robinier": 0.0, "Sapin, épicéa": 0.0, "dynamic_world": null, "water": 0.48241716389488387, "tree": 25.174558842198806, "grass": 6.9188777453345187, "crops": 2.9198933604164021, "shrub": 40.180271677034405, "flooded": 0.21581820490034279, "built": 3.6816046718293771, "bare": 0.0, "snow": 0.0, "sinister": 3.0 }, "geometry": { "type": "Polygon", "coordinates": [ [ [ 1.658763106395278, 48.842078313550509 ], [ 1.64479487438134, 48.835171479020218 ], [ 1.647289474924657, 48.822772314811864 ], [ 1.663745407555139, 48.817281252468213 ], [ 1.677709122621897, 48.824187224706996 ], [ 1.675221421697319, 48.836585121180178 ], [ 1.658763106395278, 48.842078313550509 ] ] ] } },
{ "type": "Feature", "properties": { "hex_id": "871fb47a3ffffff", "scale0": 3504, "NDVI": 0.46681773662567139, "NDMI": 0.036631684750318527, "NDBI": -0.036631684750318527, "NDSI": -0.47047773003578186, "NDWI": -0.4867740273475647, "osmnx": null, "PasDeRoute": 94.150702426564493, "motorway": 0.0, "primary": 4.0868454661558111, "secondary": 0.0, "tertiary": 0.75351213282247764, "path": 1.0089399744572158, "population": 231.00147229812657, "elevation": 20.959325790405273, "foret_encoder": 0.0, "highway_encoder": 0.0, "foret": null, "PasDeforet": 100.0, "Châtaignier": 0.0, "Chênes décidus": 0.0, "Conifères": 0.0, "Douglas": 0.0, "Feuillus": 0.0, "Hêtre": 0.0, "Mixte": 0.0, "Mélèze": 0.0, "NC": 0.0, "NR": 0.0, "Peuplier": 0.0, "Pin autre": 0.0, "Pin laricio, pin noir": 0.0, "Pin maritime": 0.0, "Pin sylvestre": 0.0, "Pins mélangés": 0.0, "Robinier": 0.0, "Sapin, épicéa": 0.0, "dynamic_world": null, "water": 0.0, "tree": 0.14048531289910599, "grass": 0.4342273307790549, "crops": 1.2005108556832695, "shrub": 49.476372924648786, "flooded": 0.29374201787994891, "built": 29.425287356321839, "bare": 0.0, "snow": 0.0, "sinister": 1.0 }, "geometry": { "type": "Polygon", "coordinates": [ [ [ 1.962685244127023, 48.855787616467346 ], [ 1.948720432946962, 48.848929213309709 ], [ 1.951146125453336, 48.836542849996171 ], [ 1.96752974896808, 48.831016184582928 ], [ 1.981489994905485, 48.837873750420911 ], [ 1.979071182231058, 48.85025881859643 ], [ 1.962685244127023, 48.855787616467346 ] ] ] } },
{ "type": "Feature", "properties": { "hex_id": "871fb4508ffffff", "scale0": 3505, "NDVI": 0.67972451448440552, "NDMI": 0.18852721154689789, "NDBI": -0.18852721154689789, "NDSI": -0.51842153072357178, "NDWI": -0.62389463186264038, "osmnx": null, "PasDeRoute": 96.204620462046208, "motorway": 0.48235592790048232, "primary": 1.2693577050012692, "secondary": 0.0, "tertiary": 0.17771007870017771, "path": 1.8659558263518659, "population": 1620.9941909005122, "elevation": 29.580459594726562, "foret_encoder": 0.0, "highway_encoder": 0.0, "foret": null, "PasDeforet": 57.31150038080731, "Châtaignier": 0.0, "Chênes décidus": 6.2452399086062451, "Conifères": 0.0, "Douglas": 0.0, "Feuillus": 21.591774562071592, "Hêtre": 0.0, "Mixte": 14.381822797664382, "Mélèze": 0.0, "NC": 0.46966235085046965, "NR": 0.0, "Peuplier": 0.0, "Pin autre": 0.0, "Pin laricio, pin noir": 0.0, "Pin maritime": 0.0, "Pin sylvestre": 0.0, "Pins mélangés": 0.0, "Robinier": 0.0, "Sapin, épicéa": 0.0, "dynamic_world": null, "water": 0.12693577050012694, "tree": 52.64026402640264, "grass": 1.4597613607514599, "crops": 0.96471185580096463, "shrub": 6.5752729119065751, "flooded": 0.025387154100025389, "built": 1.7517136329017517, "bare": 0.0, "snow": 0.0, "sinister": 13.0 }, "geometry": { "type": "Polygon", "coordinates": [ [ [ 1.571668799437241, 49.04443061900168 ], [ 1.557651952760314, 49.037533707501979 ], [ 1.560174914120701, 49.025146294126827 ], [ 1.576707769460632, 49.019657045326426 ], [ 1.590720082366751, 49.026553088552745 ], [ 1.58820407340178, 49.038939248446681 ], [ 1.571668799437241, 49.04443061900168 ] ] ] } },
{ "type": "Feature", "properties": { "hex_id": "871fb4550ffffff", "scale0": 3506, "NDVI": 0.45209154486656189, "NDMI": 0.082040324807167053, "NDBI": -0.082040324807167053, "NDSI": -0.38559925556182861, "NDWI": -0.43715324997901917, "osmnx": null, "PasDeRoute": 92.024851020666915, "motorway": 0.0, "primary": 1.2298719411690122, "secondary": 2.9542284772410294, "tertiary": 2.0666920248510205, "path": 1.7243565360720172, "population": 13.000605408989626, "elevation": 9.6861858367919922, "foret_encoder": 0.0, "highway_encoder": 0.0, "foret": null, "PasDeforet": 64.080131862558645, "Châtaignier": 0.0, "Chênes décidus": 0.0, "Conifères": 0.0, "Douglas": 0.0, "Feuillus": 32.623304171421324, "Hêtre": 0.0, "Mixte": 0.0, "Mélèze": 0.0, "NC": 3.2965639660200328, "NR": 0.0, "Peuplier": 0.0, "Pin autre": 0.0, "Pin laricio, pin noir": 0.0, "Pin maritime": 0.0, "Pin sylvestre": 0.0, "Pins mélangés": 0.0, "Robinier": 0.0, "Sapin, épicéa": 0.0, "dynamic_world": null, "water": 16.558894383162166, "tree": 32.471155065297324, "grass": 1.8257892734880183, "crops": 0.1901863826550019, "shrub": 0.30429821224800307, "flooded": 0.29161912007100294, "built": 36.756688221123369, "bare": 0.0, "snow": 0.0, "sinister": 2.0 }, "geometry": { "type": "Polygon", "coordinates": [ [ [ 1.651787833493842, 49.029341230763535 ], [ 1.637776106914759, 49.022454923830814 ], [ 1.640280057307575, 49.010069398087147 ], [ 1.656788790947531, 49.004571440194063 ], [ 1.670795973581505, 49.011456885316072 ], [ 1.668298966210416, 49.02384114973745 ], [ 1.651787833493842, 49.029341230763535 ] ] ] } },
{ "type": "Feature", "properties": { "hex_id": "871fb6b30ffffff", "scale0": 3507, "NDVI": 0.59138226509094238, "NDMI": 0.080190464854240417, "NDBI": -0.080190464854240417, "NDSI": -0.56551867723464966, "NDWI": -0.60142189264297485, "osmnx": null, "PasDeRoute": 97.44437380801017, "motorway": 0.0, "primary": 0.0, "secondary": 2.5556261919898282, "tertiary": 0.0, "path": 0.0, "population": 316.99852770187357, "elevation": 32.919788360595703, "foret_encoder": 0.0, "highway_encoder": 0.0, "foret": null, "PasDeforet": 68.684043229497775, "Châtaignier": 0.0, "Chênes décidus": 26.853146853146853, "Conifères": 0.0, "Douglas": 0.0, "Feuillus": 4.0305149396058493, "Hêtre": 0.0, "Mixte": 0.43229497774952319, "Mélèze": 0.0, "NC": 0.0, "NR": 0.0, "Peuplier": 0.0, "Pin autre": 0.0, "Pin laricio, pin noir": 0.0, "Pin maritime": 0.0, "Pin sylvestre": 0.0, "Pins mélangés": 0.0, "Robinier": 0.0, "Sapin, épicéa": 0.0, "dynamic_world": null, "water": 0.0, "tree": 29.167196439923714, "grass": 0.55944055944055948, "crops": 0.52129688493324855, "shrub": 13.99872854418309, "flooded": 0.2161474888747616, "built": 0.48315321042593767, "bare": 0.0, "snow": 0.0, "sinister": 0.0 }, "geometry": { "type": "Polygon", "coordinates": [ [ [ 1.597516515578564, 48.688924600112856 ], [ 1.583582242089962, 48.681990755947197 ], [ 1.586084521618533, 48.669578065871562 ], [ 1.602514204967049, 48.664100486284703 ], [ 1.616443993632042, 48.671033462194977 ], [ 1.61394858347273, 48.683444885548475 ], [ 1.597516515578564, 48.688924600112856 ] ] ] } },
{ "type": "Feature", "properties": { "hex_id": "871fb6b4affffff", "scale0": 3508, "NDVI": 0.76119893789291382, "NDMI": 0.22795732319355011, "NDBI": -0.22795732319355011, "NDSI": -0.59444999694824219, "NDWI": -0.71274691820144653, "osmnx": null, "PasDeRoute": 94.992956844666409, "motorway": 0.0, "primary": 0.0, "secondary": 2.3050326546292741, "tertiary": 1.5238826994493533, "path": 1.1781278012549623, "population": 96.999691406312692, "elevation": 46.442344665527344, "foret_encoder": 0.0, "highway_encoder": 0.0, "foret": null, "PasDeforet": 56.870277884492246, "Châtaignier": 0.0, "Chênes décidus": 26.290177999743886, "Conifères": 0.0, "Douglas": 0.0, "Feuillus": 14.073504930208733, "Hêtre": 0.0, "Mixte": 1.8952490715840697, "Mélèze": 0.0, "NC": 0.8707901139710591, "NR": 0.0, "Peuplier": 0.0, "Pin autre": 0.0, "Pin laricio, pin noir": 0.0, "Pin maritime": 0.0, "Pin sylvestre": 0.0, "Pins mélangés": 0.0, "Robinier": 0.0, "Sapin, épicéa": 0.0, "dynamic_world": null, "water": 0.012805736970162632, "tree": 52.631578947368418, "grass": 9.2585478294275845, "crops": 1.1269048533743118, "shrub": 13.958253297477269, "flooded": 0.37136637213471635, "built": 8.6950954027404279, "bare": 0.0, "snow": 0.0, "sinister": 1.0 }, "geometry": { "type": "Polygon", "coordinates": [ [ [ 1.957157163313141, 48.649292100259593 ], [ 1.943239729446952, 48.64240913818437 ], [ 1.945658420876348, 48.630007602685986 ], [ 1.961987712298916, 48.624490329743885 ], [ 1.975900612750819, 48.631372452680289 ], [ 1.973488754858709, 48.643772687306011 ], [ 1.957157163313141, 48.649292100259593 ] ] ] } },
{ "type": "Feature", "properties": { "hex_id": "871fb6b4effffff", "scale0": 3509, "NDVI": 0.60586553812026978, "NDMI": 0.13404600322246552, "NDBI": -0.13404600322246552, "NDSI": -0.53601580858230591, "NDWI": -0.60475432872772217, "osmnx": null, "PasDeRoute": 93.557458775405848, "motorway": 0.0, "primary": 0.0, "secondary": 1.2399335293365716, "tertiary": 1.725680685159146, "path": 3.4769270100984273, "population": 96.999691406312692, "elevation": 31.592283248901367, "foret_encoder": 2.0, "highway_encoder": 0.0, "foret": null, "PasDeforet": 28.313946056500068, "Châtaignier": 0.0, "Chênes décidus": 39.729004218330566, "Conifères": 0.0, "Douglas": 0.0, "Feuillus": 30.806595935063275, "Hêtre": 0.0, "Mixte": 0.48574715582257444, "Mélèze": 0.0, "NC": 0.0, "NR": 0.0, "Peuplier": 0.66470663428352295, "Pin autre": 0.0, "Pin laricio, pin noir": 0.0, "Pin maritime": 0.0, "Pin sylvestre": 0.0, "Pins mélangés": 0.0, "Robinier": 0.0, "Sapin, épicéa": 0.0, "dynamic_world": null, "water": 0.23009075802121948, "tree": 76.070561165793166, "grass": 4.8446887383356767, "crops": 0.43461587626230341, "shrub": 5.6500063914099456, "flooded": 0.051131279560270998, "built": 0.25565639780135496, "bare": 0.0, "snow": 0.0, "sinister": 0.0 }, "geometry": { "type": "Polygon", "coordinates": [ [ [ 1.938399211593533, 48.667209828484189 ], [ 1.924477244444931, 48.660326025857259 ], [ 1.926900923041065, 48.647925031590397 ], [ 1.943239729446952, 48.64240913818437 ], [ 1.957157163313141, 48.649292100259593 ], [ 1.954740323721727, 48.661691795900225 ], [ 1.938399211593533, 48.667209828484189 ] ] ] } },
{ "type": "Feature", "properties": { "hex_id": "871fb6b55ffffff", "scale0": 3510, "NDVI": 0.7582395076751709, "NDMI": 0.23518112301826477, "NDBI": -0.23518112301826477, "NDSI": -0.58521884679794312, "NDWI": -0.70751446485519409, "osmnx": null, "PasDeRoute": 95.613249776186223, "motorway": 0.0, "primary": 1.5475124696252718, "secondary": 0.0, "tertiary": 0.16626167029031844, "path": 2.6729760838981966, "population": 11.000070670310075, "elevation": 15.367733001708984, "foret_encoder": 0.0, "highway_encoder": 0.0, "foret": null, "PasDeforet": 74.817751630643301, "Châtaignier": 0.0, "Chênes décidus": 14.937971607622458, "Conifères": 0.0, "Douglas": 0.0, "Feuillus": 10.244276761734238, "Hêtre": 0.0, "Mixte": 0.0, "Mélèze": 0.0, "NC": 0.0, "NR": 0.0, "Peuplier": 0.0, "Pin autre": 0.0, "Pin laricio, pin noir": 0.0, "Pin maritime": 0.0, "Pin sylvestre": 0.0, "Pins mélangés": 0.0, "Robinier": 0.0, "Sapin, épicéa": 0.0, "dynamic_world": null, "water": 0.0, "tree": 28.328430745619642, "grass": 6.5225732190817247, "crops": 0.30694462207443407, "shrub": 7.8526665814042715, "flooded": 0.10231487402481136, "built": 46.374216651745748, "bare": 0.0, "snow": 0.0, "sinister": 14.0 }, "geometry": { "type": "Polygon", "coordinates": [ [ [ 1.847565602825887, 48.663076884760599 ], [ 1.833642550235486, 48.65617860873985 ], [ 1.836086757802817, 48.643773734941625 ], [ 1.85244717266315, 48.638268427219977 ], [ 1.866365706231889, 48.64516585521816 ], [ 1.863928343637181, 48.657569438566625 ], [ 1.847565602825887, 48.663076884760599 ] ] ] } },
{ "type": "Feature", "properties": { "hex_id": "871fb47acffffff", "scale0": 3511, "NDVI": 0.60323828458786011, "NDMI": 0.11344805359840393, "NDBI": -0.11344805359840393, "NDSI": -0.52424466609954834, "NDWI": -0.58881348371505737, "osmnx": null, "PasDeRoute": 94.274760383386578, "motorway": 0.0, "primary": 2.3769968051118209, "secondary": 0.0, "tertiary": 2.2364217252396164, "path": 1.1118210862619808, "population": 1135.9950601453261, "elevation": 31.225606918334961, "foret_encoder": 0.0, "highway_encoder": 0.0, "foret": null, "PasDeforet": 97.073482428115028, "Châtaignier": 0.0, "Chênes décidus": 0.0, "Conifères": 0.0, "Douglas": 0.0, "Feuillus": 2.9265175718849843, "Hêtre": 0.0, "Mixte": 0.0, "Mélèze": 0.0, "NC": 0.0, "NR": 0.0, "Peuplier": 0.0, "Pin autre": 0.0, "Pin laricio, pin noir": 0.0, "Pin maritime": 0.0, "Pin sylvestre": 0.0, "Pins mélangés": 0.0, "Robinier": 0.0, "Sapin, épicéa": 0.0, "dynamic_world": null, "water": 0.0, "tree": 3.7060702875399358, "grass": 5.6357827476038338, "crops": 2.7859424920127793, "shrub": 26.364217252396166, "flooded": 0.20447284345047922, "built": 25.789137380191697, "bare": 0.0, "snow": 0.0, "sinister": 5.0 }, "geometry": { "type": "Polygon", "coordinates": [ [ [ 2.004587267038666, 48.876345164397897 ], [ 1.990618662661022, 48.869495592155808 ], [ 1.993035606724494, 48.857112388511887 ], [ 2.009414273541637, 48.851580055040486 ], [ 2.023378303265781, 48.858428793534053 ], [ 2.020968240481838, 48.870810698852559 ], [ 2.004587267038666, 48.876345164397897 ] ] ] } },
{ "type": "Feature", "properties": { "hex_id": "871fb4785ffffff", "scale0": 3512, "NDVI": 0.62493109703063965, "NDMI": 0.16240309178829193, "NDBI": -0.16240309178829193, "NDSI": -0.51110023260116577, "NDWI": -0.59947347640991211, "osmnx": null, "PasDeRoute": 87.90394686422276, "motorway": 0.0, "primary": 1.2773023374632775, "secondary": 0.45982884148677988, "tertiary": 1.4561246647081365, "path": 8.9027972921190432, "population": 345.99839342828443, "elevation": 32.704654693603516, "foret_encoder": 0.0, "highway_encoder": 0.0, "foret": null, "PasDeforet": 63.903435943287775, "Châtaignier": 17.20526248563035, "Chênes décidus": 4.3428279473751434, "Conifères": 0.0, "Douglas": 0.0, "Feuillus": 13.105121982373227, "Hêtre": 0.0, "Mixte": 0.0, "Mélèze": 0.0, "NC": 0.0, "NR": 0.99629582322135657, "Peuplier": 0.0, "Pin autre": 0.0, "Pin laricio, pin noir": 0.44705581811214712, "Pin maritime": 0.0, "Pin sylvestre": 0.0, "Pins mélangés": 0.0, "Robinier": 0.0, "Sapin, épicéa": 0.0, "dynamic_world": null, "water": 0.0, "tree": 42.419210627155444, "grass": 0.22991442074338994, "crops": 0.17882232724485886, "shrub": 0.29377953761655384, "flooded": 0.26823349086728826, "built": 54.234257248690767, "bare": 0.0, "snow": 0.0, "sinister": 21.0 }, "geometry": { "type": "Polygon", "coordinates": [ [ [ 1.981489994905485, 48.837873750420911 ], [ 1.96752974896808, 48.831016184582928 ], [ 1.969950427769275, 48.818629254232803 ], [ 1.986324477856784, 48.813101186725319 ], [ 2.00028015842777, 48.819957916678121 ], [ 1.997866353936301, 48.832343549628924 ], [ 1.981489994905485, 48.837873750420911 ] ] ] } },
{ "type": "Feature", "properties": { "hex_id": "871fb458dffffff", "scale0": 3513, "NDVI": null, "NDMI": null, "NDBI": null, "NDSI": null, "NDWI": null, "osmnx": null, "PasDeRoute": null, "motorway": null, "primary": null, "secondary": null, "tertiary": null, "path": null, "population": null, "elevation": null, "foret_encoder": null, "highway_encoder": null, "foret": null, "PasDeforet": null, "Châtaignier": null, "Chênes décidus": null, "Conifères": null, "Douglas": null, "Feuillus": null, "Hêtre": null, "Mixte": null, "Mélèze": null, "NC": null, "NR": null, "Peuplier": null, "Pin autre": null, "Pin laricio, pin noir": null, "Pin maritime": null, "Pin sylvestre": null, "Pins mélangés": null, "Robinier": null, "Sapin, épicéa": null, "dynamic_world": null, "water": null, "tree": null, "grass": null, "crops": null, "shrub": null, "flooded": null, "built": null, "bare": null, "snow": null, "sinister": null }, "geometry": { "type": "Polygon", "coordinates": [ [ [ 1.502796649023233, 48.928636517935075 ], [ 1.488805299007229, 48.921715617802455 ], [ 1.49133920100128, 48.909316961209605 ], [ 1.507857521924705, 48.903840455063509 ], [ 1.52184436623194, 48.910760480698023 ], [ 1.519317395031517, 48.923157886571538 ], [ 1.502796649023233, 48.928636517935075 ] ] ] } },
{ "type": "Feature", "properties": { "hex_id": "871fb450affffff", "scale0": 3514, "NDVI": 0.74246883392333984, "NDMI": 0.24417625367641449, "NDBI": -0.24417625367641449, "NDSI": -0.56680500507354736, "NDWI": -0.69583362340927124, "osmnx": null, "PasDeRoute": 97.628107559614406, "motorway": 1.1922881785895485, "primary": 0.0, "secondary": 0.31709791983764585, "tertiary": 0.0, "path": 0.86250634195839671, "population": 6.0004782024314949, "elevation": 33.085624694824219, "foret_encoder": 2.0, "highway_encoder": 0.0, "foret": null, "PasDeforet": 19.596651445966515, "Châtaignier": 0.0, "Chênes décidus": 56.722475900558088, "Conifères": 0.0, "Douglas": 0.0, "Feuillus": 17.009132420091326, "Hêtre": 0.0, "Mixte": 6.6717402333840683, "Mélèze": 0.0, "NC": 0.0, "NR": 0.0, "Peuplier": 0.0, "Pin autre": 0.0, "Pin laricio, pin noir": 0.0, "Pin maritime": 0.0, "Pin sylvestre": 0.0, "Pins mélangés": 0.0, "Robinier": 0.0, "Sapin, épicéa": 0.0, "dynamic_world": null, "water": 0.0, "tree": 80.492135971588027, "grass": 0.36783358701166918, "crops": 0.73566717402333837, "shrub": 5.7584982242516487, "flooded": 0.0, "built": 0.0, "bare": 0.0, "snow": 0.0, "sinister": 1.0 }, "geometry": { "type": "Polygon", "coordinates": [ [ [ 1.560174914120701, 49.025146294126827 ], [ 1.546162320418838, 49.018245380093489 ], [ 1.548687111440054, 49.005856086974894 ], [ 1.565217547070374, 49.000368960507195 ], [ 1.579225611689542, 49.0072690052314 ], [ 1.576707769460632, 49.019657045326426 ], [ 1.560174914120701, 49.025146294126827 ] ] ] } },
{ "type": "Feature", "properties": { "hex_id": "871fb4606ffffff", "scale0": 3515, "NDVI": 0.6128697395324707, "NDMI": 0.17595088481903076, "NDBI": -0.17595088481903076, "NDSI": -0.48690888285636902, "NDWI": -0.58894562721252441, "osmnx": null, "PasDeRoute": 83.9759190470091, "motorway": 0.0, "primary": 2.7539387728961189, "secondary": 3.1125912642500317, "tertiary": 5.3669783527603432, "path": 4.790572563084412, "population": 5354.0002025882222, "elevation": 48.814132690429688, "foret_encoder": 0.0, "highway_encoder": 0.0, "foret": null, "PasDeforet": 94.133469962853837, "Châtaignier": 4.2910208786986033, "Chênes décidus": 1.0503394389650313, "Conifères": 0.0, "Douglas": 0.0, "Feuillus": 0.52516971948251567, "Hêtre": 0.0, "Mixte": 0.0, "Mélèze": 0.0, "NC": 0.0, "NR": 0.0, "Peuplier": 0.0, "Pin autre": 0.0, "Pin laricio, pin noir": 0.0, "Pin maritime": 0.0, "Pin sylvestre": 0.0, "Pins mélangés": 0.0, "Robinier": 0.0, "Sapin, épicéa": 0.0, "dynamic_world": null, "water": 0.47393364928909953, "tree": 6.9040604585628289, "grass": 0.05123607019341616, "crops": 0.01280901754835404, "shrub": 0.089663122838478299, "flooded": 0.038427052645062125, "built": 89.253234276930954, "bare": 0.0, "snow": 0.0, "sinister": 12.0 }, "geometry": { "type": "Polygon", "coordinates": [ [ [ 2.151813631636668, 48.826475973487355 ], [ 2.137860012615348, 48.81964336644031 ], [ 2.140241360865695, 48.807262398668037 ], [ 2.156569469331403, 48.801715350780242 ], [ 2.170518499278193, 48.808547135896497 ], [ 2.168144009475182, 48.820926790440105 ], [ 2.151813631636668, 48.826475973487355 ] ] ] } },
{ "type": "Feature", "properties": { "hex_id": "871fb6b04ffffff", "scale0": 3516, "NDVI": 0.66073751449584961, "NDMI": 0.17376023530960083, "NDBI": -0.17376023530960083, "NDSI": -0.56486886739730835, "NDWI": -0.64957648515701294, "osmnx": null, "PasDeRoute": 98.334604627510799, "motorway": 0.0, "primary": 0.0, "secondary": 0.0, "tertiary": 0.0, "path": 1.6653953724891941, "population": 119.99966784954269, "elevation": 35.154079437255859, "foret_encoder": 5.0, "highway_encoder": 0.0, "foret": null, "PasDeforet": 24.091024663107046, "Châtaignier": 1.9577930333079074, "Chênes décidus": 21.484871599288073, "Conifères": 0.0, "Douglas": 0.71192473938469369, "Feuillus": 37.363335875921692, "Hêtre": 0.0, "Mixte": 5.5174167302313757, "Mélèze": 0.0, "NC": 0.31782354436816679, "NR": 0.0, "Peuplier": 0.0, "Pin autre": 0.0, "Pin laricio, pin noir": 1.4492753623188406, "Pin maritime": 3.3689295703025679, "Pin sylvestre": 3.7376048817696415, "Pins mélangés": 0.0, "Robinier": 0.0, "Sapin, épicéa": 0.0, "dynamic_world": null, "water": 0.0, "tree": 69.374523264683447, "grass": 0.94075769132977372, "crops": 0.0, "shrub": 11.416221713704552, "flooded": 0.01271294177472667, "built": 0.2288329519450801, "bare": 0.0, "snow": 0.0, "sinister": 0.0 }, "geometry": { "type": "Polygon", "coordinates": [ [ [ 1.658241165451865, 48.691814756231615 ], [ 1.64430747533975, 48.684890597340896 ], [ 1.646796018023773, 48.672480443462206 ], [ 1.663211384943657, 48.666995720300918 ], [ 1.677140580504989, 48.673919015901461 ], [ 1.674658903391476, 48.686327897555486 ], [ 1.658241165451865, 48.691814756231615 ] ] ] } },
{ "type": "Feature", "properties": { "hex_id": "871fb6b28ffffff", "scale0": 3517, "NDVI": 0.82035565376281738, "NDMI": 0.34324494004249573, "NDBI": -0.34324494004249573, "NDSI": -0.56919044256210327, "NDWI": -0.7615237832069397, "osmnx": null, "PasDeRoute": 97.364064688654011, "motorway": 0.0, "primary": 0.0, "secondary": 0.70036928562332867, "tertiary": 0.0, "path": 1.9355660257226539, "population": 1.0003085936873186, "elevation": 33.924907684326172, "foret_encoder": 15.0, "highway_encoder": 0.0, "foret": null, "PasDeforet": 10.925760855723928, "Châtaignier": 0.0, "Chênes décidus": 28.103909334012478, "Conifères": 0.0, "Douglas": 0.0, "Feuillus": 14.73322297211257, "Hêtre": 0.0, "Mixte": 4.8261810772953009, "Mélèze": 0.0, "NC": 0.71310327263466189, "NR": 4.2276836877626387, "Peuplier": 0.0, "Pin autre": 0.0, "Pin laricio, pin noir": 2.4703934801986502, "Pin maritime": 0.0, "Pin sylvestre": 33.99974532025977, "Pins mélangés": 0.0, "Robinier": 0.0, "Sapin, épicéa": 0.0, "dynamic_world": null, "water": 0.0, "tree": 91.251750923214061, "grass": 1.731822233541322, "crops": 0.038201961033999747, "shrub": 0.076403922067999494, "flooded": 0.050935948045332996, "built": 0.14007385712466572, "bare": 0.0, "snow": 0.0, "sinister": 0.0 }, "geometry": { "type": "Polygon", "coordinates": [ [ [ 1.730400205254677, 48.713987538277259 ], [ 1.716462942068532, 48.707077036950196 ], [ 1.718935927703561, 48.694671273023005 ], [ 1.73533931096976, 48.689177288215191 ], [ 1.749272065313132, 48.696086932286846 ], [ 1.746805944919561, 48.708491418024671 ], [ 1.730400205254677, 48.713987538277259 ] ] ] } },
{ "type": "Feature", "properties": { "hex_id": "871fb6b1affffff", "scale0": 3518, "NDVI": 0.51465284824371338, "NDMI": 0.043371241539716721, "NDBI": -0.043371241539716721, "NDSI": -0.52456194162368774, "NDWI": -0.5382382869720459, "osmnx": null, "PasDeRoute": 96.396281675792693, "motorway": 0.0, "primary": 1.1715268050426588, "secondary": 0.0, "tertiary": 0.0, "path": 2.4321915191646504, "population": 11.000202588222212, "elevation": 36.457847595214844, "foret_encoder": 0.0, "highway_encoder": 0.0, "foret": null, "PasDeforet": 86.756653508213418, "Châtaignier": 0.0, "Chênes décidus": 7.5767222717432832, "Conifères": 0.0, "Douglas": 0.0, "Feuillus": 5.4628804278619638, "Hêtre": 0.0, "Mixte": 0.025467974022666498, "Mélèze": 0.0, "NC": 0.0, "NR": 0.17827581815866547, "Peuplier": 0.0, "Pin autre": 0.0, "Pin laricio, pin noir": 0.0, "Pin maritime": 0.0, "Pin sylvestre": 0.0, "Pins mélangés": 0.0, "Robinier": 0.0, "Sapin, épicéa": 0.0, "dynamic_world": null, "water": 0.0, "tree": 20.501719088246531, "grass": 1.1205908569973257, "crops": 1.4007385712466573, "shrub": 53.202597733350309, "flooded": 0.11460588310199923, "built": 7.1947026614032854, "bare": 0.0, "snow": 0.0, "sinister": 0.0 }, "geometry": { "type": "Polygon", "coordinates": [ [ [ 1.692008145142915, 48.59944891858779 ], [ 1.678096298327556, 48.592519401516796 ], [ 1.680573369926185, 48.580103892277137 ], [ 1.696955445759781, 48.5746191777896 ], [ 1.710862806511431, 48.581547833684638 ], [ 1.708392577185371, 48.59396206484751 ], [ 1.692008145142915, 48.59944891858779 ] ] ] } },
{ "type": "Feature", "properties": { "hex_id": "871fb4709ffffff", "scale0": 3519, "NDVI": 0.46192359924316406, "NDMI": 0.068222001194953918, "NDBI": -0.068222001194953918, "NDSI": -0.41551306843757629, "NDWI": -0.46276316046714783, "osmnx": null, "PasDeRoute": 90.113825297352605, "motorway": 2.3660314618237628, "primary": 1.4707763141066632, "secondary": 1.5347231103721704, "tertiary": 1.8416677324466044, "path": 2.6729760838981966, "population": 899.00783969306428, "elevation": 6.9633059501647949, "foret_encoder": 0.0, "highway_encoder": 0.0, "foret": null, "PasDeforet": 96.956132497761857, "Châtaignier": 0.0, "Chênes décidus": 0.0, "Conifères": 0.0, "Douglas": 0.0, "Feuillus": 0.74178283667988232, "Hêtre": 0.0, "Mixte": 0.0, "Mélèze": 0.0, "NC": 2.3020846655582554, "NR": 0.0, "Peuplier": 0.0, "Pin autre": 0.0, "Pin laricio, pin noir": 0.0, "Pin maritime": 0.0, "Pin sylvestre": 0.0, "Pins mélangés": 0.0, "Robinier": 0.0, "Sapin, épicéa": 0.0, "dynamic_world": null, "water": 0.0, "tree": 2.9543419874664281, "grass": 0.33252334058063687, "crops": 0.61388924414886814, "shrub": 32.484972502877611, "flooded": 0.8696764292108965, "built": 49.942447883361048, "bare": 0.0, "snow": 0.0, "sinister": 17.0 }, "geometry": { "type": "Polygon", "coordinates": [ [ [ 2.160706717023718, 48.939125624335524 ], [ 2.146727245931887, 48.932307381010155 ], [ 2.149111014741867, 48.919935000211005 ], [ 2.165467370894434, 48.914382172916177 ], [ 2.179442234428027, 48.921199595737995 ], [ 2.177065349005709, 48.933570665964972 ], [ 2.160706717023718, 48.939125624335524 ] ] ] } },
{ "type": "Feature", "properties": { "hex_id": "871fb4446ffffff", "scale0": 3520, "NDVI": 0.3650873601436615, "NDMI": -0.040591787546873093, "NDBI": 0.040591787546873093, "NDSI": -0.49420404434204102, "NDWI": -0.44630506634712219, "osmnx": null, "PasDeRoute": 99.541342846222449, "motorway": 0.0, "primary": 0.0, "secondary": 0.0, "tertiary": 0.0, "path": 0.45865715377755129, "population": 10.000650166852672, "elevation": 20.54279899597168, "foret_encoder": 0.0, "highway_encoder": 0.0, "foret": null, "PasDeforet": 94.011976047904184, "Châtaignier": 0.0, "Chênes décidus": 0.0, "Conifères": 0.0, "Douglas": 0.0, "Feuillus": 5.9880239520958085, "Hêtre": 0.0, "Mixte": 0.0, "Mélèze": 0.0, "NC": 0.0, "NR": 0.0, "Peuplier": 0.0, "Pin autre": 0.0, "Pin laricio, pin noir": 0.0, "Pin maritime": 0.0, "Pin sylvestre": 0.0, "Pins mélangés": 0.0, "Robinier": 0.0, "Sapin, épicéa": 0.0, "dynamic_world": null, "water": 0.0, "tree": 6.6123073002930317, "grass": 0.0, "crops": 0.0, "shrub": 87.208561600203851, "flooded": 0.050961905975283474, "built": 1.5798190852337877, "bare": 0.0, "snow": 0.0, "sinister": 0.0 }, "geometry": { "type": "Polygon", "coordinates": [ [ [ 1.807576943639704, 48.942629721488736 ], [ 1.793588607442782, 48.935757413182259 ], [ 1.796053287548112, 48.923371388126299 ], [ 1.812499392054016, 48.917858949277438 ], [ 1.826483173421092, 48.924730408049491 ], [ 1.824025404787003, 48.937115154804928 ], [ 1.807576943639704, 48.942629721488736 ] ] ] } },
{ "type": "Feature", "properties": { "hex_id": "871fb6b73ffffff", "scale0": 3521, "NDVI": 0.74052095413208008, "NDMI": 0.20859344303607941, "NDBI": -0.20859344303607941, "NDSI": -0.59067988395690918, "NDWI": -0.69895100593566895, "osmnx": null, "PasDeRoute": 90.353451575858116, "motorway": 0.0, "primary": 1.7225979328824808, "secondary": 0.11483986219216537, "tertiary": 0.0, "path": 7.809110629067245, "population": 17.000287392594299, "elevation": 15.464828491210938, "foret_encoder": 2.0, "highway_encoder": 0.0, "foret": null, "PasDeforet": 14.954702054357535, "Châtaignier": 0.0, "Chênes décidus": 68.214878142146233, "Conifères": 0.0, "Douglas": 0.0, "Feuillus": 4.6829143805027433, "Hêtre": 0.0, "Mixte": 3.6748755901492918, "Mélèze": 0.0, "NC": 6.0992726808727831, "NR": 0.0, "Peuplier": 0.0, "Pin autre": 0.0, "Pin laricio, pin noir": 0.0, "Pin maritime": 0.0, "Pin sylvestre": 2.3733571519714176, "Pins mélangés": 0.0, "Robinier": 0.0, "Sapin, épicéa": 0.0, "dynamic_world": null, "water": 0.24243970907234913, "tree": 71.672833992599209, "grass": 2.4626770447875463, "crops": 0.03827995406405512, "shrub": 5.0529539364552765, "flooded": 0.0, "built": 1.2249585300497638, "bare": 0.0, "snow": 0.0, "sinister": 2.0 }, "geometry": { "type": "Polygon", "coordinates": [ [ [ 1.828750965811647, 48.680985964224924 ], [ 1.814823394373522, 48.674086838765348 ], [ 1.81727261196101, 48.661682517123758 ], [ 1.833642550235486, 48.65617860873985 ], [ 1.847565602825887, 48.663076884760599 ], [ 1.845123235666411, 48.675479918209483 ], [ 1.828750965811647, 48.680985964224924 ] ] ] } },
{ "type": "Feature", "properties": { "hex_id": "871fb44d8ffffff", "scale0": 3522, "NDVI": 0.80548769235610962, "NDMI": 0.33316218852996826, "NDBI": -0.33316218852996826, "NDSI": -0.55322188138961792, "NDWI": -0.73446470499038696, "osmnx": null, "PasDeRoute": 91.10460677017052, "motorway": 0.0, "primary": 0.0, "secondary": 0.0, "tertiary": 0.0, "path": 8.8953932298294731, "population": 12.999962309167962, "elevation": 20.92083740234375, "foret_encoder": 2.0, "highway_encoder": 0.0, "foret": null, "PasDeforet": 4.8612878595062359, "Châtaignier": 0.0, "Chênes décidus": 79.434970730465764, "Conifères": 0.0, "Douglas": 0.0, "Feuillus": 14.965640111987783, "Hêtre": 0.0, "Mixte": 0.0, "Mélèze": 0.0, "NC": 0.0, "NR": 0.73810129804021385, "Peuplier": 0.0, "Pin autre": 0.0, "Pin laricio, pin noir": 0.0, "Pin maritime": 0.0, "Pin sylvestre": 0.0, "Pins mélangés": 0.0, "Robinier": 0.0, "Sapin, épicéa": 0.0, "dynamic_world": null, "water": 4.848561975057267, "tree": 94.795113260371593, "grass": 0.025451768897938407, "crops": 0.0, "shrub": 0.0, "flooded": 0.012725884448969204, "built": 0.0, "bare": 0.050903537795876815, "snow": 0.0, "sinister": 0.0 }, "geometry": { "type": "Polygon", "coordinates": [ [ [ 1.783702589932983, 48.753999895387885 ], [ 1.76975727477402, 48.747102196658702 ], [ 1.772219725111129, 48.734701404526355 ], [ 1.788620619971995, 48.7291995925995 ], [ 1.802561412229738, 48.73609643869203 ], [ 1.800105832208214, 48.748495948951245 ], [ 1.783702589932983, 48.753999895387885 ] ] ] } },
{ "type": "Feature", "properties": { "hex_id": "871fb440affffff", "scale0": 3523, "NDVI": 0.47705170512199402, "NDMI": 0.027701087296009064, "NDBI": -0.027701087296009064, "NDSI": -0.51555794477462769, "NDWI": -0.5127415657043457, "osmnx": null, "PasDeRoute": 98.3702571937866, "motorway": 0.0, "primary": 0.0, "secondary": 0.0, "tertiary": 1.2477718360071302, "path": 0.38197097020626436, "population": 9.0002237893152319, "elevation": 21.990179061889648, "foret_encoder": 0.0, "highway_encoder": 0.0, "foret": null, "PasDeforet": 85.370511841100068, "Châtaignier": 0.0, "Chênes décidus": 0.19098548510313218, "Conifères": 0.0, "Douglas": 0.0, "Feuillus": 14.438502673796791, "Hêtre": 0.0, "Mixte": 0.0, "Mélèze": 0.0, "NC": 0.0, "NR": 0.0, "Peuplier": 0.0, "Pin autre": 0.0, "Pin laricio, pin noir": 0.0, "Pin maritime": 0.0, "Pin sylvestre": 0.0, "Pins mélangés": 0.0, "Robinier": 0.0, "Sapin, épicéa": 0.0, "dynamic_world": null, "water": 0.0, "tree": 20.091673032849503, "grass": 2.2026992615227909, "crops": 0.21645021645021645, "shrub": 60.134963076139549, "flooded": 0.26737967914438499, "built": 4.1380188439011967, "bare": 0.0, "snow": 0.0, "sinister": 3.0 }, "geometry": { "type": "Polygon", "coordinates": [ [ [ 1.693220292133814, 48.899961197179124 ], [ 1.679239407665068, 48.893066337723766 ], [ 1.681728511141089, 48.880672758874994 ], [ 1.698191588499355, 48.875175308210792 ], [ 1.71216794207221, 48.882069308530205 ], [ 1.709685748870149, 48.894461618248542 ], [ 1.693220292133814, 48.899961197179124 ] ] ] } },
{ "type": "Feature", "properties": { "hex_id": "871fb471dffffff", "scale0": 3524, "NDVI": 0.52851736545562744, "NDMI": 0.12220975756645203, "NDBI": -0.12220975756645203, "NDSI": -0.42542797327041626, "NDWI": -0.50364559888839722, "osmnx": null, "PasDeRoute": 88.91304347826086, "motorway": 0.0, "primary": 2.710997442455243, "secondary": 3.6828644501278771, "tertiary": 3.3887468030690537, "path": 1.3043478260869565, "population": 3781.9918234451252, "elevation": 20.343357086181641, "foret_encoder": 0.0, "highway_encoder": 0.0, "foret": null, "PasDeforet": 95.434782608695656, "Châtaignier": 0.0, "Chênes décidus": 2.2762148337595911, "Conifères": 0.0, "Douglas": 0.0, "Feuillus": 2.289002557544757, "Hêtre": 0.0, "Mixte": 0.0, "Mélèze": 0.0, "NC": 0.0, "NR": 0.0, "Peuplier": 0.0, "Pin autre": 0.0, "Pin laricio, pin noir": 0.0, "Pin maritime": 0.0, "Pin sylvestre": 0.0, "Pins mélangés": 0.0, "Robinier": 0.0, "Sapin, épicéa": 0.0, "dynamic_world": null, "water": 0.012787723785166238, "tree": 0.54987212276214836, "grass": 0.1918158567774936, "crops": 0.025575447570332477, "shrub": 0.089514066496163683, "flooded": 0.025575447570332477, "built": 97.36572890025576, "bare": 0.0, "snow": 0.0, "sinister": 13.0 }, "geometry": { "type": "Polygon", "coordinates": [ [ [ 2.088425330963444, 48.917380770498987 ], [ 2.074449180429233, 48.91054886391148 ], [ 2.076848605367456, 48.898171997604891 ], [ 2.093217296376507, 48.892628342178092 ], [ 2.107188853458211, 48.899459422168746 ], [ 2.104796312629627, 48.911834983788893 ], [ 2.088425330963444, 48.917380770498987 ] ] ] } },
{ "type": "Feature", "properties": { "hex_id": "871fb4404ffffff", "scale0": 3525, "NDVI": 0.42961570620536804, "NDMI": -0.01407878752797842, "NDBI": 0.01407878752797842, "NDSI": -0.51845729351043701, "NDWI": -0.4857783317565918, "osmnx": null, "PasDeRoute": 99.136069114470843, "motorway": 0.0, "primary": 0.0, "secondary": 0.0, "tertiary": 0.78770168974717314, "path": 0.076229195781984505, "population": 60.999919906981923, "elevation": 23.79302978515625, "foret_encoder": 0.0, "highway_encoder": 0.0, "foret": null, "PasDeforet": 81.069749714140514, "Châtaignier": 0.0, "Chênes décidus": 3.6208867996442637, "Conifères": 0.0, "Douglas": 0.0, "Feuillus": 14.699529919959344, "Hêtre": 0.0, "Mixte": 0.0, "Mélèze": 0.0, "NC": 0.60983356625587604, "NR": 0.0, "Peuplier": 0.0, "Pin autre": 0.0, "Pin laricio, pin noir": 0.0, "Pin maritime": 0.0, "Pin sylvestre": 0.0, "Pins mélangés": 0.0, "Robinier": 0.0, "Sapin, épicéa": 0.0, "dynamic_world": null, "water": 0.0, "tree": 21.483928344555963, "grass": 1.0163892770931267, "crops": 0.12704865963664083, "shrub": 57.464108753652653, "flooded": 0.038114597890992252, "built": 0.43196544276457888, "bare": 0.83852115360182955, "snow": 0.0, "sinister": 1.0 }, "geometry": { "type": "Polygon", "coordinates": [ [ [ 1.605793191241821, 48.95221862617165 ], [ 1.591798423151494, 48.945316318035424 ], [ 1.594309710423384, 48.932923291282897 ], [ 1.610808836789694, 48.927433831747557 ], [ 1.624799079645133, 48.934335273906029 ], [ 1.622294721064971, 48.946727041173801 ], [ 1.605793191241821, 48.95221862617165 ] ] ] } },
{ "type": "Feature", "properties": { "hex_id": "871fb6a71ffffff", "scale0": 3526, "NDVI": 0.74605900049209595, "NDMI": 0.22312697768211365, "NDBI": -0.22312697768211365, "NDSI": -0.59218603372573853, "NDWI": -0.70330262184143066, "osmnx": null, "PasDeRoute": 94.294871794871796, "motorway": 1.5769230769230769, "primary": 1.8076923076923077, "secondary": 0.21794871794871795, "tertiary": 0.0, "path": 2.1025641025641026, "population": 126.99956184407758, "elevation": 39.586166381835938, "foret_encoder": 0.0, "highway_encoder": 0.0, "foret": null, "PasDeforet": 56.012820512820518, "Châtaignier": 0.0, "Chênes décidus": 36.269230769230774, "Conifères": 0.0, "Douglas": 0.0, "Feuillus": 5.6923076923076925, "Hêtre": 0.0, "Mixte": 0.0, "Mélèze": 0.0, "NC": 0.55128205128205121, "NR": 0.0, "Peuplier": 0.0, "Pin autre": 0.0, "Pin laricio, pin noir": 0.0, "Pin maritime": 0.0, "Pin sylvestre": 1.4743589743589742, "Pins mélangés": 0.0, "Robinier": 0.0, "Sapin, épicéa": 0.0, "dynamic_world": null, "water": 0.28205128205128205, "tree": 55.294871794871788, "grass": 1.2564102564102564, "crops": 0.70512820512820518, "shrub": 23.153846153846153, "flooded": 0.12820512820512819, "built": 2.8461538461538463, "bare": 0.0, "snow": 0.0, "sinister": 2.0 }, "geometry": { "type": "Polygon", "coordinates": [ [ [ 1.971636308145452, 48.574877304047746 ], [ 1.957736229748914, 48.567988067826647 ], [ 1.960148666532063, 48.555581797458025 ], [ 1.976454365650716, 48.550066067323286 ], [ 1.990349919558328, 48.556954465054915 ], [ 1.987944298500235, 48.5693594310208 ], [ 1.971636308145452, 48.574877304047746 ] ] ] } },
{ "type": "Feature", "properties": { "hex_id": "871fb46acffffff", "scale0": 3527, "NDVI": 0.47903662919998169, "NDMI": 0.087032929062843323, "NDBI": -0.087032929062843323, "NDSI": -0.42854210734367371, "NDWI": -0.4776441752910614, "osmnx": null, "PasDeRoute": 99.641163655004476, "motorway": 0.0, "primary": 0.0, "secondary": 0.0, "tertiary": 0.35883634499551453, "path": 0.0, "population": 22.001950500558017, "elevation": 14.156205177307129, "foret_encoder": 0.0, "highway_encoder": 0.0, "foret": null, "PasDeforet": 99.525823401255934, "Châtaignier": 0.0, "Chênes décidus": 0.0, "Conifères": 0.0, "Douglas": 0.0, "Feuillus": 0.47417659874407281, "Hêtre": 0.0, "Mixte": 0.0, "Mélèze": 0.0, "NC": 0.0, "NR": 0.0, "Peuplier": 0.0, "Pin autre": 0.0, "Pin laricio, pin noir": 0.0, "Pin maritime": 0.0, "Pin sylvestre": 0.0, "Pins mélangés": 0.0, "Robinier": 0.0, "Sapin, épicéa": 0.0, "dynamic_world": null, "water": 0.0, "tree": 5.2287581699346406, "grass": 0.12815583749839804, "crops": 0.42291426374471358, "shrub": 49.570677944380364, "flooded": 0.0, "built": 7.5611944124054853, "bare": 0.0, "snow": 0.0, "sinister": 0.0 }, "geometry": { "type": "Polygon", "coordinates": [ [ [ 2.135818634173563, 48.750889677673278 ], [ 2.121882054376417, 48.744045911595698 ], [ 2.124264070968214, 48.731658828398679 ], [ 2.140575824411853, 48.726116824963732 ], [ 2.154507828954703, 48.73295976729527 ], [ 2.152132654952559, 48.745345536417652 ], [ 2.135818634173563, 48.750889677673278 ] ] ] } },
{ "type": "Feature", "properties": { "hex_id": "871fb4434ffffff", "scale0": 3528, "NDVI": 0.44296970963478088, "NDMI": -0.0047344770282506943, "NDBI": 0.0047344770282506943, "NDSI": -0.50507569313049316, "NDWI": -0.48476880788803101, "osmnx": null, "PasDeRoute": 98.721195239301082, "motorway": 0.0, "primary": 0.0, "secondary": 0.84831602937452522, "tertiary": 0.43048873132438592, "path": 0.0, "population": 20.000301526656315, "elevation": 17.091636657714844, "foret_encoder": 0.0, "highway_encoder": 0.0, "foret": null, "PasDeforet": 88.26285135477336, "Châtaignier": 0.0, "Chênes décidus": 0.0, "Conifères": 0.0, "Douglas": 0.0, "Feuillus": 11.142061281337048, "Hêtre": 0.0, "Mixte": 0.088630032919726515, "Mélèze": 0.0, "NC": 0.50645733096986578, "NR": 0.0, "Peuplier": 0.0, "Pin autre": 0.0, "Pin laricio, pin noir": 0.0, "Pin maritime": 0.0, "Pin sylvestre": 0.0, "Pins mélangés": 0.0, "Robinier": 0.0, "Sapin, épicéa": 0.0, "dynamic_world": null, "water": 0.0, "tree": 14.320081033172954, "grass": 1.4054190934413775, "crops": 1.8105849582172702, "shrub": 46.746011648518618, "flooded": 0.37984299822739931, "built": 9.8505950873638888, "bare": 0.0, "snow": 0.0, "sinister": 4.0 }, "geometry": { "type": "Polygon", "coordinates": [ [ [ 1.525729738371426, 48.96725804229429 ], [ 1.511729895121223, 48.96034513127362 ], [ 1.514260160181428, 48.947950213009442 ], [ 1.530783330206143, 48.942469457004634 ], [ 1.544778658411325, 48.949381495604833 ], [ 1.542255331340834, 48.961775162224782 ], [ 1.525729738371426, 48.96725804229429 ] ] ] } },
{ "type": "Feature", "properties": { "hex_id": "871fb6a29ffffff", "scale0": 3529, "NDVI": 0.68074071407318115, "NDMI": 0.18024098873138428, "NDBI": -0.18024098873138428, "NDSI": -0.55290055274963379, "NDWI": -0.64820069074630737, "osmnx": null, "PasDeRoute": 94.213820411291351, "motorway": 0.0, "primary": 0.0, "secondary": 0.0, "tertiary": 0.95797675309745811, "path": 4.8282028356111892, "population": 1.0010152967880481, "elevation": 35.17266845703125, "foret_encoder": 0.0, "highway_encoder": 0.0, "foret": null, "PasDeforet": 77.8643504917614, "Châtaignier": 0.0, "Chênes décidus": 9.2604419466087613, "Conifères": 0.0, "Douglas": 0.0, "Feuillus": 12.28764848639673, "Hêtre": 0.0, "Mixte": 0.0, "Mélèze": 0.0, "NC": 0.0, "NR": 0.0, "Peuplier": 0.0, "Pin autre": 0.0, "Pin laricio, pin noir": 0.0, "Pin maritime": 0.0, "Pin sylvestre": 0.0, "Pins mélangés": 0.0, "Robinier": 0.0, "Sapin, épicéa": 0.58755907523310769, "dynamic_world": null, "water": 0.0, "tree": 25.022352790905604, "grass": 4.457785157746839, "crops": 0.089411163622429429, "shrub": 46.749265551155958, "flooded": 0.0, "built": 2.388555371056329, "bare": 0.0, "snow": 0.0, "sinister": 0.0 }, "geometry": { "type": "Polygon", "coordinates": [ [ [ 1.892442084692319, 48.590035743461542 ], [ 1.878536744378844, 48.583136032990772 ], [ 1.880967801744983, 48.57072769553222 ], [ 1.897297373937243, 48.565220364877149 ], [ 1.911198199337053, 48.572119230479608 ], [ 1.908773967130111, 48.584526271213697 ], [ 1.892442084692319, 48.590035743461542 ] ] ] } },
{ "type": "Feature", "properties": { "hex_id": "871fb4734ffffff", "scale0": 3530, "NDVI": 0.59002149105072021, "NDMI": 0.096013180911540985, "NDBI": -0.096013180911540985, "NDSI": -0.53852921724319458, "NDWI": -0.58441108465194702, "osmnx": null, "PasDeRoute": 92.221372098954348, "motorway": 0.0, "primary": 0.0, "secondary": 0.0, "tertiary": 1.1094108645753635, "path": 6.6692170364702887, "population": 2221.9928905668071, "elevation": 37.234245300292969, "foret_encoder": 0.0, "highway_encoder": 0.0, "foret": null, "PasDeforet": 67.521040550879874, "Châtaignier": 3.0349400663096149, "Chênes décidus": 1.224177505738332, "Conifères": 0.0, "Douglas": 0.0, "Feuillus": 27.263453200714103, "Hêtre": 0.0, "Mixte": 0.0, "Mélèze": 0.0, "NC": 0.16577403723539913, "NR": 0.0, "Peuplier": 0.0, "Pin autre": 0.0, "Pin laricio, pin noir": 0.0, "Pin maritime": 0.0, "Pin sylvestre": 0.0, "Pins mélangés": 0.0, "Robinier": 0.79061463912267271, "Sapin, épicéa": 0.0, "dynamic_world": null, "water": 0.0, "tree": 35.360877327212449, "grass": 0.52282580974241266, "crops": 1.2496812037745473, "shrub": 30.425911757204794, "flooded": 0.10201479214486101, "built": 12.50956388676358, "bare": 0.0, "snow": 0.0, "sinister": 26.0 }, "geometry": { "type": "Polygon", "coordinates": [ [ [ 1.952394902537386, 48.986440814738529 ], [ 1.938399599715164, 48.979595902172122 ], [ 1.940832909333345, 48.96721875798395 ], [ 1.957254610966139, 48.961687816135175 ], [ 1.971245330300169, 48.968531891301595 ], [ 1.968818931148711, 48.980907745318724 ], [ 1.952394902537386, 48.986440814738529 ] ] ] } },
{ "type": "Feature", "properties": { "hex_id": "871fb4630ffffff", "scale0": 3531, "NDVI": 0.63207954168319702, "NDMI": 0.16406771540641785, "NDBI": -0.16406771540641785, "NDSI": -0.49268138408660889, "NDWI": -0.58726257085800171, "osmnx": null, "PasDeRoute": 98.31007553450263, "motorway": 0.0, "primary": 0.70413519395723978, "secondary": 0.0, "tertiary": 0.0, "path": 0.98578927154013563, "population": 59.011971550526368, "elevation": 21.703804016113281, "foret_encoder": 0.0, "highway_encoder": 0.0, "foret": null, "PasDeforet": 99.231852515683016, "Châtaignier": 0.0, "Chênes décidus": 0.0, "Conifères": 0.0, "Douglas": 0.0, "Feuillus": 0.0, "Hêtre": 0.0, "Mixte": 0.0, "Mélèze": 0.0, "NC": 0.0, "NR": 0.76814748431698887, "Peuplier": 0.0, "Pin autre": 0.0, "Pin laricio, pin noir": 0.0, "Pin maritime": 0.0, "Pin sylvestre": 0.0, "Pins mélangés": 0.0, "Robinier": 0.0, "Sapin, épicéa": 0.0, "dynamic_world": null, "water": 1.1650236845474331, "tree": 63.96108052746127, "grass": 3.2262194341313535, "crops": 0.81935731660478817, "shrub": 2.9573678146204072, "flooded": 0.05120983228779926, "built": 5.1209832287799264, "bare": 0.0, "snow": 0.0, "sinister": 3.0 }, "geometry": { "type": "Polygon", "coordinates": [ [ [ 2.102788772427878, 48.843113754616553 ], [ 2.088830140695785, 48.836275500786002 ], [ 2.091223334555933, 48.823893776356172 ], [ 2.107568293718583, 48.818351613636366 ], [ 2.121522341140836, 48.825189041599032 ], [ 2.119136013356391, 48.837569457756921 ], [ 2.102788772427878, 48.843113754616553 ] ] ] } },
{ "type": "Feature", "properties": { "hex_id": "871fb6b2dffffff", "scale0": 3532, "NDVI": 0.78124308586120605, "NDMI": 0.27424612641334534, "NDBI": -0.27424612641334534, "NDSI": -0.57066851854324341, "NDWI": -0.72230756282806396, "osmnx": null, "PasDeRoute": 91.620966713429411, "motorway": 0.0, "primary": 0.0, "secondary": 3.4561918122688433, "tertiary": 0.14028822854227777, "path": 4.7825532457594697, "population": 1.0005300273255473, "elevation": 33.484420776367188, "foret_encoder": 0.0, "highway_encoder": 0.0, "foret": null, "PasDeforet": 47.991327636781023, "Châtaignier": 0.0, "Chênes décidus": 1.1988266802703735, "Conifères": 0.0, "Douglas": 0.0, "Feuillus": 35.148577987501596, "Hêtre": 0.0, "Mixte": 5.4584874378268076, "Mélèze": 0.0, "NC": 0.0, "NR": 0.0, "Peuplier": 1.3901288101007525, "Pin autre": 0.0, "Pin laricio, pin noir": 0.025506950644050504, "Pin maritime": 0.0, "Pin sylvestre": 8.7871444968753991, "Pins mélangés": 0.0, "Robinier": 0.0, "Sapin, épicéa": 0.0, "dynamic_world": null, "water": 0.17854865450835353, "tree": 56.931513837520718, "grass": 3.8005356459635249, "crops": 0.025506950644050504, "shrub": 6.3002168090804753, "flooded": 0.038260425966075755, "built": 8.9274327254176757, "bare": 0.0, "snow": 0.0, "sinister": 1.0 }, "geometry": { "type": "Polygon", "coordinates": [ [ [ 1.741870503285466, 48.733297977334445 ], [ 1.727929049902459, 48.726391457064302 ], [ 1.730400205254677, 48.713987538277259 ], [ 1.746805944919561, 48.708491418024671 ], [ 1.760742884844425, 48.715397082103742 ], [ 1.758278598247536, 48.727799722229285 ], [ 1.741870503285466, 48.733297977334445 ] ] ] } },
{ "type": "Feature", "properties": { "hex_id": "871fb440cffffff", "scale0": 3533, "NDVI": 0.53016483783721924, "NDMI": 0.078537605702877045, "NDBI": -0.078537605702877045, "NDSI": -0.51208359003067017, "NDWI": -0.54373228549957275, "osmnx": null, "PasDeRoute": 99.389235271663054, "motorway": 0.0, "primary": 0.0, "secondary": 0.089069856215803545, "tertiary": 0.52169487212113497, "path": 0.0, "population": 3.0007867961188128, "elevation": 29.770599365234375, "foret_encoder": 0.0, "highway_encoder": 0.0, "foret": null, "PasDeforet": 60.325741188446372, "Châtaignier": 0.0, "Chênes décidus": 13.245960045807353, "Conifères": 0.0, "Douglas": 0.0, "Feuillus": 25.652118590151417, "Hêtre": 0.0, "Mixte": 0.77618017559485941, "Mélèze": 0.0, "NC": 0.0, "NR": 0.0, "Peuplier": 0.0, "Pin autre": 0.0, "Pin laricio, pin noir": 0.0, "Pin maritime": 0.0, "Pin sylvestre": 0.0, "Pins mélangés": 0.0, "Robinier": 0.0, "Sapin, épicéa": 0.0, "dynamic_world": null, "water": 0.0, "tree": 38.516350680748182, "grass": 3.3464817406794758, "crops": 0.36900369003690037, "shrub": 37.714721974805954, "flooded": 0.59804046316325232, "built": 3.8172795521058656, "bare": 0.0, "snow": 0.0, "sinister": 2.0 }, "geometry": { "type": "Polygon", "coordinates": [ [ [ 1.685755254224928, 48.937133864166412 ], [ 1.671765614186185, 48.930242140416361 ], [ 1.674257959881618, 48.917851029642563 ], [ 1.690733025971984, 48.912352909518027 ], [ 1.704718130688356, 48.919243773734344 ], [ 1.702232704324425, 48.931633617206877 ], [ 1.685755254224928, 48.937133864166412 ] ] ] } },
{ "type": "Feature", "properties": { "hex_id": "871fb448effffff", "scale0": 3534, "NDVI": 0.57724559307098389, "NDMI": 0.099118560552597046, "NDBI": -0.099118560552597046, "NDSI": -0.53898763656616211, "NDWI": -0.58476811647415161, "osmnx": null, "PasDeRoute": 98.866819455054738, "motorway": 0.0, "primary": 0.0, "secondary": 1.1331805449452508, "tertiary": 0.0, "path": 0.0, "population": 8.0002379233772469, "elevation": 28.149188995361328, "foret_encoder": 0.0, "highway_encoder": 0.0, "foret": null, "PasDeforet": 95.123503947033356, "Châtaignier": 0.0, "Chênes décidus": 1.8079959256429845, "Conifères": 0.0, "Douglas": 0.0, "Feuillus": 3.0685001273236567, "Hêtre": 0.0, "Mixte": 0.0, "Mélèze": 0.0, "NC": 0.0, "NR": 0.0, "Peuplier": 0.0, "Pin autre": 0.0, "Pin laricio, pin noir": 0.0, "Pin maritime": 0.0, "Pin sylvestre": 0.0, "Pins mélangés": 0.0, "Robinier": 0.0, "Sapin, épicéa": 0.0, "dynamic_world": null, "water": 0.0, "tree": 7.6776165011459137, "grass": 0.31830914183855363, "crops": 0.82760376878023934, "shrub": 47.326203208556151, "flooded": 0.076394194041252861, "built": 4.1380188439011967, "bare": 0.0, "snow": 0.0, "sinister": 1.0 }, "geometry": { "type": "Polygon", "coordinates": [ [ [ 1.593946395142265, 48.782707208254429 ], [ 1.579990515562789, 48.775783563979708 ], [ 1.582497481792282, 48.763377572158205 ], [ 1.598953436426061, 48.757896487784201 ], [ 1.612904817861071, 48.764819264118927 ], [ 1.610404742506342, 48.777223992366821 ], [ 1.593946395142265, 48.782707208254429 ] ] ] } },
{ "type": "Feature", "properties": { "hex_id": "871fb6b31ffffff", "scale0": 3535, "NDVI": 0.68230772018432617, "NDMI": 0.17138552665710449, "NDBI": -0.17138552665710449, "NDSI": -0.57290339469909668, "NDWI": -0.66092914342880249, "osmnx": null, "PasDeRoute": 98.570516911295471, "motorway": 0.0, "primary": 0.0, "secondary": 1.4294830887045311, "tertiary": 0.0, "path": 0.0, "population": 8.0009917400180246, "elevation": 36.874614715576172, "foret_encoder": 0.0, "highway_encoder": 0.0, "foret": null, "PasDeforet": 53.516273133375883, "Châtaignier": 0.91895341416719845, "Chênes décidus": 17.88130185067007, "Conifères": 0.16592214422463306, "Douglas": 0.0, "Feuillus": 22.74409700063816, "Hêtre": 0.0, "Mixte": 2.2335673261008293, "Mélèze": 0.0, "NC": 0.204211869814933, "NR": 0.0, "Peuplier": 0.25526483726866628, "Pin autre": 0.0, "Pin laricio, pin noir": 0.0, "Pin maritime": 0.0, "Pin sylvestre": 2.0804084237396299, "Pins mélangés": 0.0, "Robinier": 0.0, "Sapin, épicéa": 0.0, "dynamic_world": null, "water": 0.17868538608806639, "tree": 48.768347160178685, "grass": 1.1359285258455647, "crops": 0.14039566049776644, "shrub": 7.7089980855137199, "flooded": 0.05105296745373325, "built": 9.0619017230376517, "bare": 0.0, "snow": 0.0, "sinister": 3.0 }, "geometry": { "type": "Polygon", "coordinates": [ [ [ 1.627882569324355, 48.690373886207354 ], [ 1.61394858347273, 48.683444885548475 ], [ 1.616443993632042, 48.671033462194977 ], [ 1.63286652186512, 48.665552308576665 ], [ 1.646796018023773, 48.672480443462206 ], [ 1.64430747533975, 48.684890597340896 ], [ 1.627882569324355, 48.690373886207354 ] ] ] } },
{ "type": "Feature", "properties": { "hex_id": "871fb4425ffffff", "scale0": 3536, "NDVI": 0.50097483396530151, "NDMI": 0.050466772168874741, "NDBI": -0.050466772168874741, "NDSI": -0.51130568981170654, "NDWI": -0.52720975875854492, "osmnx": null, "PasDeRoute": 98.316668776104294, "motorway": 0.063283128717883816, "primary": 0.0, "secondary": 0.0, "tertiary": 1.2530059486140994, "path": 0.36704214656372608, "population": 1.0002897482712994, "elevation": 33.933128356933594, "foret_encoder": 0.0, "highway_encoder": 0.0, "foret": null, "PasDeforet": 69.003923553980513, "Châtaignier": 0.0, "Chênes décidus": 10.315149981015061, "Conifères": 0.0, "Douglas": 0.0, "Feuillus": 18.466016959878495, "Hêtre": 0.0, "Mixte": 2.2149095051259335, "Mélèze": 0.0, "NC": 0.0, "NR": 0.0, "Peuplier": 0.0, "Pin autre": 0.0, "Pin laricio, pin noir": 0.0, "Pin maritime": 0.0, "Pin sylvestre": 0.0, "Pins mélangés": 0.0, "Robinier": 0.0, "Sapin, épicéa": 0.0, "dynamic_world": null, "water": 0.0, "tree": 33.210985951145425, "grass": 0.12656625743576763, "crops": 1.0251866852297178, "shrub": 40.070877104164033, "flooded": 0.050626502974307055, "built": 3.4172889507657263, "bare": 0.0, "snow": 0.0, "sinister": 8.0 }, "geometry": { "type": "Polygon", "coordinates": [ [ [ 1.609756598498534, 49.008673440165211 ], [ 1.595748819641046, 49.001778263749749 ], [ 1.598261549356596, 48.989389601132103 ], [ 1.614775116257991, 48.983897372625847 ], [ 1.628778360796738, 48.990791683690617 ], [ 1.626272572447365, 49.003179088207553 ], [ 1.609756598498534, 49.008673440165211 ] ] ] } },
{ "type": "Feature", "properties": { "hex_id": "871fb46a1ffffff", "scale0": 3537, "NDVI": 0.51217359304428101, "NDMI": 0.061029631644487381, "NDBI": -0.061029631644487381, "NDSI": -0.50459587574005127, "NDWI": -0.53161168098449707, "osmnx": null, "PasDeRoute": 91.85033316248078, "motorway": 0.0, "primary": 0.57662737057919011, "secondary": 1.2942080984110713, "tertiary": 2.1399282419272168, "path": 4.1389031266017433, "population": 808.99646884017341, "elevation": 23.607542037963867, "foret_encoder": 0.0, "highway_encoder": 0.0, "foret": null, "PasDeforet": 76.742696053305991, "Châtaignier": 1.5120451050743209, "Chênes décidus": 0.0, "Conifères": 0.0, "Douglas": 0.0, "Feuillus": 21.437724243977446, "Hêtre": 0.0, "Mixte": 0.0, "Mélèze": 0.0, "NC": 0.0, "NR": 0.30753459764223479, "Peuplier": 0.0, "Pin autre": 0.0, "Pin laricio, pin noir": 0.0, "Pin maritime": 0.0, "Pin sylvestre": 0.0, "Pins mélangés": 0.0, "Robinier": 0.0, "Sapin, épicéa": 0.0, "dynamic_world": null, "water": 0.0, "tree": 31.342901076371092, "grass": 0.92260379292670425, "crops": 0.58944131214761664, "shrub": 16.940030753459766, "flooded": 0.025627883136852894, "built": 14.479753972321884, "bare": 0.0, "snow": 0.0, "sinister": 4.0 }, "geometry": { "type": "Polygon", "coordinates": [ [ [ 2.105560761129651, 48.749586550318995 ], [ 2.0916237582175, 48.742737967839126 ], [ 2.094012619475277, 48.730349573274658 ], [ 2.110331638626651, 48.724811072166816 ], [ 2.124264070968214, 48.731658828398679 ], [ 2.121882054376417, 48.744045911595698 ], [ 2.105560761129651, 48.749586550318995 ] ] ] } },
{ "type": "Feature", "properties": { "hex_id": "871fb4518ffffff", "scale0": 3538, "NDVI": 0.45589077472686768, "NDMI": 0.0098356679081916809, "NDBI": -0.0098356679081916809, "NDSI": -0.5148271918296814, "NDWI": -0.50104963779449463, "osmnx": null, "PasDeRoute": 97.605473204104896, "motorway": 0.0, "primary": 0.0, "secondary": 1.0388952236158622, "tertiary": 1.3556315722792347, "path": 0.0, "population": 20.999988221614991, "elevation": 25.348808288574219, "foret_encoder": 0.0, "highway_encoder": 0.0, "foret": null, "PasDeforet": 86.10160902065121, "Châtaignier": 0.5701254275940707, "Chênes décidus": 0.0, "Conifères": 0.0, "Douglas": 0.0, "Feuillus": 13.32826555175472, "Hêtre": 0.0, "Mixte": 0.0, "Mélèze": 0.0, "NC": 0.0, "NR": 0.0, "Peuplier": 0.0, "Pin autre": 0.0, "Pin laricio, pin noir": 0.0, "Pin maritime": 0.0, "Pin sylvestre": 0.0, "Pins mélangés": 0.0, "Robinier": 0.0, "Sapin, épicéa": 0.0, "dynamic_world": null, "water": 0.088686177625744322, "tree": 14.405169137210185, "grass": 0.84885341441783857, "crops": 1.0262257696693273, "shrub": 55.04877739769416, "flooded": 0.21538071709109335, "built": 8.0070948942100593, "bare": 0.0, "snow": 0.0, "sinister": 2.0 }, "geometry": { "type": "Polygon", "coordinates": [ [ [ 1.518141112333757, 49.004434679093009 ], [ 1.504132500924324, 48.997524892454464 ], [ 1.506666066199727, 48.985132472144997 ], [ 1.523201295503051, 48.97965108786051 ], [ 1.537205387490995, 48.986560001657843 ], [ 1.534678769301373, 48.998951172174507 ], [ 1.518141112333757, 49.004434679093009 ] ] ] } },
{ "type": "Feature", "properties": { "hex_id": "871fb6a26ffffff", "scale0": 3539, "NDVI": 0.70778125524520874, "NDMI": 0.18018674850463867, "NDBI": -0.18018674850463867, "NDSI": -0.56959885358810425, "NDWI": -0.66714000701904297, "osmnx": null, "PasDeRoute": 98.776602523257296, "motorway": 0.0, "primary": 0.87931693640881869, "secondary": 0.0, "tertiary": 0.0, "path": 0.34408054033388558, "population": 48.99982803557883, "elevation": 24.416772842407227, "foret_encoder": 2.0, "highway_encoder": 0.0, "foret": null, "PasDeforet": 33.770867847585059, "Châtaignier": 0.0, "Chênes décidus": 66.101694915254242, "Conifères": 0.0, "Douglas": 0.0, "Feuillus": 0.0, "Hêtre": 0.0, "Mixte": 0.0, "Mélèze": 0.0, "NC": 0.0, "NR": 0.12743723716069835, "Peuplier": 0.0, "Pin autre": 0.0, "Pin laricio, pin noir": 0.0, "Pin maritime": 0.0, "Pin sylvestre": 0.0, "Pins mélangés": 0.0, "Robinier": 0.0, "Sapin, épicéa": 0.0, "dynamic_world": null, "water": 0.15292468459283803, "tree": 73.199949025105141, "grass": 12.718236268637694, "crops": 0.79011087039632977, "shrub": 1.631196635656939, "flooded": 0.038231171148209508, "built": 1.0449853447177266, "bare": 0.0, "snow": 0.0, "sinister": 1.0 }, "geometry": { "type": "Polygon", "coordinates": [ [ [ 1.752592600259015, 48.602316203154523 ], [ 1.738681385222489, 48.595396346537747 ], [ 1.741144774194553, 48.582983396192112 ], [ 1.757512539464326, 48.577491585623633 ], [ 1.771419258826522, 48.584410586026941 ], [ 1.768962708279195, 48.596822252817631 ], [ 1.752592600259015, 48.602316203154523 ] ] ] } },
{ "type": "Feature", "properties": { "hex_id": "871fb4424ffffff", "scale0": 3540, "NDVI": 0.52652543783187866, "NDMI": 0.074723817408084869, "NDBI": -0.074723817408084869, "NDSI": -0.52137637138366699, "NDWI": -0.54890131950378418, "osmnx": null, "PasDeRoute": 99.53146764594149, "motorway": 0.0, "primary": 0.0, "secondary": 0.43054324426997592, "tertiary": 0.0, "path": 0.037989109788527292, "population": 196.99913546654014, "elevation": 39.596038818359375, "foret_encoder": 0.0, "highway_encoder": 0.0, "foret": null, "PasDeforet": 45.802203368367735, "Châtaignier": 0.0, "Chênes décidus": 21.071292896036471, "Conifères": 0.0, "Douglas": 0.0, "Feuillus": 28.403191085222236, "Hêtre": 0.0, "Mixte": 0.43054324426997592, "Mélèze": 0.0, "NC": 2.2286944409269345, "NR": 0.0, "Peuplier": 0.0, "Pin autre": 0.0, "Pin laricio, pin noir": 2.0640749651766495, "Pin maritime": 0.0, "Pin sylvestre": 0.0, "Pins mélangés": 0.0, "Robinier": 0.0, "Sapin, épicéa": 0.0, "dynamic_world": null, "water": 0.0, "tree": 48.20818032164113, "grass": 1.4815752817525643, "crops": 0.91173863492465501, "shrub": 32.024819551728505, "flooded": 0.075978219577054584, "built": 3.5456502469292133, "bare": 0.0, "snow": 0.0, "sinister": 0.0 }, "geometry": { "type": "Polygon", "coordinates": [ [ [ 1.579225611689542, 49.0072690052314 ], [ 1.565217547070374, 49.000368960507195 ], [ 1.567737220069687, 48.987979042555388 ], [ 1.584258014102203, 48.982490424256611 ], [ 1.598261549356596, 48.989389601132103 ], [ 1.595748819641046, 49.001778263749749 ], [ 1.579225611689542, 49.0072690052314 ] ] ] } },
{ "type": "Feature", "properties": { "hex_id": "871fb44dcffffff", "scale0": 3541, "NDVI": 0.82019925117492676, "NDMI": 0.31999492645263672, "NDBI": -0.31999492645263672, "NDSI": -0.58571827411651611, "NDWI": -0.75676071643829346, "osmnx": null, "PasDeRoute": 95.170128711609536, "motorway": 0.0, "primary": 0.0, "secondary": 0.75187969924812026, "tertiary": 0.0, "path": 4.0779915891423473, "population": 4.0000188454160197, "elevation": 21.902179718017578, "foret_encoder": 2.0, "highway_encoder": 0.0, "foret": null, "PasDeforet": 1.236141200458774, "Châtaignier": 0.0, "Chênes décidus": 82.948897667898564, "Conifères": 0.0, "Douglas": 0.0, "Feuillus": 13.839683955651841, "Hêtre": 0.0, "Mixte": 0.0, "Mélèze": 0.0, "NC": 0.0, "NR": 1.8988148336944055, "Peuplier": 0.0, "Pin autre": 0.0, "Pin laricio, pin noir": 0.076462342296419017, "Pin maritime": 0.0, "Pin sylvestre": 0.0, "Pins mélangés": 0.0, "Robinier": 0.0, "Sapin, épicéa": 0.0, "dynamic_world": null, "water": 0.0, "tree": 99.184401682171526, "grass": 0.0, "crops": 0.0, "shrub": 0.0, "flooded": 0.0, "built": 0.0, "bare": 0.0, "snow": 0.0, "sinister": 1.0 }, "geometry": { "type": "Polygon", "coordinates": [ [ [ 1.764829176082676, 48.771901360181332 ], [ 1.750879338221853, 48.765002807387674 ], [ 1.753346825619569, 48.752602586023855 ], [ 1.76975727477402, 48.747102196658702 ], [ 1.783702589932983, 48.753999895387885 ], [ 1.7812419783214, 48.766398837149211 ], [ 1.764829176082676, 48.771901360181332 ] ] ] } },
{ "type": "Feature", "properties": { "hex_id": "871fb409dffffff", "scale0": 3542, "NDVI": 0.66447979211807251, "NDMI": 0.21836510300636292, "NDBI": -0.21836510300636292, "NDSI": -0.46914941072463989, "NDWI": -0.60202080011367798, "osmnx": null, "PasDeRoute": 93.217746047934725, "motorway": 0.0, "primary": 1.2621111677715451, "secondary": 0.47169811320754718, "tertiary": 2.7154513003569609, "path": 2.3329933707292199, "population": 3.0007302598707541, "elevation": 49.374958038330078, "foret_encoder": 0.0, "highway_encoder": 0.0, "foret": null, "PasDeforet": 50.497195308516062, "Châtaignier": 21.213666496685367, "Chênes décidus": 9.7909229984701689, "Conifères": 0.0, "Douglas": 0.0, "Feuillus": 18.498215196328406, "Hêtre": 0.0, "Mixte": 0.0, "Mélèze": 0.0, "NC": 0.0, "NR": 0.0, "Peuplier": 0.0, "Pin autre": 0.0, "Pin laricio, pin noir": 0.0, "Pin maritime": 0.0, "Pin sylvestre": 0.0, "Pins mélangés": 0.0, "Robinier": 0.0, "Sapin, épicéa": 0.0, "dynamic_world": null, "water": 1.8995410504844465, "tree": 52.052524222335542, "grass": 1.7975522692503825, "crops": 0.50994390617032126, "shrub": 0.68842427332993372, "flooded": 0.90515043345232027, "built": 36.856195818459966, "bare": 0.0, "snow": 0.0, "sinister": 0.0 }, "geometry": { "type": "Polygon", "coordinates": [ [ [ 1.956671112638289, 49.042774657672524 ], [ 1.942662810669435, 49.035936924395102 ], [ 1.945097419712235, 49.023564135772865 ], [ 1.961533407308478, 49.018030368833138 ], [ 1.975537116559759, 49.024867265368719 ], [ 1.973109430590081, 49.037238765186849 ], [ 1.956671112638289, 49.042774657672524 ] ] ] } },
{ "type": "Feature", "properties": { "hex_id": "871fb6a2cffffff", "scale0": 3543, "NDVI": 0.45625373721122742, "NDMI": 0.036945972591638565, "NDBI": -0.036945972591638565, "NDSI": -0.46625369787216187, "NDWI": -0.48529329895973206, "osmnx": null, "PasDeRoute": 98.198083067092654, "motorway": 0.0, "primary": 0.0, "secondary": 1.4952076677316293, "tertiary": 0.30670926517571884, "path": 0.0, "population": 13.000614831697636, "elevation": 14.361794471740723, "foret_encoder": 0.0, "highway_encoder": 0.0, "foret": null, "PasDeforet": 98.926517571884986, "Châtaignier": 0.0, "Chênes décidus": 0.0, "Conifères": 0.0, "Douglas": 0.0, "Feuillus": 1.0734824281150159, "Hêtre": 0.0, "Mixte": 0.0, "Mélèze": 0.0, "NC": 0.0, "NR": 0.0, "Peuplier": 0.0, "Pin autre": 0.0, "Pin laricio, pin noir": 0.0, "Pin maritime": 0.0, "Pin sylvestre": 0.0, "Pins mélangés": 0.0, "Robinier": 0.0, "Sapin, épicéa": 0.0, "dynamic_world": null, "water": 0.0, "tree": 0.66453674121405748, "grass": 0.30670926517571884, "crops": 0.25559105431309903, "shrub": 84.012779552715656, "flooded": 0.10223642172523961, "built": 5.2523961661341847, "bare": 0.0, "snow": 0.0, "sinister": 2.0 }, "geometry": { "type": "Polygon", "coordinates": [ [ [ 1.843413050028137, 48.606554343177002 ], [ 1.829502842931209, 48.599648964106223 ], [ 1.831945722459393, 48.587239872627357 ], [ 1.848291976187879, 48.581737451577574 ], [ 1.862197673280841, 48.588641981886852 ], [ 1.859761626325844, 48.601049781614442 ], [ 1.843413050028137, 48.606554343177002 ] ] ] } },
{ "type": "Feature", "properties": { "hex_id": "871fb6a04ffffff", "scale0": 3544, "NDVI": 0.47714090347290039, "NDMI": 0.048219509422779083, "NDBI": -0.048219509422779083, "NDSI": -0.49916574358940125, "NDWI": -0.51322174072265625, "osmnx": null, "PasDeRoute": 97.892451143185582, "motorway": 0.0, "primary": 0.0, "secondary": 0.0, "tertiary": 1.4305786179588709, "path": 0.67697023885553709, "population": 1.0000329794780343, "elevation": 12.847801208496094, "foret_encoder": 0.0, "highway_encoder": 0.0, "foret": null, "PasDeforet": 93.472985055562646, "Châtaignier": 0.0, "Chênes décidus": 5.2113935368501725, "Conifères": 0.0, "Douglas": 0.0, "Feuillus": 1.3156214075871759, "Hêtre": 0.0, "Mixte": 0.0, "Mélèze": 0.0, "NC": 0.0, "NR": 0.0, "Peuplier": 0.0, "Pin autre": 0.0, "Pin laricio, pin noir": 0.0, "Pin maritime": 0.0, "Pin sylvestre": 0.0, "Pins mélangés": 0.0, "Robinier": 0.0, "Sapin, épicéa": 0.0, "dynamic_world": null, "water": 0.0, "tree": 7.5616298377826032, "grass": 0.28100651424192108, "crops": 3.0399795631626003, "shrub": 68.769957849022873, "flooded": 0.29377953761655384, "built": 4.6493805083663302, "bare": 0.0, "snow": 0.0, "sinister": 0.0 }, "geometry": { "type": "Polygon", "coordinates": [ [ [ 1.790231404318339, 48.566503022867167 ], [ 1.776329180832887, 48.559584877269053 ], [ 1.778782553645028, 48.547170837618445 ], [ 1.795131322044754, 48.541676231237354 ], [ 1.809029049458406, 48.548593523436189 ], [ 1.806582504226757, 48.561006275022194 ], [ 1.790231404318339, 48.566503022867167 ] ] ] } },
{ "type": "Feature", "properties": { "hex_id": "871fb4543ffffff", "scale0": 3545, "NDVI": 0.59780555963516235, "NDMI": 0.12049433588981628, "NDBI": -0.12049433588981628, "NDSI": -0.51927250623703003, "NDWI": -0.58268004655838013, "osmnx": null, "PasDeRoute": 98.831449256954158, "motorway": 0.0, "primary": 0.5207671789660866, "secondary": 0.0, "tertiary": 0.0, "path": 0.64778356407976623, "population": 5.0000329794780347, "elevation": 30.505962371826172, "foret_encoder": 0.0, "highway_encoder": 0.0, "foret": null, "PasDeforet": 60.180363266861427, "Châtaignier": 0.0, "Chênes décidus": 0.0, "Conifères": 0.0, "Douglas": 0.0, "Feuillus": 39.47669249333164, "Hêtre": 0.0, "Mixte": 0.34294423980693511, "Mélèze": 0.0, "NC": 0.0, "NR": 0.0, "Peuplier": 0.0, "Pin autre": 0.0, "Pin laricio, pin noir": 0.0, "Pin maritime": 0.0, "Pin sylvestre": 0.0, "Pins mélangés": 0.0, "Robinier": 0.0, "Sapin, épicéa": 0.0, "dynamic_world": null, "water": 0.26673440873872734, "tree": 38.955925314365551, "grass": 3.1373047123078877, "crops": 1.4225835132732123, "shrub": 22.189762479359835, "flooded": 0.025403277022735933, "built": 7.2399339514797409, "bare": 0.0, "snow": 0.0, "sinister": 0.0 }, "geometry": { "type": "Polygon", "coordinates": [ [ [ 1.724352498984218, 49.051349176234183 ], [ 1.710337155151861, 49.044476604596348 ], [ 1.712825373829979, 49.032095486286558 ], [ 1.729321993329414, 49.026588206508109 ], [ 1.743332778678579, 49.033459922382931 ], [ 1.740851502693337, 49.045839773395699 ], [ 1.724352498984218, 49.051349176234183 ] ] ] } },
{ "type": "Feature", "properties": { "hex_id": "871fb4555ffffff", "scale0": 3546, "NDVI": 0.58985704183578491, "NDMI": 0.16079512238502502, "NDBI": -0.16079512238502502, "NDSI": -0.42821186780929565, "NDWI": -0.52895301580429077, "osmnx": null, "PasDeRoute": 96.010672087409475, "motorway": 0.0, "primary": 0.0, "secondary": 1.8422055647312923, "tertiary": 1.1434379367297676, "path": 1.0036844111294625, "population": 26.001180194178222, "elevation": 13.446765899658203, "foret_encoder": 0.0, "highway_encoder": 0.0, "foret": null, "PasDeforet": 48.621522042942445, "Châtaignier": 0.0, "Chênes décidus": 45.610468809554064, "Conifères": 0.0, "Douglas": 0.0, "Feuillus": 4.0020327785541863, "Hêtre": 0.0, "Mixte": 0.0, "Mélèze": 0.0, "NC": 1.7659763689493075, "NR": 0.0, "Peuplier": 0.0, "Pin autre": 0.0, "Pin laricio, pin noir": 0.0, "Pin maritime": 0.0, "Pin sylvestre": 0.0, "Pins mélangés": 0.0, "Robinier": 0.0, "Sapin, épicéa": 0.0, "dynamic_world": null, "water": 3.455723542116631, "tree": 44.64489899631559, "grass": 8.4741455977639433, "crops": 1.2958963282937366, "shrub": 4.0909668402998349, "flooded": 0.12704865963664083, "built": 8.9823402363105078, "bare": 0.0, "snow": 0.0, "sinister": 4.0 }, "geometry": { "type": "Polygon", "coordinates": [ [ [ 1.663301693248101, 49.048607177619431 ], [ 1.649285723553356, 49.041724875391743 ], [ 1.651787833493842, 49.029341230763535 ], [ 1.668298966210416, 49.02384114973745 ], [ 1.682310387271443, 49.030722591194461 ], [ 1.679815223937913, 49.043104974043665 ], [ 1.663301693248101, 49.048607177619431 ] ] ] } },
{ "type": "Feature", "properties": { "hex_id": "871fb44d6ffffff", "scale0": 3547, "NDVI": 0.81296879053115845, "NDMI": 0.36496004462242126, "NDBI": -0.36496004462242126, "NDSI": -0.53875315189361572, "NDWI": -0.75526154041290283, "osmnx": null, "PasDeRoute": 97.685656154628688, "motorway": 0.0, "primary": 0.0, "secondary": 0.0, "tertiary": 0.36876907426246186, "path": 1.9455747711088502, "population": 1.0000918714030951, "elevation": 49.779632568359375, "foret_encoder": 2.0, "highway_encoder": 0.0, "foret": null, "PasDeforet": 11.775178026449645, "Châtaignier": 0.0, "Chênes décidus": 35.948626653102743, "Conifères": 1.7421159715157681, "Douglas": 0.0, "Feuillus": 7.782299084435401, "Hêtre": 0.0, "Mixte": 7.3880976602238055, "Mélèze": 0.0, "NC": 0.64852492370295012, "NR": 5.6714140386571721, "Peuplier": 0.0, "Pin autre": 0.0, "Pin laricio, pin noir": 0.53407934893184128, "Pin maritime": 0.0, "Pin sylvestre": 28.50966429298067, "Pins mélangés": 0.0, "Robinier": 0.0, "Sapin, épicéa": 0.0, "dynamic_world": null, "water": 0.0, "tree": 93.578331637843334, "grass": 2.9501525940996949, "crops": 0.0, "shrub": 0.0, "flooded": 0.0, "built": 0.0, "bare": 0.0, "snow": 0.0, "sinister": 1.0 }, "geometry": { "type": "Polygon", "coordinates": [ [ [ 1.673697068576357, 48.767677356509225 ], [ 1.659746280209109, 48.760764274862929 ], [ 1.662234406620583, 48.748360231160845 ], [ 1.678666439487814, 48.742870540071053 ], [ 1.692612719693404, 48.749782760183059 ], [ 1.690131474884942, 48.762185532520057 ], [ 1.673697068576357, 48.767677356509225 ] ] ] } },
{ "type": "Feature", "properties": { "hex_id": "871fb6b35ffffff", "scale0": 3548, "NDVI": 0.5753706693649292, "NDMI": 0.075450420379638672, "NDBI": -0.075450420379638672, "NDSI": -0.55452871322631836, "NDWI": -0.58815020322799683, "osmnx": null, "PasDeRoute": 99.222335543090253, "motorway": 0.0, "primary": 0.0, "secondary": 0.77766445690973995, "tertiary": 0.0, "path": 0.0, "population": 6.0000023556770037, "elevation": 35.619998931884766, "foret_encoder": 0.0, "highway_encoder": 0.0, "foret": null, "PasDeforet": 72.819989801121878, "Châtaignier": 0.0, "Chênes décidus": 9.2044875063742975, "Conifères": 0.0, "Douglas": 0.0, "Feuillus": 17.567567567567568, "Hêtre": 0.0, "Mixte": 0.40795512493625702, "Mélèze": 0.0, "NC": 0.0, "NR": 0.0, "Peuplier": 0.0, "Pin autre": 0.0, "Pin laricio, pin noir": 0.0, "Pin maritime": 0.0, "Pin sylvestre": 0.0, "Pins mélangés": 0.0, "Robinier": 0.0, "Sapin, épicéa": 0.0, "dynamic_world": null, "water": 0.0, "tree": 28.403875573686893, "grass": 2.5242223355430902, "crops": 0.40795512493625702, "shrub": 31.718510963793982, "flooded": 0.050994390617032127, "built": 3.0086690464048953, "bare": 0.0, "snow": 0.0, "sinister": 1.0 }, "geometry": { "type": "Polygon", "coordinates": [ [ [ 1.608954525049612, 48.708265317184527 ], [ 1.595016049763864, 48.70133544932964 ], [ 1.597516515578564, 48.688924600112856 ], [ 1.61394858347273, 48.683444885548475 ], [ 1.627882569324355, 48.690373886207354 ], [ 1.625388976415073, 48.702783468227452 ], [ 1.608954525049612, 48.708265317184527 ] ] ] } },
{ "type": "Feature", "properties": { "hex_id": "871fb44d9ffffff", "scale0": 3549, "NDVI": 0.73450732231140137, "NDMI": 0.22959552705287933, "NDBI": -0.22959552705287933, "NDSI": -0.55225813388824463, "NDWI": -0.67990463972091675, "osmnx": null, "PasDeRoute": 96.687054026503574, "motorway": 0.0, "primary": 1.3379204892966361, "secondary": 0.0, "tertiary": 0.38226299694189603, "path": 1.5927624872579, "population": 9.0000800930180826, "elevation": 16.711908340454102, "foret_encoder": 0.0, "highway_encoder": 0.0, "foret": null, "PasDeforet": 36.136595310907239, "Châtaignier": 0.0, "Chênes décidus": 27.994393476044856, "Conifères": 0.0, "Douglas": 0.0, "Feuillus": 33.881243628950052, "Hêtre": 0.0, "Mixte": 0.81549439347604491, "Mélèze": 0.0, "NC": 0.75178389398572887, "NR": 0.0, "Peuplier": 0.42048929663608559, "Pin autre": 0.0, "Pin laricio, pin noir": 0.0, "Pin maritime": 0.0, "Pin sylvestre": 0.0, "Pins mélangés": 0.0, "Robinier": 0.0, "Sapin, épicéa": 0.0, "dynamic_world": null, "water": 0.0, "tree": 67.711518858307855, "grass": 6.2436289500509679, "crops": 2.1534148827726809, "shrub": 7.1355759429153922, "flooded": 0.1783893985728848, "built": 2.7013251783893986, "bare": 0.0, "snow": 0.0, "sinister": 0.0 }, "geometry": { "type": "Polygon", "coordinates": [ [ [ 1.814050809493288, 48.755388810757829 ], [ 1.800105832208214, 48.748495948951245 ], [ 1.802561412229738, 48.73609643869203 ], [ 1.818955100863325, 48.730591074454018 ], [ 1.832895550435416, 48.737483086115788 ], [ 1.830446838764105, 48.749881311764113 ], [ 1.814050809493288, 48.755388810757829 ] ] ] } },
{ "type": "Feature", "properties": { "hex_id": "871fb6a13ffffff", "scale0": 3550, "NDVI": 0.54592257738113403, "NDMI": 0.096593759953975677, "NDBI": -0.096593759953975677, "NDSI": -0.50342428684234619, "NDWI": -0.54979950189590454, "osmnx": null, "PasDeRoute": 99.12943285110741, "motorway": 0.0, "primary": 0.0, "secondary": 0.87056714889258735, "tertiary": 0.0, "path": 0.0, "population": 69.001747912335816, "elevation": 17.850713729858398, "foret_encoder": 0.0, "highway_encoder": 0.0, "foret": null, "PasDeforet": 100.0, "Châtaignier": 0.0, "Chênes décidus": 0.0, "Conifères": 0.0, "Douglas": 0.0, "Feuillus": 0.0, "Hêtre": 0.0, "Mixte": 0.0, "Mélèze": 0.0, "NC": 0.0, "NR": 0.0, "Peuplier": 0.0, "Pin autre": 0.0, "Pin laricio, pin noir": 0.0, "Pin maritime": 0.0, "Pin sylvestre": 0.0, "Pins mélangés": 0.0, "Robinier": 0.0, "Sapin, épicéa": 0.0, "dynamic_world": null, "water": 0.0, "tree": 0.89617206503648705, "grass": 1.4210728459864295, "crops": 1.024196645755985, "shrub": 76.776341057483037, "flooded": 0.2688516195109461, "built": 0.40967865830239408, "bare": 0.0, "snow": 0.0, "sinister": 0.0 }, "geometry": { "type": "Polygon", "coordinates": [ [ [ 1.774698938570363, 48.490580542516014 ], [ 1.760813678796083, 48.483651353450107 ], [ 1.763267526124744, 48.471231310512024 ], [ 1.779599821154369, 48.465741745115778 ], [ 1.793480598375377, 48.472670078945725 ], [ 1.791033562805452, 48.48508883301578 ], [ 1.774698938570363, 48.490580542516014 ] ] ] } },
{ "type": "Feature", "properties": { "hex_id": "871fb4724ffffff", "scale0": 3551, "NDVI": 0.6761925220489502, "NDMI": 0.20456123352050781, "NDBI": -0.20456123352050781, "NDSI": -0.5256495475769043, "NDWI": -0.63834190368652344, "osmnx": null, "PasDeRoute": 88.608240847046815, "motorway": 0.0, "primary": 0.0, "secondary": 1.1353488965429264, "tertiary": 1.7221584385763489, "path": 8.5342518178339066, "population": 220.00775724436903, "elevation": 47.796855926513672, "foret_encoder": 5.0, "highway_encoder": 0.0, "foret": null, "PasDeforet": 29.31496364332185, "Châtaignier": 30.271718331419823, "Chênes décidus": 0.0, "Conifères": 0.0, "Douglas": 0.0, "Feuillus": 40.41331802525832, "Hêtre": 0.0, "Mixte": 0.0, "Mélèze": 0.0, "NC": 0.0, "NR": 0.0, "Peuplier": 0.0, "Pin autre": 0.0, "Pin laricio, pin noir": 0.0, "Pin maritime": 0.0, "Pin sylvestre": 0.0, "Pins mélangés": 0.0, "Robinier": 0.0, "Sapin, épicéa": 0.0, "dynamic_world": null, "water": 0.0, "tree": 74.193136879704042, "grass": 3.150912106135987, "crops": 0.63783645873198114, "shrub": 0.65059318790662068, "flooded": 0.68886337543053955, "built": 14.593698175787729, "bare": 0.0, "snow": 0.0, "sinister": 0.0 }, "geometry": { "type": "Polygon", "coordinates": [ [ [ 2.005969112595034, 49.026161994304687 ], [ 1.991965795645123, 49.019329942611314 ], [ 1.994388441167775, 49.006957850084582 ], [ 2.010807487852573, 49.001419102666404 ], [ 2.024806207157504, 49.00825032158707 ], [ 2.022390477075479, 49.020621120300845 ], [ 2.005969112595034, 49.026161994304687 ] ] ] } },
{ "type": "Feature", "properties": { "hex_id": "871fb6b69ffffff", "scale0": 3552, "NDVI": 0.68611359596252441, "NDMI": 0.184324711561203, "NDBI": -0.184324711561203, "NDSI": -0.56172746419906616, "NDWI": -0.65745466947555542, "osmnx": null, "PasDeRoute": 88.363171355498721, "motorway": 0.0, "primary": 0.0, "secondary": 1.6368286445012785, "tertiary": 1.381074168797954, "path": 8.6189258312020449, "population": 8.0000494692170516, "elevation": 44.962436676025391, "foret_encoder": 5.0, "highway_encoder": 0.0, "foret": null, "PasDeforet": 37.570332480818415, "Châtaignier": 3.4910485933503836, "Chênes décidus": 13.593350383631714, "Conifères": 0.0, "Douglas": 0.0, "Feuillus": 44.36061381074169, "Hêtre": 0.0, "Mixte": 0.40920716112531963, "Mélèze": 0.0, "NC": 0.0, "NR": 0.57544757033248084, "Peuplier": 0.0, "Pin autre": 0.0, "Pin laricio, pin noir": 0.0, "Pin maritime": 0.0, "Pin sylvestre": 0.0, "Pins mélangés": 0.0, "Robinier": 0.0, "Sapin, épicéa": 0.0, "dynamic_world": null, "water": 1.5089514066496164, "tree": 70.537084398976972, "grass": 2.4808184143222509, "crops": 0.30690537084398978, "shrub": 5.3069053708439897, "flooded": 0.012787723785166238, "built": 10.281329923273658, "bare": 0.0, "snow": 0.0, "sinister": 3.0 }, "geometry": { "type": "Polygon", "coordinates": [ [ [ 1.972930157538974, 48.725029263398284 ], [ 1.958995706351977, 48.71815741035784 ], [ 1.961413825055229, 48.705761948543987 ], [ 1.977759545207736, 48.700239639418903 ], [ 1.991689449291041, 48.707110655138074 ], [ 1.989278179986923, 48.719504816910863 ], [ 1.972930157538974, 48.725029263398284 ] ] ] } },
{ "type": "Feature", "properties": { "hex_id": "871fb4796ffffff", "scale0": 3553, "NDVI": 0.60121136903762817, "NDMI": 0.12093062698841095, "NDBI": -0.12093062698841095, "NDSI": -0.51455038785934448, "NDWI": -0.57784378528594971, "osmnx": null, "PasDeRoute": 96.374776614756186, "motorway": 0.0, "primary": 0.0, "secondary": 0.0, "tertiary": 1.8126116926219042, "path": 1.8126116926219042, "population": 10.002186068258258, "elevation": 33.653972625732422, "foret_encoder": 0.0, "highway_encoder": 0.0, "foret": null, "PasDeforet": 45.442941026295635, "Châtaignier": 2.3615011488383968, "Chênes décidus": 31.720704620883328, "Conifères": 0.0, "Douglas": 0.0, "Feuillus": 16.36456471789635, "Hêtre": 0.0, "Mixte": 1.404135818228236, "Mélèze": 0.0, "NC": 0.0, "NR": 2.6040336992596376, "Peuplier": 0.10211896859841717, "Pin autre": 0.0, "Pin laricio, pin noir": 0.0, "Pin maritime": 0.0, "Pin sylvestre": 0.0, "Pins mélangés": 0.0, "Robinier": 0.0, "Sapin, épicéa": 0.0, "dynamic_world": null, "water": 1.2637222364054124, "tree": 65.534848098034217, "grass": 4.7357671687515959, "crops": 0.70206790911411798, "shrub": 5.0421240745468472, "flooded": 0.58718406944089863, "built": 10.05871840694409, "bare": 0.0, "snow": 0.0, "sinister": 6.0 }, "geometry": { "type": "Polygon", "coordinates": [ [ [ 1.886233018586484, 48.777415777034157 ], [ 1.872284561479427, 48.77053657121661 ], [ 1.874724557538587, 48.758141484693091 ], [ 1.891106142494521, 48.75262689413848 ], [ 1.905050057675739, 48.759505255866785 ], [ 1.902616929496279, 48.771899051843597 ], [ 1.886233018586484, 48.777415777034157 ] ] ] } },
{ "type": "Feature", "properties": { "hex_id": "871fb4736ffffff", "scale0": 3554, "NDVI": 0.56255137920379639, "NDMI": 0.092608600854873657, "NDBI": -0.092608600854873657, "NDSI": -0.51028889417648315, "NDWI": -0.55835330486297607, "osmnx": null, "PasDeRoute": 92.372448979591837, "motorway": 2.0408163265306123, "primary": 1.7474489795918369, "secondary": 0.0, "tertiary": 2.4617346938775508, "path": 1.3775510204081634, "population": 43.000775017733808, "elevation": 39.899169921875, "foret_encoder": 0.0, "highway_encoder": 0.0, "foret": null, "PasDeforet": 89.693877551020407, "Châtaignier": 0.0, "Chênes décidus": 0.0, "Conifères": 0.0, "Douglas": 0.0, "Feuillus": 9.9872448979591848, "Hêtre": 0.0, "Mixte": 0.0, "Mélèze": 0.0, "NC": 0.31887755102040816, "NR": 0.0, "Peuplier": 0.0, "Pin autre": 0.0, "Pin laricio, pin noir": 0.0, "Pin maritime": 0.0, "Pin sylvestre": 0.0, "Pins mélangés": 0.0, "Robinier": 0.0, "Sapin, épicéa": 0.0, "dynamic_world": null, "water": 0.0, "tree": 12.155612244897959, "grass": 2.410714285714286, "crops": 2.4362244897959187, "shrub": 38.520408163265309, "flooded": 0.19132653061224489, "built": 12.423469387755102, "bare": 0.0, "snow": 0.0, "sinister": 14.0 }, "geometry": { "type": "Polygon", "coordinates": [ [ [ 1.940832909333345, 48.96721875798395 ], [ 1.926841807710662, 48.960369840007004 ], [ 1.929276986876533, 48.947990819037514 ], [ 1.945696360374205, 48.942462005360689 ], [ 1.959682883180483, 48.949310084879301 ], [ 1.957254610966139, 48.961687816135175 ], [ 1.940832909333345, 48.96721875798395 ] ] ] } },
{ "type": "Feature", "properties": { "hex_id": "871fb6b76ffffff", "scale0": 3555, "NDVI": 0.79665917158126831, "NDMI": 0.2825978696346283, "NDBI": -0.2825978696346283, "NDSI": -0.58764183521270752, "NDWI": -0.7415468692779541, "osmnx": null, "PasDeRoute": 95.344387755102048, "motorway": 0.0, "primary": 0.0, "secondary": 0.0, "tertiary": 0.0, "path": 4.6556122448979593, "population": 12.001182549855223, "elevation": 25.770692825317383, "foret_encoder": 13.0, "highway_encoder": 0.0, "foret": null, "PasDeforet": 2.9081632653061225, "Châtaignier": 0.0, "Chênes décidus": 28.316326530612244, "Conifères": 0.0, "Douglas": 0.0, "Feuillus": 3.4948979591836737, "Hêtre": 0.0, "Mixte": 1.5561224489795917, "Mélèze": 0.0, "NC": 0.0, "NR": 0.0, "Peuplier": 0.0, "Pin autre": 0.0, "Pin laricio, pin noir": 60.880102040816332, "Pin maritime": 0.0, "Pin sylvestre": 0.75255102040816324, "Pins mélangés": 2.0918367346938775, "Robinier": 0.0, "Sapin, épicéa": 0.0, "dynamic_world": null, "water": 0.0, "tree": 97.627551020408163, "grass": 0.10204081632653061, "crops": 0.0, "shrub": 0.0, "flooded": 0.012755102040816327, "built": 0.0, "bare": 0.0, "snow": 0.0, "sinister": 4.0 }, "geometry": { "type": "Polygon", "coordinates": [ [ [ 1.779600688275118, 48.697494200473791 ], [ 1.765668262016292, 48.690589391162185 ], [ 1.768129353954466, 48.678184342653786 ], [ 1.784516013989258, 48.672685386257655 ], [ 1.798443926381687, 48.679589342223089 ], [ 1.795989692287421, 48.691993107535012 ], [ 1.779600688275118, 48.697494200473791 ] ] ] } },
{ "type": "Feature", "properties": { "hex_id": "871fb4575ffffff", "scale0": 3556, "NDVI": 0.54592257738113403, "NDMI": 0.096593759953975677, "NDBI": -0.096593759953975677, "NDSI": -0.50342428684234619, "NDWI": -0.54979950189590454, "osmnx": null, "PasDeRoute": 94.876347495244147, "motorway": 0.0, "primary": 0.0, "secondary": 0.0, "tertiary": 3.2720355104629042, "path": 1.8516169942929612, "population": 107.00012956223514, "elevation": 5.8455219268798828, "foret_encoder": 0.0, "highway_encoder": 0.0, "foret": null, "PasDeforet": 44.24857324032974, "Châtaignier": 0.0, "Chênes décidus": 13.405199746353835, "Conifères": 1.978440076093849, "Douglas": 0.0, "Feuillus": 12.580849714648066, "Hêtre": 0.0, "Mixte": 4.3246670894102728, "Mélèze": 0.0, "NC": 18.820545339251744, "NR": 1.9023462270133165, "Peuplier": 0.0, "Pin autre": 0.0, "Pin laricio, pin noir": 2.7393785668991759, "Pin maritime": 0.0, "Pin sylvestre": 0.0, "Pins mélangés": 0.0, "Robinier": 0.0, "Sapin, épicéa": 0.0, "dynamic_world": null, "water": 6.9499048826886494, "tree": 58.693722257450851, "grass": 0.6214331008243501, "crops": 0.64679771718452761, "shrub": 2.5871908687381104, "flooded": 0.22828154724159797, "built": 6.2650602409638561, "bare": 0.0, "snow": 0.0, "sinister": 0.0 }, "geometry": { "type": "Polygon", "coordinates": [ [ [ 1.636758833689361, 49.103630546228011 ], [ 1.622729513572758, 49.096750526596317 ], [ 1.625240007757197, 49.084370021340561 ], [ 1.641772860473331, 49.078870792925926 ], [ 1.655797627761454, 49.085749949891436 ], [ 1.653294094852155, 49.098129197531655 ], [ 1.636758833689361, 49.103630546228011 ] ] ] } },
{ "type": "Feature", "properties": { "hex_id": "871fb4602ffffff", "scale0": 3557, "NDVI": 0.65002292394638062, "NDMI": 0.20319689810276031, "NDBI": -0.20319689810276031, "NDSI": -0.50300991535186768, "NDWI": -0.61602610349655151, "osmnx": null, "PasDeRoute": 82.604794257146523, "motorway": 1.6151775413408536, "primary": 0.41020382002307398, "secondary": 2.4996795282656072, "tertiary": 1.1408793744391745, "path": 11.729265478784772, "population": 5100.9923416940665, "elevation": 45.403423309326172, "foret_encoder": 0.0, "highway_encoder": 0.0, "foret": null, "PasDeforet": 53.621330598641201, "Châtaignier": 4.6788873221381877, "Chênes décidus": 36.751698500192283, "Conifères": 0.0, "Douglas": 0.0, "Feuillus": 3.3072682989360338, "Hêtre": 0.0, "Mixte": 1.3203435456992694, "Mélèze": 0.0, "NC": 0.0, "NR": 0.32047173439302656, "Peuplier": 0.0, "Pin autre": 0.0, "Pin laricio, pin noir": 0.0, "Pin maritime": 0.0, "Pin sylvestre": 0.0, "Pins mélangés": 0.0, "Robinier": 0.0, "Sapin, épicéa": 0.0, "dynamic_world": null, "water": 0.24355851813870019, "tree": 6.9606460710165363, "grass": 3.5251890783232915, "crops": 0.089732085630047434, "shrub": 0.19228304063581592, "flooded": 0.42302268939879506, "built": 38.020766568388673, "bare": 0.051275477502884248, "snow": 0.0, "sinister": 10.0 }, "geometry": { "type": "Polygon", "coordinates": [ [ [ 2.170518499278193, 48.808547135896497 ], [ 2.156569469331403, 48.801715350780242 ], [ 2.158945844553162, 48.789333835532254 ], [ 2.175264396455071, 48.783785420481038 ], [ 2.189208837276337, 48.790616385094296 ], [ 2.186839314961, 48.802996584871202 ], [ 2.170518499278193, 48.808547135896497 ] ] ] } },
{ "type": "Feature", "properties": { "hex_id": "871fb4570ffffff", "scale0": 3558, "NDVI": 0.54592257738113403, "NDMI": 0.096593759953975677, "NDBI": -0.096593759953975677, "NDSI": -0.50342428684234619, "NDWI": -0.54979950189590454, "osmnx": null, "PasDeRoute": 93.130544993662866, "motorway": 0.0, "primary": 0.0, "secondary": 0.0, "tertiary": 2.9784537389100127, "path": 3.8910012674271228, "population": 17.000704347423728, "elevation": 5.8743805885314941, "foret_encoder": 2.0, "highway_encoder": 0.0, "foret": null, "PasDeforet": 15.487959442332066, "Châtaignier": 0.0, "Chênes décidus": 37.845373891001266, "Conifères": 0.0, "Douglas": 0.0, "Feuillus": 1.7110266159695817, "Hêtre": 0.0, "Mixte": 15.50063371356147, "Mélèze": 0.0, "NC": 17.262357414448669, "NR": 0.012674271229404309, "Peuplier": 0.0, "Pin autre": 0.0, "Pin laricio, pin noir": 10.659062103929024, "Pin maritime": 0.0, "Pin sylvestre": 1.520912547528517, "Pins mélangés": 0.0, "Robinier": 0.0, "Sapin, épicéa": 0.0, "dynamic_world": null, "water": 0.0, "tree": 60.912547528517116, "grass": 1.3688212927756656, "crops": 0.29150823827629913, "shrub": 5.6527249683143221, "flooded": 0.076045627376425853, "built": 9.0747782002534869, "bare": 0.0, "snow": 0.0, "sinister": 1.0 }, "geometry": { "type": "Polygon", "coordinates": [ [ [ 1.625240007757197, 49.084370021340561 ], [ 1.611214941551436, 49.077485993176737 ], [ 1.613727276496941, 49.065103600705555 ], [ 1.630257719665271, 49.059606493153616 ], [ 1.644278237744157, 49.066489657616117 ], [ 1.641772860473331, 49.078870792925926 ], [ 1.625240007757197, 49.084370021340561 ] ] ] } },
{ "type": "Feature", "properties": { "hex_id": "871fb4574ffffff", "scale0": 3559, "NDVI": 0.54592257738113403, "NDMI": 0.096593759953975677, "NDBI": -0.096593759953975677, "NDSI": -0.50342428684234619, "NDWI": -0.54979950189590454, "osmnx": null, "PasDeRoute": 97.323693556570262, "motorway": 0.0, "primary": 0.0, "secondary": 0.0, "tertiary": 0.91324200913242004, "path": 1.763064434297311, "population": 99.999870437764883, "elevation": 8.0515241622924805, "foret_encoder": 0.0, "highway_encoder": 0.0, "foret": null, "PasDeforet": 48.05936073059361, "Châtaignier": 0.0, "Chênes décidus": 31.621004566210047, "Conifères": 0.17757483510908167, "Douglas": 0.0, "Feuillus": 5.6443429731100965, "Hêtre": 0.0, "Mixte": 0.0, "Mélèze": 0.0, "NC": 4.4013191273465244, "NR": 5.4160324708269911, "Peuplier": 0.0, "Pin autre": 0.0, "Pin laricio, pin noir": 3.0568239472349061, "Pin maritime": 0.0, "Pin sylvestre": 1.6235413495687467, "Pins mélangés": 0.0, "Robinier": 0.0, "Sapin, épicéa": 0.0, "dynamic_world": null, "water": 11.491628614916285, "tree": 64.535768645357678, "grass": 2.8285134449518008, "crops": 0.57077625570776247, "shrub": 2.1562658548959917, "flooded": 0.43125317097919835, "built": 2.1182141045154741, "bare": 0.0, "snow": 0.0, "sinister": 0.0 }, "geometry": { "type": "Polygon", "coordinates": [ [ [ 1.606186990277614, 49.102248258942637 ], [ 1.592157376210067, 49.095363365608598 ], [ 1.594674833605961, 49.082981605505083 ], [ 1.611214941551436, 49.077485993176737 ], [ 1.625240007757197, 49.084370021340561 ], [ 1.622729513572758, 49.096750526596317 ], [ 1.606186990277614, 49.102248258942637 ] ] ] } },
{ "type": "Feature", "properties": { "hex_id": "871fb4519ffffff", "scale0": 3560, "NDVI": 0.51901900768280029, "NDMI": 0.073065735399723053, "NDBI": -0.073065735399723053, "NDSI": -0.52225309610366821, "NDWI": -0.54609829187393188, "osmnx": null, "PasDeRoute": 98.493098645055085, "motorway": 0.0, "primary": 0.0, "secondary": 1.4562492085602128, "tertiary": 0.0, "path": 0.050652146384703056, "population": 10.000494692170513, "elevation": 30.871337890625, "foret_encoder": 0.0, "highway_encoder": 0.0, "foret": null, "PasDeforet": 41.686716474610613, "Châtaignier": 0.0, "Chênes décidus": 37.254653665949093, "Conifères": 0.0, "Douglas": 0.0, "Feuillus": 17.348360136760796, "Hêtre": 0.0, "Mixte": 0.0, "Mélèze": 0.0, "NC": 0.0, "NR": 0.0, "Peuplier": 0.0, "Pin autre": 0.0, "Pin laricio, pin noir": 0.54451057363555777, "Pin maritime": 0.0, "Pin sylvestre": 3.1657591490439412, "Pins mélangés": 0.0, "Robinier": 0.0, "Sapin, épicéa": 0.0, "dynamic_world": null, "water": 0.0, "tree": 53.881220716727874, "grass": 0.94972774471318233, "crops": 0.70913004938584268, "shrub": 35.00063315182981, "flooded": 0.06331518298087882, "built": 2.0640749651766495, "bare": 0.0, "snow": 0.0, "sinister": 0.0 }, "geometry": { "type": "Polygon", "coordinates": [ [ [ 1.548687111440054, 49.005856086974894 ], [ 1.534678769301373, 48.998951172174507 ], [ 1.537205387490995, 48.986560001657843 ], [ 1.553733402330029, 48.98107499810056 ], [ 1.567737220069687, 48.987979042555388 ], [ 1.565217547070374, 49.000368960507195 ], [ 1.548687111440054, 49.005856086974894 ] ] ] } },
{ "type": "Feature", "properties": { "hex_id": "871fb6a2effffff", "scale0": 3561, "NDVI": 0.49196016788482666, "NDMI": 0.061319857835769653, "NDBI": -0.061319857835769653, "NDSI": -0.48232418298721313, "NDWI": -0.51473838090896606, "osmnx": null, "PasDeRoute": 96.193771626297575, "motorway": 0.0, "primary": 0.0, "secondary": 1.6275791362296552, "tertiary": 0.0, "path": 2.1786492374727668, "population": 1.0000942270800974, "elevation": 14.063579559326172, "foret_encoder": 0.0, "highway_encoder": 0.0, "foret": null, "PasDeforet": 99.359220812508013, "Châtaignier": 0.0, "Chênes décidus": 0.0, "Conifères": 0.0, "Douglas": 0.0, "Feuillus": 0.64077918749199025, "Hêtre": 0.0, "Mixte": 0.0, "Mélèze": 0.0, "NC": 0.0, "NR": 0.0, "Peuplier": 0.0, "Pin autre": 0.0, "Pin laricio, pin noir": 0.0, "Pin maritime": 0.0, "Pin sylvestre": 0.0, "Pins mélangés": 0.0, "Robinier": 0.0, "Sapin, épicéa": 0.0, "dynamic_world": null, "water": 0.03844675124951942, "tree": 0.57670126874279126, "grass": 0.2178649237472767, "crops": 1.2174804562347814, "shrub": 84.826348840189667, "flooded": 0.28194284249647572, "built": 1.4866077149814174, "bare": 0.0, "snow": 0.0, "sinister": 1.0 }, "geometry": { "type": "Polygon", "coordinates": [ [ [ 1.831945722459393, 48.587239872627357 ], [ 1.818039676594094, 48.580330520712941 ], [ 1.820484390197446, 48.56791959798047 ], [ 1.836828320242588, 48.562419318043112 ], [ 1.850729860689674, 48.569327820118616 ], [ 1.848291976187879, 48.581737451577574 ], [ 1.831945722459393, 48.587239872627357 ] ] ] } },
{ "type": "Feature", "properties": { "hex_id": "871fb6a23ffffff", "scale0": 3562, "NDVI": 0.40938815474510193, "NDMI": 0.00090536638163030148, "NDBI": -0.00090536638163030148, "NDSI": -0.47703284025192261, "NDWI": -0.46607807278633118, "osmnx": null, "PasDeRoute": 97.889755723238267, "motorway": 0.0, "primary": 0.0, "secondary": 1.6498273436500832, "tertiary": 0.46041693311165111, "path": 0.0, "population": 1.0000329794780343, "elevation": 14.149537086486816, "foret_encoder": 0.0, "highway_encoder": 0.0, "foret": null, "PasDeforet": 98.695485356183653, "Châtaignier": 0.0, "Chênes décidus": 0.0, "Conifères": 0.0, "Douglas": 0.0, "Feuillus": 1.3045146438163449, "Hêtre": 0.0, "Mixte": 0.0, "Mélèze": 0.0, "NC": 0.0, "NR": 0.0, "Peuplier": 0.0, "Pin autre": 0.0, "Pin laricio, pin noir": 0.0, "Pin maritime": 0.0, "Pin sylvestre": 0.0, "Pins mélangés": 0.0, "Robinier": 0.0, "Sapin, épicéa": 0.0, "dynamic_world": null, "water": 0.0, "tree": 0.6906253996674766, "grass": 1.4835656733597646, "crops": 10.295434198746642, "shrub": 60.762245811484853, "flooded": 0.076736155518608518, "built": 4.118173679498657, "bare": 0.0, "snow": 0.0, "sinister": 0.0 }, "geometry": { "type": "Polygon", "coordinates": [ [ [ 1.801686246281996, 48.585829409424335 ], [ 1.787779859658105, 48.578915234143487 ], [ 1.790231404318339, 48.566503022867167 ], [ 1.806582504226757, 48.561006275022194 ], [ 1.820484390197446, 48.56791959798047 ], [ 1.818039676594094, 48.580330520712941 ], [ 1.801686246281996, 48.585829409424335 ] ] ] } },
{ "type": "Feature", "properties": { "hex_id": "871fb470bffffff", "scale0": 3563, "NDVI": 0.46741905808448792, "NDMI": 0.087846443057060242, "NDBI": -0.087846443057060242, "NDSI": -0.39444401860237122, "NDWI": -0.4555850625038147, "osmnx": null, "PasDeRoute": 92.025089605734763, "motorway": 0.0, "primary": 2.6881720430107525, "secondary": 0.012800819252432157, "tertiary": 3.4946236559139781, "path": 1.7793138760880696, "population": 2398.0092625219736, "elevation": 6.5938973426818848, "foret_encoder": 0.0, "highway_encoder": 0.0, "foret": null, "PasDeforet": 100.0, "Châtaignier": 0.0, "Chênes décidus": 0.0, "Conifères": 0.0, "Douglas": 0.0, "Feuillus": 0.0, "Hêtre": 0.0, "Mixte": 0.0, "Mélèze": 0.0, "NC": 0.0, "NR": 0.0, "Peuplier": 0.0, "Pin autre": 0.0, "Pin laricio, pin noir": 0.0, "Pin maritime": 0.0, "Pin sylvestre": 0.0, "Pins mélangés": 0.0, "Robinier": 0.0, "Sapin, épicéa": 0.0, "dynamic_world": null, "water": 0.0, "tree": 0.03840245775729647, "grass": 0.0, "crops": 0.0, "shrub": 0.012800819252432157, "flooded": 0.089605734767025089, "built": 99.206349206349216, "bare": 0.0, "snow": 0.0, "sinister": 26.0 }, "geometry": { "type": "Polygon", "coordinates": [ [ [ 2.149111014741867, 48.919935000211005 ], [ 2.135135714135973, 48.913112751319304 ], [ 2.137521372942702, 48.900738497100939 ], [ 2.153875452071862, 48.895187801495474 ], [ 2.167846149777739, 48.902009228812084 ], [ 2.165467370894434, 48.914382172916177 ], [ 2.149111014741867, 48.919935000211005 ] ] ] } },
{ "type": "Feature", "properties": { "hex_id": "871fb47a8ffffff", "scale0": 3564, "NDVI": 0.4726044237613678, "NDMI": 0.029933840036392212, "NDBI": -0.029933840036392212, "NDSI": -0.492828369140625, "NDWI": -0.50102198123931885, "osmnx": null, "PasDeRoute": 96.472392638036808, "motorway": 0.0, "primary": 0.0, "secondary": 2.1728016359918199, "tertiary": 0.0, "path": 1.3548057259713702, "population": 109.00041695482945, "elevation": 26.066427230834961, "foret_encoder": 0.0, "highway_encoder": 0.0, "foret": null, "PasDeforet": 93.264314928425364, "Châtaignier": 0.0, "Chênes décidus": 0.0, "Conifères": 0.0, "Douglas": 0.0, "Feuillus": 6.7356850715746415, "Hêtre": 0.0, "Mixte": 0.0, "Mélèze": 0.0, "NC": 0.0, "NR": 0.0, "Peuplier": 0.0, "Pin autre": 0.0, "Pin laricio, pin noir": 0.0, "Pin maritime": 0.0, "Pin sylvestre": 0.0, "Pins mélangés": 0.0, "Robinier": 0.0, "Sapin, épicéa": 0.0, "dynamic_world": null, "water": 0.076687116564417179, "tree": 14.212678936605316, "grass": 3.8982617586912065, "crops": 3.5403885480572597, "shrub": 33.588957055214728, "flooded": 0.10224948875255625, "built": 10.736196319018406, "bare": 0.0, "snow": 0.0, "sinister": 3.0 }, "geometry": { "type": "Polygon", "coordinates": [ [ [ 2.023378303265781, 48.858428793534053 ], [ 2.009414273541637, 48.851580055040486 ], [ 2.011826208421929, 48.839196284727876 ], [ 2.028195296934649, 48.833662553099472 ], [ 2.042154751897585, 48.840510459280694 ], [ 2.039749692762938, 48.852892929008355 ], [ 2.023378303265781, 48.858428793534053 ] ] ] } },
{ "type": "Feature", "properties": { "hex_id": "871fb4416ffffff", "scale0": 3565, "NDVI": 0.53400313854217529, "NDMI": 0.063978083431720734, "NDBI": -0.063978083431720734, "NDSI": -0.52881389856338501, "NDWI": -0.5516350269317627, "osmnx": null, "PasDeRoute": 96.666244137406522, "motorway": 0.0, "primary": 0.0, "secondary": 0.0, "tertiary": 2.0661680821396882, "path": 1.2675877804537965, "population": 2.000275614209285, "elevation": 15.458114624023438, "foret_encoder": 0.0, "highway_encoder": 0.0, "foret": null, "PasDeforet": 90.264925846114835, "Châtaignier": 0.0, "Chênes décidus": 1.3943465584991761, "Conifères": 0.0, "Douglas": 0.0, "Feuillus": 8.011154772467993, "Hêtre": 0.0, "Mixte": 0.12675877804537963, "Mélèze": 0.0, "NC": 0.20281404487260743, "NR": 0.0, "Peuplier": 0.0, "Pin autre": 0.0, "Pin laricio, pin noir": 0.0, "Pin maritime": 0.0, "Pin sylvestre": 0.0, "Pins mélangés": 0.0, "Robinier": 0.0, "Sapin, épicéa": 0.0, "dynamic_world": null, "water": 0.0, "tree": 12.688553682342501, "grass": 3.6633286855114715, "crops": 0.12675877804537963, "shrub": 54.975282038281151, "flooded": 0.025351755609075929, "built": 3.8281150969704649, "bare": 0.0, "snow": 0.0, "sinister": 0.0 }, "geometry": { "type": "Polygon", "coordinates": [ [ [ 1.540877358000685, 48.892882341981725 ], [ 1.52689501970541, 48.885963189395483 ], [ 1.529418703385404, 48.873563306269105 ], [ 1.545917805215328, 48.86808383065484 ], [ 1.55989563720317, 48.875002111640342 ], [ 1.557378873372039, 48.887400739436984 ], [ 1.540877358000685, 48.892882341981725 ] ] ] } },
{ "type": "Feature", "properties": { "hex_id": "871fb470dffffff", "scale0": 3566, "NDVI": 0.44754412770271301, "NDMI": 0.051955025643110275, "NDBI": -0.051955025643110275, "NDSI": -0.4154244065284729, "NDWI": -0.44943717122077942, "osmnx": null, "PasDeRoute": 93.821159012408856, "motorway": 0.0, "primary": 1.1257515670973519, "secondary": 1.1129589356530638, "tertiary": 0.051170525777152365, "path": 3.8889599590635795, "population": 1176.0050623498782, "elevation": 5.9336833953857422, "foret_encoder": 0.0, "highway_encoder": 0.0, "foret": null, "PasDeforet": 99.027760010234104, "Châtaignier": 0.0, "Chênes décidus": 0.95944735832160688, "Conifères": 0.0, "Douglas": 0.0, "Feuillus": 0.0, "Hêtre": 0.0, "Mixte": 0.0, "Mélèze": 0.0, "NC": 0.012792631444288091, "NR": 0.0, "Peuplier": 0.0, "Pin autre": 0.0, "Pin laricio, pin noir": 0.0, "Pin maritime": 0.0, "Pin sylvestre": 0.0, "Pins mélangés": 0.0, "Robinier": 0.0, "Sapin, épicéa": 0.0, "dynamic_world": null, "water": 8.0849430727900717, "tree": 7.1894588716899062, "grass": 0.83152104387872583, "crops": 0.31981578610720224, "shrub": 8.8013304336702056, "flooded": 0.29423052321862608, "built": 58.935653063835233, "bare": 0.0, "snow": 0.0, "sinister": 8.0 }, "geometry": { "type": "Polygon", "coordinates": [ [ [ 2.14195660469951, 48.957049699800358 ], [ 2.127972526104517, 48.950230634528161 ], [ 2.130361291382332, 48.937858821171417 ], [ 2.146727245931887, 48.932307381010155 ], [ 2.160706717023718, 48.939125624335524 ], [ 2.158324840709216, 48.951496129375066 ], [ 2.14195660469951, 48.957049699800358 ] ] ] } },
{ "type": "Feature", "properties": { "hex_id": "871fb6b59ffffff", "scale0": 3567, "NDVI": 0.82858198881149292, "NDMI": 0.29340004920959473, "NDBI": -0.29340004920959473, "NDSI": -0.61468589305877686, "NDWI": -0.76688706874847412, "osmnx": null, "PasDeRoute": 98.695318495778977, "motorway": 0.0, "primary": 0.0, "secondary": 0.31977487848554614, "tertiary": 0.29419288820670247, "path": 0.69071373752877974, "population": 22.999997644323003, "elevation": 37.186748504638672, "foret_encoder": 5.0, "highway_encoder": 0.0, "foret": null, "PasDeforet": 0.29419288820670247, "Châtaignier": 3.8628805321053976, "Chênes décidus": 47.339473011000251, "Conifères": 0.0, "Douglas": 0.0, "Feuillus": 48.465080583269376, "Hêtre": 0.0, "Mixte": 0.0, "Mélèze": 0.0, "NC": 0.0, "NR": 0.0, "Peuplier": 0.0, "Pin autre": 0.0, "Pin laricio, pin noir": 0.0, "Pin maritime": 0.0, "Pin sylvestre": 0.0, "Pins mélangés": 0.038372985418265539, "Robinier": 0.0, "Sapin, épicéa": 0.0, "dynamic_world": null, "water": 0.0, "tree": 96.674341263750321, "grass": 0.0, "crops": 0.0, "shrub": 0.0, "flooded": 0.0, "built": 0.0, "bare": 0.0, "snow": 0.0, "sinister": 0.0 }, "geometry": { "type": "Polygon", "coordinates": [ [ [ 1.945658420876348, 48.630007602685986 ], [ 1.931745141109048, 48.623120662048997 ], [ 1.934165681918573, 48.610717289080412 ], [ 1.950492672079891, 48.605202156755446 ], [ 1.964401423027204, 48.612088257173419 ], [ 1.961987712298916, 48.624490329743885 ], [ 1.945658420876348, 48.630007602685986 ] ] ] } },
{ "type": "Feature", "properties": { "hex_id": "871fb4489ffffff", "scale0": 3568, "NDVI": 0.68799883127212524, "NDMI": 0.2177424430847168, "NDBI": -0.2177424430847168, "NDSI": -0.53410786390304565, "NDWI": -0.6580277681350708, "osmnx": null, "PasDeRoute": 97.86531130876746, "motorway": 0.0, "primary": 0.29224904701397714, "secondary": 0.0, "tertiary": 1.5247776365946633, "path": 0.31766200762388819, "population": 66.000148407651167, "elevation": 33.169921875, "foret_encoder": 0.0, "highway_encoder": 0.0, "foret": null, "PasDeforet": 43.290978398983484, "Châtaignier": 0.0, "Chênes décidus": 0.0, "Conifères": 0.0, "Douglas": 0.0, "Feuillus": 31.016518424396445, "Hêtre": 0.0, "Mixte": 2.9860228716645487, "Mélèze": 0.0, "NC": 0.0, "NR": 0.0, "Peuplier": 0.0, "Pin autre": 0.0, "Pin laricio, pin noir": 0.0, "Pin maritime": 0.0, "Pin sylvestre": 22.70648030495553, "Pins mélangés": 0.0, "Robinier": 0.0, "Sapin, épicéa": 0.0, "dynamic_world": null, "water": 0.088945362134688691, "tree": 57.001270648030498, "grass": 1.2325285895806861, "crops": 0.19059720457433291, "shrub": 13.01143583227446, "flooded": 0.088945362134688691, "built": 8.5641677255400257, "bare": 0.0, "snow": 0.0, "sinister": 8.0 }, "geometry": { "type": "Polygon", "coordinates": [ [ [ 1.654766794813725, 48.785569930014219 ], [ 1.640811498526922, 48.778655985402679 ], [ 1.643304684908426, 48.766252523484937 ], [ 1.659746280209109, 48.760764274862929 ], [ 1.673697068576357, 48.767677356509225 ], [ 1.671210769255684, 48.780079549343014 ], [ 1.654766794813725, 48.785569930014219 ] ] ] } },
{ "type": "Feature", "properties": { "hex_id": "871fb4549ffffff", "scale0": 3569, "NDVI": null, "NDMI": null, "NDBI": null, "NDSI": null, "NDWI": null, "osmnx": null, "PasDeRoute": null, "motorway": null, "primary": null, "secondary": null, "tertiary": null, "path": null, "population": null, "elevation": null, "foret_encoder": null, "highway_encoder": null, "foret": null, "PasDeforet": null, "Châtaignier": null, "Chênes décidus": null, "Conifères": null, "Douglas": null, "Feuillus": null, "Hêtre": null, "Mixte": null, "Mélèze": null, "NC": null, "NR": null, "Peuplier": null, "Pin autre": null, "Pin laricio, pin noir": null, "Pin maritime": null, "Pin sylvestre": null, "Pins mélangés": null, "Robinier": null, "Sapin, épicéa": null, "dynamic_world": null, "water": null, "tree": null, "grass": null, "crops": null, "shrub": null, "flooded": null, "built": null, "bare": null, "snow": null, "sinister": null }, "geometry": { "type": "Polygon", "coordinates": [ [ [ 1.815871732234564, 49.055398740406268 ], [ 1.801857388873426, 49.048540751158015 ], [ 1.804324785404568, 49.036163443001065 ], [ 1.820799588229717, 49.030645399243724 ], [ 1.834809358422316, 49.037502540248965 ], [ 1.832348898630485, 49.049878572852663 ], [ 1.815871732234564, 49.055398740406268 ] ] ] } },
{ "type": "Feature", "properties": { "hex_id": "871fb4558ffffff", "scale0": 3570, "NDVI": null, "NDMI": null, "NDBI": null, "NDSI": null, "NDWI": null, "osmnx": null, "PasDeRoute": null, "motorway": null, "primary": null, "secondary": null, "tertiary": null, "path": null, "population": null, "elevation": null, "foret_encoder": null, "highway_encoder": null, "foret": null, "PasDeforet": null, "Châtaignier": null, "Chênes décidus": null, "Conifères": null, "Douglas": null, "Feuillus": null, "Hêtre": null, "Mixte": null, "Mélèze": null, "NC": null, "NR": null, "Peuplier": null, "Pin autre": null, "Pin laricio, pin noir": null, "Pin maritime": null, "Pin sylvestre": null, "Pins mélangés": null, "Robinier": null, "Sapin, épicéa": null, "dynamic_world": null, "water": null, "tree": null, "grass": null, "crops": null, "shrub": null, "flooded": null, "built": null, "bare": null, "snow": null, "sinister": null }, "geometry": { "type": "Polygon", "coordinates": [ [ [ 1.731805120504786, 49.014206473010674 ], [ 1.717798566983625, 49.00733075204738 ], [ 1.720283542850083, 48.994947138404285 ], [ 1.736768138333582, 48.989440514461101 ], [ 1.750770137838128, 48.996315380077547 ], [ 1.748292095557435, 49.008697724581353 ], [ 1.731805120504786, 49.014206473010674 ] ] ] } },
{ "type": "Feature", "properties": { "hex_id": "871fb6a70ffffff", "scale0": 3571, "NDVI": 0.81395959854125977, "NDMI": 0.29372423887252808, "NDBI": -0.29372423887252808, "NDSI": -0.61373120546340942, "NDWI": -0.75844848155975342, "osmnx": null, "PasDeRoute": 92.921261862015896, "motorway": 1.0259040779687099, "primary": 1.4490895101308028, "secondary": 0.12823800974608873, "tertiary": 0.0, "path": 4.4755065401384968, "population": 1.0000918714030951, "elevation": 27.747377395629883, "foret_encoder": 0.0, "highway_encoder": 0.0, "foret": null, "PasDeforet": 68.735573223903572, "Châtaignier": 2.1287509617850731, "Chênes décidus": 19.440882277507054, "Conifères": 0.0, "Douglas": 0.0, "Feuillus": 5.9502436522185178, "Hêtre": 0.0, "Mixte": 0.0, "Mélèze": 0.0, "NC": 0.16670941266991535, "NR": 0.0, "Peuplier": 1.1926134906386252, "Pin autre": 0.0, "Pin laricio, pin noir": 0.0, "Pin maritime": 0.0, "Pin sylvestre": 2.3852269812772504, "Pins mélangés": 0.0, "Robinier": 0.0, "Sapin, épicéa": 0.0, "dynamic_world": null, "water": 0.0, "tree": 59.194665298794561, "grass": 3.3085406514490892, "crops": 0.12823800974608873, "shrub": 7.8225185945114131, "flooded": 0.14106181072069762, "built": 21.06950500128238, "bare": 0.0, "snow": 0.0, "sinister": 1.0 }, "geometry": { "type": "Polygon", "coordinates": [ [ [ 1.941421039463443, 48.573502431226864 ], [ 1.927520583574086, 48.566608381204169 ], [ 1.929939838084553, 48.554200809148846 ], [ 1.94625273042419, 48.548688588412389 ], [ 1.960148666532063, 48.555581797458025 ], [ 1.957736229748914, 48.567988067826647 ], [ 1.941421039463443, 48.573502431226864 ] ] ] } },
{ "type": "Feature", "properties": { "hex_id": "871fb6ae3ffffff", "scale0": 3572, "NDVI": 0.54592257738113403, "NDMI": 0.096593759953975677, "NDBI": -0.096593759953975677, "NDSI": -0.50342428684234619, "NDWI": -0.54979950189590454, "osmnx": null, "PasDeRoute": 100.0, "motorway": 0.0, "primary": 0.0, "secondary": 0.0, "tertiary": 0.0, "path": 0.0, "population": 61.999882216149892, "elevation": 6.8588786125183105, "foret_encoder": 0.0, "highway_encoder": 0.0, "foret": null, "PasDeforet": 100.0, "Châtaignier": 0.0, "Chênes décidus": 0.0, "Conifères": 0.0, "Douglas": 0.0, "Feuillus": 0.0, "Hêtre": 0.0, "Mixte": 0.0, "Mélèze": 0.0, "NC": 0.0, "NR": 0.0, "Peuplier": 0.0, "Pin autre": 0.0, "Pin laricio, pin noir": 0.0, "Pin maritime": 0.0, "Pin sylvestre": 0.0, "Pins mélangés": 0.0, "Robinier": 0.0, "Sapin, épicéa": 0.0, "dynamic_world": null, "water": 0.0, "tree": 0.0, "grass": 0.0, "crops": 0.55191888075985107, "shrub": 83.391092285970984, "flooded": 0.025670645616737257, "built": 6.7000385059684255, "bare": 0.0, "snow": 0.0, "sinister": 0.0 }, "geometry": { "type": "Polygon", "coordinates": [ [ [ 1.932969319125026, 48.460420555289268 ], [ 1.919094440670972, 48.453512316831038 ], [ 1.921511124553533, 48.44109641096933 ], [ 1.937795893440827, 48.435590047409228 ], [ 1.951666270110518, 48.442497443334652 ], [ 1.94925637934712, 48.454912044964388 ], [ 1.932969319125026, 48.460420555289268 ] ] ] } },
{ "type": "Feature", "properties": { "hex_id": "871fb470effffff", "scale0": 3573, "NDVI": 0.69577687978744507, "NDMI": 0.22037713229656219, "NDBI": -0.22037713229656219, "NDSI": -0.52514839172363281, "NDWI": -0.6461111307144165, "osmnx": null, "PasDeRoute": 88.102852756812084, "motorway": 1.8805168223103492, "primary": 0.0, "secondary": 2.6736599718562108, "tertiary": 0.0, "path": 7.3429704490213634, "population": 72.000857466428883, "elevation": 11.962120056152344, "foret_encoder": 2.0, "highway_encoder": 0.0, "foret": null, "PasDeforet": 23.46168606882436, "Châtaignier": 0.0, "Chênes décidus": 57.042343610080593, "Conifères": 0.0, "Douglas": 0.0, "Feuillus": 10.630676730203403, "Hêtre": 6.1660483561468595, "Mixte": 0.0, "Mélèze": 0.0, "NC": 0.0, "NR": 2.6992452347447871, "Peuplier": 0.0, "Pin autre": 0.0, "Pin laricio, pin noir": 0.0, "Pin maritime": 0.0, "Pin sylvestre": 0.0, "Pins mélangés": 0.0, "Robinier": 0.0, "Sapin, épicéa": 0.0, "dynamic_world": null, "water": 0.28143789177433798, "tree": 74.171677113982355, "grass": 0.29423052321862608, "crops": 0.21747473455289751, "shrub": 3.2109504925163104, "flooded": 0.11513368299859281, "built": 10.912114621977741, "bare": 0.0, "snow": 0.0, "sinister": 1.0 }, "geometry": { "type": "Polygon", "coordinates": [ [ [ 2.100008116794789, 48.936583666646605 ], [ 2.08602778907541, 48.929755764303188 ], [ 2.088425330963444, 48.917380770498987 ], [ 2.104796312629627, 48.911834983788893 ], [ 2.118772042238027, 48.918662060604213 ], [ 2.116381387935936, 48.931035749263408 ], [ 2.100008116794789, 48.936583666646605 ] ] ] } },
{ "type": "Feature", "properties": { "hex_id": "871fb4685ffffff", "scale0": 3574, "NDVI": 0.65859866142272949, "NDMI": 0.177369624376297, "NDBI": -0.177369624376297, "NDSI": -0.52530473470687866, "NDWI": -0.62919634580612183, "osmnx": null, "PasDeRoute": 99.910279415534475, "motorway": 0.0, "primary": 0.089720584465521669, "secondary": 0.0, "tertiary": 0.0, "path": 0.0, "population": 1828.996833970109, "elevation": 40.266704559326172, "foret_encoder": 0.0, "highway_encoder": 0.0, "foret": null, "PasDeforet": 93.168418354268141, "Châtaignier": 0.0, "Chênes décidus": 0.0, "Conifères": 0.0, "Douglas": 0.0, "Feuillus": 5.6908485003845168, "Hêtre": 0.0, "Mixte": 1.1407331453473468, "Mélèze": 0.0, "NC": 0.0, "NR": 0.0, "Peuplier": 0.0, "Pin autre": 0.0, "Pin laricio, pin noir": 0.0, "Pin maritime": 0.0, "Pin sylvestre": 0.0, "Pins mélangés": 0.0, "Robinier": 0.0, "Sapin, épicéa": 0.0, "dynamic_world": null, "water": 0.0, "tree": 28.928479876954626, "grass": 1.9225839528326072, "crops": 0.20507562163547807, "shrub": 1.3329915406306074, "flooded": 0.025634452704434759, "built": 48.051781594462959, "bare": 0.0, "snow": 0.0, "sinister": 0.0 }, "geometry": { "type": "Polygon", "coordinates": [ [ [ 2.112715530721908, 48.712422137718384 ], [ 2.098787244537659, 48.705570393087768 ], [ 2.101173009664186, 48.693179609758822 ], [ 2.117480224905929, 48.687641883808844 ], [ 2.131403945062177, 48.694492802528067 ], [ 2.129025015652022, 48.706882272718786 ], [ 2.112715530721908, 48.712422137718384 ] ] ] } },
{ "type": "Feature", "properties": { "hex_id": "871fb6b2cffffff", "scale0": 3575, "NDVI": 0.80654072761535645, "NDMI": 0.3186032772064209, "NDBI": -0.3186032772064209, "NDSI": -0.56945818662643433, "NDWI": -0.74839907884597778, "osmnx": null, "PasDeRoute": 94.756268295787194, "motorway": 0.0, "primary": 0.0, "secondary": 1.2727504136438845, "tertiary": 0.0, "path": 3.9709812905689192, "population": 21.000407532121422, "elevation": 37.846874237060547, "foret_encoder": 5.0, "highway_encoder": 0.0, "foret": null, "PasDeforet": 10.805651011836579, "Châtaignier": 0.0, "Chênes décidus": 8.1456026473208603, "Conifères": 0.78910525645920837, "Douglas": 0.0, "Feuillus": 41.173475881379659, "Hêtre": 3.3855161002927328, "Mixte": 5.3964617538500699, "Mélèze": 0.0, "NC": 0.0, "NR": 2.2273132238767976, "Peuplier": 3.1182385134275168, "Pin autre": 0.0, "Pin laricio, pin noir": 0.0, "Pin maritime": 0.0, "Pin sylvestre": 24.958635611556574, "Pins mélangés": 0.0, "Robinier": 0.0, "Sapin, épicéa": 0.0, "dynamic_world": null, "water": 0.10182003309151075, "tree": 92.898052691867122, "grass": 1.5400280005091, "crops": 0.012727504136438843, "shrub": 0.0, "flooded": 0.0, "built": 0.012727504136438843, "bare": 0.0, "snow": 0.0, "sinister": 0.0 }, "geometry": { "type": "Polygon", "coordinates": [ [ [ 1.711513760982619, 48.731886150839813 ], [ 1.69757198917324, 48.724974790833421 ], [ 1.700050015218757, 48.712569596128553 ], [ 1.716462942068532, 48.707077036950196 ], [ 1.730400205254677, 48.713987538277259 ], [ 1.727929049902459, 48.726391457064302 ], [ 1.711513760982619, 48.731886150839813 ] ] ] } },
{ "type": "Feature", "properties": { "hex_id": "871fb6a19ffffff", "scale0": 3576, "NDVI": 0.40695950388908386, "NDMI": 0.018240967765450478, "NDBI": -0.018240967765450478, "NDSI": -0.46074941754341125, "NDWI": -0.46258950233459473, "osmnx": null, "PasDeRoute": 96.679013922595487, "motorway": 0.0, "primary": 0.0, "secondary": 1.7115851322007918, "tertiary": 1.6094009452037297, "path": 0.0, "population": 29.000167253067175, "elevation": 7.3270678520202637, "foret_encoder": 0.0, "highway_encoder": 0.0, "foret": null, "PasDeforet": 99.616809298761027, "Châtaignier": 0.0, "Chênes décidus": 0.0, "Conifères": 0.0, "Douglas": 0.0, "Feuillus": 0.38319070123898324, "Hêtre": 0.0, "Mixte": 0.0, "Mélèze": 0.0, "NC": 0.0, "NR": 0.0, "Peuplier": 0.0, "Pin autre": 0.0, "Pin laricio, pin noir": 0.0, "Pin maritime": 0.0, "Pin sylvestre": 0.0, "Pins mélangés": 0.0, "Robinier": 0.0, "Sapin, épicéa": 0.0, "dynamic_world": null, "water": 0.0, "tree": 0.35764465448971772, "grass": 0.20436837399412441, "crops": 0.21714139736875721, "shrub": 85.553710563290338, "flooded": 0.10218418699706221, "built": 5.466854004342828, "bare": 0.0, "snow": 0.0, "sinister": 0.0 }, "geometry": { "type": "Polygon", "coordinates": [ [ [ 1.865335109900654, 48.49485350503064 ], [ 1.851450871799158, 48.487938764617603 ], [ 1.853884289672823, 48.475522596466654 ], [ 1.870195139407614, 48.470022465383721 ], [ 1.884074880730488, 48.476936357997587 ], [ 1.88164826877333, 48.489351229103065 ], [ 1.865335109900654, 48.49485350503064 ] ] ] } },
{ "type": "Feature", "properties": { "hex_id": "871fb4632ffffff", "scale0": 3577, "NDVI": 0.60056006908416748, "NDMI": 0.15329307317733765, "NDBI": -0.15329307317733765, "NDSI": -0.48765018582344055, "NDWI": -0.5715520977973938, "osmnx": null, "PasDeRoute": 96.916186820217533, "motorway": 0.0, "primary": 1.8682021753039026, "secondary": 0.17914267434420986, "tertiary": 0.0, "path": 1.0364683301343569, "population": 59.011971550526368, "elevation": 39.805049896240234, "foret_encoder": 0.0, "highway_encoder": 0.0, "foret": null, "PasDeforet": 89.776071657069735, "Châtaignier": 0.16634676903390916, "Chênes décidus": 0.012795905310300705, "Conifères": 0.0, "Douglas": 0.0, "Feuillus": 9.6865003198976325, "Hêtre": 0.0, "Mixte": 0.0, "Mélèze": 0.0, "NC": 0.2431222008957134, "NR": 0.11516314779270634, "Peuplier": 0.0, "Pin autre": 0.0, "Pin laricio, pin noir": 0.0, "Pin maritime": 0.0, "Pin sylvestre": 0.0, "Pins mélangés": 0.0, "Robinier": 0.0, "Sapin, épicéa": 0.0, "dynamic_world": null, "water": 4.0179142674344206, "tree": 48.458093410108766, "grass": 1.4331413947536789, "crops": 0.71657069737683943, "shrub": 10.556621880998081, "flooded": 0.44785668586052468, "built": 16.442738323736407, "bare": 0.0, "snow": 0.0, "sinister": 3.0 }, "geometry": { "type": "Polygon", "coordinates": [ [ [ 2.091223334555933, 48.823893776356172 ], [ 2.077268866771393, 48.817051525639933 ], [ 2.079663938174863, 48.804667939538959 ], [ 2.096006614394407, 48.799127911570544 ], [ 2.10995650250598, 48.805969335344038 ], [ 2.107568293718583, 48.818351613636366 ], [ 2.091223334555933, 48.823893776356172 ] ] ] } },
{ "type": "Feature", "properties": { "hex_id": "871fb44e0ffffff", "scale0": 3578, "NDVI": null, "NDMI": null, "NDBI": null, "NDSI": null, "NDWI": null, "osmnx": null, "PasDeRoute": null, "motorway": null, "primary": null, "secondary": null, "tertiary": null, "path": null, "population": null, "elevation": null, "foret_encoder": null, "highway_encoder": null, "foret": null, "PasDeforet": null, "Châtaignier": null, "Chênes décidus": null, "Conifères": null, "Douglas": null, "Feuillus": null, "Hêtre": null, "Mixte": null, "Mélèze": null, "NC": null, "NR": null, "Peuplier": null, "Pin autre": null, "Pin laricio, pin noir": null, "Pin maritime": null, "Pin sylvestre": null, "Pins mélangés": null, "Robinier": null, "Sapin, épicéa": null, "dynamic_world": null, "water": null, "tree": null, "grass": null, "crops": null, "shrub": null, "flooded": null, "built": null, "bare": null, "snow": null, "sinister": null }, "geometry": { "type": "Polygon", "coordinates": [ [ [ 1.731100922603272, 48.864175373510392 ], [ 1.717129100154755, 48.857282230883079 ], [ 1.71960806641591, 48.844887465251666 ], [ 1.736051955522986, 48.839387115551268 ], [ 1.750019246626223, 48.846279401927923 ], [ 1.747547179651752, 48.85867289385579 ], [ 1.731100922603272, 48.864175373510392 ] ] ] } },
{ "type": "Feature", "properties": { "hex_id": "871fb6b5affffff", "scale0": 3579, "NDVI": 0.79185265302658081, "NDMI": 0.28201654553413391, "NDBI": -0.28201654553413391, "NDSI": -0.5898970365524292, "NDWI": -0.73749858140945435, "osmnx": null, "PasDeRoute": 89.976928992566002, "motorway": 0.0, "primary": 0.99974365547295563, "secondary": 1.1022814662906948, "tertiary": 0.0, "path": 7.9210458856703418, "population": 1044.9963416336154, "elevation": 32.112277984619141, "foret_encoder": 5.0, "highway_encoder": 0.0, "foret": null, "PasDeforet": 7.1391950781850806, "Châtaignier": 14.355293514483467, "Chênes décidus": 19.213022301973854, "Conifères": 0.0, "Douglas": 0.0, "Feuillus": 46.500897205844652, "Hêtre": 0.0, "Mixte": 3.2940271725198667, "Mélèze": 0.0, "NC": 0.0, "NR": 4.037426300948475, "Peuplier": 0.0, "Pin autre": 0.0, "Pin laricio, pin noir": 3.9348884901307355, "Pin maritime": 0.0, "Pin sylvestre": 1.5252499359138683, "Pins mélangés": 0.0, "Robinier": 0.0, "Sapin, épicéa": 0.0, "dynamic_world": null, "water": 0.0, "tree": 95.2063573442707, "grass": 0.53832350679313001, "crops": 0.0, "shrub": 1.1150986926429121, "flooded": 0.0, "built": 0.49987182773647781, "bare": 0.0, "snow": 0.0, "sinister": 0.0 }, "geometry": { "type": "Polygon", "coordinates": [ [ [ 1.90392236337166, 48.609337984903512 ], [ 1.890012868338713, 48.602442248711291 ], [ 1.892442084692319, 48.590035743461542 ], [ 1.908773967130111, 48.584526271213697 ], [ 1.922678942663584, 48.591421163617795 ], [ 1.920256554929071, 48.603826371665981 ], [ 1.90392236337166, 48.609337984903512 ] ] ] } },
{ "type": "Feature", "properties": { "hex_id": "871fb4711ffffff", "scale0": 3580, "NDVI": 0.70891052484512329, "NDMI": 0.21913047134876251, "NDBI": -0.21913047134876251, "NDSI": -0.53467267751693726, "NDWI": -0.66103732585906982, "osmnx": null, "PasDeRoute": 88.451711803781293, "motorway": 0.0, "primary": 0.0, "secondary": 0.0, "tertiary": 0.16607051609606541, "path": 11.382217680122636, "population": 23.005255515392431, "elevation": 45.443412780761719, "foret_encoder": 0.0, "highway_encoder": 0.0, "foret": null, "PasDeforet": 45.464997445068981, "Châtaignier": 39.371486969851816, "Chênes décidus": 3.1681144609095555, "Conifères": 0.0, "Douglas": 0.0, "Feuillus": 11.343893714869699, "Hêtre": 0.49821154828819625, "Mixte": 0.0, "Mélèze": 0.0, "NC": 0.0, "NR": 0.15329586101175269, "Peuplier": 0.0, "Pin autre": 0.0, "Pin laricio, pin noir": 0.0, "Pin maritime": 0.0, "Pin sylvestre": 0.0, "Pins mélangés": 0.0, "Robinier": 0.0, "Sapin, épicéa": 0.0, "dynamic_world": null, "water": 0.0, "tree": 69.762391415431779, "grass": 6.1573837506387328, "crops": 0.17884517118037813, "shrub": 0.17884517118037813, "flooded": 0.0, "built": 8.8017373530914664, "bare": 0.0, "snow": 0.0, "sinister": 2.0 }, "geometry": { "type": "Polygon", "coordinates": [ [ [ 2.027708748412187, 48.914793113156335 ], [ 2.013731780284176, 48.907951541499649 ], [ 2.016144979662417, 48.895572073977625 ], [ 2.03252825856797, 48.890035476964222 ], [ 2.046500642738136, 48.896876217006344 ], [ 2.044094331613128, 48.909254385281159 ], [ 2.027708748412187, 48.914793113156335 ] ] ] } },
{ "type": "Feature", "properties": { "hex_id": "871fb4426ffffff", "scale0": 3581, "NDVI": 0.43195062875747681, "NDMI": -0.0056534418836236, "NDBI": 0.0056534418836236, "NDSI": -0.50170862674713135, "NDWI": -0.48179033398628235, "osmnx": null, "PasDeRoute": 98.451776649746193, "motorway": 0.0, "primary": 0.0, "secondary": 0.0, "tertiary": 1.5482233502538072, "path": 0.0, "population": 196.99913546654014, "elevation": 24.425991058349609, "foret_encoder": 0.0, "highway_encoder": 0.0, "foret": null, "PasDeforet": 90.35532994923858, "Châtaignier": 0.0, "Chênes décidus": 0.0, "Conifères": 0.0, "Douglas": 0.0, "Feuillus": 9.4923857868020303, "Hêtre": 0.0, "Mixte": 0.0, "Mélèze": 0.0, "NC": 0.15228426395939085, "NR": 0.0, "Peuplier": 0.0, "Pin autre": 0.0, "Pin laricio, pin noir": 0.0, "Pin maritime": 0.0, "Pin sylvestre": 0.0, "Pins mélangés": 0.0, "Robinier": 0.0, "Sapin, épicéa": 0.0, "dynamic_world": null, "water": 0.0, "tree": 9.8857868020304558, "grass": 2.3604060913705585, "crops": 1.0532994923857868, "shrub": 60.888324873096444, "flooded": 0.34263959390862947, "built": 5.9644670050761421, "bare": 0.0, "snow": 0.0, "sinister": 2.0 }, "geometry": { "type": "Polygon", "coordinates": [ [ [ 1.567737220069687, 48.987979042555388 ], [ 1.553733402330029, 48.98107499810056 ], [ 1.556254903608961, 48.968683204639426 ], [ 1.572773282638, 48.963196710102615 ], [ 1.586772575692308, 48.970099885670166 ], [ 1.584258014102203, 48.982490424256611 ], [ 1.567737220069687, 48.987979042555388 ] ] ] } },
{ "type": "Feature", "properties": { "hex_id": "871fb4432ffffff", "scale0": 3582, "NDVI": null, "NDMI": null, "NDBI": null, "NDSI": null, "NDWI": null, "osmnx": null, "PasDeRoute": null, "motorway": null, "primary": null, "secondary": null, "tertiary": null, "path": null, "population": null, "elevation": null, "foret_encoder": null, "highway_encoder": null, "foret": null, "PasDeforet": null, "Châtaignier": null, "Chênes décidus": null, "Conifères": null, "Douglas": null, "Feuillus": null, "Hêtre": null, "Mixte": null, "Mélèze": null, "NC": null, "NR": null, "Peuplier": null, "Pin autre": null, "Pin laricio, pin noir": null, "Pin maritime": null, "Pin sylvestre": null, "Pins mélangés": null, "Robinier": null, "Sapin, épicéa": null, "dynamic_world": null, "water": null, "tree": null, "grass": null, "crops": null, "shrub": null, "flooded": null, "built": null, "bare": null, "snow": null, "sinister": null }, "geometry": { "type": "Polygon", "coordinates": [ [ [ 1.533308480582898, 48.930073919579542 ], [ 1.519317395031517, 48.923157886571538 ], [ 1.52184436623194, 48.910760480698023 ], [ 1.538355493776741, 48.905280360917672 ], [ 1.552342068654433, 48.912195521918683 ], [ 1.549822026364754, 48.924591674302313 ], [ 1.533308480582898, 48.930073919579542 ] ] ] } },
{ "type": "Feature", "properties": { "hex_id": "871fb4783ffffff", "scale0": 3583, "NDVI": 0.50062662363052368, "NDMI": 0.10398199409246445, "NDBI": -0.10398199409246445, "NDSI": -0.42530646920204163, "NDWI": -0.4864329993724823, "osmnx": null, "PasDeRoute": 89.505304870254378, "motorway": 0.0, "primary": 3.1445736929566661, "secondary": 1.073756870765691, "tertiary": 2.0069027227406364, "path": 4.2694618432826275, "population": 1112.0060258217723, "elevation": 14.933082580566406, "foret_encoder": 0.0, "highway_encoder": 0.0, "foret": null, "PasDeforet": 89.364693851463628, "Châtaignier": 0.0, "Chênes décidus": 0.0, "Conifères": 0.0, "Douglas": 0.0, "Feuillus": 10.635306148536367, "Hêtre": 0.0, "Mixte": 0.0, "Mélèze": 0.0, "NC": 0.0, "NR": 0.0, "Peuplier": 0.0, "Pin autre": 0.0, "Pin laricio, pin noir": 0.0, "Pin maritime": 0.0, "Pin sylvestre": 0.0, "Pins mélangés": 0.0, "Robinier": 0.0, "Sapin, épicéa": 0.0, "dynamic_world": null, "water": 4.1288508244918827, "tree": 16.310878179726448, "grass": 7.6696919340406495, "crops": 0.35791895692189696, "shrub": 0.60079253483318429, "flooded": 0.17895947846094848, "built": 59.478460948485235, "bare": 0.038348459670203248, "snow": 0.0, "sinister": 19.0 }, "geometry": { "type": "Polygon", "coordinates": [ [ [ 1.98874014947695, 48.800713693495332 ], [ 1.974788641496031, 48.793852970443687 ], [ 1.977206177765116, 48.781463619296609 ], [ 1.993568356360474, 48.775936289999244 ], [ 2.007515303491385, 48.782796177526365 ], [ 2.005104632535474, 48.795184229481535 ], [ 1.98874014947695, 48.800713693495332 ] ] ] } },
{ "type": "Feature", "properties": { "hex_id": "871fb4781ffffff", "scale0": 3584, "NDVI": 0.4774879515171051, "NDMI": 0.12768866121768951, "NDBI": -0.12768866121768951, "NDSI": -0.3643035888671875, "NDWI": -0.4416922926902771, "osmnx": null, "PasDeRoute": 92.187699782636486, "motorway": 0.0, "primary": 0.0, "secondary": 0.0, "tertiary": 1.5599028257256107, "path": 6.2523973916378983, "population": 5.0083296738805991, "elevation": 23.651100158691406, "foret_encoder": 0.0, "highway_encoder": 0.0, "foret": null, "PasDeforet": 59.723820483314149, "Châtaignier": 5.1400076716532412, "Chênes décidus": 5.8176703746323994, "Conifères": 0.0, "Douglas": 0.0, "Feuillus": 25.891829689298046, "Hêtre": 0.0, "Mixte": 0.0, "Mélèze": 0.0, "NC": 1.1251758087201125, "NR": 2.3014959723820483, "Peuplier": 0.0, "Pin autre": 0.0, "Pin laricio, pin noir": 0.0, "Pin maritime": 0.0, "Pin sylvestre": 0.0, "Pins mélangés": 0.0, "Robinier": 0.0, "Sapin, épicéa": 0.0, "dynamic_world": null, "water": 3.2732387162766914, "tree": 44.354941823296251, "grass": 3.861398798107659, "crops": 1.9179133103183736, "shrub": 2.9663725866257513, "flooded": 1.3297532284874058, "built": 26.42884541618719, "bare": 0.0, "snow": 0.0, "sinister": 4.0 }, "geometry": { "type": "Polygon", "coordinates": [ [ [ 2.00028015842777, 48.819957916678121 ], [ 1.986324477856784, 48.813101186725319 ], [ 1.98874014947695, 48.800713693495332 ], [ 2.005104632535474, 48.795184229481535 ], [ 2.019055747623695, 48.802040124981211 ], [ 2.016646944793182, 48.814426318553835 ], [ 2.00028015842777, 48.819957916678121 ] ] ] } },
{ "type": "Feature", "properties": { "hex_id": "871fb6ae4ffffff", "scale0": 3585, "NDVI": 0.44333630800247192, "NDMI": 0.034775253385305405, "NDBI": -0.034775253385305405, "NDSI": -0.47163614630699158, "NDWI": -0.48478999733924866, "osmnx": null, "PasDeRoute": 96.485377116469976, "motorway": 2.0010261672652643, "primary": 0.0, "secondary": 0.93637762955361725, "tertiary": 0.0, "path": 0.57721908671113398, "population": 72.999769143653779, "elevation": 14.156779289245605, "foret_encoder": 0.0, "highway_encoder": 0.0, "foret": null, "PasDeforet": 99.807593637762963, "Châtaignier": 0.0, "Chênes décidus": 0.0, "Conifères": 0.0, "Douglas": 0.0, "Feuillus": 0.19240636223704463, "Hêtre": 0.0, "Mixte": 0.0, "Mélèze": 0.0, "NC": 0.0, "NR": 0.0, "Peuplier": 0.0, "Pin autre": 0.0, "Pin laricio, pin noir": 0.0, "Pin maritime": 0.0, "Pin sylvestre": 0.0, "Pins mélangés": 0.0, "Robinier": 0.0, "Sapin, épicéa": 0.0, "dynamic_world": null, "water": 0.0, "tree": 0.60287326834273991, "grass": 0.4104669061056952, "crops": 1.3853258081067215, "shrub": 83.145202668034884, "flooded": 0.064135454079014872, "built": 0.93637762955361725, "bare": 0.0, "snow": 0.0, "sinister": 3.0 }, "geometry": { "type": "Polygon", "coordinates": [ [ [ 1.89553215036948, 48.496261156803662 ], [ 1.88164826877333, 48.489351229103065 ], [ 1.884074880730488, 48.476936357997587 ], [ 1.900378570008793, 48.471432713968454 ], [ 1.914257950107431, 48.478341796350961 ], [ 1.911838142098311, 48.490755367690731 ], [ 1.89553215036948, 48.496261156803662 ] ] ] } },
{ "type": "Feature", "properties": { "hex_id": "871fb448dffffff", "scale0": 3586, "NDVI": 0.44799214601516724, "NDMI": 0.0057741296477615833, "NDBI": -0.0057741296477615833, "NDSI": -0.5043521523475647, "NDWI": -0.48727920651435852, "osmnx": null, "PasDeRoute": 97.041645505332653, "motorway": 0.0, "primary": 0.93956323006602338, "secondary": 0.0, "tertiary": 1.3331640426612494, "path": 0.68562722194007109, "population": 54.999959953490965, "elevation": 22.599342346191406, "foret_encoder": 0.0, "highway_encoder": 0.0, "foret": null, "PasDeforet": 87.544438801422046, "Châtaignier": 0.0, "Chênes décidus": 3.7963433214829858, "Conifères": 0.0, "Douglas": 0.0, "Feuillus": 8.6592178770949726, "Hêtre": 0.0, "Mixte": 0.0, "Mélèze": 0.0, "NC": 0.0, "NR": 0.0, "Peuplier": 0.0, "Pin autre": 0.0, "Pin laricio, pin noir": 0.0, "Pin maritime": 0.0, "Pin sylvestre": 0.0, "Pins mélangés": 0.0, "Robinier": 0.0, "Sapin, épicéa": 0.0, "dynamic_world": null, "water": 0.050787201625190445, "tree": 7.7323514474352466, "grass": 0.6983240223463687, "crops": 0.33011681056373793, "shrub": 44.311833417978669, "flooded": 0.012696800406297611, "built": 5.6754697816150328, "bare": 0.0, "snow": 0.0, "sinister": 2.0 }, "geometry": { "type": "Polygon", "coordinates": [ [ [ 1.635821885580725, 48.803460470887742 ], [ 1.62186208162401, 48.796545661877538 ], [ 1.624360334509968, 48.784142785935444 ], [ 1.640811498526922, 48.778655985402679 ], [ 1.654766794813725, 48.785569930014219 ], [ 1.652275434448401, 48.797971539156748 ], [ 1.635821885580725, 48.803460470887742 ] ] ] } },
{ "type": "Feature", "properties": { "hex_id": "871fb4703ffffff", "scale0": 3587, "NDVI": 0.71335524320602417, "NDMI": 0.21331804990768433, "NDBI": -0.21331804990768433, "NDSI": -0.56088107824325562, "NDWI": -0.67146772146224976, "osmnx": null, "PasDeRoute": 89.590792838874677, "motorway": 1.7774936061381075, "primary": 2.1867007672634271, "secondary": 0.63938618925831203, "tertiary": 1.1253196930946292, "path": 4.6803069053708439, "population": 402.99852534619657, "elevation": 10.81684684753418, "foret_encoder": 2.0, "highway_encoder": 0.0, "foret": null, "PasDeforet": 26.176470588235297, "Châtaignier": 0.0, "Chênes décidus": 71.918158567774938, "Conifères": 0.0, "Douglas": 0.0, "Feuillus": 1.9053708439897696, "Hêtre": 0.0, "Mixte": 0.0, "Mélèze": 0.0, "NC": 0.0, "NR": 0.0, "Peuplier": 0.0, "Pin autre": 0.0, "Pin laricio, pin noir": 0.0, "Pin maritime": 0.0, "Pin sylvestre": 0.0, "Pins mélangés": 0.0, "Robinier": 0.0, "Sapin, épicéa": 0.0, "dynamic_world": null, "water": 0.076726342710997444, "tree": 70.102301790281331, "grass": 0.78005115089514065, "crops": 0.076726342710997444, "shrub": 1.5217391304347827, "flooded": 0.038363171355498722, "built": 18.861892583120206, "bare": 0.0, "snow": 0.0, "sinister": 4.0 }, "geometry": { "type": "Polygon", "coordinates": [ [ [ 2.069647207336259, 48.935300154341952 ], [ 2.05566646343242, 48.928467419715581 ], [ 2.058070894989514, 48.9160911234842 ], [ 2.074449180429233, 48.91054886391148 ], [ 2.088425330963444, 48.917380770498987 ], [ 2.08602778907541, 48.929755764303188 ], [ 2.069647207336259, 48.935300154341952 ] ] ] } },
{ "type": "Feature", "properties": { "hex_id": "871fb44daffffff", "scale0": 3588, "NDVI": 0.75457501411437988, "NDMI": 0.24282826483249664, "NDBI": -0.24282826483249664, "NDSI": -0.57430064678192139, "NDWI": -0.7023235559463501, "osmnx": null, "PasDeRoute": 93.359724173157971, "motorway": 0.0, "primary": 0.0, "secondary": 0.67679734388966928, "tertiary": 0.0, "path": 5.963478482952369, "population": 12.999962309167962, "elevation": 17.378864288330078, "foret_encoder": 2.0, "highway_encoder": 0.0, "foret": null, "PasDeforet": 8.1726471714978928, "Châtaignier": 0.0, "Chênes décidus": 44.502617801047123, "Conifères": 0.0, "Douglas": 0.0, "Feuillus": 31.413612565445025, "Hêtre": 0.0, "Mixte": 10.126420635934108, "Mélèze": 0.0, "NC": 0.0, "NR": 0.89388328438258202, "Peuplier": 0.0, "Pin autre": 0.0, "Pin laricio, pin noir": 3.0008938832843826, "Pin maritime": 0.0, "Pin sylvestre": 1.8899246584088876, "Pins mélangés": 0.0, "Robinier": 0.0, "Sapin, épicéa": 0.0, "dynamic_world": null, "water": 0.0, "tree": 92.951091814583066, "grass": 2.7710381815860043, "crops": 0.038309283616396371, "shrub": 1.4174434938066658, "flooded": 0.012769761205465456, "built": 0.038309283616396371, "bare": 0.0, "snow": 0.0, "sinister": 5.0 }, "geometry": { "type": "Polygon", "coordinates": [ [ [ 1.772219725111129, 48.734701404526355 ], [ 1.758278598247536, 48.727799722229285 ], [ 1.760742884844425, 48.715397082103742 ], [ 1.777141431180171, 48.709897405281026 ], [ 1.791078039762287, 48.716798233876375 ], [ 1.788620619971995, 48.7291995925995 ], [ 1.772219725111129, 48.734701404526355 ] ] ] } },
{ "type": "Feature", "properties": { "hex_id": "871fb4776ffffff", "scale0": 3589, "NDVI": 0.54775041341781616, "NDMI": 0.10769788920879364, "NDBI": -0.10769788920879364, "NDSI": -0.45541837811470032, "NDWI": -0.52235007286071777, "osmnx": null, "PasDeRoute": 94.870810949091847, "motorway": 0.0, "primary": 2.3023791250959325, "secondary": 0.51163980557687394, "tertiary": 0.90816065489895104, "path": 1.4070094653364031, "population": 715.00089280158409, "elevation": 4.8681483268737793, "foret_encoder": 0.0, "highway_encoder": 0.0, "foret": null, "PasDeforet": 97.544128933230994, "Châtaignier": 0.0, "Chênes décidus": 1.8035303146584807, "Conifères": 0.0, "Douglas": 0.0, "Feuillus": 0.49884881043745205, "Hêtre": 0.15349194167306215, "Mixte": 0.0, "Mélèze": 0.0, "NC": 0.0, "NR": 0.0, "Peuplier": 0.0, "Pin autre": 0.0, "Pin laricio, pin noir": 0.0, "Pin maritime": 0.0, "Pin sylvestre": 0.0, "Pins mélangés": 0.0, "Robinier": 0.0, "Sapin, épicéa": 0.0, "dynamic_world": null, "water": 5.2059350217446916, "tree": 4.144282425172678, "grass": 0.80583269378357636, "crops": 0.089536965975952926, "shrub": 0.051163980557687394, "flooded": 0.063954975697109243, "built": 73.995906881555385, "bare": 0.0, "snow": 0.0, "sinister": 5.0 }, "geometry": { "type": "Polygon", "coordinates": [ [ [ 2.153557985999975, 48.976234692427624 ], [ 2.139569730946433, 48.96941963551626 ], [ 2.14195660469951, 48.957049699800358 ], [ 2.158324840709216, 48.951496129375066 ], [ 2.172308483592627, 48.958310365408423 ], [ 2.169928502274973, 48.970678992351004 ], [ 2.153557985999975, 48.976234692427624 ] ] ] } },
{ "type": "Feature", "properties": { "hex_id": "871fb44e3ffffff", "scale0": 3590, "NDVI": 0.4115675687789917, "NDMI": -0.01626158319413662, "NDBI": 0.01626158319413662, "NDSI": -0.48878169059753418, "NDWI": -0.46139100193977356, "osmnx": null, "PasDeRoute": 98.001018589253889, "motorway": 0.0, "primary": 0.0, "secondary": 1.8589253883371528, "tertiary": 0.0, "path": 0.14005602240896359, "population": 18.999988221614991, "elevation": 15.236568450927734, "foret_encoder": 0.0, "highway_encoder": 0.0, "foret": null, "PasDeforet": 95.951107715813606, "Châtaignier": 0.0, "Chênes décidus": 0.0, "Conifères": 0.0, "Douglas": 0.0, "Feuillus": 3.7051184110007642, "Hêtre": 0.0, "Mixte": 0.0, "Mélèze": 0.0, "NC": 0.19098548510313218, "NR": 0.0, "Peuplier": 0.15278838808250572, "Pin autre": 0.0, "Pin laricio, pin noir": 0.0, "Pin maritime": 0.0, "Pin sylvestre": 0.0, "Pins mélangés": 0.0, "Robinier": 0.0, "Sapin, épicéa": 0.0, "dynamic_world": null, "water": 0.0, "tree": 5.2075375604787366, "grass": 3.374076903488668, "crops": 1.9353195823784057, "shrub": 48.497580850522027, "flooded": 0.24191494779730072, "built": 13.43264578558696, "bare": 0.0, "snow": 0.0, "sinister": 2.0 }, "geometry": { "type": "Polygon", "coordinates": [ [ [ 1.750019246626223, 48.846279401927923 ], [ 1.736051955522986, 48.839387115551268 ], [ 1.738525863011015, 48.826991762804099 ], [ 1.754960167488569, 48.821489972019734 ], [ 1.768922927033173, 48.828381403584821 ], [ 1.766455913341257, 48.8407754803467 ], [ 1.750019246626223, 48.846279401927923 ] ] ] } },
{ "type": "Feature", "properties": { "hex_id": "871fb4572ffffff", "scale0": 3591, "NDVI": 0.55094742774963379, "NDMI": 0.14359080791473389, "NDBI": -0.14359080791473389, "NDSI": -0.39086428284645081, "NDWI": -0.48060080409049988, "osmnx": null, "PasDeRoute": 97.097959700925102, "motorway": 0.0, "primary": 0.0, "secondary": 0.0, "tertiary": 2.5091876821695602, "path": 0.39285261690533518, "population": 9.0000400465090422, "elevation": 8.656590461730957, "foret_encoder": 0.0, "highway_encoder": 0.0, "foret": null, "PasDeforet": 70.345963756177923, "Châtaignier": 0.0, "Chênes décidus": 1.0518312001013812, "Conifères": 0.0, "Douglas": 0.0, "Feuillus": 23.837282980610823, "Hêtre": 0.0, "Mixte": 1.0011405398555318, "Mélèze": 0.0, "NC": 2.357115701432011, "NR": 0.0, "Peuplier": 1.4066658218223294, "Pin autre": 0.0, "Pin laricio, pin noir": 0.0, "Pin maritime": 0.0, "Pin sylvestre": 0.0, "Pins mélangés": 0.0, "Robinier": 0.0, "Sapin, épicéa": 0.0, "dynamic_world": null, "water": 23.925991636041061, "tree": 30.718540108984921, "grass": 1.3813204916994044, "crops": 1.0011405398555318, "shrub": 9.0102648586997844, "flooded": 0.1520719807375491, "built": 5.208465340261057, "bare": 0.48156127233557222, "snow": 0.0, "sinister": 12.0 }, "geometry": { "type": "Polygon", "coordinates": [ [ [ 1.613727276496941, 49.065103600705555 ], [ 1.59970646279695, 49.058215565762922 ], [ 1.602220636001689, 49.045831288411307 ], [ 1.61874866852443, 49.040336302302684 ], [ 1.632764938794753, 49.047223472508165 ], [ 1.630257719665271, 49.059606493153616 ], [ 1.613727276496941, 49.065103600705555 ] ] ] } },
{ "type": "Feature", "properties": { "hex_id": "871fb47a1ffffff", "scale0": 3592, "NDVI": 0.53134840726852417, "NDMI": 0.051822815090417862, "NDBI": -0.051822815090417862, "NDSI": -0.51058965921401978, "NDWI": -0.53723740577697754, "osmnx": null, "PasDeRoute": 96.448645886561053, "motorway": 0.0, "primary": 0.0, "secondary": 0.0, "tertiary": 3.1681144609095555, "path": 0.38323965252938175, "population": 89.002475816529568, "elevation": 28.809633255004883, "foret_encoder": 0.0, "highway_encoder": 0.0, "foret": null, "PasDeforet": 91.338783852835974, "Châtaignier": 0.0, "Chênes décidus": 0.0, "Conifères": 0.0, "Douglas": 0.0, "Feuillus": 8.6228921819110891, "Hêtre": 0.0, "Mixte": 0.0, "Mélèze": 0.0, "NC": 0.038323965252938172, "NR": 0.0, "Peuplier": 0.0, "Pin autre": 0.0, "Pin laricio, pin noir": 0.0, "Pin maritime": 0.0, "Pin sylvestre": 0.0, "Pins mélangés": 0.0, "Robinier": 0.0, "Sapin, épicéa": 0.0, "dynamic_world": null, "water": 0.038323965252938172, "tree": 9.1977516607051619, "grass": 4.7904956566172707, "crops": 2.5421563617782321, "shrub": 40.968318855390905, "flooded": 0.089422585590189063, "built": 19.83903934593766, "bare": 0.0, "snow": 0.0, "sinister": 7.0 }, "geometry": { "type": "Polygon", "coordinates": [ [ [ 1.97423041112208, 48.87502652188067 ], [ 1.960261416740243, 48.868172115712142 ], [ 1.962685244127023, 48.855787616467346 ], [ 1.979071182231058, 48.85025881859643 ], [ 1.993035606724494, 48.857112388511887 ], [ 1.990618662661022, 48.869495592155808 ], [ 1.97423041112208, 48.87502652188067 ] ] ] } },
{ "type": "Feature", "properties": { "hex_id": "871fb6b29ffffff", "scale0": 3593, "NDVI": 0.80009967088699341, "NDMI": 0.29507079720497131, "NDBI": -0.29507079720497131, "NDSI": -0.58190250396728516, "NDWI": -0.7430301308631897, "osmnx": null, "PasDeRoute": 97.65694638991468, "motorway": 0.0, "primary": 0.0, "secondary": 0.29288170126066471, "tertiary": 0.0, "path": 2.0501719088246531, "population": 11.000522960294543, "elevation": 16.948467254638672, "foret_encoder": 2.0, "highway_encoder": 0.0, "foret": null, "PasDeforet": 38.367502865147081, "Châtaignier": 0.5730294155099962, "Chênes décidus": 39.691837514325734, "Conifères": 0.0, "Douglas": 0.0, "Feuillus": 10.518273271361263, "Hêtre": 0.0, "Mixte": 0.26741372723799822, "Mélèze": 0.0, "NC": 0.0, "NR": 9.2576085572392728, "Peuplier": 0.0, "Pin autre": 0.0, "Pin laricio, pin noir": 0.71310327263466189, "Pin maritime": 0.0, "Pin sylvestre": 0.61123137654399595, "Pins mélangés": 0.0, "Robinier": 0.0, "Sapin, épicéa": 0.0, "dynamic_world": null, "water": 0.0, "tree": 68.445180185916215, "grass": 10.963962816757927, "crops": 0.063669935056666238, "shrub": 3.6291862982299756, "flooded": 0.0, "built": 0.20374379218133198, "bare": 0.0, "snow": 0.0, "sinister": 0.0 }, "geometry": { "type": "Polygon", "coordinates": [ [ [ 1.760742884844425, 48.715397082103742 ], [ 1.746805944919561, 48.708491418024671 ], [ 1.749272065313132, 48.696086932286846 ], [ 1.765668262016292, 48.690589391162185 ], [ 1.779600688275118, 48.697494200473791 ], [ 1.777141431180171, 48.709897405281026 ], [ 1.760742884844425, 48.715397082103742 ] ] ] } },
{ "type": "Feature", "properties": { "hex_id": "871fb444cffffff", "scale0": 3594, "NDVI": 0.54203182458877563, "NDMI": 0.09105294942855835, "NDBI": -0.09105294942855835, "NDSI": -0.52039343118667603, "NDWI": -0.5578228235244751, "osmnx": null, "PasDeRoute": 96.81163116949368, "motorway": 0.0, "primary": 0.0, "secondary": 2.0788164774901161, "tertiary": 0.15304170386430302, "path": 0.95651064915189388, "population": 1.0006336771136544, "elevation": 33.4949951171875, "foret_encoder": 0.0, "highway_encoder": 0.0, "foret": null, "PasDeforet": 57.849764060706541, "Châtaignier": 3.0225736513199846, "Chênes décidus": 1.6069378905751817, "Conifères": 0.0, "Douglas": 0.0, "Feuillus": 28.083152659099603, "Hêtre": 0.0, "Mixte": 0.0, "Mélèze": 0.0, "NC": 0.63767376610126258, "NR": 2.9205458487437825, "Peuplier": 0.0, "Pin autre": 0.0, "Pin laricio, pin noir": 5.879352123453641, "Pin maritime": 0.0, "Pin sylvestre": 0.0, "Pins mélangés": 0.0, "Robinier": 0.0, "Sapin, épicéa": 0.0, "dynamic_world": null, "water": 0.0, "tree": 34.880755005739061, "grass": 0.53564596352506055, "crops": 0.22956255579645451, "shrub": 44.305573268715726, "flooded": 0.063767376610126256, "built": 11.12103048080602, "bare": 0.0, "snow": 0.0, "sinister": 0.0 }, "geometry": { "type": "Polygon", "coordinates": [ [ [ 1.898863430507812, 48.946663156147167 ], [ 1.884876157914031, 48.939805390552905 ], [ 1.887320109593204, 48.927423208624262 ], [ 1.90374442806945, 48.92190007841225 ], [ 1.917727131326326, 48.928757001983222 ], [ 1.915290085109156, 48.941137897391194 ], [ 1.898863430507812, 48.946663156147167 ] ] ] } }
]
}
